-1.206929E-08, -1.02041E-02, -4.335459E-02
-1.205366E-08, -1.12245E-02, -4.339286E-02
-1.203804E-08, -1.23724E-02, -4.344388E-02
-1.202241E-08, -1.36480E-02, -4.348214E-02
-1.200679E-08, -1.49235E-02, -4.352041E-02
-1.199116E-08, -1.63265E-02, -4.353317E-02
-1.197554E-08, -1.78571E-02, -4.354592E-02
-1.195991E-08, -1.92602E-02, -4.353317E-02
-1.194429E-08, -2.07908E-02, -4.348214E-02
-1.192866E-08, -2.21939E-02, -4.341837E-02
-1.191304E-08, -2.35969E-02, -4.331633E-02
-1.189741E-08, -2.50000E-02, -4.318878E-02
-1.188179E-08, -2.61480E-02, -4.304847E-02
-1.186616E-08, -2.72959E-02, -4.286990E-02
-1.185054E-08, -2.83163E-02, -4.269133E-02
-1.183491E-08, -2.93367E-02, -4.247449E-02
-1.181929E-08, -3.02296E-02, -4.224490E-02
-1.180366E-08, -3.09949E-02, -4.201531E-02
-1.178804E-08, -3.17602E-02, -4.176020E-02
-1.177241E-08, -3.23980E-02, -4.151786E-02
-1.175679E-08, -3.29082E-02, -4.128826E-02
-1.174116E-08, -3.32908E-02, -4.105867E-02
-1.172554E-08, -3.34184E-02, -4.086735E-02
-1.170991E-08, -3.34184E-02, -4.068878E-02
-1.169429E-08, -3.32908E-02, -4.053571E-02
-1.167866E-08, -3.30357E-02, -4.040816E-02
-1.166304E-08, -3.27806E-02, -4.030612E-02
-1.164741E-08, -3.23980E-02, -4.022959E-02
-1.163179E-08, -3.18878E-02, -4.017857E-02
-1.161616E-08, -3.13776E-02, -4.017857E-02
-1.160054E-08, -3.07398E-02, -4.020408E-02
-1.158491E-08, -3.01020E-02, -4.026786E-02
-1.156929E-08, -2.93367E-02, -4.035714E-02
-1.155366E-08, -2.84439E-02, -4.049745E-02
-1.153804E-08, -2.74235E-02, -4.065051E-02
-1.152241E-08, -2.64031E-02, -4.081633E-02
-1.150679E-08, -2.52551E-02, -4.100765E-02
-1.149116E-08, -2.41071E-02, -4.119898E-02
-1.147554E-08, -2.29592E-02, -4.140306E-02
-1.145991E-08, -2.15561E-02, -4.160714E-02
-1.144429E-08, -2.02806E-02, -4.179847E-02
-1.142866E-08, -1.87500E-02, -4.197704E-02
-1.141304E-08, -1.73469E-02, -4.214286E-02
-1.139741E-08, -1.59439E-02, -4.229592E-02
-1.138179E-08, -1.45408E-02, -4.242347E-02
-1.136616E-08, -1.33929E-02, -4.251276E-02
-1.135054E-08, -1.23724E-02, -4.258928E-02
-1.133491E-08, -1.16071E-02, -4.264031E-02
-1.131929E-08, -1.09694E-02, -4.267857E-02
-1.130366E-08, -1.05867E-02, -4.270408E-02
-1.128804E-08, -1.04592E-02, -4.270408E-02
-1.127241E-08, -1.03316E-02, -4.271684E-02
-1.125679E-08, -1.04592E-02, -4.271684E-02
-1.124116E-08, -1.08418E-02, -4.270408E-02
-1.122554E-08, -1.14796E-02, -4.269133E-02
-1.120991E-08, -1.22449E-02, -4.267857E-02
-1.119429E-08, -1.32653E-02, -4.266582E-02
-1.117866E-08, -1.46684E-02, -4.265306E-02
-1.116304E-08, -1.61990E-02, -4.264031E-02
-1.114741E-08, -1.79847E-02, -4.265306E-02
-1.113179E-08, -2.00255E-02, -4.266582E-02
-1.111616E-08, -2.20663E-02, -4.270408E-02
-1.110054E-08, -2.41071E-02, -4.276786E-02
-1.108491E-08, -2.62755E-02, -4.284439E-02
-1.106929E-08, -2.84439E-02, -4.294643E-02
-1.105366E-08, -3.06122E-02, -4.304847E-02
-1.103804E-08, -3.27806E-02, -4.316327E-02
-1.102241E-08, -3.48214E-02, -4.327806E-02
-1.100679E-08, -3.68622E-02, -4.340561E-02
-1.099116E-08, -3.86480E-02, -4.353317E-02
-1.097554E-08, -4.01786E-02, -4.366072E-02
-1.095991E-08, -4.15816E-02, -4.378827E-02
-1.094429E-08, -4.26020E-02, -4.391582E-02
-1.092866E-08, -4.33673E-02, -4.401786E-02
-1.091304E-08, -4.38775E-02, -4.411990E-02
-1.089741E-08, -4.42602E-02, -4.419643E-02
-1.088179E-08, -4.43878E-02, -4.424745E-02
-1.086616E-08, -4.43878E-02, -4.428571E-02
-1.085054E-08, -4.42602E-02, -4.431123E-02
-1.083491E-08, -4.40051E-02, -4.433674E-02
-1.081929E-08, -4.36224E-02, -4.433674E-02
-1.080366E-08, -4.29847E-02, -4.433674E-02
-1.078804E-08, -4.22194E-02, -4.433674E-02
-1.077241E-08, -4.11990E-02, -4.432398E-02
-1.075679E-08, -4.01786E-02, -4.431123E-02
-1.074116E-08, -3.90306E-02, -4.429847E-02
-1.072554E-08, -3.78827E-02, -4.426020E-02
-1.070991E-08, -3.67347E-02, -4.423469E-02
-1.069429E-08, -3.54592E-02, -4.418368E-02
-1.067866E-08, -3.43112E-02, -4.414541E-02
-1.066304E-08, -3.31633E-02, -4.409439E-02
-1.064741E-08, -3.21429E-02, -4.404337E-02
-1.063179E-08, -3.11224E-02, -4.399235E-02
-1.061616E-08, -3.02296E-02, -4.394133E-02
-1.060054E-08, -2.94643E-02, -4.390306E-02
-1.058491E-08, -2.86990E-02, -4.385204E-02
-1.056929E-08, -2.80612E-02, -4.380102E-02
-1.055366E-08, -2.74235E-02, -4.376275E-02
-1.053804E-08, -2.69133E-02, -4.371173E-02
-1.052241E-08, -2.62755E-02, -4.366072E-02
-1.050679E-08, -2.58929E-02, -4.360969E-02
-1.049116E-08, -2.53827E-02, -4.353317E-02
-1.047554E-08, -2.50000E-02, -4.346939E-02
-1.045991E-08, -2.44898E-02, -4.338010E-02
-1.044429E-08, -2.41071E-02, -4.330357E-02
-1.042866E-08, -2.37245E-02, -4.321428E-02
-1.041304E-08, -2.33418E-02, -4.313776E-02
-1.039741E-08, -2.30867E-02, -4.306122E-02
-1.038179E-08, -2.27041E-02, -4.298469E-02
-1.036616E-08, -2.24490E-02, -4.290816E-02
-1.035054E-08, -2.23214E-02, -4.283163E-02
-1.033491E-08, -2.21939E-02, -4.276786E-02
-1.031929E-08, -2.21939E-02, -4.270408E-02
-1.030366E-08, -2.21939E-02, -4.266582E-02
-1.028804E-08, -2.23214E-02, -4.264031E-02
-1.027241E-08, -2.23214E-02, -4.262755E-02
-1.025679E-08, -2.23214E-02, -4.264031E-02
-1.024116E-08, -2.23214E-02, -4.265306E-02
-1.022554E-08, -2.23214E-02, -4.267857E-02
-1.020991E-08, -2.25765E-02, -4.269133E-02
-1.019429E-08, -2.29592E-02, -4.271684E-02
-1.017866E-08, -2.34694E-02, -4.272959E-02
-1.016304E-08, -2.41071E-02, -4.275510E-02
-1.014741E-08, -2.50000E-02, -4.278061E-02
-1.013179E-08, -2.58929E-02, -4.280612E-02
-1.011616E-08, -2.67857E-02, -4.284439E-02
-1.010054E-08, -2.76786E-02, -4.288265E-02
-1.008491E-08, -2.86990E-02, -4.292092E-02
-1.006929E-08, -2.97194E-02, -4.295918E-02
-1.005366E-08, -3.07398E-02, -4.299745E-02
-1.003804E-08, -3.17602E-02, -4.301021E-02
-1.002241E-08, -3.26531E-02, -4.302296E-02
-1.000679E-08, -3.34184E-02, -4.303572E-02
-9.99116E-09, -3.40561E-02, -4.304847E-02
-9.97554E-09, -3.43112E-02, -4.306122E-02
-9.95991E-09, -3.44388E-02, -4.307398E-02
-9.94429E-09, -3.43112E-02, -4.308673E-02
-9.92866E-09, -3.40561E-02, -4.309949E-02
-9.91304E-09, -3.35459E-02, -4.311224E-02
-9.89741E-09, -3.30357E-02, -4.312500E-02
-9.88179E-09, -3.23980E-02, -4.315051E-02
-9.86616E-09, -3.15051E-02, -4.320153E-02
-9.85054E-09, -3.06122E-02, -4.327806E-02
-9.83491E-09, -2.93367E-02, -4.338010E-02
-9.81929E-09, -2.78061E-02, -4.350765E-02
-9.80366E-09, -2.61480E-02, -4.367347E-02
-9.78804E-09, -2.43622E-02, -4.385204E-02
-9.77241E-09, -2.25765E-02, -4.404337E-02
-9.75679E-09, -2.07908E-02, -4.423469E-02
-9.74116E-09, -1.91327E-02, -4.442602E-02
-9.72554E-09, -1.77296E-02, -4.463010E-02
-9.70991E-09, -1.64541E-02, -4.483419E-02
-9.69429E-09, -1.53061E-02, -4.503826E-02
-9.67866E-09, -1.42857E-02, -4.524235E-02
-9.66304E-09, -1.33929E-02, -4.543367E-02
-9.64741E-09, -1.27551E-02, -4.559949E-02
-9.63179E-09, -1.23724E-02, -4.575255E-02
-9.61616E-09, -1.22449E-02, -4.585459E-02
-9.60054E-09, -1.26276E-02, -4.593112E-02
-9.58491E-09, -1.32653E-02, -4.594388E-02
-9.56929E-09, -1.44133E-02, -4.591837E-02
-9.55366E-09, -1.58163E-02, -4.585459E-02
-9.53804E-09, -1.74745E-02, -4.573980E-02
-9.52241E-09, -1.92602E-02, -4.558674E-02
-9.50679E-09, -2.13010E-02, -4.539541E-02
-9.49116E-09, -2.34694E-02, -4.516582E-02
-9.47554E-09, -2.57653E-02, -4.491071E-02
-9.45991E-09, -2.80612E-02, -4.461735E-02
-9.44429E-09, -3.02296E-02, -4.428571E-02
-9.42866E-09, -3.25255E-02, -4.395408E-02
-9.41304E-09, -3.45663E-02, -4.359694E-02
-9.39741E-09, -3.64796E-02, -4.322704E-02
-9.38179E-09, -3.81378E-02, -4.285714E-02
-9.36616E-09, -3.96684E-02, -4.250000E-02
-9.35054E-09, -4.09439E-02, -4.215561E-02
-9.33491E-09, -4.19643E-02, -4.183673E-02
-9.31929E-09, -4.27296E-02, -4.155612E-02
-9.30366E-09, -4.32398E-02, -4.131377E-02
-9.28804E-09, -4.36224E-02, -4.110969E-02
-9.27241E-09, -4.34949E-02, -4.095663E-02
-9.25679E-09, -4.31122E-02, -4.086735E-02
-9.24116E-09, -4.23469E-02, -4.082908E-02
-9.22554E-09, -4.11990E-02, -4.084184E-02
-9.20991E-09, -3.97959E-02, -4.090561E-02
-9.19429E-09, -3.81378E-02, -4.100765E-02
-9.17866E-09, -3.63520E-02, -4.114796E-02
-9.16304E-09, -3.43112E-02, -4.132653E-02
-9.14741E-09, -3.20153E-02, -4.153061E-02
-9.13179E-09, -2.97194E-02, -4.176020E-02
-9.11616E-09, -2.72959E-02, -4.198980E-02
-9.10054E-09, -2.47449E-02, -4.223214E-02
-9.08491E-09, -2.23214E-02, -4.246173E-02
-9.06929E-09, -1.98980E-02, -4.267857E-02
-9.05366E-09, -1.76020E-02, -4.288265E-02
-9.03804E-09, -1.55612E-02, -4.306122E-02
-9.02241E-09, -1.35204E-02, -4.321428E-02
-9.00679E-09, -1.17347E-02, -4.334184E-02
-8.99116E-09, -1.00765E-02, -4.343112E-02
-8.97554E-09, -8.6735E-03, -4.348214E-02
-8.95991E-09, -7.3980E-03, -4.349490E-02
-8.94429E-09, -6.3776E-03, -4.348214E-02
-8.92866E-09, -5.4847E-03, -4.341837E-02
-8.91304E-09, -4.8469E-03, -4.331633E-02
-8.89741E-09, -4.4643E-03, -4.318878E-02
-8.88179E-09, -4.2092E-03, -4.302296E-02
-8.86616E-09, -4.0816E-03, -4.285714E-02
-8.85054E-09, -4.0816E-03, -4.266582E-02
-8.83491E-09, -4.3367E-03, -4.247449E-02
-8.81929E-09, -4.5918E-03, -4.229592E-02
-8.80366E-09, -5.1020E-03, -4.211735E-02
-8.78804E-09, -5.8673E-03, -4.195153E-02
-8.77241E-09, -6.6327E-03, -4.182398E-02
-8.75679E-09, -7.6531E-03, -4.170918E-02
-8.74116E-09, -8.8010E-03, -4.164541E-02
-8.72554E-09, -9.8214E-03, -4.163265E-02
-8.70991E-09, -1.07143E-02, -4.165816E-02
-8.69429E-09, -1.16071E-02, -4.174745E-02
-8.67866E-09, -1.23724E-02, -4.187500E-02
-8.66304E-09, -1.30102E-02, -4.205357E-02
-8.64741E-09, -1.35204E-02, -4.225765E-02
-8.63179E-09, -1.40306E-02, -4.248725E-02
-8.61616E-09, -1.46684E-02, -4.272959E-02
-8.60054E-09, -1.53061E-02, -4.299745E-02
-8.58491E-09, -1.60714E-02, -4.327806E-02
-8.56929E-09, -1.67092E-02, -4.357143E-02
-8.55366E-09, -1.73469E-02, -4.386479E-02
-8.53804E-09, -1.79847E-02, -4.415816E-02
-8.52241E-09, -1.84949E-02, -4.445153E-02
-8.50679E-09, -1.88776E-02, -4.471939E-02
-8.49116E-09, -1.93878E-02, -4.494898E-02
-8.47554E-09, -1.98980E-02, -4.515306E-02
-8.45991E-09, -2.06633E-02, -4.530612E-02
-8.44429E-09, -2.13010E-02, -4.542092E-02
-8.42866E-09, -2.21939E-02, -4.549745E-02
-8.41304E-09, -2.30867E-02, -4.553571E-02
-8.39741E-09, -2.39796E-02, -4.553571E-02
-8.38179E-09, -2.47449E-02, -4.551020E-02
-8.36616E-09, -2.53827E-02, -4.545918E-02
-8.35054E-09, -2.60204E-02, -4.536990E-02
-8.33491E-09, -2.65306E-02, -4.525510E-02
-8.31929E-09, -2.69133E-02, -4.512755E-02
-8.30366E-09, -2.71684E-02, -4.497449E-02
-8.28804E-09, -2.72959E-02, -4.479592E-02
-8.27241E-09, -2.72959E-02, -4.461735E-02
-8.25679E-09, -2.71684E-02, -4.445153E-02
-8.24116E-09, -2.70408E-02, -4.427296E-02
-8.22554E-09, -2.66582E-02, -4.411990E-02
-8.20991E-09, -2.61480E-02, -4.396684E-02
-8.19429E-09, -2.53827E-02, -4.383929E-02
-8.17866E-09, -2.46173E-02, -4.373724E-02
-8.16304E-09, -2.35969E-02, -4.366072E-02
-8.14741E-09, -2.25765E-02, -4.359694E-02
-8.13179E-09, -2.13010E-02, -4.355867E-02
-8.11616E-09, -2.00255E-02, -4.352041E-02
-8.10054E-09, -1.87500E-02, -4.350765E-02
-8.08491E-09, -1.74745E-02, -4.350765E-02
-8.06929E-09, -1.61990E-02, -4.350765E-02
-8.05366E-09, -1.50510E-02, -4.350765E-02
-8.03804E-09, -1.41582E-02, -4.350765E-02
-8.02241E-09, -1.33929E-02, -4.350765E-02
-8.00679E-09, -1.28827E-02, -4.349490E-02
-7.99116E-09, -1.27551E-02, -4.348214E-02
-7.97554E-09, -1.30102E-02, -4.346939E-02
-7.95991E-09, -1.36480E-02, -4.343112E-02
-7.94429E-09, -1.45408E-02, -4.340561E-02
-7.92866E-09, -1.58163E-02, -4.336735E-02
-7.91304E-09, -1.74745E-02, -4.334184E-02
-7.89741E-09, -1.91327E-02, -4.330357E-02
-7.88179E-09, -2.10459E-02, -4.327806E-02
-7.86616E-09, -2.30867E-02, -4.326531E-02
-7.85054E-09, -2.52551E-02, -4.323979E-02
-7.83491E-09, -2.74235E-02, -4.322704E-02
-7.81929E-09, -2.95918E-02, -4.321428E-02
-7.80366E-09, -3.18878E-02, -4.320153E-02
-7.78804E-09, -3.43112E-02, -4.321428E-02
-7.77241E-09, -3.64796E-02, -4.322704E-02
-7.75679E-09, -3.86480E-02, -4.327806E-02
-7.74116E-09, -4.05612E-02, -4.334184E-02
-7.72554E-09, -4.20918E-02, -4.344388E-02
-7.70991E-09, -4.31122E-02, -4.358418E-02
-7.69429E-09, -4.37500E-02, -4.375000E-02
-7.67866E-09, -4.40051E-02, -4.391582E-02
-7.66304E-09, -4.36224E-02, -4.410714E-02
-7.64741E-09, -4.28571E-02, -4.428571E-02
-7.63179E-09, -4.17092E-02, -4.445153E-02
-7.61616E-09, -4.01786E-02, -4.461735E-02
-7.60054E-09, -3.83929E-02, -4.475765E-02
-7.58491E-09, -3.63520E-02, -4.488520E-02
-7.56929E-09, -3.40561E-02, -4.500000E-02
-7.55366E-09, -3.16327E-02, -4.508929E-02
-7.53804E-09, -2.92092E-02, -4.514031E-02
-7.52241E-09, -2.65306E-02, -4.516582E-02
-7.50679E-09, -2.39796E-02, -4.515306E-02
-7.49116E-09, -2.15561E-02, -4.510204E-02
-7.47554E-09, -1.92602E-02, -4.501275E-02
-7.45991E-09, -1.72194E-02, -4.487245E-02
-7.44429E-09, -1.55612E-02, -4.470663E-02
-7.42866E-09, -1.40306E-02, -4.450255E-02
-7.41304E-09, -1.28827E-02, -4.426020E-02
-7.39741E-09, -1.21173E-02, -4.399235E-02
-7.38179E-09, -1.16071E-02, -4.369898E-02
-7.36616E-09, -1.16071E-02, -4.339286E-02
-7.35054E-09, -1.19898E-02, -4.306122E-02
-7.33491E-09, -1.27551E-02, -4.272959E-02
-7.31929E-09, -1.40306E-02, -4.239796E-02
-7.30366E-09, -1.56888E-02, -4.206633E-02
-7.28804E-09, -1.76020E-02, -4.176020E-02
-7.27241E-09, -1.97704E-02, -4.147959E-02
-7.25679E-09, -2.21939E-02, -4.125000E-02
-7.24116E-09, -2.44898E-02, -4.104592E-02
-7.22554E-09, -2.69133E-02, -4.089286E-02
-7.20991E-09, -2.90816E-02, -4.079081E-02
-7.19429E-09, -3.09949E-02, -4.071429E-02
-7.17866E-09, -3.27806E-02, -4.068878E-02
-7.16304E-09, -3.43112E-02, -4.070153E-02
-7.14741E-09, -3.55867E-02, -4.073980E-02
-7.13179E-09, -3.66071E-02, -4.080357E-02
-7.11616E-09, -3.73724E-02, -4.090561E-02
-7.10054E-09, -3.77551E-02, -4.103316E-02
-7.08491E-09, -3.78827E-02, -4.118622E-02
-7.06929E-09, -3.77551E-02, -4.135204E-02
-7.05366E-09, -3.73724E-02, -4.154337E-02
-7.03804E-09, -3.66071E-02, -4.174745E-02
-7.02241E-09, -3.57143E-02, -4.195153E-02
-7.00679E-09, -3.44388E-02, -4.214286E-02
-6.99116E-09, -3.31633E-02, -4.233418E-02
-6.97554E-09, -3.18878E-02, -4.251276E-02
-6.95991E-09, -3.06122E-02, -4.266582E-02
-6.94429E-09, -2.94643E-02, -4.280612E-02
-6.92866E-09, -2.85714E-02, -4.292092E-02
-6.91304E-09, -2.76786E-02, -4.302296E-02
-6.89741E-09, -2.70408E-02, -4.309949E-02
-6.88179E-09, -2.66582E-02, -4.316327E-02
-6.86616E-09, -2.65306E-02, -4.320153E-02
-6.85054E-09, -2.65306E-02, -4.323979E-02
-6.83491E-09, -2.66582E-02, -4.325255E-02
-6.81929E-09, -2.71684E-02, -4.326531E-02
-6.80366E-09, -2.76786E-02, -4.326531E-02
-6.78804E-09, -2.84439E-02, -4.325255E-02
-6.77241E-09, -2.92092E-02, -4.325255E-02
-6.75679E-09, -3.01020E-02, -4.323979E-02
-6.74116E-09, -3.09949E-02, -4.323979E-02
-6.72554E-09, -3.18878E-02, -4.323979E-02
-6.70991E-09, -3.26531E-02, -4.323979E-02
-6.69429E-09, -3.34184E-02, -4.325255E-02
-6.67866E-09, -3.40561E-02, -4.327806E-02
-6.66304E-09, -3.45663E-02, -4.330357E-02
-6.64741E-09, -3.48214E-02, -4.335459E-02
-6.63179E-09, -3.49490E-02, -4.341837E-02
-6.61616E-09, -3.48214E-02, -4.350765E-02
-6.60054E-09, -3.43112E-02, -4.360969E-02
-6.58491E-09, -3.34184E-02, -4.372449E-02
-6.56929E-09, -3.21429E-02, -4.385204E-02
-6.55366E-09, -3.03571E-02, -4.397959E-02
-6.53804E-09, -2.84439E-02, -4.410714E-02
-6.52241E-09, -2.62755E-02, -4.420918E-02
-6.50679E-09, -2.39796E-02, -4.429847E-02
-6.49116E-09, -2.15561E-02, -4.437500E-02
-6.47554E-09, -1.91327E-02, -4.442602E-02
-6.45991E-09, -1.68367E-02, -4.446429E-02
-6.44429E-09, -1.46684E-02, -4.447704E-02
-6.42866E-09, -1.27551E-02, -4.448980E-02
-6.41304E-09, -1.08418E-02, -4.447704E-02
-6.39741E-09, -9.3112E-03, -4.446429E-02
-6.38179E-09, -8.0357E-03, -4.441326E-02
-6.36616E-09, -6.8878E-03, -4.434949E-02
-6.35054E-09, -6.2500E-03, -4.427296E-02
-6.33491E-09, -5.8673E-03, -4.415816E-02
-6.31929E-09, -5.7398E-03, -4.403061E-02
-6.30366E-09, -5.9949E-03, -4.389030E-02
-6.28804E-09, -6.6327E-03, -4.373724E-02
-6.27241E-09, -7.3980E-03, -4.355867E-02
-6.25679E-09, -8.4184E-03, -4.338010E-02
-6.24116E-09, -9.5663E-03, -4.320153E-02
-6.22554E-09, -1.09694E-02, -4.299745E-02
-6.20991E-09, -1.26276E-02, -4.279337E-02
-6.19429E-09, -1.44133E-02, -4.258928E-02
-6.17866E-09, -1.64541E-02, -4.237245E-02
-6.16304E-09, -1.84949E-02, -4.216837E-02
-6.14741E-09, -2.06633E-02, -4.197704E-02
-6.13179E-09, -2.25765E-02, -4.181122E-02
-6.11616E-09, -2.43622E-02, -4.167092E-02
-6.10054E-09, -2.58929E-02, -4.156888E-02
-6.08491E-09, -2.70408E-02, -4.147959E-02
-6.06929E-09, -2.79337E-02, -4.141582E-02
-6.05366E-09, -2.84439E-02, -4.136480E-02
-6.03804E-09, -2.86990E-02, -4.132653E-02
-6.02241E-09, -2.88265E-02, -4.128826E-02
-6.00679E-09, -2.86990E-02, -4.127551E-02
-5.99116E-09, -2.84439E-02, -4.126275E-02
-5.97554E-09, -2.79337E-02, -4.127551E-02
-5.95991E-09, -2.71684E-02, -4.131377E-02
-5.94429E-09, -2.61480E-02, -4.137755E-02
-5.92866E-09, -2.48724E-02, -4.145408E-02
-5.91304E-09, -2.34694E-02, -4.155612E-02
-5.89741E-09, -2.19388E-02, -4.165816E-02
-5.88179E-09, -2.04082E-02, -4.176020E-02
-5.86616E-09, -1.87500E-02, -4.186225E-02
-5.85054E-09, -1.69643E-02, -4.197704E-02
-5.83491E-09, -1.53061E-02, -4.207908E-02
-5.81929E-09, -1.35204E-02, -4.219388E-02
-5.80366E-09, -1.18622E-02, -4.229592E-02
-5.78804E-09, -1.02041E-02, -4.238521E-02
-5.77241E-09, -8.8010E-03, -4.246173E-02
-5.75679E-09, -7.6531E-03, -4.252551E-02
-5.74116E-09, -6.7602E-03, -4.257653E-02
-5.72554E-09, -6.1224E-03, -4.261480E-02
-5.70991E-09, -5.8673E-03, -4.264031E-02
-5.69429E-09, -5.7398E-03, -4.265306E-02
-5.67866E-09, -5.9949E-03, -4.266582E-02
-5.66304E-09, -6.3776E-03, -4.266582E-02
-5.64741E-09, -6.8878E-03, -4.267857E-02
-5.63179E-09, -7.6531E-03, -4.266582E-02
-5.61616E-09, -8.6735E-03, -4.266582E-02
-5.60054E-09, -9.8214E-03, -4.264031E-02
-5.58491E-09, -1.12245E-02, -4.261480E-02
-5.56929E-09, -1.27551E-02, -4.258928E-02
-5.55366E-09, -1.42857E-02, -4.256377E-02
-5.53804E-09, -1.59439E-02, -4.255102E-02
-5.52241E-09, -1.74745E-02, -4.252551E-02
-5.50679E-09, -1.90051E-02, -4.251276E-02
-5.49116E-09, -2.04082E-02, -4.250000E-02
-5.47554E-09, -2.16837E-02, -4.247449E-02
-5.45991E-09, -2.29592E-02, -4.246173E-02
-5.44429E-09, -2.41071E-02, -4.246173E-02
-5.42866E-09, -2.50000E-02, -4.244898E-02
-5.41304E-09, -2.57653E-02, -4.246173E-02
-5.39741E-09, -2.61480E-02, -4.247449E-02
-5.38179E-09, -2.61480E-02, -4.248725E-02
-5.36616E-09, -2.60204E-02, -4.251276E-02
-5.35054E-09, -2.55102E-02, -4.253827E-02
-5.33491E-09, -2.48724E-02, -4.255102E-02
-5.31929E-09, -2.41071E-02, -4.255102E-02
-5.30366E-09, -2.33418E-02, -4.253827E-02
-5.28804E-09, -2.24490E-02, -4.252551E-02
-5.27241E-09, -2.16837E-02, -4.250000E-02
-5.25679E-09, -2.10459E-02, -4.248725E-02
-5.24116E-09, -2.02806E-02, -4.246173E-02
-5.22554E-09, -1.95153E-02, -4.246173E-02
-5.20991E-09, -1.88776E-02, -4.244898E-02
-5.19429E-09, -1.82398E-02, -4.243622E-02
-5.17866E-09, -1.78571E-02, -4.241071E-02
-5.16304E-09, -1.76020E-02, -4.237245E-02
-5.14741E-09, -1.76020E-02, -4.232143E-02
-5.13179E-09, -1.78571E-02, -4.225765E-02
-5.11616E-09, -1.82398E-02, -4.219388E-02
-5.10054E-09, -1.87500E-02, -4.213010E-02
-5.08491E-09, -1.92602E-02, -4.206633E-02
-5.06929E-09, -2.00255E-02, -4.200255E-02
-5.05366E-09, -2.07908E-02, -4.192602E-02
-5.03804E-09, -2.16837E-02, -4.184949E-02
-5.02241E-09, -2.27041E-02, -4.176020E-02
-5.00679E-09, -2.37245E-02, -4.167092E-02
-4.99116E-09, -2.48724E-02, -4.158163E-02
-4.97554E-09, -2.60204E-02, -4.150510E-02
-4.95991E-09, -2.69133E-02, -4.144133E-02
-4.94429E-09, -2.76786E-02, -4.139031E-02
-4.92866E-09, -2.81888E-02, -4.135204E-02
-4.91304E-09, -2.84439E-02, -4.132653E-02
-4.89741E-09, -2.85714E-02, -4.131377E-02
-4.88179E-09, -2.84439E-02, -4.131377E-02
-4.86616E-09, -2.80612E-02, -4.130102E-02
-4.85054E-09, -2.76786E-02, -4.130102E-02
-4.83491E-09, -2.70408E-02, -4.131377E-02
-4.81929E-09, -2.61480E-02, -4.133929E-02
-4.80366E-09, -2.51276E-02, -4.137755E-02
-4.78804E-09, -2.41071E-02, -4.142857E-02
-4.77241E-09, -2.28316E-02, -4.149235E-02
-4.75679E-09, -2.18112E-02, -4.155612E-02
-4.74116E-09, -2.06633E-02, -4.163265E-02
-4.72554E-09, -1.98980E-02, -4.170918E-02
-4.70991E-09, -1.91327E-02, -4.178571E-02
-4.69429E-09, -1.86224E-02, -4.187500E-02
-4.67866E-09, -1.82398E-02, -4.196429E-02
-4.66304E-09, -1.79847E-02, -4.205357E-02
-4.64741E-09, -1.78571E-02, -4.215561E-02
-4.63179E-09, -1.81122E-02, -4.224490E-02
-4.61616E-09, -1.84949E-02, -4.233418E-02
-4.60054E-09, -1.91327E-02, -4.242347E-02
-4.58491E-09, -2.00255E-02, -4.248725E-02
-4.56929E-09, -2.13010E-02, -4.256377E-02
-4.55366E-09, -2.25765E-02, -4.262755E-02
-4.53804E-09, -2.41071E-02, -4.269133E-02
-4.52241E-09, -2.56378E-02, -4.275510E-02
-4.50679E-09, -2.72959E-02, -4.281888E-02
-4.49116E-09, -2.88265E-02, -4.286990E-02
-4.47554E-09, -3.02296E-02, -4.292092E-02
-4.45991E-09, -3.16327E-02, -4.297194E-02
-4.44429E-09, -3.30357E-02, -4.302296E-02
-4.42866E-09, -3.40561E-02, -4.306122E-02
-4.41304E-09, -3.49490E-02, -4.311224E-02
-4.39741E-09, -3.55867E-02, -4.317602E-02
-4.38179E-09, -3.59694E-02, -4.323979E-02
-4.36616E-09, -3.59694E-02, -4.330357E-02
-4.35054E-09, -3.55867E-02, -4.338010E-02
-4.33491E-09, -3.49490E-02, -4.344388E-02
-4.31929E-09, -3.40561E-02, -4.350765E-02
-4.30366E-09, -3.30357E-02, -4.358418E-02
-4.28804E-09, -3.17602E-02, -4.364796E-02
-4.27241E-09, -3.03571E-02, -4.371173E-02
-4.25679E-09, -2.89541E-02, -4.378827E-02
-4.24116E-09, -2.74235E-02, -4.387755E-02
-4.22554E-09, -2.60204E-02, -4.395408E-02
-4.20991E-09, -2.46173E-02, -4.404337E-02
-4.19429E-09, -2.33418E-02, -4.413265E-02
-4.17866E-09, -2.21939E-02, -4.422194E-02
-4.16304E-09, -2.10459E-02, -4.429847E-02
-4.14741E-09, -2.01531E-02, -4.438775E-02
-4.13179E-09, -1.93878E-02, -4.446429E-02
-4.11616E-09, -1.87500E-02, -4.452806E-02
-4.10054E-09, -1.82398E-02, -4.459184E-02
-4.08491E-09, -1.81122E-02, -4.464286E-02
-4.06929E-09, -1.81122E-02, -4.468112E-02
-4.05366E-09, -1.83673E-02, -4.469388E-02
-4.03804E-09, -1.87500E-02, -4.470663E-02
-4.02241E-09, -1.92602E-02, -4.469388E-02
-4.00679E-09, -1.98980E-02, -4.468112E-02
-3.99116E-09, -2.05357E-02, -4.464286E-02
-3.97554E-09, -2.10459E-02, -4.460459E-02
-3.95991E-09, -2.14286E-02, -4.455357E-02
-3.94429E-09, -2.15561E-02, -4.448980E-02
-3.92866E-09, -2.16837E-02, -4.440051E-02
-3.91304E-09, -2.18112E-02, -4.429847E-02
-3.89741E-09, -2.16837E-02, -4.418368E-02
-3.88179E-09, -2.14286E-02, -4.404337E-02
-3.86616E-09, -2.11735E-02, -4.390306E-02
-3.85054E-09, -2.07908E-02, -4.375000E-02
-3.83491E-09, -2.01531E-02, -4.360969E-02
-3.81929E-09, -1.92602E-02, -4.345663E-02
-3.80366E-09, -1.83673E-02, -4.332908E-02
-3.78804E-09, -1.72194E-02, -4.318878E-02
-3.77241E-09, -1.60714E-02, -4.306122E-02
-3.75679E-09, -1.47959E-02, -4.294643E-02
-3.74116E-09, -1.35204E-02, -4.283163E-02
-3.72554E-09, -1.23724E-02, -4.274235E-02
-3.70991E-09, -1.12245E-02, -4.265306E-02
-3.69429E-09, -1.02041E-02, -4.258928E-02
-3.67866E-09, -9.3112E-03, -4.253827E-02
-3.66304E-09, -8.4184E-03, -4.251276E-02
-3.64741E-09, -7.6531E-03, -4.250000E-02
-3.63179E-09, -7.0153E-03, -4.251276E-02
-3.61616E-09, -6.5051E-03, -4.253827E-02
-3.60054E-09, -5.9949E-03, -4.258928E-02
-3.58491E-09, -5.7398E-03, -4.262755E-02
-3.56929E-09, -5.6122E-03, -4.269133E-02
-3.55366E-09, -5.6122E-03, -4.275510E-02
-3.53804E-09, -5.6122E-03, -4.281888E-02
-3.52241E-09, -5.7398E-03, -4.288265E-02
-3.50679E-09, -5.8673E-03, -4.294643E-02
-3.49116E-09, -5.9949E-03, -4.301021E-02
-3.47554E-09, -6.2500E-03, -4.306122E-02
-3.45991E-09, -6.5051E-03, -4.309949E-02
-3.44429E-09, -6.7602E-03, -4.312500E-02
-3.42866E-09, -7.0153E-03, -4.313776E-02
-3.41304E-09, -7.3980E-03, -4.313776E-02
-3.39741E-09, -7.7806E-03, -4.313776E-02
-3.38179E-09, -8.0357E-03, -4.312500E-02
-3.36616E-09, -8.0357E-03, -4.311224E-02
-3.35054E-09, -7.9082E-03, -4.308673E-02
-3.33491E-09, -7.6531E-03, -4.306122E-02
-3.31929E-09, -7.0153E-03, -4.302296E-02
-3.30366E-09, -6.3776E-03, -4.297194E-02
-3.28804E-09, -5.7398E-03, -4.289541E-02
-3.27241E-09, -4.9745E-03, -4.281888E-02
-3.25679E-09, -4.2092E-03, -4.272959E-02
-3.24116E-09, -3.5714E-03, -4.265306E-02
-3.22554E-09, -2.8061E-03, -4.257653E-02
-3.20991E-09, -2.0408E-03, -4.252551E-02
-3.19429E-09, -1.1480E-03, -4.248725E-02
-3.17866E-09, -1.276E-04, -4.247449E-02
-3.16304E-09, 8.929E-04, -4.248725E-02
-3.14741E-09, 2.0408E-03, -4.250000E-02
-3.13179E-09, 2.9337E-03, -4.252551E-02
-3.11616E-09, 3.8265E-03, -4.255102E-02
-3.10054E-09, 4.5918E-03, -4.258928E-02
-3.08491E-09, 5.1020E-03, -4.264031E-02
-3.06929E-09, 5.4847E-03, -4.269133E-02
-3.05366E-09, 5.7398E-03, -4.276786E-02
-3.03804E-09, 5.9949E-03, -4.284439E-02
-3.02241E-09, 6.1224E-03, -4.292092E-02
-3.00679E-09, 6.1224E-03, -4.301021E-02
-2.99116E-09, 5.8673E-03, -4.307398E-02
-2.97554E-09, 5.4847E-03, -4.312500E-02
-2.95991E-09, 4.8469E-03, -4.316327E-02
-2.94429E-09, 3.8265E-03, -4.317602E-02
-2.92866E-09, 2.6786E-03, -4.317602E-02
-2.91304E-09, 1.2755E-03, -4.317602E-02
-2.89741E-09, -1.276E-04, -4.316327E-02
-2.88179E-09, -1.6582E-03, -4.313776E-02
-2.86616E-09, -3.1888E-03, -4.309949E-02
-2.85054E-09, -4.5918E-03, -4.306122E-02
-2.83491E-09, -5.9949E-03, -4.299745E-02
-2.81929E-09, -7.2704E-03, -4.292092E-02
-2.80366E-09, -8.5459E-03, -4.281888E-02
-2.78804E-09, -9.8214E-03, -4.271684E-02
-2.77241E-09, -1.10969E-02, -4.260204E-02
-2.75679E-09, -1.25000E-02, -4.247449E-02
-2.74116E-09, -1.37755E-02, -4.237245E-02
-2.72554E-09, -1.49235E-02, -4.227041E-02
-2.70991E-09, -1.59439E-02, -4.219388E-02
-2.69429E-09, -1.67092E-02, -4.214286E-02
-2.67866E-09, -1.73469E-02, -4.211735E-02
-2.66304E-09, -1.77296E-02, -4.210459E-02
-2.64741E-09, -1.78571E-02, -4.211735E-02
-2.63179E-09, -1.78571E-02, -4.214286E-02
-2.61616E-09, -1.78571E-02, -4.218112E-02
-2.60054E-09, -1.78571E-02, -4.221939E-02
-2.58491E-09, -1.78571E-02, -4.225765E-02
-2.56929E-09, -1.79847E-02, -4.232143E-02
-2.55366E-09, -1.82398E-02, -4.237245E-02
-2.53804E-09, -1.86224E-02, -4.244898E-02
-2.52241E-09, -1.90051E-02, -4.251276E-02
-2.50679E-09, -1.95153E-02, -4.258928E-02
-2.49116E-09, -2.00255E-02, -4.266582E-02
-2.47554E-09, -2.07908E-02, -4.272959E-02
-2.45991E-09, -2.18112E-02, -4.276786E-02
-2.44429E-09, -2.29592E-02, -4.278061E-02
-2.42866E-09, -2.44898E-02, -4.278061E-02
-2.41304E-09, -2.61480E-02, -4.275510E-02
-2.39741E-09, -2.80612E-02, -4.270408E-02
-2.38179E-09, -3.01020E-02, -4.265306E-02
-2.36616E-09, -3.21429E-02, -4.257653E-02
-2.35054E-09, -3.43112E-02, -4.250000E-02
-2.33491E-09, -3.64796E-02, -4.241071E-02
-2.31929E-09, -3.87755E-02, -4.230867E-02
-2.30366E-09, -4.10714E-02, -4.219388E-02
-2.28804E-09, -4.32398E-02, -4.207908E-02
-2.27241E-09, -4.54082E-02, -4.195153E-02
-2.25679E-09, -4.74490E-02, -4.183673E-02
-2.24116E-09, -4.92347E-02, -4.172194E-02
-2.22554E-09, -5.07653E-02, -4.163265E-02
-2.20991E-09, -5.19133E-02, -4.154337E-02
-2.19429E-09, -5.28061E-02, -4.147959E-02
-2.17866E-09, -5.35714E-02, -4.141582E-02
-2.16304E-09, -5.42092E-02, -4.135204E-02
-2.14741E-09, -5.45918E-02, -4.130102E-02
-2.13179E-09, -5.49745E-02, -4.126275E-02
-2.11616E-09, -5.53571E-02, -4.123725E-02
-2.10054E-09, -5.54847E-02, -4.122449E-02
-2.08491E-09, -5.56122E-02, -4.122449E-02
-2.06929E-09, -5.54847E-02, -4.125000E-02
-2.05366E-09, -5.52296E-02, -4.128826E-02
-2.03804E-09, -5.48469E-02, -4.133929E-02
-2.02241E-09, -5.44643E-02, -4.139031E-02
-2.00679E-09, -5.40816E-02, -4.141582E-02
-1.99116E-09, -5.39541E-02, -4.144133E-02
-1.97554E-09, -5.40816E-02, -4.145408E-02
-1.95991E-09, -5.43367E-02, -4.144133E-02
-1.94429E-09, -5.49745E-02, -4.142857E-02
-1.92866E-09, -5.57398E-02, -4.141582E-02
-1.91304E-09, -5.67602E-02, -4.141582E-02
-1.89741E-09, -5.80357E-02, -4.141582E-02
-1.88179E-09, -5.93112E-02, -4.142857E-02
-1.86616E-09, -6.07143E-02, -4.145408E-02
-1.85054E-09, -6.23724E-02, -4.149235E-02
-1.83491E-09, -6.39031E-02, -4.153061E-02
-1.81929E-09, -6.55612E-02, -4.158163E-02
-1.80366E-09, -6.73469E-02, -4.165816E-02
-1.78804E-09, -6.90051E-02, -4.173470E-02
-1.77241E-09, -7.05357E-02, -4.183673E-02
-1.75679E-09, -7.19388E-02, -4.196429E-02
-1.74116E-09, -7.30867E-02, -4.211735E-02
-1.72554E-09, -7.41071E-02, -4.229592E-02
-1.70991E-09, -7.47449E-02, -4.248725E-02
-1.69429E-09, -7.52551E-02, -4.270408E-02
-1.67866E-09, -7.55102E-02, -4.293367E-02
-1.66304E-09, -7.55102E-02, -4.318878E-02
-1.64741E-09, -7.53826E-02, -4.344388E-02
-1.63179E-09, -7.50000E-02, -4.371173E-02
-1.61616E-09, -7.42347E-02, -4.399235E-02
-1.60054E-09, -7.32143E-02, -4.427296E-02
-1.58491E-09, -7.18112E-02, -4.456633E-02
-1.56929E-09, -7.01531E-02, -4.485969E-02
-1.55366E-09, -6.79847E-02, -4.515306E-02
-1.53804E-09, -6.56888E-02, -4.540816E-02
-1.52241E-09, -6.30102E-02, -4.565051E-02
-1.50679E-09, -6.00765E-02, -4.584184E-02
-1.49116E-09, -5.71429E-02, -4.600765E-02
-1.47554E-09, -5.40816E-02, -4.614796E-02
-1.45991E-09, -5.10204E-02, -4.623725E-02
-1.44429E-09, -4.77041E-02, -4.631377E-02
-1.42866E-09, -4.43878E-02, -4.637755E-02
-1.41304E-09, -4.08163E-02, -4.641582E-02
-1.39741E-09, -3.69898E-02, -4.642857E-02
-1.38179E-09, -3.30357E-02, -4.642857E-02
-1.36616E-09, -2.88265E-02, -4.641582E-02
-1.35054E-09, -2.43622E-02, -4.636480E-02
-1.33491E-09, -1.97704E-02, -4.630102E-02
-1.31929E-09, -1.50510E-02, -4.622449E-02
-1.30366E-09, -1.02041E-02, -4.612245E-02
-1.28804E-09, -5.2296E-03, -4.602041E-02
-1.27241E-09, -2.551E-04, -4.591837E-02
-1.25679E-09, 4.9745E-03, -4.581633E-02
-1.24116E-09, 1.02041E-02, -4.572704E-02
-1.22554E-09, 1.56888E-02, -4.566326E-02
-1.20991E-09, 2.13010E-02, -4.561225E-02
-1.19429E-09, 2.71684E-02, -4.558674E-02
-1.17866E-09, 3.31633E-02, -4.557398E-02
-1.16304E-09, 3.94133E-02, -4.558674E-02
-1.14741E-09, 4.57908E-02, -4.561225E-02
-1.13179E-09, 5.22959E-02, -4.563776E-02
-1.11616E-09, 5.89286E-02, -4.567602E-02
-1.10054E-09, 6.56888E-02, -4.572704E-02
-1.08491E-09, 7.24490E-02, -4.577806E-02
-1.06929E-09, 7.93367E-02, -4.584184E-02
-1.05366E-09, 8.62245E-02, -4.591837E-02
-1.03804E-09, 9.33673E-02, -4.599490E-02
-1.02241E-09, 1.007653E-01, -4.608418E-02
-1.00679E-09, 1.082908E-01, -4.617347E-02
-9.9116E-10, 1.159439E-01, -4.627551E-02
-9.7554E-10, 1.238520E-01, -4.636480E-02
-9.5991E-10, 1.318877E-01, -4.644133E-02
-9.4429E-10, 1.401786E-01, -4.650510E-02
-9.2866E-10, 1.485969E-01, -4.654337E-02
-9.1304E-10, 1.573980E-01, -4.658163E-02
-8.9741E-10, 1.664541E-01, -4.660714E-02
-8.8179E-10, 1.760204E-01, -4.661990E-02
-8.6616E-10, 1.860969E-01, -4.661990E-02
-8.5054E-10, 1.965561E-01, -4.659439E-02
-8.3491E-10, 2.073980E-01, -4.656888E-02
-8.1929E-10, 2.186224E-01, -4.650510E-02
-8.0366E-10, 2.302296E-01, -4.641582E-02
-7.8804E-10, 2.420918E-01, -4.628827E-02
-7.7241E-10, 2.540816E-01, -4.614796E-02
-7.5679E-10, 2.664541E-01, -4.598214E-02
-7.4116E-10, 2.789541E-01, -4.579082E-02
-7.2554E-10, 2.918367E-01, -4.558674E-02
-7.0991E-10, 3.048469E-01, -4.535714E-02
-6.9429E-10, 3.179847E-01, -4.511480E-02
-6.7866E-10, 3.313776E-01, -4.484694E-02
-6.6304E-10, 3.448980E-01, -4.454082E-02
-6.4741E-10, 3.581633E-01, -4.419643E-02
-6.3179E-10, 3.714286E-01, -4.382653E-02
-6.1616E-10, 3.843112E-01, -4.340561E-02
-6.0054E-10, 3.970663E-01, -4.295918E-02
-5.8491E-10, 4.093112E-01, -4.248725E-02
-5.6929E-10, 4.211735E-01, -4.197704E-02
-5.5366E-10, 4.327806E-01, -4.144133E-02
-5.3804E-10, 4.438775E-01, -4.089286E-02
-5.2241E-10, 4.544643E-01, -4.033163E-02
-5.0679E-10, 4.645408E-01, -3.975765E-02
-4.9116E-10, 4.743623E-01, -3.917092E-02
-4.7554E-10, 4.839286E-01, -3.858418E-02
-4.5991E-10, 4.929847E-01, -3.799745E-02
-4.4429E-10, 5.019132E-01, -3.741071E-02
-4.2866E-10, 5.107143E-01, -3.683674E-02
-4.1304E-10, 5.195153E-01, -3.625000E-02
-3.9741E-10, 5.280612E-01, -3.567602E-02
-3.8179E-10, 5.367347E-01, -3.511479E-02
-3.6616E-10, 5.454082E-01, -3.455357E-02
-3.5054E-10, 5.542092E-01, -3.399235E-02
-3.3491E-10, 5.631378E-01, -3.345663E-02
-3.1929E-10, 5.721939E-01, -3.292092E-02
-3.0366E-10, 5.815051E-01, -3.238520E-02
-2.8804E-10, 5.911990E-01, -3.187500E-02
-2.7241E-10, 6.008928E-01, -3.136479E-02
-2.5679E-10, 6.108418E-01, -3.085459E-02
-2.4116E-10, 6.210459E-01, -3.035714E-02
-2.2554E-10, 6.315051E-01, -2.985969E-02
-2.0991E-10, 6.419643E-01, -2.936224E-02
-1.9429E-10, 6.526785E-01, -2.885204E-02
-1.7866E-10, 6.636479E-01, -2.832908E-02
-1.6304E-10, 6.746174E-01, -2.779337E-02
-1.4741E-10, 6.855868E-01, -2.723214E-02
-1.3179E-10, 6.965562E-01, -2.664541E-02
-1.1616E-10, 7.073979E-01, -2.602041E-02
-1.0054E-10, 7.181122E-01, -2.534439E-02
-8.491E-11, 7.284439E-01, -2.464286E-02
-6.929E-11, 7.385204E-01, -2.390306E-02
-5.366E-11, 7.482143E-01, -2.312500E-02
-3.804E-11, 7.579082E-01, -2.230867E-02
-2.241E-11, 7.670918E-01, -2.146684E-02
-6.79E-12, 7.762755E-01, -2.058673E-02
8.84E-12, 7.852041E-01, -1.968112E-02
2.446E-11, 7.940051E-01, -1.873725E-02
4.009E-11, 8.024235E-01, -1.775510E-02
5.571E-11, 8.104592E-01, -1.674745E-02
7.134E-11, 8.181123E-01, -1.571429E-02
8.696E-11, 8.253826E-01, -1.466837E-02
1.0259E-10, 8.322704E-01, -1.362245E-02
1.1821E-10, 8.390306E-01, -1.258929E-02
1.3384E-10, 8.456632E-01, -1.158163E-02
1.4946E-10, 8.522959E-01, -1.059949E-02
1.6509E-10, 8.589286E-01, -9.66837E-03
1.8071E-10, 8.655612E-01, -8.75000E-03
1.9634E-10, 8.723214E-01, -7.85714E-03
2.1196E-10, 8.790816E-01, -6.98980E-03
2.2759E-10, 8.855867E-01, -6.14796E-03
2.4321E-10, 8.920918E-01, -5.31888E-03
2.5884E-10, 8.984694E-01, -4.50255E-03
2.7446E-10, 9.047194E-01, -3.71173E-03
2.9009E-10, 9.107143E-01, -2.95918E-03
3.0571E-10, 9.164541E-01, -2.21939E-03
3.2134E-10, 9.221939E-01, -1.49235E-03
3.3696E-10, 9.276786E-01, -7.7806E-04
3.5259E-10, 9.326531E-01, -7.653E-05
3.6821E-10, 9.373724E-01, 6.2500E-04
3.8384E-10, 9.418367E-01, 1.33929E-03
3.9946E-10, 9.459184E-01, 2.06633E-03
4.1509E-10, 9.494898E-01, 2.79337E-03
4.3071E-10, 9.529337E-01, 3.55867E-03
4.4634E-10, 9.559949E-01, 4.33673E-03
4.6196E-10, 9.590561E-01, 5.15306E-03
4.7759E-10, 9.616072E-01, 5.98214E-03
4.9321E-10, 9.640306E-01, 6.86225E-03
5.0884E-10, 9.660714E-01, 7.76786E-03
5.2446E-10, 9.679847E-01, 8.72449E-03
5.4009E-10, 9.692602E-01, 9.69388E-03
5.5571E-10, 9.705357E-01, 1.067602E-02
5.7134E-10, 9.718112E-01, 1.168367E-02
5.8696E-10, 9.730867E-01, 1.269133E-02
6.0259E-10, 9.741071E-01, 1.367347E-02
6.1821E-10, 9.755102E-01, 1.465561E-02
6.3384E-10, 9.770408E-01, 1.562500E-02
6.4946E-10, 9.788265E-01, 1.658163E-02
6.6509E-10, 9.804847E-01, 1.751276E-02
6.8071E-10, 9.822704E-01, 1.843112E-02
6.9634E-10, 9.841837E-01, 1.932398E-02
7.1196E-10, 9.863520E-01, 2.019133E-02
7.2759E-10, 9.882653E-01, 2.100765E-02
7.4321E-10, 9.904337E-01, 2.177296E-02
7.5884E-10, 9.926021E-01, 2.248725E-02
7.7446E-10, 9.950255E-01, 2.316326E-02
7.9009E-10, 9.973214E-01, 2.377551E-02
8.0571E-10, 9.996173E-01, 2.434949E-02
8.2134E-10, 1.0019133E+00, 2.489796E-02
8.3696E-10, 1.0040816E+00, 2.543367E-02
8.5259E-10, 1.0058674E+00, 2.591837E-02
8.6821E-10, 1.0076531E+00, 2.639031E-02
8.8384E-10, 1.0090561E+00, 2.683673E-02
8.9946E-10, 1.0105867E+00, 2.727041E-02
9.1509E-10, 1.0116072E+00, 2.767857E-02
9.3071E-10, 1.0126276E+00, 2.808673E-02
9.4634E-10, 1.0135204E+00, 2.848214E-02
9.6196E-10, 1.0142857E+00, 2.891582E-02
9.7759E-10, 1.0146683E+00, 2.933674E-02
9.9321E-10, 1.0147959E+00, 2.979592E-02
1.00884E-09, 1.0146683E+00, 3.028061E-02
1.02446E-09, 1.0145408E+00, 3.079082E-02
1.04009E-09, 1.0139030E+00, 3.128827E-02
1.05571E-09, 1.0131377E+00, 3.181123E-02
1.07134E-09, 1.0123725E+00, 3.233418E-02
1.08696E-09, 1.0116072E+00, 3.286990E-02
1.10259E-09, 1.0103316E+00, 3.339286E-02
1.11821E-09, 1.0091836E+00, 3.392857E-02
1.13384E-09, 1.0077807E+00, 3.445153E-02
1.14946E-09, 1.0062500E+00, 3.498724E-02
1.16509E-09, 1.0044643E+00, 3.549745E-02
1.18071E-09, 1.0026785E+00, 3.599490E-02
1.19634E-09, 1.0008929E+00, 3.646684E-02
1.21196E-09, 9.993622E-01, 3.691326E-02
1.22759E-09, 9.975765E-01, 3.732143E-02
1.24321E-09, 9.959184E-01, 3.769132E-02
1.25884E-09, 9.942602E-01, 3.804847E-02
1.27446E-09, 9.927296E-01, 3.839286E-02
1.29009E-09, 9.908164E-01, 3.871173E-02
1.30571E-09, 9.889030E-01, 3.900510E-02
1.32134E-09, 9.867347E-01, 3.927296E-02
1.33696E-09, 9.848214E-01, 3.952806E-02
1.35259E-09, 9.825255E-01, 3.971939E-02
1.36821E-09, 9.806122E-01, 3.989796E-02
1.38384E-09, 9.786990E-01, 4.005102E-02
1.39946E-09, 9.771684E-01, 4.017857E-02
1.41509E-09, 9.756377E-01, 4.028061E-02
1.43071E-09, 9.743623E-01, 4.038265E-02
1.44634E-09, 9.730867E-01, 4.049745E-02
1.46196E-09, 9.721939E-01, 4.062500E-02
1.47759E-09, 9.710459E-01, 4.072704E-02
1.49321E-09, 9.702806E-01, 4.085459E-02
1.50884E-09, 9.696429E-01, 4.098214E-02
1.52446E-09, 9.692602E-01, 4.110969E-02
1.54009E-09, 9.688776E-01, 4.122449E-02
1.55571E-09, 9.687500E-01, 4.133929E-02
1.57134E-09, 9.688776E-01, 4.146684E-02
1.58696E-09, 9.691327E-01, 4.159439E-02
1.60259E-09, 9.692602E-01, 4.172194E-02
1.61821E-09, 9.696429E-01, 4.186225E-02
1.63384E-09, 9.700255E-01, 4.201531E-02
1.64946E-09, 9.706632E-01, 4.218112E-02
1.66509E-09, 9.710459E-01, 4.233418E-02
1.68071E-09, 9.714286E-01, 4.250000E-02
1.69634E-09, 9.716837E-01, 4.267857E-02
1.71196E-09, 9.720663E-01, 4.286990E-02
1.72759E-09, 9.718112E-01, 4.304847E-02
1.74321E-09, 9.714286E-01, 4.323979E-02
1.75884E-09, 9.706632E-01, 4.344388E-02
1.77446E-09, 9.697704E-01, 4.366072E-02
1.79009E-09, 9.683673E-01, 4.383929E-02
1.80571E-09, 9.667092E-01, 4.403061E-02
1.82134E-09, 9.649234E-01, 4.420918E-02
1.83696E-09, 9.631377E-01, 4.437500E-02
1.85259E-09, 9.610969E-01, 4.451530E-02
1.86821E-09, 9.590561E-01, 4.465561E-02
1.88384E-09, 9.570153E-01, 4.479592E-02
1.89946E-09, 9.551020E-01, 4.493622E-02
1.91509E-09, 9.530612E-01, 4.505102E-02
1.93071E-09, 9.510204E-01, 4.516582E-02
1.94634E-09, 9.492347E-01, 4.528061E-02
1.96196E-09, 9.474490E-01, 4.539541E-02
1.97759E-09, 9.457908E-01, 4.547194E-02
1.99321E-09, 9.443877E-01, 4.553571E-02
2.00884E-09, 9.432398E-01, 4.557398E-02
2.02446E-09, 9.424745E-01, 4.558674E-02
2.04009E-09, 9.419643E-01, 4.556122E-02
2.05571E-09, 9.419643E-01, 4.552296E-02
2.07134E-09, 9.423469E-01, 4.545918E-02
2.08696E-09, 9.431123E-01, 4.539541E-02
2.10259E-09, 9.438776E-01, 4.530612E-02
2.11821E-09, 9.448979E-01, 4.520408E-02
2.13384E-09, 9.461735E-01, 4.510204E-02
2.14946E-09, 9.475765E-01, 4.498725E-02
2.16509E-09, 9.488521E-01, 4.483419E-02
2.18071E-09, 9.502551E-01, 4.468112E-02
2.19634E-09, 9.517857E-01, 4.450255E-02
2.21196E-09, 9.533163E-01, 4.433674E-02
2.22759E-09, 9.547194E-01, 4.413265E-02
2.24321E-09, 9.559949E-01, 4.395408E-02
2.25884E-09, 9.571428E-01, 4.377551E-02
2.27446E-09, 9.581633E-01, 4.362245E-02
2.29009E-09, 9.588010E-01, 4.346939E-02
2.30571E-09, 9.594388E-01, 4.332908E-02
2.32134E-09, 9.599490E-01, 4.320153E-02
2.33696E-09, 9.605867E-01, 4.311224E-02
2.35259E-09, 9.609694E-01, 4.301021E-02
2.36821E-09, 9.614796E-01, 4.294643E-02
2.38384E-09, 9.619898E-01, 4.293367E-02
2.39946E-09, 9.625000E-01, 4.295918E-02
2.41509E-09, 9.626275E-01, 4.301021E-02
2.43071E-09, 9.628826E-01, 4.311224E-02
2.44634E-09, 9.630102E-01, 4.323979E-02
2.46196E-09, 9.632653E-01, 4.340561E-02
2.47759E-09, 9.633929E-01, 4.357143E-02
2.49321E-09, 9.636480E-01, 4.375000E-02
2.50884E-09, 9.641582E-01, 4.394133E-02
2.52446E-09, 9.649234E-01, 4.415816E-02
2.54009E-09, 9.655612E-01, 4.434949E-02
2.55571E-09, 9.664541E-01, 4.456633E-02
2.57134E-09, 9.673470E-01, 4.479592E-02
2.58696E-09, 9.684949E-01, 4.503826E-02
2.60259E-09, 9.695153E-01, 4.525510E-02
2.61821E-09, 9.706632E-01, 4.545918E-02
2.63384E-09, 9.719388E-01, 4.565051E-02
2.64946E-09, 9.734694E-01, 4.582908E-02
2.66509E-09, 9.748725E-01, 4.595663E-02
2.68071E-09, 9.764031E-01, 4.608418E-02
2.69634E-09, 9.778062E-01, 4.617347E-02
2.71196E-09, 9.792092E-01, 4.625000E-02
2.72759E-09, 9.803572E-01, 4.628827E-02
2.74321E-09, 9.815051E-01, 4.628827E-02
2.75884E-09, 9.823980E-01, 4.627551E-02
2.77446E-09, 9.835459E-01, 4.622449E-02
2.79009E-09, 9.843112E-01, 4.612245E-02
2.80571E-09, 9.850765E-01, 4.599490E-02
2.82134E-09, 9.859694E-01, 4.585459E-02
2.83696E-09, 9.867347E-01, 4.570153E-02
2.85259E-09, 9.871174E-01, 4.553571E-02
2.86821E-09, 9.875000E-01, 4.536990E-02
2.88384E-09, 9.877551E-01, 4.520408E-02
2.89946E-09, 9.878827E-01, 4.506378E-02
2.91509E-09, 9.876276E-01, 4.488520E-02
2.93071E-09, 9.875000E-01, 4.474490E-02
2.94634E-09, 9.872449E-01, 4.459184E-02
2.96196E-09, 9.869898E-01, 4.447704E-02
2.97759E-09, 9.864796E-01, 4.434949E-02
2.99321E-09, 9.858418E-01, 4.426020E-02
3.00884E-09, 9.850765E-01, 4.419643E-02
3.02446E-09, 9.843112E-01, 4.417092E-02
3.04009E-09, 9.831632E-01, 4.414541E-02
3.05571E-09, 9.820153E-01, 4.414541E-02
3.07134E-09, 9.808673E-01, 4.417092E-02
3.08696E-09, 9.799745E-01, 4.422194E-02
3.10259E-09, 9.788265E-01, 4.426020E-02
3.11821E-09, 9.779336E-01, 4.432398E-02
3.13384E-09, 9.770408E-01, 4.438775E-02
3.14946E-09, 9.764031E-01, 4.448980E-02
3.16509E-09, 9.756377E-01, 4.459184E-02
3.18071E-09, 9.750000E-01, 4.471939E-02
3.19634E-09, 9.744898E-01, 4.484694E-02
3.21196E-09, 9.741071E-01, 4.500000E-02
3.22759E-09, 9.738520E-01, 4.514031E-02
3.24321E-09, 9.738520E-01, 4.528061E-02
3.25884E-09, 9.742347E-01, 4.542092E-02
3.27446E-09, 9.748725E-01, 4.557398E-02
3.29009E-09, 9.755102E-01, 4.570153E-02
3.30571E-09, 9.764031E-01, 4.584184E-02
3.32134E-09, 9.775510E-01, 4.599490E-02
3.33696E-09, 9.789541E-01, 4.614796E-02
3.35259E-09, 9.802296E-01, 4.628827E-02
3.36821E-09, 9.816326E-01, 4.645408E-02
3.38384E-09, 9.831632E-01, 4.660714E-02
3.39946E-09, 9.846939E-01, 4.677296E-02
3.41509E-09, 9.860969E-01, 4.692602E-02
3.43071E-09, 9.875000E-01, 4.707908E-02
3.44634E-09, 9.889030E-01, 4.723214E-02
3.46196E-09, 9.903061E-01, 4.738520E-02
3.47759E-09, 9.914541E-01, 4.752551E-02
3.49321E-09, 9.926021E-01, 4.766582E-02
3.50884E-09, 9.936224E-01, 4.781888E-02
3.52446E-09, 9.945153E-01, 4.797194E-02
3.54009E-09, 9.948980E-01, 4.811224E-02
3.55571E-09, 9.950255E-01, 4.825255E-02
3.57134E-09, 9.950255E-01, 4.838010E-02
3.58696E-09, 9.947704E-01, 4.850765E-02
3.60259E-09, 9.941326E-01, 4.859694E-02
3.61821E-09, 9.936224E-01, 4.866071E-02
3.63384E-09, 9.928572E-01, 4.869898E-02
3.64946E-09, 9.923469E-01, 4.872449E-02
3.66509E-09, 9.915816E-01, 4.871174E-02
3.68071E-09, 9.908164E-01, 4.868622E-02
3.69634E-09, 9.899235E-01, 4.866071E-02
3.71196E-09, 9.892857E-01, 4.863520E-02
3.72759E-09, 9.881378E-01, 4.858418E-02
3.74321E-09, 9.872449E-01, 4.853316E-02
3.75884E-09, 9.863520E-01, 4.846939E-02
3.77446E-09, 9.855868E-01, 4.840561E-02
3.79009E-09, 9.848214E-01, 4.829082E-02
3.80571E-09, 9.841837E-01, 4.818878E-02
3.82134E-09, 9.839286E-01, 4.807398E-02
3.83696E-09, 9.838010E-01, 4.797194E-02
3.85259E-09, 9.836735E-01, 4.785714E-02
3.86821E-09, 9.836735E-01, 4.776786E-02
3.88384E-09, 9.838010E-01, 4.770408E-02
3.89946E-09, 9.841837E-01, 4.766582E-02
3.91509E-09, 9.843112E-01, 4.762755E-02
3.93071E-09, 9.846939E-01, 4.760204E-02
3.94634E-09, 9.852041E-01, 4.758929E-02
3.96196E-09, 9.857143E-01, 4.760204E-02
3.97759E-09, 9.860969E-01, 4.760204E-02
3.99321E-09, 9.866071E-01, 4.761479E-02
4.00884E-09, 9.869898E-01, 4.764031E-02
4.02446E-09, 9.875000E-01, 4.767857E-02
4.04009E-09, 9.878827E-01, 4.770408E-02
4.05571E-09, 9.882653E-01, 4.771684E-02
4.07134E-09, 9.886479E-01, 4.774235E-02
4.08696E-09, 9.890306E-01, 4.776786E-02
4.10259E-09, 9.891582E-01, 4.776786E-02
4.11821E-09, 9.892857E-01, 4.776786E-02
4.13384E-09, 9.892857E-01, 4.775510E-02
4.14946E-09, 9.892857E-01, 4.774235E-02
4.16509E-09, 9.889030E-01, 4.769133E-02
4.18071E-09, 9.887755E-01, 4.762755E-02
4.19634E-09, 9.885204E-01, 4.756378E-02
4.21196E-09, 9.885204E-01, 4.750000E-02
4.22759E-09, 9.882653E-01, 4.741072E-02
4.24321E-09, 9.880102E-01, 4.734694E-02
4.25884E-09, 9.877551E-01, 4.728316E-02
4.27446E-09, 9.875000E-01, 4.725765E-02
4.29009E-09, 9.869898E-01, 4.721939E-02
4.30571E-09, 9.864796E-01, 4.720663E-02
4.32134E-09, 9.860969E-01, 4.720663E-02
4.33696E-09, 9.857143E-01, 4.723214E-02
4.35259E-09, 9.853317E-01, 4.725765E-02
4.36821E-09, 9.850765E-01, 4.730867E-02
4.38384E-09, 9.850765E-01, 4.739796E-02
4.39946E-09, 9.850765E-01, 4.751275E-02
4.41509E-09, 9.850765E-01, 4.762755E-02
4.43071E-09, 9.852041E-01, 4.778061E-02
4.44634E-09, 9.855868E-01, 4.794643E-02
4.46196E-09, 9.860969E-01, 4.812500E-02
4.47759E-09, 9.867347E-01, 4.829082E-02
4.49321E-09, 9.876276E-01, 4.846939E-02
4.50884E-09, 9.887755E-01, 4.863520E-02
4.52446E-09, 9.901786E-01, 4.880102E-02
4.54009E-09, 9.915816E-01, 4.894133E-02
4.55571E-09, 9.931123E-01, 4.906888E-02
4.57134E-09, 9.946429E-01, 4.918367E-02
4.58696E-09, 9.964285E-01, 4.928571E-02
4.60259E-09, 9.978316E-01, 4.932398E-02
4.61821E-09, 9.994898E-01, 4.933674E-02
4.63384E-09, 1.0012755E+00, 4.931122E-02
4.64946E-09, 1.0031887E+00, 4.924745E-02
4.66509E-09, 1.0048469E+00, 4.913265E-02
4.68071E-09, 1.0067602E+00, 4.900510E-02
4.69634E-09, 1.0085459E+00, 4.886480E-02
4.71196E-09, 1.0103316E+00, 4.873725E-02
4.72759E-09, 1.0116072E+00, 4.858418E-02
4.74321E-09, 1.0127552E+00, 4.845663E-02
4.75884E-09, 1.0135204E+00, 4.834184E-02
4.77446E-09, 1.0141581E+00, 4.825255E-02
4.79009E-09, 1.0140306E+00, 4.815051E-02
4.80571E-09, 1.0139030E+00, 4.808674E-02
4.82134E-09, 1.0133928E+00, 4.804847E-02
4.83696E-09, 1.0128827E+00, 4.803571E-02
4.85259E-09, 1.0121174E+00, 4.803571E-02
4.86821E-09, 1.0112245E+00, 4.809949E-02
4.88384E-09, 1.0103316E+00, 4.820153E-02
4.89946E-09, 1.0093112E+00, 4.835459E-02
4.91509E-09, 1.0081632E+00, 4.854592E-02
4.93071E-09, 1.0070153E+00, 4.878826E-02
4.94634E-09, 1.0057398E+00, 4.906888E-02
4.96196E-09, 1.0047194E+00, 4.938776E-02
4.97759E-09, 1.0034438E+00, 4.970663E-02
4.99321E-09, 1.0024235E+00, 5.005102E-02
5.00884E-09, 1.0015306E+00, 5.038265E-02
5.02446E-09, 1.0010204E+00, 5.071428E-02
5.04009E-09, 1.0006378E+00, 5.100765E-02
5.05571E-09, 1.0005102E+00, 5.128827E-02
5.07134E-09, 1.0006378E+00, 5.154337E-02
5.08696E-09, 1.0010204E+00, 5.177296E-02
5.10259E-09, 1.0014031E+00, 5.195153E-02
5.11821E-09, 1.0021684E+00, 5.209184E-02
5.13384E-09, 1.0029336E+00, 5.219388E-02
5.14946E-09, 1.0040816E+00, 5.225765E-02
5.16509E-09, 1.0049745E+00, 5.225765E-02
5.18071E-09, 1.0059949E+00, 5.221939E-02
5.19634E-09, 1.0070153E+00, 5.215561E-02
5.21196E-09, 1.0080357E+00, 5.205357E-02
5.22759E-09, 1.0086734E+00, 5.190051E-02
5.24321E-09, 1.0093112E+00, 5.172194E-02
5.25884E-09, 1.0096939E+00, 5.151786E-02
5.27446E-09, 1.0099490E+00, 5.131378E-02
5.29009E-09, 1.0099490E+00, 5.107143E-02
5.30571E-09, 1.0096939E+00, 5.082908E-02
5.32134E-09, 1.0093112E+00, 5.059949E-02
5.33696E-09, 1.0089285E+00, 5.038265E-02
5.35259E-09, 1.0080357E+00, 5.016582E-02
5.36821E-09, 1.0071429E+00, 4.998725E-02
5.38384E-09, 1.0059949E+00, 4.983418E-02
5.39946E-09, 1.0049745E+00, 4.971939E-02
5.41509E-09, 1.0034438E+00, 4.960459E-02
5.43071E-09, 1.0020409E+00, 4.952806E-02
5.44634E-09, 1.0006378E+00, 4.947704E-02
5.46196E-09, 9.994898E-01, 4.946429E-02
5.47759E-09, 9.980868E-01, 4.943877E-02
5.49321E-09, 9.969388E-01, 4.946429E-02
5.50884E-09, 9.959184E-01, 4.950255E-02
5.52446E-09, 9.951531E-01, 4.956632E-02
5.54009E-09, 9.942602E-01, 4.963010E-02
5.55571E-09, 9.936224E-01, 4.971939E-02
5.57134E-09, 9.931123E-01, 4.980867E-02
5.58696E-09, 9.928572E-01, 4.992347E-02
5.60259E-09, 9.924745E-01, 5.001276E-02
5.61821E-09, 9.922194E-01, 5.011480E-02
5.63384E-09, 9.920918E-01, 5.020408E-02
5.64946E-09, 9.920918E-01, 5.030612E-02
5.66509E-09, 9.918367E-01, 5.038265E-02
5.68071E-09, 9.918367E-01, 5.047194E-02
5.69634E-09, 9.917092E-01, 5.056122E-02
5.71196E-09, 9.918367E-01, 5.065051E-02
5.72759E-09, 9.915816E-01, 5.072704E-02
5.74321E-09, 9.914541E-01, 5.082908E-02
5.75884E-09, 9.910714E-01, 5.093112E-02
5.77446E-09, 9.908164E-01, 5.104592E-02
5.79009E-09, 9.901786E-01, 5.114796E-02
5.80571E-09, 9.896684E-01, 5.126275E-02
5.82134E-09, 9.890306E-01, 5.137755E-02
5.83696E-09, 9.885204E-01, 5.150510E-02
5.85259E-09, 9.877551E-01, 5.160714E-02
5.86821E-09, 9.872449E-01, 5.172194E-02
5.88384E-09, 9.867347E-01, 5.183674E-02
5.89946E-09, 9.864796E-01, 5.196429E-02
5.91509E-09, 9.860969E-01, 5.206633E-02
5.93071E-09, 9.858418E-01, 5.216837E-02
5.94634E-09, 9.858418E-01, 5.225765E-02
5.96196E-09, 9.859694E-01, 5.234694E-02
5.97759E-09, 9.859694E-01, 5.238520E-02
5.99321E-09, 9.863520E-01, 5.241071E-02
6.00884E-09, 9.869898E-01, 5.239796E-02
6.02446E-09, 9.878827E-01, 5.237245E-02
6.04009E-09, 9.887755E-01, 5.230867E-02
6.05571E-09, 9.897959E-01, 5.221939E-02
6.07134E-09, 9.910714E-01, 5.211735E-02
6.08696E-09, 9.924745E-01, 5.198980E-02
6.10259E-09, 9.936224E-01, 5.182398E-02
6.11821E-09, 9.950255E-01, 5.164541E-02
6.13384E-09, 9.964285E-01, 5.145408E-02
6.14946E-09, 9.979592E-01, 5.126275E-02
6.16509E-09, 9.989796E-01, 5.103316E-02
6.18071E-09, 1.0001276E+00, 5.081633E-02
6.19634E-09, 1.0010204E+00, 5.059949E-02
6.21196E-09, 1.0019133E+00, 5.042092E-02
6.22759E-09, 1.0022960E+00, 5.022959E-02
6.24321E-09, 1.0025511E+00, 5.006377E-02
6.25884E-09, 1.0026785E+00, 4.992347E-02
6.27446E-09, 1.0026785E+00, 4.983418E-02
6.29009E-09, 1.0022960E+00, 4.974490E-02
6.30571E-09, 1.0020409E+00, 4.970663E-02
6.32134E-09, 1.0017858E+00, 4.970663E-02
6.33696E-09, 1.0015306E+00, 4.975765E-02
6.35259E-09, 1.0010204E+00, 4.983418E-02
6.36821E-09, 1.0007653E+00, 4.997449E-02
6.38384E-09, 1.0003827E+00, 5.016582E-02
6.39946E-09, 1.0002551E+00, 5.040816E-02
6.41509E-09, 9.998724E-01, 5.067602E-02
6.43071E-09, 9.997449E-01, 5.098214E-02
6.44634E-09, 9.997449E-01, 5.131378E-02
6.46196E-09, 9.998724E-01, 5.167092E-02
6.47759E-09, 9.998724E-01, 5.201530E-02
6.49321E-09, 1.0002551E+00, 5.235969E-02
6.50884E-09, 1.0008929E+00, 5.271684E-02
6.52446E-09, 1.0017858E+00, 5.306122E-02
6.54009E-09, 1.0026785E+00, 5.336735E-02
6.55571E-09, 1.0038265E+00, 5.367347E-02
6.57134E-09, 1.0051020E+00, 5.394133E-02
6.58696E-09, 1.0065051E+00, 5.420918E-02
6.60259E-09, 1.0076531E+00, 5.442602E-02
6.61821E-09, 1.0086734E+00, 5.461735E-02
6.63384E-09, 1.0096939E+00, 5.475765E-02
6.64946E-09, 1.0104592E+00, 5.487245E-02
6.66509E-09, 1.0108418E+00, 5.491072E-02
6.68071E-09, 1.0110970E+00, 5.492347E-02
6.69634E-09, 1.0112245E+00, 5.487245E-02
6.71196E-09, 1.0113521E+00, 5.479592E-02
6.72759E-09, 1.0110970E+00, 5.464286E-02
6.74321E-09, 1.0107143E+00, 5.448980E-02
6.75884E-09, 1.0103316E+00, 5.429847E-02
6.77446E-09, 1.0098214E+00, 5.410714E-02
6.79009E-09, 1.0089285E+00, 5.389031E-02
6.80571E-09, 1.0080357E+00, 5.367347E-02
6.82134E-09, 1.0067602E+00, 5.346939E-02
6.83696E-09, 1.0056123E+00, 5.329082E-02
6.85259E-09, 1.0040816E+00, 5.308674E-02
6.86821E-09, 1.0026785E+00, 5.290816E-02
6.88384E-09, 1.0014031E+00, 5.272959E-02
6.89946E-09, 1.0002551E+00, 5.257653E-02
6.91509E-09, 9.989796E-01, 5.242347E-02
6.93071E-09, 9.979592E-01, 5.229592E-02
6.94634E-09, 9.970663E-01, 5.218112E-02
6.96196E-09, 9.964285E-01, 5.210459E-02
6.97759E-09, 9.957908E-01, 5.202806E-02
6.99321E-09, 9.952806E-01, 5.198980E-02
7.00884E-09, 9.950255E-01, 5.195153E-02
7.02446E-09, 9.948980E-01, 5.195153E-02
7.04009E-09, 9.948980E-01, 5.192602E-02
7.05571E-09, 9.950255E-01, 5.192602E-02
7.07134E-09, 9.954082E-01, 5.192602E-02
7.08696E-09, 9.960459E-01, 5.193878E-02
7.10259E-09, 9.964285E-01, 5.192602E-02
7.11821E-09, 9.970663E-01, 5.192602E-02
7.13384E-09, 9.977041E-01, 5.192602E-02
7.14946E-09, 9.984694E-01, 5.193878E-02
7.16509E-09, 9.988520E-01, 5.192602E-02
7.18071E-09, 9.993622E-01, 5.192602E-02
7.19634E-09, 9.998724E-01, 5.192602E-02
7.21196E-09, 1.0003827E+00, 5.195153E-02
7.22759E-09, 1.0005102E+00, 5.196429E-02
7.24321E-09, 1.0006378E+00, 5.197704E-02
7.25884E-09, 1.0006378E+00, 5.200255E-02
7.27446E-09, 1.0005102E+00, 5.205357E-02
7.29009E-09, 1.0001276E+00, 5.207908E-02
7.30571E-09, 9.997449E-01, 5.211735E-02
7.32134E-09, 9.993622E-01, 5.216837E-02
7.33696E-09, 9.992347E-01, 5.224490E-02
7.35259E-09, 9.987245E-01, 5.230867E-02
7.36821E-09, 9.984694E-01, 5.239796E-02
7.38384E-09, 9.982143E-01, 5.248725E-02
7.39946E-09, 9.982143E-01, 5.261480E-02
7.41509E-09, 9.979592E-01, 5.271684E-02
7.43071E-09, 9.979592E-01, 5.284439E-02
7.44634E-09, 9.980868E-01, 5.294643E-02
7.46196E-09, 9.984694E-01, 5.306122E-02
7.47759E-09, 9.988520E-01, 5.313776E-02
7.49321E-09, 9.994898E-01, 5.320153E-02
7.50884E-09, 1.0003827E+00, 5.325255E-02
7.52446E-09, 1.0014031E+00, 5.330357E-02
7.54009E-09, 1.0022960E+00, 5.331632E-02
7.55571E-09, 1.0034438E+00, 5.331632E-02
7.57134E-09, 1.0044643E+00, 5.330357E-02
7.58696E-09, 1.0057398E+00, 5.326531E-02
7.60259E-09, 1.0067602E+00, 5.318877E-02
7.61821E-09, 1.0079081E+00, 5.308674E-02
7.63384E-09, 1.0091836E+00, 5.295919E-02
7.64946E-09, 1.0105867E+00, 5.281888E-02
7.66509E-09, 1.0118623E+00, 5.264031E-02
7.68071E-09, 1.0131377E+00, 5.247449E-02
7.69634E-09, 1.0142857E+00, 5.232143E-02
7.71196E-09, 1.0153061E+00, 5.218112E-02
7.72759E-09, 1.0158163E+00, 5.204082E-02
7.74321E-09, 1.0163265E+00, 5.193878E-02
7.75884E-09, 1.0164541E+00, 5.184949E-02
7.77446E-09, 1.0165817E+00, 5.178571E-02
7.79009E-09, 1.0161990E+00, 5.172194E-02
7.80571E-09, 1.0159439E+00, 5.169643E-02
7.82134E-09, 1.0155612E+00, 5.168367E-02
7.83696E-09, 1.0153061E+00, 5.172194E-02
7.85259E-09, 1.0145408E+00, 5.177296E-02
7.86821E-09, 1.0139030E+00, 5.186224E-02
7.88384E-09, 1.0130103E+00, 5.200255E-02
7.89946E-09, 1.0119898E+00, 5.218112E-02
7.91509E-09, 1.0107143E+00, 5.235969E-02
7.93071E-09, 1.0093112E+00, 5.257653E-02
7.94634E-09, 1.0080357E+00, 5.278061E-02
7.96196E-09, 1.0068878E+00, 5.299745E-02
7.97759E-09, 1.0054847E+00, 5.317602E-02
7.99321E-09, 1.0044643E+00, 5.336735E-02
8.00884E-09, 1.0034438E+00, 5.353316E-02
8.02446E-09, 1.0026785E+00, 5.369898E-02
8.04009E-09, 1.0016582E+00, 5.382653E-02
8.05571E-09, 1.0007653E+00, 5.395408E-02
8.07134E-09, 1.0000000E+00, 5.404337E-02
8.08696E-09, 9.992347E-01, 5.413265E-02
8.10259E-09, 9.983419E-01, 5.414541E-02
8.11821E-09, 9.977041E-01, 5.414541E-02
8.13384E-09, 9.970663E-01, 5.411990E-02
8.14946E-09, 9.966837E-01, 5.406888E-02
8.16509E-09, 9.961734E-01, 5.396684E-02
8.18071E-09, 9.957908E-01, 5.386480E-02
8.19634E-09, 9.956633E-01, 5.375000E-02
8.21196E-09, 9.955357E-01, 5.364796E-02
8.22759E-09, 9.951531E-01, 5.352041E-02
8.24321E-09, 9.948980E-01, 5.340561E-02
8.25884E-09, 9.945153E-01, 5.331632E-02
8.27446E-09, 9.942602E-01, 5.323980E-02
8.29009E-09, 9.937500E-01, 5.315051E-02
8.30571E-09, 9.933674E-01, 5.309949E-02
8.32134E-09, 9.928572E-01, 5.304847E-02
8.33696E-09, 9.924745E-01, 5.303571E-02
8.35259E-09, 9.919643E-01, 5.301020E-02
8.36821E-09, 9.915816E-01, 5.302296E-02
8.38384E-09, 9.914541E-01, 5.303571E-02
8.39946E-09, 9.914541E-01, 5.309949E-02
8.41509E-09, 9.913265E-01, 5.313776E-02
8.43071E-09, 9.915816E-01, 5.320153E-02
8.44634E-09, 9.919643E-01, 5.327806E-02
8.46196E-09, 9.926021E-01, 5.336735E-02
8.47759E-09, 9.931123E-01, 5.344388E-02
8.49321E-09, 9.938775E-01, 5.353316E-02
8.50884E-09, 9.947704E-01, 5.360970E-02
8.52446E-09, 9.960459E-01, 5.369898E-02
8.54009E-09, 9.970663E-01, 5.375000E-02
8.55571E-09, 9.983419E-01, 5.378827E-02
8.57134E-09, 9.997449E-01, 5.381377E-02
8.58696E-09, 1.0015306E+00, 5.382653E-02
8.60259E-09, 1.0030612E+00, 5.381377E-02
8.61821E-09, 1.0049745E+00, 5.377551E-02
8.63384E-09, 1.0070153E+00, 5.372449E-02
8.64946E-09, 1.0091836E+00, 5.368622E-02
8.66509E-09, 1.0110970E+00, 5.360970E-02
8.68071E-09, 1.0130103E+00, 5.354592E-02
8.69634E-09, 1.0147959E+00, 5.348214E-02
8.71196E-09, 1.0165817E+00, 5.344388E-02
8.72759E-09, 1.0177296E+00, 5.336735E-02
8.74321E-09, 1.0187500E+00, 5.331632E-02
8.75884E-09, 1.0195153E+00, 5.326531E-02
8.77446E-09, 1.0200255E+00, 5.322704E-02
8.79009E-09, 1.0198979E+00, 5.317602E-02
8.80571E-09, 1.0197704E+00, 5.312500E-02
8.82134E-09, 1.0193877E+00, 5.308674E-02
8.83696E-09, 1.0187500E+00, 5.307398E-02
8.85259E-09, 1.0177296E+00, 5.304847E-02
8.86821E-09, 1.0164541E+00, 5.304847E-02
8.88384E-09, 1.0149235E+00, 5.306122E-02
8.89946E-09, 1.0131377E+00, 5.311225E-02
8.91509E-09, 1.0108418E+00, 5.313776E-02
8.93071E-09, 1.0085459E+00, 5.317602E-02
8.94634E-09, 1.0059949E+00, 5.321429E-02
8.96196E-09, 1.0036989E+00, 5.326531E-02
8.97759E-09, 1.0012755E+00, 5.329082E-02
8.99321E-09, 9.991071E-01, 5.331632E-02
9.00884E-09, 9.971939E-01, 5.334184E-02
9.02446E-09, 9.956633E-01, 5.338010E-02
9.04009E-09, 9.940051E-01, 5.340561E-02
9.05571E-09, 9.928572E-01, 5.344388E-02
9.07134E-09, 9.920918E-01, 5.349490E-02
9.08696E-09, 9.915816E-01, 5.355867E-02
9.10259E-09, 9.913265E-01, 5.359694E-02
9.11821E-09, 9.914541E-01, 5.364796E-02
9.13384E-09, 9.920918E-01, 5.369898E-02
9.14946E-09, 9.931123E-01, 5.376276E-02
9.16509E-09, 9.943877E-01, 5.380102E-02
9.18071E-09, 9.961734E-01, 5.385204E-02
9.19634E-09, 9.980868E-01, 5.391582E-02
9.21196E-09, 1.0003827E+00, 5.399235E-02
9.22759E-09, 1.0024235E+00, 5.406888E-02
9.24321E-09, 1.0045918E+00, 5.414541E-02
9.25884E-09, 1.0067602E+00, 5.423469E-02
9.27446E-09, 1.0089285E+00, 5.432398E-02
9.29009E-09, 1.0108418E+00, 5.440051E-02
9.30571E-09, 1.0126276E+00, 5.447704E-02
9.32134E-09, 1.0142857E+00, 5.454082E-02
9.33696E-09, 1.0159439E+00, 5.460459E-02
9.35259E-09, 1.0169643E+00, 5.464286E-02
9.36821E-09, 1.0178572E+00, 5.468112E-02
9.38384E-09, 1.0183673E+00, 5.471939E-02
9.39946E-09, 1.0186224E+00, 5.475765E-02
9.41509E-09, 1.0182397E+00, 5.475765E-02
9.43071E-09, 1.0174745E+00, 5.475765E-02
9.44634E-09, 1.0165817E+00, 5.474490E-02
9.46196E-09, 1.0154337E+00, 5.471939E-02
9.47759E-09, 1.0139030E+00, 5.465561E-02
9.49321E-09, 1.0122449E+00, 5.457908E-02
9.50884E-09, 1.0103316E+00, 5.450255E-02
9.52446E-09, 1.0085459E+00, 5.442602E-02
9.54009E-09, 1.0063776E+00, 5.432398E-02
9.55571E-09, 1.0043367E+00, 5.422194E-02
9.57134E-09, 1.0024235E+00, 5.411990E-02
9.58696E-09, 1.0008929E+00, 5.401786E-02
9.60259E-09, 9.993622E-01, 5.389031E-02
9.61821E-09, 9.982143E-01, 5.377551E-02
9.63384E-09, 9.975765E-01, 5.367347E-02
9.64946E-09, 9.973214E-01, 5.359694E-02
9.66509E-09, 9.971939E-01, 5.353316E-02
9.68071E-09, 9.974490E-01, 5.350765E-02
9.69634E-09, 9.980868E-01, 5.350765E-02
9.71196E-09, 9.991071E-01, 5.355867E-02
9.72759E-09, 1.0003827E+00, 5.359694E-02
9.74321E-09, 1.0020409E+00, 5.366071E-02
9.75884E-09, 1.0039541E+00, 5.375000E-02
9.77446E-09, 1.0063776E+00, 5.387755E-02
9.79009E-09, 1.0088010E+00, 5.400510E-02
9.80571E-09, 1.0113521E+00, 5.415816E-02
9.82134E-09, 1.0140306E+00, 5.434949E-02
9.83696E-09, 1.0165817E+00, 5.456633E-02
9.85259E-09, 1.0190051E+00, 5.478316E-02
9.86821E-09, 1.0211735E+00, 5.501276E-02
9.88384E-09, 1.0233419E+00, 5.525510E-02
9.89946E-09, 1.0255102E+00, 5.549745E-02
9.91509E-09, 1.0270408E+00, 5.571429E-02
9.93071E-09, 1.0286989E+00, 5.593112E-02
9.94634E-09, 1.0298469E+00, 5.613520E-02
9.96196E-09, 1.0309949E+00, 5.635204E-02
9.97759E-09, 1.0313776E+00, 5.653061E-02
9.99321E-09, 1.0316327E+00, 5.670919E-02
1.000884E-08, 1.0315051E+00, 5.686225E-02
1.002446E-08, 1.0313776E+00, 5.700255E-02
1.004009E-08, 1.0306122E+00, 5.709184E-02
1.005571E-08, 1.0299745E+00, 5.716837E-02
1.007134E-08, 1.0290816E+00, 5.720663E-02
1.008696E-08, 1.0281888E+00, 5.723214E-02
1.010259E-08, 1.0269133E+00, 5.719388E-02
1.011821E-08, 1.0256377E+00, 5.715561E-02
1.013384E-08, 1.0242347E+00, 5.710459E-02
1.014946E-08, 1.0230868E+00, 5.702806E-02
1.016509E-08, 1.0215561E+00, 5.690051E-02
1.018071E-08, 1.0204082E+00, 5.677296E-02
1.019634E-08, 1.0195153E+00, 5.660714E-02
1.021196E-08, 1.0188775E+00, 5.642857E-02
1.022759E-08, 1.0183673E+00, 5.622449E-02
1.024321E-08, 1.0182397E+00, 5.600765E-02
1.025884E-08, 1.0183673E+00, 5.579082E-02
1.027446E-08, 1.0187500E+00, 5.559949E-02
1.029009E-08, 1.0188775E+00, 5.538265E-02
1.030571E-08, 1.0192602E+00, 5.519133E-02
1.032134E-08, 1.0197704E+00, 5.500000E-02
1.033696E-08, 1.0204082E+00, 5.483418E-02
1.035259E-08, 1.0209184E+00, 5.463010E-02
1.036821E-08, 1.0216837E+00, 5.446428E-02
1.038384E-08, 1.0224490E+00, 5.429847E-02
1.039946E-08, 1.0232143E+00, 5.415816E-02
1.041509E-08, 1.0235969E+00, 5.403061E-02
1.043071E-08, 1.0237244E+00, 5.394133E-02
1.044634E-08, 1.0235969E+00, 5.389031E-02
1.046196E-08, 1.0232143E+00, 5.386480E-02
1.047759E-08, 1.0221939E+00, 5.383928E-02
1.049321E-08, 1.0211735E+00, 5.383928E-02
1.050884E-08, 1.0197704E+00, 5.385204E-02
1.052446E-08, 1.0184948E+00, 5.387755E-02
1.054009E-08, 1.0168368E+00, 5.390306E-02
1.055571E-08, 1.0150510E+00, 5.395408E-02
1.057134E-08, 1.0131377E+00, 5.404337E-02
1.058696E-08, 1.0110970E+00, 5.417092E-02
1.060259E-08, 1.0086734E+00, 5.429847E-02
1.061821E-08, 1.0059949E+00, 5.446428E-02
1.063384E-08, 1.0033163E+00, 5.463010E-02
1.064946E-08, 1.0006378E+00, 5.480867E-02
1.066509E-08, 9.979592E-01, 5.493622E-02
1.068071E-08, 9.957908E-01, 5.507653E-02
1.069634E-08, 9.940051E-01, 5.519133E-02
1.071196E-08, 9.927296E-01, 5.530612E-02
1.072759E-08, 9.917092E-01, 5.539541E-02
1.074321E-08, 9.913265E-01, 5.549745E-02
1.075884E-08, 9.911990E-01, 5.559949E-02
1.077446E-08, 9.914541E-01, 5.572704E-02
1.079009E-08, 9.918367E-01, 5.581633E-02
1.080571E-08, 9.926021E-01, 5.590561E-02
1.082134E-08, 9.936224E-01, 5.598214E-02
1.083696E-08, 9.952806E-01, 5.604592E-02
1.085259E-08, 9.970663E-01, 5.605868E-02
1.086821E-08, 9.993622E-01, 5.605868E-02
1.088384E-08, 1.0019133E+00, 5.604592E-02
1.089946E-08, 1.0049745E+00, 5.604592E-02
1.091509E-08, 1.0077807E+00, 5.603316E-02
1.093071E-08, 1.0108418E+00, 5.604592E-02
1.094634E-08, 1.0136479E+00, 5.607143E-02
1.096196E-08, 1.0163265E+00, 5.612245E-02
1.097759E-08, 1.0184948E+00, 5.616071E-02
1.099321E-08, 1.0205357E+00, 5.621174E-02
1.100884E-08, 1.0223215E+00, 5.626275E-02
1.102446E-08, 1.0239795E+00, 5.633929E-02
1.104009E-08, 1.0250000E+00, 5.639031E-02
1.105571E-08, 1.0260204E+00, 5.645408E-02
1.107134E-08, 1.0266582E+00, 5.651786E-02
1.108696E-08, 1.0271684E+00, 5.660714E-02
1.110259E-08, 1.0270408E+00, 5.668367E-02
1.111821E-08, 1.0267857E+00, 5.676020E-02
1.113384E-08, 1.0262755E+00, 5.684949E-02
1.114946E-08, 1.0257653E+00, 5.692602E-02
1.116509E-08, 1.0248724E+00, 5.697704E-02
1.118071E-08, 1.0241071E+00, 5.701531E-02
1.119634E-08, 1.0233419E+00, 5.702806E-02
1.121196E-08, 1.0229592E+00, 5.701531E-02
1.122759E-08, 1.0223215E+00, 5.697704E-02
1.124321E-08, 1.0221939E+00, 5.690051E-02
1.125884E-08, 1.0221939E+00, 5.681122E-02
1.127446E-08, 1.0225766E+00, 5.670919E-02
1.129009E-08, 1.0229592E+00, 5.655612E-02
1.130571E-08, 1.0237244E+00, 5.639031E-02
1.132134E-08, 1.0247449E+00, 5.621174E-02
1.133696E-08, 1.0260204E+00, 5.603316E-02
1.135259E-08, 1.0271684E+00, 5.580357E-02
1.136821E-08, 1.0284439E+00, 5.558673E-02
1.138384E-08, 1.0298469E+00, 5.536990E-02
1.139946E-08, 1.0311224E+00, 5.516582E-02
1.141509E-08, 1.0321429E+00, 5.494898E-02
1.143071E-08, 1.0331633E+00, 5.474490E-02
1.144634E-08, 1.0339285E+00, 5.454082E-02
1.146196E-08, 1.0346938E+00, 5.438776E-02
1.147759E-08, 1.0349489E+00, 5.422194E-02
1.149321E-08, 1.0350765E+00, 5.410714E-02
1.150884E-08, 1.0346938E+00, 5.404337E-02
1.152446E-08, 1.0339285E+00, 5.401786E-02
1.154009E-08, 1.0325255E+00, 5.403061E-02
1.155571E-08, 1.0307398E+00, 5.408163E-02
1.157134E-08, 1.0285715E+00, 5.417092E-02
1.158696E-08, 1.0262755E+00, 5.429847E-02
1.160259E-08, 1.0234693E+00, 5.442602E-02
1.161821E-08, 1.0206633E+00, 5.457908E-02
1.163384E-08, 1.0179847E+00, 5.474490E-02
1.164946E-08, 1.0153061E+00, 5.492347E-02
1.166509E-08, 1.0126276E+00, 5.510204E-02
1.168071E-08, 1.0102041E+00, 5.530612E-02
1.169634E-08, 1.0080357E+00, 5.551020E-02
1.171196E-08, 1.0061225E+00, 5.571429E-02
1.172759E-08, 1.0042092E+00, 5.590561E-02
1.174321E-08, 1.0026785E+00, 5.607143E-02
1.175884E-08, 1.0015306E+00, 5.622449E-02
1.177446E-08, 1.0007653E+00, 5.636480E-02
1.179009E-08, 1.0001276E+00, 5.642857E-02
1.180571E-08, 1.0000000E+00, 5.647959E-02
1.182134E-08, 1.0003827E+00, 5.649235E-02
1.183696E-08, 1.0011480E+00, 5.647959E-02
1.185259E-08, 1.0020409E+00, 5.641581E-02
1.186821E-08, 1.0033163E+00, 5.633929E-02
1.188384E-08, 1.0048469E+00, 5.625000E-02
1.189946E-08, 1.0065051E+00, 5.616071E-02
1.191509E-08, 1.0079081E+00, 5.604592E-02
1.193071E-08, 1.0091836E+00, 5.594388E-02
1.194634E-08, 1.0104592E+00, 5.585459E-02
1.196196E-08, 1.0114796E+00, 5.577806E-02
1.197759E-08, 1.0118623E+00, 5.568878E-02
1.199321E-08, 1.0121174E+00, 5.562500E-02
1.200884E-08, 1.0121174E+00, 5.557398E-02
1.202446E-08, 1.0117347E+00, 5.554847E-02
1.204009E-08, 1.0108418E+00, 5.552296E-02
1.205571E-08, 1.0098214E+00, 5.552296E-02
1.207134E-08, 1.0085459E+00, 5.554847E-02
1.208696E-08, 1.0072705E+00, 5.559949E-02
1.210259E-08, 1.0054847E+00, 5.565051E-02
1.211821E-08, 1.0038265E+00, 5.572704E-02
1.213384E-08, 1.0021684E+00, 5.581633E-02
1.214946E-08, 1.0006378E+00, 5.593112E-02
1.216509E-08, 9.991071E-01, 5.602041E-02
1.218071E-08, 9.977041E-01, 5.613520E-02
1.219634E-08, 9.966837E-01, 5.623724E-02
1.221196E-08, 9.959184E-01, 5.632653E-02
1.222759E-08, 9.954082E-01, 5.639031E-02
1.224321E-08, 9.952806E-01, 5.644133E-02
1.225884E-08, 9.956633E-01, 5.646684E-02
1.227446E-08, 9.966837E-01, 5.647959E-02
1.229009E-08, 9.978316E-01, 5.642857E-02
1.230571E-08, 9.996173E-01, 5.636480E-02
1.232134E-08, 1.0017858E+00, 5.627551E-02
1.233696E-08, 1.0043367E+00, 5.616071E-02
1.235259E-08, 1.0070153E+00, 5.602041E-02
1.236821E-08, 1.0098214E+00, 5.586735E-02
1.238384E-08, 1.0127552E+00, 5.570153E-02
1.239946E-08, 1.0158163E+00, 5.554847E-02
1.241509E-08, 1.0183673E+00, 5.535714E-02
1.243071E-08, 1.0210459E+00, 5.517857E-02
1.244634E-08, 1.0234693E+00, 5.500000E-02
1.246196E-08, 1.0256377E+00, 5.483418E-02
1.247759E-08, 1.0272959E+00, 5.465561E-02
1.249321E-08, 1.0285715E+00, 5.450255E-02
1.250884E-08, 1.0294642E+00, 5.436224E-02
1.252446E-08, 1.0298469E+00, 5.426021E-02
1.254009E-08, 1.0295918E+00, 5.415816E-02
1.255571E-08, 1.0288265E+00, 5.409439E-02
1.257134E-08, 1.0275511E+00, 5.405612E-02
1.258696E-08, 1.0260204E+00, 5.405612E-02
1.260259E-08, 1.0238520E+00, 5.404337E-02
1.261821E-08, 1.0215561E+00, 5.404337E-02
1.263384E-08, 1.0192602E+00, 5.406888E-02
1.264946E-08, 1.0168368E+00, 5.411990E-02
1.266509E-08, 1.0142857E+00, 5.417092E-02
1.268071E-08, 1.0118623E+00, 5.424745E-02
1.269634E-08, 1.0094388E+00, 5.433673E-02
1.271196E-08, 1.0072705E+00, 5.443878E-02
1.272759E-08, 1.0052296E+00, 5.454082E-02
1.274321E-08, 1.0034438E+00, 5.464286E-02
1.275884E-08, 1.0021684E+00, 5.474490E-02
1.277446E-08, 1.0012755E+00, 5.484694E-02
1.279009E-08, 1.0007653E+00, 5.492347E-02
1.280571E-08, 1.0007653E+00, 5.500000E-02
1.282134E-08, 1.0011480E+00, 5.506378E-02
1.283696E-08, 1.0020409E+00, 5.512755E-02
1.285259E-08, 1.0030612E+00, 5.517857E-02
1.286821E-08, 1.0044643E+00, 5.522959E-02
1.288384E-08, 1.0061225E+00, 5.526786E-02
1.289946E-08, 1.0080357E+00, 5.531888E-02
1.291509E-08, 1.0096939E+00, 5.534439E-02
1.293071E-08, 1.0116072E+00, 5.536990E-02
1.294634E-08, 1.0133928E+00, 5.536990E-02
1.296196E-08, 1.0153061E+00, 5.538265E-02
1.297759E-08, 1.0168368E+00, 5.534439E-02
1.299321E-08, 1.0184948E+00, 5.531888E-02
1.300884E-08, 1.0198979E+00, 5.529337E-02
1.302446E-08, 1.0214286E+00, 5.525510E-02
1.304009E-08, 1.0224490E+00, 5.520408E-02
1.305571E-08, 1.0233419E+00, 5.515306E-02
1.307134E-08, 1.0241071E+00, 5.511479E-02
1.308696E-08, 1.0246173E+00, 5.508929E-02
1.310259E-08, 1.0246173E+00, 5.503827E-02
1.311821E-08, 1.0244898E+00, 5.500000E-02
1.313384E-08, 1.0239795E+00, 5.496173E-02
1.314946E-08, 1.0234693E+00, 5.492347E-02
1.316509E-08, 1.0224490E+00, 5.484694E-02
1.318071E-08, 1.0214286E+00, 5.477041E-02
1.319634E-08, 1.0205357E+00, 5.468112E-02
1.321196E-08, 1.0196428E+00, 5.459184E-02
1.322759E-08, 1.0186224E+00, 5.447704E-02
1.324321E-08, 1.0177296E+00, 5.436224E-02
1.325884E-08, 1.0169643E+00, 5.426021E-02
1.327446E-08, 1.0164541E+00, 5.417092E-02
1.329009E-08, 1.0156888E+00, 5.408163E-02
1.330571E-08, 1.0150510E+00, 5.399235E-02
1.332134E-08, 1.0145408E+00, 5.392857E-02
1.333696E-08, 1.0142857E+00, 5.387755E-02
1.335259E-08, 1.0139030E+00, 5.380102E-02
1.336821E-08, 1.0136479E+00, 5.376276E-02
1.338384E-08, 1.0136479E+00, 5.372449E-02
1.339946E-08, 1.0136479E+00, 5.372449E-02
1.341509E-08, 1.0135204E+00, 5.371173E-02
1.343071E-08, 1.0135204E+00, 5.373725E-02
1.344634E-08, 1.0133928E+00, 5.380102E-02
1.346196E-08, 1.0133928E+00, 5.387755E-02
1.347759E-08, 1.0131377E+00, 5.396684E-02
1.349321E-08, 1.0131377E+00, 5.406888E-02
1.350884E-08, 1.0132653E+00, 5.420918E-02
1.352446E-08, 1.0135204E+00, 5.436224E-02
1.354009E-08, 1.0136479E+00, 5.452806E-02
1.355571E-08, 1.0137755E+00, 5.473214E-02
1.357134E-08, 1.0139030E+00, 5.497449E-02
1.358696E-08, 1.0140306E+00, 5.524235E-02
1.360259E-08, 1.0137755E+00, 5.551020E-02
1.361821E-08, 1.0136479E+00, 5.580357E-02
1.363384E-08, 1.0135204E+00, 5.608418E-02
1.364946E-08, 1.0136479E+00, 5.637755E-02
1.366509E-08, 1.0136479E+00, 5.663265E-02
1.368071E-08, 1.0139030E+00, 5.687500E-02
1.369634E-08, 1.0144132E+00, 5.710459E-02
1.371196E-08, 1.0151786E+00, 5.733418E-02
1.372759E-08, 1.0156888E+00, 5.752551E-02
1.374321E-08, 1.0164541E+00, 5.771684E-02
1.375884E-08, 1.0172194E+00, 5.786990E-02
1.377446E-08, 1.0181123E+00, 5.802296E-02
1.379009E-08, 1.0187500E+00, 5.809949E-02
1.380571E-08, 1.0196428E+00, 5.815051E-02
1.382134E-08, 1.0205357E+00, 5.816327E-02
1.383696E-08, 1.0216837E+00, 5.813776E-02
1.385259E-08, 1.0225766E+00, 5.804847E-02
1.386821E-08, 1.0235969E+00, 5.793367E-02
1.388384E-08, 1.0244898E+00, 5.779337E-02
1.389946E-08, 1.0256377E+00, 5.762755E-02
1.391509E-08, 1.0262755E+00, 5.742347E-02
1.393071E-08, 1.0270408E+00, 5.720663E-02
1.394634E-08, 1.0276786E+00, 5.698980E-02
1.396196E-08, 1.0283164E+00, 5.676020E-02
1.397759E-08, 1.0285715E+00, 5.649235E-02
1.399321E-08, 1.0288265E+00, 5.625000E-02
1.400884E-08, 1.0289540E+00, 5.600765E-02
1.402446E-08, 1.0290816E+00, 5.579082E-02
1.404009E-08, 1.0288265E+00, 5.556123E-02
1.405571E-08, 1.0286989E+00, 5.538265E-02
1.407134E-08, 1.0285715E+00, 5.524235E-02
1.408696E-08, 1.0283164E+00, 5.515306E-02
1.410259E-08, 1.0278062E+00, 5.507653E-02
1.411821E-08, 1.0272959E+00, 5.506378E-02
1.413384E-08, 1.0265306E+00, 5.508929E-02
1.414946E-08, 1.0257653E+00, 5.517857E-02
1.416509E-08, 1.0246173E+00, 5.528061E-02
1.418071E-08, 1.0232143E+00, 5.543367E-02
1.419634E-08, 1.0218112E+00, 5.559949E-02
1.421196E-08, 1.0204082E+00, 5.579082E-02
1.422759E-08, 1.0186224E+00, 5.595663E-02
1.424321E-08, 1.0169643E+00, 5.614796E-02
1.425884E-08, 1.0154337E+00, 5.631378E-02
1.427446E-08, 1.0141581E+00, 5.649235E-02
1.429009E-08, 1.0126276E+00, 5.661990E-02
1.430571E-08, 1.0113521E+00, 5.676020E-02
1.432134E-08, 1.0099490E+00, 5.687500E-02
1.433696E-08, 1.0086734E+00, 5.697704E-02
1.435259E-08, 1.0071429E+00, 5.702806E-02
1.436821E-08, 1.0057398E+00, 5.704082E-02
1.438384E-08, 1.0043367E+00, 5.701531E-02
1.439946E-08, 1.0033163E+00, 5.695153E-02
1.441509E-08, 1.0021684E+00, 5.681122E-02
1.443071E-08, 1.0014031E+00, 5.663265E-02
1.444634E-08, 1.0010204E+00, 5.641581E-02
1.446196E-08, 1.0007653E+00, 5.619898E-02
1.447759E-08, 1.0006378E+00, 5.593112E-02
1.449321E-08, 1.0006378E+00, 5.567602E-02
1.450884E-08, 1.0008929E+00, 5.542092E-02
1.452446E-08, 1.0015306E+00, 5.517857E-02
1.454009E-08, 1.0020409E+00, 5.492347E-02
1.455571E-08, 1.0029336E+00, 5.470663E-02
1.457134E-08, 1.0040816E+00, 5.450255E-02
1.458696E-08, 1.0054847E+00, 5.433673E-02
1.460259E-08, 1.0068878E+00, 5.419643E-02
1.461821E-08, 1.0084183E+00, 5.413265E-02
1.463384E-08, 1.0099490E+00, 5.410714E-02
1.464946E-08, 1.0114796E+00, 5.415816E-02
1.466509E-08, 1.0128827E+00, 5.424745E-02
1.468071E-08, 1.0141581E+00, 5.438776E-02
1.469634E-08, 1.0154337E+00, 5.457908E-02
1.471196E-08, 1.0167092E+00, 5.480867E-02
1.472759E-08, 1.0176021E+00, 5.503827E-02
1.474321E-08, 1.0184948E+00, 5.530612E-02
1.475884E-08, 1.0192602E+00, 5.558673E-02
1.477446E-08, 1.0197704E+00, 5.590561E-02
1.479009E-08, 1.0197704E+00, 5.619898E-02
1.480571E-08, 1.0195153E+00, 5.651786E-02
1.482134E-08, 1.0190051E+00, 5.681122E-02
1.483696E-08, 1.0182397E+00, 5.710459E-02
1.485259E-08, 1.0169643E+00, 5.733418E-02
1.486821E-08, 1.0158163E+00, 5.752551E-02
1.488384E-08, 1.0144132E+00, 5.767857E-02
1.489946E-08, 1.0131377E+00, 5.779337E-02
1.491509E-08, 1.0116072E+00, 5.783163E-02
1.493071E-08, 1.0102041E+00, 5.784439E-02
1.494634E-08, 1.0089285E+00, 5.783163E-02
1.496196E-08, 1.0079081E+00, 5.779337E-02
1.497759E-08, 1.0066327E+00, 5.769133E-02
1.499321E-08, 1.0058674E+00, 5.758929E-02
1.500884E-08, 1.0052296E+00, 5.746173E-02
1.502446E-08, 1.0049745E+00, 5.732143E-02
1.504009E-08, 1.0047194E+00, 5.715561E-02
1.505571E-08, 1.0048469E+00, 5.697704E-02
1.507134E-08, 1.0053571E+00, 5.679847E-02
1.508696E-08, 1.0063776E+00, 5.661990E-02
1.510259E-08, 1.0075256E+00, 5.644133E-02
1.511821E-08, 1.0090561E+00, 5.626275E-02
1.513384E-08, 1.0110970E+00, 5.610969E-02
1.514946E-08, 1.0135204E+00, 5.599490E-02
1.516509E-08, 1.0159439E+00, 5.586735E-02
1.518071E-08, 1.0186224E+00, 5.577806E-02
1.519634E-08, 1.0211735E+00, 5.571429E-02
1.521196E-08, 1.0238520E+00, 5.567602E-02
1.522759E-08, 1.0261480E+00, 5.563775E-02
1.524321E-08, 1.0283164E+00, 5.559949E-02
1.525884E-08, 1.0303571E+00, 5.556123E-02
1.527446E-08, 1.0322704E+00, 5.552296E-02
1.529009E-08, 1.0336735E+00, 5.544643E-02
1.530571E-08, 1.0349489E+00, 5.536990E-02
1.532134E-08, 1.0359694E+00, 5.528061E-02
1.533696E-08, 1.0366071E+00, 5.519133E-02
1.535259E-08, 1.0366071E+00, 5.507653E-02
1.536821E-08, 1.0362245E+00, 5.494898E-02
1.538384E-08, 1.0354592E+00, 5.482143E-02
1.539946E-08, 1.0344387E+00, 5.469388E-02
1.541509E-08, 1.0329082E+00, 5.452806E-02
1.543071E-08, 1.0312500E+00, 5.434949E-02
1.544634E-08, 1.0293367E+00, 5.417092E-02
1.546196E-08, 1.0275511E+00, 5.400510E-02
1.547759E-08, 1.0255102E+00, 5.381377E-02
1.549321E-08, 1.0233419E+00, 5.364796E-02
1.550884E-08, 1.0213010E+00, 5.350765E-02
1.552446E-08, 1.0192602E+00, 5.339286E-02
1.554009E-08, 1.0172194E+00, 5.329082E-02
1.555571E-08, 1.0155612E+00, 5.321429E-02
1.557134E-08, 1.0142857E+00, 5.315051E-02
1.558696E-08, 1.0135204E+00, 5.313776E-02
1.560259E-08, 1.0130103E+00, 5.312500E-02
1.561821E-08, 1.0130103E+00, 5.316326E-02
1.563384E-08, 1.0135204E+00, 5.323980E-02
1.564946E-08, 1.0142857E+00, 5.338010E-02
1.566509E-08, 1.0151786E+00, 5.353316E-02
1.568071E-08, 1.0163265E+00, 5.372449E-02
1.569634E-08, 1.0176021E+00, 5.394133E-02
1.571196E-08, 1.0191326E+00, 5.418367E-02
1.572759E-08, 1.0204082E+00, 5.440051E-02
1.574321E-08, 1.0220664E+00, 5.463010E-02
1.575884E-08, 1.0237244E+00, 5.483418E-02
1.577446E-08, 1.0255102E+00, 5.505102E-02
1.579009E-08, 1.0270408E+00, 5.524235E-02
1.580571E-08, 1.0284439E+00, 5.542092E-02
1.582134E-08, 1.0297194E+00, 5.558673E-02
1.583696E-08, 1.0308673E+00, 5.575255E-02
1.585259E-08, 1.0313776E+00, 5.586735E-02
1.586821E-08, 1.0316327E+00, 5.596939E-02
1.588384E-08, 1.0315051E+00, 5.604592E-02
1.589946E-08, 1.0311224E+00, 5.608418E-02
1.591509E-08, 1.0302296E+00, 5.608418E-02
1.593071E-08, 1.0292091E+00, 5.604592E-02
1.594634E-08, 1.0280613E+00, 5.599490E-02
1.596196E-08, 1.0266582E+00, 5.591837E-02
1.597759E-08, 1.0250000E+00, 5.580357E-02
1.599321E-08, 1.0232143E+00, 5.568878E-02
1.600884E-08, 1.0214286E+00, 5.557398E-02
1.602446E-08, 1.0195153E+00, 5.545918E-02
1.604009E-08, 1.0174745E+00, 5.531888E-02
1.605571E-08, 1.0156888E+00, 5.519133E-02
1.607134E-08, 1.0140306E+00, 5.506378E-02
1.608696E-08, 1.0128827E+00, 5.496173E-02
1.610259E-08, 1.0117347E+00, 5.484694E-02
1.611821E-08, 1.0110970E+00, 5.475765E-02
1.613384E-08, 1.0107143E+00, 5.471939E-02
1.614946E-08, 1.0107143E+00, 5.471939E-02
1.616509E-08, 1.0105867E+00, 5.474490E-02
1.618071E-08, 1.0107143E+00, 5.483418E-02
1.619634E-08, 1.0109694E+00, 5.496173E-02
1.621196E-08, 1.0113521E+00, 5.512755E-02
1.622759E-08, 1.0116072E+00, 5.530612E-02
1.624321E-08, 1.0119898E+00, 5.551020E-02
1.625884E-08, 1.0126276E+00, 5.572704E-02
1.627446E-08, 1.0136479E+00, 5.598214E-02
1.629009E-08, 1.0144132E+00, 5.622449E-02
1.630571E-08, 1.0153061E+00, 5.650510E-02
1.632134E-08, 1.0163265E+00, 5.681122E-02
1.633696E-08, 1.0172194E+00, 5.714286E-02
1.635259E-08, 1.0177296E+00, 5.747449E-02
1.636821E-08, 1.0181123E+00, 5.781888E-02
1.638384E-08, 1.0183673E+00, 5.816327E-02
1.639946E-08, 1.0184948E+00, 5.849490E-02
1.641509E-08, 1.0183673E+00, 5.878827E-02
1.643071E-08, 1.0181123E+00, 5.903061E-02
1.644634E-08, 1.0179847E+00, 5.924745E-02
1.646196E-08, 1.0179847E+00, 5.941327E-02
1.647759E-08, 1.0177296E+00, 5.951530E-02
1.649321E-08, 1.0176021E+00, 5.959184E-02
1.650884E-08, 1.0173470E+00, 5.960459E-02
1.652446E-08, 1.0172194E+00, 5.959184E-02
1.654009E-08, 1.0168368E+00, 5.948979E-02
1.655571E-08, 1.0165817E+00, 5.936224E-02
1.657134E-08, 1.0161990E+00, 5.915817E-02
1.658696E-08, 1.0161990E+00, 5.890306E-02
1.660259E-08, 1.0159439E+00, 5.857143E-02
1.661821E-08, 1.0159439E+00, 5.818877E-02
1.663384E-08, 1.0160714E+00, 5.776786E-02
1.664946E-08, 1.0164541E+00, 5.732143E-02
1.666509E-08, 1.0167092E+00, 5.682398E-02
1.668071E-08, 1.0170919E+00, 5.633929E-02
1.669634E-08, 1.0176021E+00, 5.584184E-02
1.671196E-08, 1.0182397E+00, 5.536990E-02
1.672759E-08, 1.0184948E+00, 5.489796E-02
1.674321E-08, 1.0188775E+00, 5.446428E-02
1.675884E-08, 1.0191326E+00, 5.406888E-02
1.677446E-08, 1.0193877E+00, 5.372449E-02
1.679009E-08, 1.0192602E+00, 5.339286E-02
1.680571E-08, 1.0191326E+00, 5.313776E-02
1.682134E-08, 1.0188775E+00, 5.293367E-02
1.683696E-08, 1.0186224E+00, 5.280612E-02
1.685259E-08, 1.0179847E+00, 5.271684E-02
1.686821E-08, 1.0173470E+00, 5.271684E-02
1.688384E-08, 1.0165817E+00, 5.276786E-02
1.689946E-08, 1.0158163E+00, 5.289541E-02
1.691509E-08, 1.0145408E+00, 5.306122E-02
1.693071E-08, 1.0135204E+00, 5.327806E-02
1.694634E-08, 1.0122449E+00, 5.352041E-02
1.696196E-08, 1.0112245E+00, 5.381377E-02
1.697759E-08, 1.0099490E+00, 5.409439E-02
1.699321E-08, 1.0089285E+00, 5.440051E-02
1.700884E-08, 1.0079081E+00, 5.470663E-02
1.702446E-08, 1.0070153E+00, 5.501276E-02
1.704009E-08, 1.0058674E+00, 5.529337E-02
1.705571E-08, 1.0049745E+00, 5.556123E-02
1.707134E-08, 1.0042092E+00, 5.580357E-02
1.708696E-08, 1.0036989E+00, 5.600765E-02
1.710259E-08, 1.0030612E+00, 5.614796E-02
1.711821E-08, 1.0029336E+00, 5.626275E-02
1.713384E-08, 1.0030612E+00, 5.631378E-02
1.714946E-08, 1.0034438E+00, 5.633929E-02
1.716509E-08, 1.0038265E+00, 5.631378E-02
1.718071E-08, 1.0044643E+00, 5.627551E-02
1.719634E-08, 1.0052296E+00, 5.622449E-02
1.721196E-08, 1.0059949E+00, 5.616071E-02
1.722759E-08, 1.0066327E+00, 5.607143E-02
1.724321E-08, 1.0075256E+00, 5.598214E-02
1.725884E-08, 1.0082908E+00, 5.588010E-02
1.727446E-08, 1.0094388E+00, 5.579082E-02
1.729009E-08, 1.0103316E+00, 5.567602E-02
1.730571E-08, 1.0114796E+00, 5.559949E-02
1.732134E-08, 1.0125000E+00, 5.553572E-02
1.733696E-08, 1.0137755E+00, 5.553572E-02
1.735259E-08, 1.0146683E+00, 5.553572E-02
1.736821E-08, 1.0156888E+00, 5.559949E-02
1.738384E-08, 1.0165817E+00, 5.568878E-02
1.739946E-08, 1.0174745E+00, 5.582908E-02
1.741509E-08, 1.0179847E+00, 5.595663E-02
1.743071E-08, 1.0184948E+00, 5.612245E-02
1.744634E-08, 1.0188775E+00, 5.628826E-02
1.746196E-08, 1.0192602E+00, 5.647959E-02
1.747759E-08, 1.0192602E+00, 5.663265E-02
1.749321E-08, 1.0193877E+00, 5.679847E-02
1.750884E-08, 1.0193877E+00, 5.695153E-02
1.752446E-08, 1.0195153E+00, 5.707908E-02
1.754009E-08, 1.0193877E+00, 5.716837E-02
1.755571E-08, 1.0195153E+00, 5.723214E-02
1.757134E-08, 1.0195153E+00, 5.727041E-02
1.758696E-08, 1.0197704E+00, 5.728316E-02
1.760259E-08, 1.0196428E+00, 5.724490E-02
1.761821E-08, 1.0195153E+00, 5.718112E-02
1.763384E-08, 1.0193877E+00, 5.709184E-02
1.764946E-08, 1.0191326E+00, 5.698980E-02
1.766509E-08, 1.0186224E+00, 5.683674E-02
1.768071E-08, 1.0181123E+00, 5.665816E-02
1.769634E-08, 1.0176021E+00, 5.645408E-02
1.771196E-08, 1.0172194E+00, 5.625000E-02
1.772759E-08, 1.0165817E+00, 5.600765E-02
1.774321E-08, 1.0160714E+00, 5.577806E-02
1.775884E-08, 1.0154337E+00, 5.557398E-02
1.777446E-08, 1.0149235E+00, 5.539541E-02
1.779009E-08, 1.0141581E+00, 5.521684E-02
1.780571E-08, 1.0132653E+00, 5.508929E-02
1.782134E-08, 1.0123725E+00, 5.498724E-02
1.783696E-08, 1.0116072E+00, 5.493622E-02
1.785259E-08, 1.0105867E+00, 5.489796E-02
1.786821E-08, 1.0096939E+00, 5.488520E-02
1.788384E-08, 1.0088010E+00, 5.491072E-02
1.789946E-08, 1.0080357E+00, 5.497449E-02
1.791509E-08, 1.0070153E+00, 5.503827E-02
1.793071E-08, 1.0061225E+00, 5.512755E-02
1.794634E-08, 1.0053571E+00, 5.524235E-02
1.796196E-08, 1.0047194E+00, 5.538265E-02
1.797759E-08, 1.0040816E+00, 5.549745E-02
1.799321E-08, 1.0036989E+00, 5.561224E-02
1.800884E-08, 1.0035714E+00, 5.571429E-02
1.802446E-08, 1.0036989E+00, 5.581633E-02
1.804009E-08, 1.0038265E+00, 5.588010E-02
1.805571E-08, 1.0042092E+00, 5.593112E-02
1.807134E-08, 1.0047194E+00, 5.595663E-02
1.808696E-08, 1.0053571E+00, 5.596939E-02
1.810259E-08, 1.0057398E+00, 5.593112E-02
1.811821E-08, 1.0063776E+00, 5.586735E-02
1.813384E-08, 1.0071429E+00, 5.576530E-02
1.814946E-08, 1.0080357E+00, 5.565051E-02
1.816509E-08, 1.0086734E+00, 5.548469E-02
1.818071E-08, 1.0095663E+00, 5.530612E-02
1.819634E-08, 1.0105867E+00, 5.510204E-02
1.821196E-08, 1.0117347E+00, 5.491072E-02
1.822759E-08, 1.0126276E+00, 5.469388E-02
1.824321E-08, 1.0137755E+00, 5.448980E-02
1.825884E-08, 1.0149235E+00, 5.431122E-02
1.827446E-08, 1.0160714E+00, 5.415816E-02
1.829009E-08, 1.0170919E+00, 5.401786E-02
1.830571E-08, 1.0179847E+00, 5.392857E-02
1.832134E-08, 1.0188775E+00, 5.387755E-02
1.833696E-08, 1.0196428E+00, 5.387755E-02
1.835259E-08, 1.0201530E+00, 5.390306E-02
1.836821E-08, 1.0205357E+00, 5.397959E-02
1.838384E-08, 1.0207908E+00, 5.409439E-02
1.839946E-08, 1.0210459E+00, 5.426021E-02
1.841509E-08, 1.0210459E+00, 5.442602E-02
1.843071E-08, 1.0210459E+00, 5.464286E-02
1.844634E-08, 1.0210459E+00, 5.487245E-02
1.846196E-08, 1.0211735E+00, 5.514031E-02
1.847759E-08, 1.0210459E+00, 5.540816E-02
1.849321E-08, 1.0211735E+00, 5.568878E-02
1.850884E-08, 1.0211735E+00, 5.598214E-02
1.852446E-08, 1.0213010E+00, 5.628826E-02
1.854009E-08, 1.0210459E+00, 5.655612E-02
1.855571E-08, 1.0209184E+00, 5.681122E-02
1.857134E-08, 1.0207908E+00, 5.705357E-02
1.858696E-08, 1.0207908E+00, 5.727041E-02
1.860259E-08, 1.0204082E+00, 5.742347E-02
1.861821E-08, 1.0202806E+00, 5.755102E-02
1.863384E-08, 1.0201530E+00, 5.764031E-02
1.864946E-08, 1.0202806E+00, 5.770408E-02
1.866509E-08, 1.0201530E+00, 5.770408E-02
1.868071E-08, 1.0202806E+00, 5.767857E-02
1.869634E-08, 1.0202806E+00, 5.762755E-02
1.871196E-08, 1.0204082E+00, 5.756377E-02
1.872759E-08, 1.0202806E+00, 5.744898E-02
1.874321E-08, 1.0201530E+00, 5.733418E-02
1.875884E-08, 1.0198979E+00, 5.719388E-02
1.877446E-08, 1.0198979E+00, 5.706633E-02
1.879009E-08, 1.0195153E+00, 5.690051E-02
1.880571E-08, 1.0192602E+00, 5.676020E-02
1.882134E-08, 1.0190051E+00, 5.661990E-02
1.883696E-08, 1.0188775E+00, 5.650510E-02
1.885259E-08, 1.0183673E+00, 5.639031E-02
1.886821E-08, 1.0178572E+00, 5.630102E-02
1.888384E-08, 1.0173470E+00, 5.623724E-02
1.889946E-08, 1.0167092E+00, 5.621174E-02
1.891509E-08, 1.0159439E+00, 5.616071E-02
1.893071E-08, 1.0151786E+00, 5.614796E-02
1.894634E-08, 1.0145408E+00, 5.613520E-02
1.896196E-08, 1.0141581E+00, 5.614796E-02
1.897759E-08, 1.0136479E+00, 5.613520E-02
1.899321E-08, 1.0132653E+00, 5.614796E-02
1.900884E-08, 1.0131377E+00, 5.617347E-02
1.902446E-08, 1.0131377E+00, 5.619898E-02
1.904009E-08, 1.0130103E+00, 5.621174E-02
1.905571E-08, 1.0130103E+00, 5.623724E-02
1.907134E-08, 1.0131377E+00, 5.623724E-02
1.908696E-08, 1.0133928E+00, 5.623724E-02
1.910259E-08, 1.0135204E+00, 5.618623E-02
1.911821E-08, 1.0139030E+00, 5.612245E-02
1.913384E-08, 1.0142857E+00, 5.603316E-02
1.914946E-08, 1.0149235E+00, 5.594388E-02
1.916509E-08, 1.0154337E+00, 5.580357E-02
1.918071E-08, 1.0159439E+00, 5.567602E-02
1.919634E-08, 1.0164541E+00, 5.552296E-02
1.921196E-08, 1.0169643E+00, 5.538265E-02
1.922759E-08, 1.0170919E+00, 5.522959E-02
1.924321E-08, 1.0172194E+00, 5.507653E-02
1.925884E-08, 1.0172194E+00, 5.493622E-02
1.927446E-08, 1.0170919E+00, 5.482143E-02
1.929009E-08, 1.0165817E+00, 5.469388E-02
1.930571E-08, 1.0160714E+00, 5.460459E-02
1.932134E-08, 1.0154337E+00, 5.455357E-02
1.933696E-08, 1.0147959E+00, 5.452806E-02
1.935259E-08, 1.0137755E+00, 5.454082E-02
1.936821E-08, 1.0127552E+00, 5.459184E-02
1.938384E-08, 1.0116072E+00, 5.469388E-02
1.939946E-08, 1.0103316E+00, 5.484694E-02
1.941509E-08, 1.0088010E+00, 5.501276E-02
1.943071E-08, 1.0071429E+00, 5.521684E-02
1.944634E-08, 1.0053571E+00, 5.545918E-02
1.946196E-08, 1.0036989E+00, 5.571429E-02
1.947759E-08, 1.0017858E+00, 5.595663E-02
1.949321E-08, 1.0000000E+00, 5.619898E-02
1.950884E-08, 9.984694E-01, 5.642857E-02
1.952446E-08, 9.971939E-01, 5.665816E-02
1.954009E-08, 9.957908E-01, 5.682398E-02
1.955571E-08, 9.948980E-01, 5.698980E-02
1.957134E-08, 9.942602E-01, 5.710459E-02
1.958696E-08, 9.938775E-01, 5.719388E-02
1.960259E-08, 9.934949E-01, 5.723214E-02
1.961821E-08, 9.936224E-01, 5.721939E-02
1.963384E-08, 9.938775E-01, 5.715561E-02
1.964946E-08, 9.945153E-01, 5.705357E-02
1.966509E-08, 9.951531E-01, 5.688775E-02
1.968071E-08, 9.963010E-01, 5.668367E-02
1.969634E-08, 9.977041E-01, 5.642857E-02
1.971196E-08, 9.994898E-01, 5.617347E-02
1.972759E-08, 1.0011480E+00, 5.586735E-02
1.974321E-08, 1.0029336E+00, 5.557398E-02
1.975884E-08, 1.0047194E+00, 5.529337E-02
1.977446E-08, 1.0063776E+00, 5.503827E-02
1.979009E-08, 1.0075256E+00, 5.477041E-02
1.980571E-08, 1.0085459E+00, 5.455357E-02
1.982134E-08, 1.0093112E+00, 5.434949E-02
1.983696E-08, 1.0099490E+00, 5.419643E-02
1.985259E-08, 1.0100765E+00, 5.404337E-02
1.986821E-08, 1.0103316E+00, 5.392857E-02
1.988384E-08, 1.0103316E+00, 5.386480E-02
1.989946E-08, 1.0103316E+00, 5.386480E-02
1.991509E-08, 1.0099490E+00, 5.389031E-02
1.993071E-08, 1.0093112E+00, 5.397959E-02
1.994634E-08, 1.0084183E+00, 5.413265E-02
1.996196E-08, 1.0073980E+00, 5.434949E-02
1.997759E-08, 1.0059949E+00, 5.456633E-02
1.999321E-08, 1.0045918E+00, 5.483418E-02
2.000884E-08, 1.0033163E+00, 5.510204E-02
2.002446E-08, 1.0024235E+00, 5.536990E-02
2.004009E-08, 1.0014031E+00, 5.562500E-02
2.005571E-08, 1.0008929E+00, 5.586735E-02
2.007134E-08, 1.0007653E+00, 5.610969E-02
2.008696E-08, 1.0008929E+00, 5.633929E-02
2.010259E-08, 1.0010204E+00, 5.654337E-02
2.011821E-08, 1.0015306E+00, 5.672194E-02
2.013384E-08, 1.0021684E+00, 5.688775E-02
2.014946E-08, 1.0033163E+00, 5.701531E-02
2.016509E-08, 1.0044643E+00, 5.707908E-02
2.018071E-08, 1.0059949E+00, 5.710459E-02
2.019634E-08, 1.0080357E+00, 5.706633E-02
2.021196E-08, 1.0103316E+00, 5.700255E-02
2.022759E-08, 1.0127552E+00, 5.688775E-02
2.024321E-08, 1.0153061E+00, 5.674745E-02
2.025884E-08, 1.0179847E+00, 5.659439E-02
2.027446E-08, 1.0206633E+00, 5.642857E-02
2.029009E-08, 1.0229592E+00, 5.625000E-02
2.030571E-08, 1.0252551E+00, 5.607143E-02
2.032134E-08, 1.0274235E+00, 5.588010E-02
2.033696E-08, 1.0295918E+00, 5.571429E-02
2.035259E-08, 1.0312500E+00, 5.553572E-02
2.036821E-08, 1.0327806E+00, 5.538265E-02
2.038384E-08, 1.0340561E+00, 5.526786E-02
2.039946E-08, 1.0350765E+00, 5.517857E-02
2.041509E-08, 1.0354592E+00, 5.511479E-02
2.043071E-08, 1.0354592E+00, 5.508929E-02
2.044634E-08, 1.0350765E+00, 5.508929E-02
2.046196E-08, 1.0345663E+00, 5.514031E-02
2.047759E-08, 1.0335460E+00, 5.519133E-02
2.049321E-08, 1.0325255E+00, 5.526786E-02
2.050884E-08, 1.0313776E+00, 5.536990E-02
2.052446E-08, 1.0302296E+00, 5.549745E-02
2.054009E-08, 1.0289540E+00, 5.562500E-02
2.055571E-08, 1.0276786E+00, 5.577806E-02
2.057134E-08, 1.0264031E+00, 5.595663E-02
2.058696E-08, 1.0252551E+00, 5.614796E-02
2.060259E-08, 1.0239795E+00, 5.633929E-02
2.061821E-08, 1.0228317E+00, 5.653061E-02
2.063384E-08, 1.0218112E+00, 5.670919E-02
2.064946E-08, 1.0210459E+00, 5.688775E-02
2.066509E-08, 1.0202806E+00, 5.702806E-02
2.068071E-08, 1.0197704E+00, 5.714286E-02
2.069634E-08, 1.0193877E+00, 5.724490E-02
2.071196E-08, 1.0192602E+00, 5.732143E-02
2.072759E-08, 1.0190051E+00, 5.734694E-02
2.074321E-08, 1.0191326E+00, 5.735970E-02
2.075884E-08, 1.0192602E+00, 5.734694E-02
2.077446E-08, 1.0195153E+00, 5.730867E-02
2.079009E-08, 1.0197704E+00, 5.723214E-02
2.080571E-08, 1.0200255E+00, 5.714286E-02
2.082134E-08, 1.0204082E+00, 5.704082E-02
2.083696E-08, 1.0206633E+00, 5.693877E-02
2.085259E-08, 1.0204082E+00, 5.681122E-02
2.086821E-08, 1.0200255E+00, 5.668367E-02
2.088384E-08, 1.0195153E+00, 5.655612E-02
2.089946E-08, 1.0187500E+00, 5.644133E-02
2.091509E-08, 1.0176021E+00, 5.630102E-02
2.093071E-08, 1.0164541E+00, 5.616071E-02
2.094634E-08, 1.0153061E+00, 5.603316E-02
2.096196E-08, 1.0140306E+00, 5.593112E-02
2.097759E-08, 1.0126276E+00, 5.581633E-02
2.099321E-08, 1.0112245E+00, 5.573980E-02
2.100884E-08, 1.0098214E+00, 5.568878E-02
2.102446E-08, 1.0085459E+00, 5.568878E-02
2.104009E-08, 1.0070153E+00, 5.570153E-02
2.105571E-08, 1.0058674E+00, 5.575255E-02
2.107134E-08, 1.0049745E+00, 5.584184E-02
2.108696E-08, 1.0044643E+00, 5.596939E-02
2.110259E-08, 1.0039541E+00, 5.610969E-02
2.111821E-08, 1.0039541E+00, 5.627551E-02
2.113384E-08, 1.0042092E+00, 5.647959E-02
2.114946E-08, 1.0047194E+00, 5.673469E-02
2.116509E-08, 1.0052296E+00, 5.696429E-02
2.118071E-08, 1.0061225E+00, 5.723214E-02
2.119634E-08, 1.0072705E+00, 5.750000E-02
2.121196E-08, 1.0086734E+00, 5.778061E-02
2.122759E-08, 1.0100765E+00, 5.801021E-02
2.124321E-08, 1.0118623E+00, 5.823980E-02
2.125884E-08, 1.0136479E+00, 5.844388E-02
2.127446E-08, 1.0158163E+00, 5.863521E-02
2.129009E-08, 1.0176021E+00, 5.878827E-02
2.130571E-08, 1.0195153E+00, 5.890306E-02
2.132134E-08, 1.0211735E+00, 5.899235E-02
2.133696E-08, 1.0227041E+00, 5.904337E-02
2.135259E-08, 1.0239795E+00, 5.903061E-02
2.136821E-08, 1.0251275E+00, 5.896684E-02
2.138384E-08, 1.0260204E+00, 5.885204E-02
2.139946E-08, 1.0269133E+00, 5.871173E-02
2.141509E-08, 1.0272959E+00, 5.849490E-02
2.143071E-08, 1.0275511E+00, 5.826531E-02
2.144634E-08, 1.0272959E+00, 5.799745E-02
2.146196E-08, 1.0269133E+00, 5.770408E-02
2.147759E-08, 1.0258929E+00, 5.738520E-02
2.149321E-08, 1.0247449E+00, 5.704082E-02
2.150884E-08, 1.0234693E+00, 5.668367E-02
2.152446E-08, 1.0221939E+00, 5.632653E-02
2.154009E-08, 1.0205357E+00, 5.593112E-02
2.155571E-08, 1.0191326E+00, 5.556123E-02
2.157134E-08, 1.0177296E+00, 5.521684E-02
2.158696E-08, 1.0164541E+00, 5.489796E-02
2.160259E-08, 1.0150510E+00, 5.459184E-02
2.161821E-08, 1.0137755E+00, 5.432398E-02
2.163384E-08, 1.0127552E+00, 5.410714E-02
2.164946E-08, 1.0118623E+00, 5.392857E-02
2.166509E-08, 1.0110970E+00, 5.377551E-02
2.168071E-08, 1.0105867E+00, 5.368622E-02
2.169634E-08, 1.0103316E+00, 5.362245E-02
2.171196E-08, 1.0104592E+00, 5.362245E-02
2.172759E-08, 1.0105867E+00, 5.363520E-02
2.174321E-08, 1.0112245E+00, 5.368622E-02
2.175884E-08, 1.0119898E+00, 5.377551E-02
2.177446E-08, 1.0130103E+00, 5.390306E-02
2.179009E-08, 1.0140306E+00, 5.404337E-02
2.180571E-08, 1.0151786E+00, 5.420918E-02
2.182134E-08, 1.0164541E+00, 5.440051E-02
2.183696E-08, 1.0177296E+00, 5.461735E-02
2.185259E-08, 1.0186224E+00, 5.482143E-02
2.186821E-08, 1.0193877E+00, 5.503827E-02
2.188384E-08, 1.0200255E+00, 5.525510E-02
2.189946E-08, 1.0206633E+00, 5.545918E-02
2.191509E-08, 1.0207908E+00, 5.562500E-02
2.193071E-08, 1.0210459E+00, 5.577806E-02
2.194634E-08, 1.0210459E+00, 5.590561E-02
2.196196E-08, 1.0210459E+00, 5.603316E-02
2.197759E-08, 1.0205357E+00, 5.612245E-02
2.199321E-08, 1.0198979E+00, 5.622449E-02
2.200884E-08, 1.0188775E+00, 5.632653E-02
2.202446E-08, 1.0177296E+00, 5.642857E-02
2.204009E-08, 1.0160714E+00, 5.650510E-02
2.205571E-08, 1.0142857E+00, 5.656888E-02
2.207134E-08, 1.0126276E+00, 5.661990E-02
2.208696E-08, 1.0110970E+00, 5.665816E-02
2.210259E-08, 1.0095663E+00, 5.665816E-02
2.211821E-08, 1.0081632E+00, 5.668367E-02
2.213384E-08, 1.0070153E+00, 5.670919E-02
2.214946E-08, 1.0061225E+00, 5.676020E-02
2.216509E-08, 1.0051020E+00, 5.681122E-02
2.218071E-08, 1.0043367E+00, 5.688775E-02
2.219634E-08, 1.0035714E+00, 5.697704E-02
2.221196E-08, 1.0031887E+00, 5.709184E-02
2.222759E-08, 1.0026785E+00, 5.718112E-02
2.224321E-08, 1.0026785E+00, 5.728316E-02
2.225884E-08, 1.0029336E+00, 5.737245E-02
2.227446E-08, 1.0034438E+00, 5.747449E-02
2.229009E-08, 1.0039541E+00, 5.755102E-02
2.230571E-08, 1.0048469E+00, 5.764031E-02
2.232134E-08, 1.0057398E+00, 5.771684E-02
2.233696E-08, 1.0068878E+00, 5.781888E-02
2.235259E-08, 1.0079081E+00, 5.788265E-02
2.236821E-08, 1.0089285E+00, 5.795918E-02
2.238384E-08, 1.0100765E+00, 5.801021E-02
2.239946E-08, 1.0112245E+00, 5.807398E-02
2.241509E-08, 1.0121174E+00, 5.808673E-02
2.243071E-08, 1.0130103E+00, 5.811225E-02
2.244634E-08, 1.0137755E+00, 5.811225E-02
2.246196E-08, 1.0144132E+00, 5.811225E-02
2.247759E-08, 1.0147959E+00, 5.808673E-02
2.249321E-08, 1.0150510E+00, 5.806122E-02
2.250884E-08, 1.0151786E+00, 5.801021E-02
2.252446E-08, 1.0151786E+00, 5.798469E-02
2.254009E-08, 1.0149235E+00, 5.792092E-02
2.255571E-08, 1.0145408E+00, 5.786990E-02
2.257134E-08, 1.0141581E+00, 5.781888E-02
2.258696E-08, 1.0137755E+00, 5.779337E-02
2.260259E-08, 1.0132653E+00, 5.774235E-02
2.261821E-08, 1.0127552E+00, 5.771684E-02
2.263384E-08, 1.0125000E+00, 5.770408E-02
2.264946E-08, 1.0125000E+00, 5.771684E-02
2.266509E-08, 1.0123725E+00, 5.771684E-02
2.268071E-08, 1.0126276E+00, 5.775510E-02
2.269634E-08, 1.0130103E+00, 5.781888E-02
2.271196E-08, 1.0135204E+00, 5.792092E-02
2.272759E-08, 1.0137755E+00, 5.802296E-02
2.274321E-08, 1.0144132E+00, 5.816327E-02
2.275884E-08, 1.0149235E+00, 5.830357E-02
2.277446E-08, 1.0158163E+00, 5.846939E-02
2.279009E-08, 1.0164541E+00, 5.859694E-02
2.280571E-08, 1.0172194E+00, 5.875000E-02
2.282134E-08, 1.0181123E+00, 5.889031E-02
2.283696E-08, 1.0191326E+00, 5.903061E-02
2.285259E-08, 1.0197704E+00, 5.914541E-02
2.286821E-08, 1.0204082E+00, 5.924745E-02
2.288384E-08, 1.0209184E+00, 5.933673E-02
2.289946E-08, 1.0211735E+00, 5.941327E-02
2.291509E-08, 1.0211735E+00, 5.943878E-02
2.293071E-08, 1.0210459E+00, 5.943878E-02
2.294634E-08, 1.0209184E+00, 5.940051E-02
2.296196E-08, 1.0207908E+00, 5.933673E-02
2.297759E-08, 1.0202806E+00, 5.923469E-02
2.299321E-08, 1.0197704E+00, 5.910714E-02
2.300884E-08, 1.0192602E+00, 5.896684E-02
2.302446E-08, 1.0184948E+00, 5.882653E-02
2.304009E-08, 1.0174745E+00, 5.864796E-02
2.305571E-08, 1.0163265E+00, 5.846939E-02
2.307134E-08, 1.0151786E+00, 5.827806E-02
2.308696E-08, 1.0141581E+00, 5.808673E-02
2.310259E-08, 1.0128827E+00, 5.785714E-02
2.311821E-08, 1.0117347E+00, 5.765306E-02
2.313384E-08, 1.0107143E+00, 5.746173E-02
2.314946E-08, 1.0099490E+00, 5.728316E-02
2.316509E-08, 1.0090561E+00, 5.711735E-02
2.318071E-08, 1.0082908E+00, 5.698980E-02
2.319634E-08, 1.0076531E+00, 5.688775E-02
2.321196E-08, 1.0071429E+00, 5.682398E-02
2.322759E-08, 1.0065051E+00, 5.677296E-02
2.324321E-08, 1.0062500E+00, 5.674745E-02
2.325884E-08, 1.0059949E+00, 5.674745E-02
2.327446E-08, 1.0059949E+00, 5.677296E-02
2.329009E-08, 1.0058674E+00, 5.681122E-02
2.330571E-08, 1.0059949E+00, 5.688775E-02
2.332134E-08, 1.0061225E+00, 5.697704E-02
2.333696E-08, 1.0065051E+00, 5.709184E-02
2.335259E-08, 1.0065051E+00, 5.720663E-02
2.336821E-08, 1.0067602E+00, 5.733418E-02
2.338384E-08, 1.0070153E+00, 5.746173E-02
2.339946E-08, 1.0072705E+00, 5.758929E-02
2.341509E-08, 1.0072705E+00, 5.769133E-02
2.343071E-08, 1.0072705E+00, 5.779337E-02
2.344634E-08, 1.0071429E+00, 5.788265E-02
2.346196E-08, 1.0070153E+00, 5.795918E-02
2.347759E-08, 1.0065051E+00, 5.798469E-02
2.349321E-08, 1.0062500E+00, 5.799745E-02
2.350884E-08, 1.0059949E+00, 5.798469E-02
2.352446E-08, 1.0058674E+00, 5.794643E-02
2.354009E-08, 1.0057398E+00, 5.785714E-02
2.355571E-08, 1.0058674E+00, 5.776786E-02
2.357134E-08, 1.0059949E+00, 5.765306E-02
2.358696E-08, 1.0063776E+00, 5.756377E-02
2.360259E-08, 1.0066327E+00, 5.744898E-02
2.361821E-08, 1.0068878E+00, 5.735970E-02
2.363384E-08, 1.0072705E+00, 5.728316E-02
2.364946E-08, 1.0077807E+00, 5.721939E-02
2.366509E-08, 1.0081632E+00, 5.714286E-02
2.368071E-08, 1.0089285E+00, 5.707908E-02
2.369634E-08, 1.0098214E+00, 5.702806E-02
2.371196E-08, 1.0109694E+00, 5.700255E-02
2.372759E-08, 1.0121174E+00, 5.698980E-02
2.374321E-08, 1.0133928E+00, 5.700255E-02
2.375884E-08, 1.0147959E+00, 5.706633E-02
2.377446E-08, 1.0163265E+00, 5.716837E-02
2.379009E-08, 1.0176021E+00, 5.728316E-02
2.380571E-08, 1.0190051E+00, 5.743622E-02
2.382134E-08, 1.0202806E+00, 5.761480E-02
2.383696E-08, 1.0215561E+00, 5.781888E-02
2.385259E-08, 1.0224490E+00, 5.799745E-02
2.386821E-08, 1.0232143E+00, 5.820153E-02
2.388384E-08, 1.0238520E+00, 5.839286E-02
2.389946E-08, 1.0243622E+00, 5.858418E-02
2.391509E-08, 1.0243622E+00, 5.873724E-02
2.393071E-08, 1.0242347E+00, 5.887755E-02
2.394634E-08, 1.0239795E+00, 5.899235E-02
2.396196E-08, 1.0237244E+00, 5.906888E-02
2.397759E-08, 1.0229592E+00, 5.908163E-02
2.399321E-08, 1.0223215E+00, 5.906888E-02
2.400884E-08, 1.0216837E+00, 5.901786E-02
2.402446E-08, 1.0210459E+00, 5.895408E-02
2.404009E-08, 1.0201530E+00, 5.882653E-02
2.405571E-08, 1.0191326E+00, 5.868622E-02
2.407134E-08, 1.0181123E+00, 5.852041E-02
2.408696E-08, 1.0170919E+00, 5.835459E-02
2.410259E-08, 1.0158163E+00, 5.815051E-02
2.411821E-08, 1.0146683E+00, 5.794643E-02
2.413384E-08, 1.0133928E+00, 5.772959E-02
2.414946E-08, 1.0125000E+00, 5.752551E-02
2.416509E-08, 1.0114796E+00, 5.730867E-02
2.418071E-08, 1.0107143E+00, 5.711735E-02
2.419634E-08, 1.0102041E+00, 5.693877E-02
2.421196E-08, 1.0099490E+00, 5.682398E-02
2.422759E-08, 1.0095663E+00, 5.670919E-02
2.424321E-08, 1.0094388E+00, 5.667092E-02
2.425884E-08, 1.0091836E+00, 5.667092E-02
2.427446E-08, 1.0091836E+00, 5.673469E-02
2.429009E-08, 1.0089285E+00, 5.682398E-02
2.430571E-08, 1.0086734E+00, 5.696429E-02
2.432134E-08, 1.0085459E+00, 5.713010E-02
2.433696E-08, 1.0084183E+00, 5.733418E-02
2.435259E-08, 1.0081632E+00, 5.753826E-02
2.436821E-08, 1.0080357E+00, 5.776786E-02
2.438384E-08, 1.0079081E+00, 5.799745E-02
2.439946E-08, 1.0079081E+00, 5.823980E-02
2.441509E-08, 1.0075256E+00, 5.845663E-02
2.443071E-08, 1.0072705E+00, 5.867347E-02
2.444634E-08, 1.0068878E+00, 5.886479E-02
2.446196E-08, 1.0066327E+00, 5.904337E-02
2.447759E-08, 1.0061225E+00, 5.915817E-02
2.449321E-08, 1.0057398E+00, 5.924745E-02
2.450884E-08, 1.0053571E+00, 5.928572E-02
2.452446E-08, 1.0052296E+00, 5.929847E-02
2.454009E-08, 1.0049745E+00, 5.922194E-02
2.455571E-08, 1.0048469E+00, 5.910714E-02
2.457134E-08, 1.0049745E+00, 5.895408E-02
2.458696E-08, 1.0052296E+00, 5.877551E-02
2.460259E-08, 1.0054847E+00, 5.853316E-02
2.461821E-08, 1.0058674E+00, 5.826531E-02
2.463384E-08, 1.0065051E+00, 5.799745E-02
2.464946E-08, 1.0072705E+00, 5.770408E-02
2.466509E-08, 1.0079081E+00, 5.739796E-02
2.468071E-08, 1.0086734E+00, 5.710459E-02
2.469634E-08, 1.0095663E+00, 5.679847E-02
2.471196E-08, 1.0104592E+00, 5.653061E-02
2.472759E-08, 1.0112245E+00, 5.625000E-02
2.474321E-08, 1.0119898E+00, 5.600765E-02
2.475884E-08, 1.0127552E+00, 5.579082E-02
2.477446E-08, 1.0136479E+00, 5.562500E-02
2.479009E-08, 1.0141581E+00, 5.545918E-02
2.480571E-08, 1.0146683E+00, 5.534439E-02
2.482134E-08, 1.0150510E+00, 5.528061E-02
2.483696E-08, 1.0154337E+00, 5.525510E-02
2.485259E-08, 1.0151786E+00, 5.522959E-02
2.486821E-08, 1.0149235E+00, 5.526786E-02
2.488384E-08, 1.0144132E+00, 5.531888E-02
2.489946E-08, 1.0137755E+00, 5.540816E-02
2.491509E-08, 1.0126276E+00, 5.549745E-02
2.493071E-08, 1.0116072E+00, 5.559949E-02
2.494634E-08, 1.0104592E+00, 5.571429E-02
2.496196E-08, 1.0094388E+00, 5.585459E-02
2.497759E-08, 1.0082908E+00, 5.595663E-02
2.499321E-08, 1.0073980E+00, 5.608418E-02
2.500884E-08, 1.0066327E+00, 5.622449E-02
2.502446E-08, 1.0061225E+00, 5.637755E-02
2.504009E-08, 1.0053571E+00, 5.651786E-02
2.505571E-08, 1.0049745E+00, 5.667092E-02
2.507134E-08, 1.0047194E+00, 5.682398E-02
2.508696E-08, 1.0047194E+00, 5.697704E-02
2.510259E-08, 1.0048469E+00, 5.711735E-02
2.511821E-08, 1.0053571E+00, 5.727041E-02
2.513384E-08, 1.0061225E+00, 5.741071E-02
2.514946E-08, 1.0073980E+00, 5.755102E-02
2.516509E-08, 1.0086734E+00, 5.769133E-02
2.518071E-08, 1.0103316E+00, 5.783163E-02
2.519634E-08, 1.0122449E+00, 5.798469E-02
2.521196E-08, 1.0142857E+00, 5.815051E-02
2.522759E-08, 1.0160714E+00, 5.830357E-02
2.524321E-08, 1.0178572E+00, 5.848214E-02
2.525884E-08, 1.0195153E+00, 5.863521E-02
2.527446E-08, 1.0211735E+00, 5.880102E-02
2.529009E-08, 1.0224490E+00, 5.891582E-02
2.530571E-08, 1.0235969E+00, 5.903061E-02
2.532134E-08, 1.0247449E+00, 5.911990E-02
2.533696E-08, 1.0257653E+00, 5.918367E-02
2.535259E-08, 1.0262755E+00, 5.920918E-02
2.536821E-08, 1.0267857E+00, 5.920918E-02
2.538384E-08, 1.0269133E+00, 5.919643E-02
2.539946E-08, 1.0270408E+00, 5.917092E-02
2.541509E-08, 1.0265306E+00, 5.910714E-02
2.543071E-08, 1.0257653E+00, 5.903061E-02
2.544634E-08, 1.0248724E+00, 5.891582E-02
2.546196E-08, 1.0238520E+00, 5.880102E-02
2.547759E-08, 1.0224490E+00, 5.862245E-02
2.549321E-08, 1.0211735E+00, 5.843112E-02
2.550884E-08, 1.0198979E+00, 5.821428E-02
2.552446E-08, 1.0188775E+00, 5.798469E-02
2.554009E-08, 1.0177296E+00, 5.772959E-02
2.555571E-08, 1.0169643E+00, 5.750000E-02
2.557134E-08, 1.0163265E+00, 5.727041E-02
2.558696E-08, 1.0159439E+00, 5.706633E-02
2.560259E-08, 1.0155612E+00, 5.686225E-02
2.561821E-08, 1.0155612E+00, 5.669643E-02
2.563384E-08, 1.0158163E+00, 5.655612E-02
2.564946E-08, 1.0164541E+00, 5.646684E-02
2.566509E-08, 1.0170919E+00, 5.636480E-02
2.568071E-08, 1.0182397E+00, 5.632653E-02
2.569634E-08, 1.0195153E+00, 5.631378E-02
2.571196E-08, 1.0210459E+00, 5.636480E-02
2.572759E-08, 1.0223215E+00, 5.641581E-02
2.574321E-08, 1.0238520E+00, 5.653061E-02
2.575884E-08, 1.0252551E+00, 5.665816E-02
2.577446E-08, 1.0266582E+00, 5.683674E-02
2.579009E-08, 1.0275511E+00, 5.700255E-02
2.580571E-08, 1.0284439E+00, 5.719388E-02
2.582134E-08, 1.0290816E+00, 5.738520E-02
2.583696E-08, 1.0297194E+00, 5.757653E-02
2.585259E-08, 1.0299745E+00, 5.772959E-02
2.586821E-08, 1.0301020E+00, 5.788265E-02
2.588384E-08, 1.0301020E+00, 5.801021E-02
2.589946E-08, 1.0298469E+00, 5.815051E-02
2.591509E-08, 1.0290816E+00, 5.823980E-02
2.593071E-08, 1.0281888E+00, 5.832908E-02
2.594634E-08, 1.0270408E+00, 5.839286E-02
2.596196E-08, 1.0256377E+00, 5.845663E-02
2.597759E-08, 1.0238520E+00, 5.844388E-02
2.599321E-08, 1.0220664E+00, 5.841837E-02
2.600884E-08, 1.0201530E+00, 5.835459E-02
2.602446E-08, 1.0184948E+00, 5.826531E-02
2.604009E-08, 1.0164541E+00, 5.812500E-02
2.605571E-08, 1.0146683E+00, 5.797194E-02
2.607134E-08, 1.0130103E+00, 5.780612E-02
2.608696E-08, 1.0114796E+00, 5.764031E-02
2.610259E-08, 1.0098214E+00, 5.746173E-02
2.611821E-08, 1.0084183E+00, 5.728316E-02
2.613384E-08, 1.0072705E+00, 5.710459E-02
2.614946E-08, 1.0065051E+00, 5.693877E-02
2.616509E-08, 1.0057398E+00, 5.673469E-02
2.618071E-08, 1.0056123E+00, 5.656888E-02
2.619634E-08, 1.0057398E+00, 5.640306E-02
2.621196E-08, 1.0063776E+00, 5.626275E-02
2.622759E-08, 1.0070153E+00, 5.610969E-02
2.624321E-08, 1.0081632E+00, 5.600765E-02
2.625884E-08, 1.0094388E+00, 5.593112E-02
2.627446E-08, 1.0110970E+00, 5.589286E-02
2.629009E-08, 1.0126276E+00, 5.585459E-02
2.630571E-08, 1.0144132E+00, 5.584184E-02
2.632134E-08, 1.0161990E+00, 5.584184E-02
2.633696E-08, 1.0181123E+00, 5.586735E-02
2.635259E-08, 1.0196428E+00, 5.586735E-02
2.636821E-08, 1.0214286E+00, 5.588010E-02
2.638384E-08, 1.0230868E+00, 5.588010E-02
2.639946E-08, 1.0248724E+00, 5.589286E-02
2.641509E-08, 1.0262755E+00, 5.588010E-02
2.643071E-08, 1.0276786E+00, 5.588010E-02
2.644634E-08, 1.0290816E+00, 5.586735E-02
2.646196E-08, 1.0303571E+00, 5.588010E-02
2.647759E-08, 1.0311224E+00, 5.585459E-02
2.649321E-08, 1.0317602E+00, 5.586735E-02
2.650884E-08, 1.0321429E+00, 5.586735E-02
2.652446E-08, 1.0323980E+00, 5.588010E-02
2.654009E-08, 1.0321429E+00, 5.588010E-02
2.655571E-08, 1.0318878E+00, 5.589286E-02
2.657134E-08, 1.0315051E+00, 5.589286E-02
2.658696E-08, 1.0311224E+00, 5.593112E-02
2.660259E-08, 1.0304847E+00, 5.594388E-02
2.661821E-08, 1.0297194E+00, 5.598214E-02
2.663384E-08, 1.0289540E+00, 5.605868E-02
2.664946E-08, 1.0280613E+00, 5.616071E-02
2.666509E-08, 1.0266582E+00, 5.627551E-02
2.668071E-08, 1.0252551E+00, 5.642857E-02
2.669634E-08, 1.0237244E+00, 5.659439E-02
2.671196E-08, 1.0221939E+00, 5.678571E-02
2.672759E-08, 1.0204082E+00, 5.696429E-02
2.674321E-08, 1.0190051E+00, 5.715561E-02
2.675884E-08, 1.0176021E+00, 5.734694E-02
2.677446E-08, 1.0167092E+00, 5.756377E-02
2.679009E-08, 1.0156888E+00, 5.775510E-02
2.680571E-08, 1.0149235E+00, 5.797194E-02
2.682134E-08, 1.0142857E+00, 5.820153E-02
2.683696E-08, 1.0139030E+00, 5.843112E-02
2.685259E-08, 1.0133928E+00, 5.864796E-02
2.686821E-08, 1.0130103E+00, 5.886479E-02
2.688384E-08, 1.0128827E+00, 5.905612E-02
2.689946E-08, 1.0130103E+00, 5.923469E-02
2.691509E-08, 1.0131377E+00, 5.934949E-02
2.693071E-08, 1.0136479E+00, 5.943878E-02
2.694634E-08, 1.0144132E+00, 5.948979E-02
2.696196E-08, 1.0154337E+00, 5.951530E-02
2.697759E-08, 1.0163265E+00, 5.948979E-02
2.699321E-08, 1.0174745E+00, 5.943878E-02
2.700884E-08, 1.0186224E+00, 5.936224E-02
2.702446E-08, 1.0198979E+00, 5.924745E-02
2.704009E-08, 1.0209184E+00, 5.908163E-02
2.705571E-08, 1.0221939E+00, 5.889031E-02
2.707134E-08, 1.0235969E+00, 5.866072E-02
2.708696E-08, 1.0251275E+00, 5.841837E-02
2.710259E-08, 1.0264031E+00, 5.812500E-02
2.711821E-08, 1.0276786E+00, 5.783163E-02
2.713384E-08, 1.0288265E+00, 5.753826E-02
2.714946E-08, 1.0298469E+00, 5.725765E-02
2.716509E-08, 1.0303571E+00, 5.695153E-02
2.718071E-08, 1.0307398E+00, 5.667092E-02
2.719634E-08, 1.0306122E+00, 5.639031E-02
2.721196E-08, 1.0304847E+00, 5.613520E-02
2.722759E-08, 1.0299745E+00, 5.586735E-02
2.724321E-08, 1.0293367E+00, 5.562500E-02
2.725884E-08, 1.0285715E+00, 5.540816E-02
2.727446E-08, 1.0279337E+00, 5.522959E-02
2.729009E-08, 1.0267857E+00, 5.507653E-02
2.730571E-08, 1.0255102E+00, 5.497449E-02
2.732134E-08, 1.0241071E+00, 5.492347E-02
2.733696E-08, 1.0227041E+00, 5.492347E-02
2.735259E-08, 1.0209184E+00, 5.496173E-02
2.736821E-08, 1.0191326E+00, 5.503827E-02
2.738384E-08, 1.0174745E+00, 5.515306E-02
2.739946E-08, 1.0160714E+00, 5.530612E-02
2.741509E-08, 1.0146683E+00, 5.547194E-02
2.743071E-08, 1.0135204E+00, 5.567602E-02
2.744634E-08, 1.0126276E+00, 5.590561E-02
2.746196E-08, 1.0119898E+00, 5.617347E-02
2.747759E-08, 1.0113521E+00, 5.644133E-02
2.749321E-08, 1.0110970E+00, 5.673469E-02
2.750884E-08, 1.0109694E+00, 5.702806E-02
2.752446E-08, 1.0113521E+00, 5.733418E-02
2.754009E-08, 1.0118623E+00, 5.758929E-02
2.755571E-08, 1.0130103E+00, 5.783163E-02
2.757134E-08, 1.0144132E+00, 5.804847E-02
2.758696E-08, 1.0163265E+00, 5.825255E-02
2.760259E-08, 1.0183673E+00, 5.840561E-02
2.761821E-08, 1.0206633E+00, 5.854592E-02
2.763384E-08, 1.0230868E+00, 5.867347E-02
2.764946E-08, 1.0255102E+00, 5.878827E-02
2.766509E-08, 1.0276786E+00, 5.883928E-02
2.768071E-08, 1.0299745E+00, 5.886479E-02
2.769634E-08, 1.0321429E+00, 5.885204E-02
2.771196E-08, 1.0343112E+00, 5.881378E-02
2.772759E-08, 1.0360969E+00, 5.871173E-02
2.774321E-08, 1.0377551E+00, 5.858418E-02
2.775884E-08, 1.0392857E+00, 5.844388E-02
2.777446E-08, 1.0404336E+00, 5.830357E-02
2.779009E-08, 1.0409439E+00, 5.812500E-02
2.780571E-08, 1.0411990E+00, 5.797194E-02
2.782134E-08, 1.0408163E+00, 5.781888E-02
2.783696E-08, 1.0401785E+00, 5.769133E-02
2.785259E-08, 1.0389031E+00, 5.753826E-02
2.786821E-08, 1.0372449E+00, 5.739796E-02
2.788384E-08, 1.0352041E+00, 5.728316E-02
2.789946E-08, 1.0330358E+00, 5.718112E-02
2.791509E-08, 1.0304847E+00, 5.709184E-02
2.793071E-08, 1.0278062E+00, 5.702806E-02
2.794634E-08, 1.0251275E+00, 5.701531E-02
2.796196E-08, 1.0224490E+00, 5.704082E-02
2.797759E-08, 1.0196428E+00, 5.707908E-02
2.799321E-08, 1.0169643E+00, 5.716837E-02
2.800884E-08, 1.0144132E+00, 5.728316E-02
2.802446E-08, 1.0122449E+00, 5.742347E-02
2.804009E-08, 1.0100765E+00, 5.757653E-02
2.805571E-08, 1.0084183E+00, 5.774235E-02
2.807134E-08, 1.0070153E+00, 5.792092E-02
2.808696E-08, 1.0062500E+00, 5.811225E-02
2.810259E-08, 1.0056123E+00, 5.827806E-02
2.811821E-08, 1.0054847E+00, 5.845663E-02
2.813384E-08, 1.0057398E+00, 5.862245E-02
2.814946E-08, 1.0065051E+00, 5.878827E-02
2.816509E-08, 1.0075256E+00, 5.890306E-02
2.818071E-08, 1.0089285E+00, 5.900510E-02
2.819634E-08, 1.0105867E+00, 5.908163E-02
2.821196E-08, 1.0126276E+00, 5.913265E-02
2.822759E-08, 1.0146683E+00, 5.913265E-02
2.824321E-08, 1.0169643E+00, 5.911990E-02
2.825884E-08, 1.0193877E+00, 5.906888E-02
2.827446E-08, 1.0216837E+00, 5.901786E-02
2.829009E-08, 1.0237244E+00, 5.890306E-02
2.830571E-08, 1.0256377E+00, 5.878827E-02
2.832134E-08, 1.0271684E+00, 5.866072E-02
2.833696E-08, 1.0286989E+00, 5.850765E-02
2.835259E-08, 1.0297194E+00, 5.832908E-02
2.836821E-08, 1.0304847E+00, 5.813776E-02
2.838384E-08, 1.0309949E+00, 5.794643E-02
2.839946E-08, 1.0315051E+00, 5.778061E-02
2.841509E-08, 1.0313776E+00, 5.760204E-02
2.843071E-08, 1.0311224E+00, 5.744898E-02
2.844634E-08, 1.0307398E+00, 5.733418E-02
2.846196E-08, 1.0301020E+00, 5.727041E-02
2.847759E-08, 1.0289540E+00, 5.720663E-02
2.849321E-08, 1.0278062E+00, 5.719388E-02
2.850884E-08, 1.0265306E+00, 5.720663E-02
2.852446E-08, 1.0252551E+00, 5.727041E-02
2.854009E-08, 1.0238520E+00, 5.733418E-02
2.855571E-08, 1.0224490E+00, 5.744898E-02
2.857134E-08, 1.0211735E+00, 5.757653E-02
2.858696E-08, 1.0202806E+00, 5.774235E-02
2.860259E-08, 1.0192602E+00, 5.789541E-02
2.861821E-08, 1.0186224E+00, 5.807398E-02
2.863384E-08, 1.0182397E+00, 5.825255E-02
2.864946E-08, 1.0181123E+00, 5.845663E-02
2.866509E-08, 1.0179847E+00, 5.862245E-02
2.868071E-08, 1.0182397E+00, 5.878827E-02
2.869634E-08, 1.0186224E+00, 5.892857E-02
2.871196E-08, 1.0192602E+00, 5.906888E-02
2.872759E-08, 1.0198979E+00, 5.914541E-02
2.874321E-08, 1.0207908E+00, 5.920918E-02
2.875884E-08, 1.0218112E+00, 5.923469E-02
2.877446E-08, 1.0229592E+00, 5.923469E-02
2.879009E-08, 1.0238520E+00, 5.917092E-02
2.880571E-08, 1.0248724E+00, 5.909439E-02
2.882134E-08, 1.0257653E+00, 5.897959E-02
2.883696E-08, 1.0265306E+00, 5.883928E-02
2.885259E-08, 1.0270408E+00, 5.864796E-02
2.886821E-08, 1.0274235E+00, 5.843112E-02
2.888384E-08, 1.0278062E+00, 5.817602E-02
2.889946E-08, 1.0283164E+00, 5.792092E-02
2.891509E-08, 1.0283164E+00, 5.761480E-02
2.893071E-08, 1.0284439E+00, 5.732143E-02
2.894634E-08, 1.0284439E+00, 5.702806E-02
2.896196E-08, 1.0284439E+00, 5.676020E-02
2.897759E-08, 1.0279337E+00, 5.647959E-02
2.899321E-08, 1.0274235E+00, 5.623724E-02
2.900884E-08, 1.0267857E+00, 5.602041E-02
2.902446E-08, 1.0262755E+00, 5.581633E-02
2.904009E-08, 1.0255102E+00, 5.562500E-02
2.905571E-08, 1.0250000E+00, 5.544643E-02
2.907134E-08, 1.0246173E+00, 5.530612E-02
2.908696E-08, 1.0243622E+00, 5.519133E-02
2.910259E-08, 1.0241071E+00, 5.510204E-02
2.911821E-08, 1.0239795E+00, 5.503827E-02
2.913384E-08, 1.0238520E+00, 5.502551E-02
2.914946E-08, 1.0238520E+00, 5.505102E-02
2.916509E-08, 1.0237244E+00, 5.506378E-02
2.918071E-08, 1.0235969E+00, 5.511479E-02
2.919634E-08, 1.0235969E+00, 5.517857E-02
2.921196E-08, 1.0238520E+00, 5.525510E-02
2.922759E-08, 1.0239795E+00, 5.531888E-02
2.924321E-08, 1.0243622E+00, 5.538265E-02
2.925884E-08, 1.0247449E+00, 5.547194E-02
2.927446E-08, 1.0251275E+00, 5.558673E-02
2.929009E-08, 1.0252551E+00, 5.567602E-02
2.930571E-08, 1.0252551E+00, 5.579082E-02
2.932134E-08, 1.0251275E+00, 5.591837E-02
2.933696E-08, 1.0248724E+00, 5.604592E-02
2.935259E-08, 1.0241071E+00, 5.614796E-02
2.936821E-08, 1.0233419E+00, 5.626275E-02
2.938384E-08, 1.0225766E+00, 5.635204E-02
2.939946E-08, 1.0219388E+00, 5.644133E-02
2.941509E-08, 1.0209184E+00, 5.649235E-02
2.943071E-08, 1.0201530E+00, 5.656888E-02
2.944634E-08, 1.0192602E+00, 5.664541E-02
2.946196E-08, 1.0183673E+00, 5.674745E-02
2.947759E-08, 1.0172194E+00, 5.682398E-02
2.949321E-08, 1.0160714E+00, 5.693877E-02
2.950884E-08, 1.0149235E+00, 5.704082E-02
2.952446E-08, 1.0139030E+00, 5.716837E-02
2.954009E-08, 1.0127552E+00, 5.727041E-02
2.955571E-08, 1.0117347E+00, 5.737245E-02
2.957134E-08, 1.0109694E+00, 5.748725E-02
2.958696E-08, 1.0104592E+00, 5.761480E-02
2.960259E-08, 1.0099490E+00, 5.772959E-02
2.961821E-08, 1.0095663E+00, 5.785714E-02
2.963384E-08, 1.0093112E+00, 5.798469E-02
2.964946E-08, 1.0093112E+00, 5.813776E-02
2.966509E-08, 1.0091836E+00, 5.826531E-02
2.968071E-08, 1.0093112E+00, 5.840561E-02
2.969634E-08, 1.0095663E+00, 5.853316E-02
2.971196E-08, 1.0100765E+00, 5.867347E-02
2.972759E-08, 1.0103316E+00, 5.878827E-02
2.974321E-08, 1.0108418E+00, 5.890306E-02
2.975884E-08, 1.0112245E+00, 5.901786E-02
2.977446E-08, 1.0118623E+00, 5.913265E-02
2.979009E-08, 1.0119898E+00, 5.919643E-02
2.980571E-08, 1.0123725E+00, 5.927296E-02
2.982134E-08, 1.0125000E+00, 5.931123E-02
2.983696E-08, 1.0128827E+00, 5.934949E-02
2.985259E-08, 1.0130103E+00, 5.933673E-02
2.986821E-08, 1.0132653E+00, 5.929847E-02
2.988384E-08, 1.0135204E+00, 5.924745E-02
2.989946E-08, 1.0139030E+00, 5.918367E-02
2.991509E-08, 1.0140306E+00, 5.908163E-02
2.993071E-08, 1.0142857E+00, 5.896684E-02
2.994634E-08, 1.0145408E+00, 5.883928E-02
2.996196E-08, 1.0149235E+00, 5.869898E-02
2.997759E-08, 1.0150510E+00, 5.853316E-02
2.999321E-08, 1.0153061E+00, 5.835459E-02
3.000884E-08, 1.0156888E+00, 5.816327E-02
3.002446E-08, 1.0161990E+00, 5.798469E-02
3.004009E-08, 1.0165817E+00, 5.776786E-02
3.005571E-08, 1.0172194E+00, 5.757653E-02
3.007134E-08, 1.0178572E+00, 5.738520E-02
3.008696E-08, 1.0187500E+00, 5.720663E-02
3.010259E-08, 1.0192602E+00, 5.702806E-02
3.011821E-08, 1.0200255E+00, 5.687500E-02
3.013384E-08, 1.0207908E+00, 5.673469E-02
3.014946E-08, 1.0218112E+00, 5.663265E-02
3.016509E-08, 1.0225766E+00, 5.654337E-02
3.018071E-08, 1.0234693E+00, 5.647959E-02
3.019634E-08, 1.0243622E+00, 5.644133E-02
3.021196E-08, 1.0255102E+00, 5.645408E-02
3.022759E-08, 1.0262755E+00, 5.647959E-02
3.024321E-08, 1.0270408E+00, 5.655612E-02
3.025884E-08, 1.0278062E+00, 5.665816E-02
3.027446E-08, 1.0284439E+00, 5.679847E-02
3.029009E-08, 1.0288265E+00, 5.693877E-02
3.030571E-08, 1.0292091E+00, 5.710459E-02
3.032134E-08, 1.0297194E+00, 5.728316E-02
3.033696E-08, 1.0303571E+00, 5.750000E-02
3.035259E-08, 1.0307398E+00, 5.769133E-02
3.036821E-08, 1.0312500E+00, 5.790816E-02
3.038384E-08, 1.0316327E+00, 5.812500E-02
3.039946E-08, 1.0322704E+00, 5.835459E-02
3.041509E-08, 1.0323980E+00, 5.857143E-02
3.043071E-08, 1.0326531E+00, 5.878827E-02
3.044634E-08, 1.0327806E+00, 5.897959E-02
3.046196E-08, 1.0329082E+00, 5.917092E-02
3.047759E-08, 1.0329082E+00, 5.929847E-02
3.049321E-08, 1.0329082E+00, 5.941327E-02
3.050884E-08, 1.0329082E+00, 5.950255E-02
3.052446E-08, 1.0330358E+00, 5.955357E-02
3.054009E-08, 1.0327806E+00, 5.956633E-02
3.055571E-08, 1.0326531E+00, 5.954082E-02
3.057134E-08, 1.0323980E+00, 5.948979E-02
3.058696E-08, 1.0322704E+00, 5.942602E-02
3.060259E-08, 1.0317602E+00, 5.929847E-02
3.061821E-08, 1.0313776E+00, 5.915817E-02
3.063384E-08, 1.0311224E+00, 5.897959E-02
3.064946E-08, 1.0308673E+00, 5.880102E-02
3.066509E-08, 1.0304847E+00, 5.857143E-02
3.068071E-08, 1.0302296E+00, 5.835459E-02
3.069634E-08, 1.0301020E+00, 5.811225E-02
3.071196E-08, 1.0299745E+00, 5.789541E-02
3.072759E-08, 1.0297194E+00, 5.764031E-02
3.074321E-08, 1.0295918E+00, 5.742347E-02
3.075884E-08, 1.0293367E+00, 5.720663E-02
3.077446E-08, 1.0294642E+00, 5.700255E-02
3.079009E-08, 1.0292091E+00, 5.681122E-02
3.080571E-08, 1.0290816E+00, 5.663265E-02
3.082134E-08, 1.0288265E+00, 5.649235E-02
3.083696E-08, 1.0288265E+00, 5.636480E-02
3.085259E-08, 1.0284439E+00, 5.625000E-02
3.086821E-08, 1.0280613E+00, 5.616071E-02
3.088384E-08, 1.0276786E+00, 5.608418E-02
3.089946E-08, 1.0274235E+00, 5.603316E-02
3.091509E-08, 1.0266582E+00, 5.598214E-02
3.093071E-08, 1.0258929E+00, 5.595663E-02
3.094634E-08, 1.0251275E+00, 5.594388E-02
3.096196E-08, 1.0242347E+00, 5.596939E-02
3.097759E-08, 1.0229592E+00, 5.596939E-02
3.099321E-08, 1.0218112E+00, 5.599490E-02
3.100884E-08, 1.0205357E+00, 5.602041E-02
3.102446E-08, 1.0193877E+00, 5.607143E-02
3.104009E-08, 1.0178572E+00, 5.609694E-02
3.105571E-08, 1.0165817E+00, 5.614796E-02
3.107134E-08, 1.0151786E+00, 5.619898E-02
3.108696E-08, 1.0137755E+00, 5.627551E-02
3.110259E-08, 1.0122449E+00, 5.633929E-02
3.111821E-08, 1.0107143E+00, 5.642857E-02
3.113384E-08, 1.0094388E+00, 5.651786E-02
3.114946E-08, 1.0082908E+00, 5.660714E-02
3.116509E-08, 1.0072705E+00, 5.668367E-02
3.118071E-08, 1.0066327E+00, 5.676020E-02
3.119634E-08, 1.0063776E+00, 5.683674E-02
3.121196E-08, 1.0065051E+00, 5.692602E-02
3.122759E-08, 1.0068878E+00, 5.700255E-02
3.124321E-08, 1.0075256E+00, 5.709184E-02
3.125884E-08, 1.0085459E+00, 5.719388E-02
3.127446E-08, 1.0098214E+00, 5.732143E-02
3.129009E-08, 1.0109694E+00, 5.741071E-02
3.130571E-08, 1.0126276E+00, 5.751276E-02
3.132134E-08, 1.0142857E+00, 5.760204E-02
3.133696E-08, 1.0164541E+00, 5.767857E-02
3.135259E-08, 1.0184948E+00, 5.770408E-02
3.136821E-08, 1.0207908E+00, 5.772959E-02
3.138384E-08, 1.0233419E+00, 5.772959E-02
3.139946E-08, 1.0258929E+00, 5.771684E-02
3.141509E-08, 1.0281888E+00, 5.767857E-02
3.143071E-08, 1.0304847E+00, 5.764031E-02
3.144634E-08, 1.0327806E+00, 5.757653E-02
3.146196E-08, 1.0349489E+00, 5.750000E-02
3.147759E-08, 1.0366071E+00, 5.738520E-02
3.149321E-08, 1.0382653E+00, 5.725765E-02
3.150884E-08, 1.0396683E+00, 5.711735E-02
3.152446E-08, 1.0408163E+00, 5.697704E-02
3.154009E-08, 1.0414541E+00, 5.681122E-02
3.155571E-08, 1.0418367E+00, 5.664541E-02
3.157134E-08, 1.0418367E+00, 5.647959E-02
3.158696E-08, 1.0415816E+00, 5.632653E-02
3.160259E-08, 1.0406888E+00, 5.616071E-02
3.161821E-08, 1.0395408E+00, 5.599490E-02
3.163384E-08, 1.0381378E+00, 5.584184E-02
3.164946E-08, 1.0364796E+00, 5.568878E-02
3.166509E-08, 1.0344387E+00, 5.552296E-02
3.168071E-08, 1.0323980E+00, 5.535714E-02
3.169634E-08, 1.0302296E+00, 5.521684E-02
3.171196E-08, 1.0281888E+00, 5.507653E-02
3.172759E-08, 1.0258929E+00, 5.493622E-02
3.174321E-08, 1.0238520E+00, 5.482143E-02
3.175884E-08, 1.0219388E+00, 5.471939E-02
3.177446E-08, 1.0201530E+00, 5.465561E-02
3.179009E-08, 1.0183673E+00, 5.459184E-02
3.180571E-08, 1.0167092E+00, 5.455357E-02
3.182134E-08, 1.0151786E+00, 5.452806E-02
3.183696E-08, 1.0139030E+00, 5.452806E-02
3.185259E-08, 1.0125000E+00, 5.451531E-02
3.186821E-08, 1.0114796E+00, 5.451531E-02
3.188384E-08, 1.0105867E+00, 5.452806E-02
3.189946E-08, 1.0099490E+00, 5.456633E-02
3.191509E-08, 1.0093112E+00, 5.457908E-02
3.193071E-08, 1.0088010E+00, 5.463010E-02
3.194634E-08, 1.0084183E+00, 5.468112E-02
3.196196E-08, 1.0082908E+00, 5.475765E-02
3.197759E-08, 1.0079081E+00, 5.482143E-02
3.199321E-08, 1.0077807E+00, 5.491072E-02
3.200884E-08, 1.0076531E+00, 5.502551E-02
3.202446E-08, 1.0079081E+00, 5.514031E-02
3.204009E-08, 1.0079081E+00, 5.525510E-02
3.205571E-08, 1.0081632E+00, 5.539541E-02
3.207134E-08, 1.0085459E+00, 5.556123E-02
3.208696E-08, 1.0090561E+00, 5.573980E-02
3.210259E-08, 1.0093112E+00, 5.591837E-02
3.211821E-08, 1.0096939E+00, 5.612245E-02
3.213384E-08, 1.0100765E+00, 5.632653E-02
3.214946E-08, 1.0105867E+00, 5.654337E-02
3.216509E-08, 1.0109694E+00, 5.674745E-02
3.218071E-08, 1.0114796E+00, 5.695153E-02
3.219634E-08, 1.0122449E+00, 5.714286E-02
3.221196E-08, 1.0132653E+00, 5.733418E-02
3.222759E-08, 1.0140306E+00, 5.750000E-02
3.224321E-08, 1.0151786E+00, 5.766582E-02
3.225884E-08, 1.0161990E+00, 5.783163E-02
3.227446E-08, 1.0174745E+00, 5.798469E-02
3.229009E-08, 1.0184948E+00, 5.811225E-02
3.230571E-08, 1.0195153E+00, 5.822704E-02
3.232134E-08, 1.0204082E+00, 5.832908E-02
3.233696E-08, 1.0215561E+00, 5.841837E-02
3.235259E-08, 1.0223215E+00, 5.845663E-02
3.236821E-08, 1.0233419E+00, 5.848214E-02
3.238384E-08, 1.0242347E+00, 5.849490E-02
3.239946E-08, 1.0253826E+00, 5.850765E-02
3.241509E-08, 1.0262755E+00, 5.849490E-02
3.243071E-08, 1.0271684E+00, 5.849490E-02
3.244634E-08, 1.0278062E+00, 5.850765E-02
3.246196E-08, 1.0285715E+00, 5.853316E-02
3.247759E-08, 1.0286989E+00, 5.854592E-02
3.249321E-08, 1.0286989E+00, 5.858418E-02
3.250884E-08, 1.0283164E+00, 5.863521E-02
3.252446E-08, 1.0278062E+00, 5.869898E-02
3.254009E-08, 1.0269133E+00, 5.873724E-02
3.255571E-08, 1.0257653E+00, 5.878827E-02
3.257134E-08, 1.0246173E+00, 5.883928E-02
3.258696E-08, 1.0234693E+00, 5.890306E-02
3.260259E-08, 1.0219388E+00, 5.892857E-02
3.261821E-08, 1.0205357E+00, 5.896684E-02
3.263384E-08, 1.0190051E+00, 5.900510E-02
3.264946E-08, 1.0174745E+00, 5.903061E-02
3.266509E-08, 1.0158163E+00, 5.904337E-02
3.268071E-08, 1.0140306E+00, 5.904337E-02
3.269634E-08, 1.0122449E+00, 5.901786E-02
3.271196E-08, 1.0107143E+00, 5.897959E-02
3.272759E-08, 1.0088010E+00, 5.889031E-02
3.274321E-08, 1.0072705E+00, 5.876276E-02
3.275884E-08, 1.0057398E+00, 5.859694E-02
3.277446E-08, 1.0047194E+00, 5.840561E-02
3.279009E-08, 1.0036989E+00, 5.815051E-02
3.280571E-08, 1.0030612E+00, 5.786990E-02
3.282134E-08, 1.0028061E+00, 5.756377E-02
3.283696E-08, 1.0030612E+00, 5.725765E-02
3.285259E-08, 1.0034438E+00, 5.691326E-02
3.286821E-08, 1.0042092E+00, 5.658163E-02
3.288384E-08, 1.0052296E+00, 5.625000E-02
3.289946E-08, 1.0066327E+00, 5.596939E-02
3.291509E-08, 1.0079081E+00, 5.567602E-02
3.293071E-08, 1.0095663E+00, 5.542092E-02
3.294634E-08, 1.0113521E+00, 5.520408E-02
3.296196E-08, 1.0132653E+00, 5.503827E-02
3.297759E-08, 1.0150510E+00, 5.488520E-02
3.299321E-08, 1.0170919E+00, 5.479592E-02
3.300884E-08, 1.0190051E+00, 5.474490E-02
3.302446E-08, 1.0210459E+00, 5.475765E-02
3.304009E-08, 1.0227041E+00, 5.479592E-02
3.305571E-08, 1.0243622E+00, 5.489796E-02
3.307134E-08, 1.0256377E+00, 5.505102E-02
3.308696E-08, 1.0269133E+00, 5.525510E-02
3.310259E-08, 1.0275511E+00, 5.547194E-02
3.311821E-08, 1.0280613E+00, 5.573980E-02
3.313384E-08, 1.0281888E+00, 5.600765E-02
3.314946E-08, 1.0283164E+00, 5.631378E-02
3.316509E-08, 1.0278062E+00, 5.658163E-02
3.318071E-08, 1.0271684E+00, 5.686225E-02
3.319634E-08, 1.0262755E+00, 5.713010E-02
3.321196E-08, 1.0251275E+00, 5.738520E-02
3.322759E-08, 1.0235969E+00, 5.760204E-02
3.324321E-08, 1.0218112E+00, 5.778061E-02
3.325884E-08, 1.0198979E+00, 5.792092E-02
3.327446E-08, 1.0179847E+00, 5.802296E-02
3.329009E-08, 1.0156888E+00, 5.804847E-02
3.330571E-08, 1.0136479E+00, 5.803571E-02
3.332134E-08, 1.0117347E+00, 5.795918E-02
3.333696E-08, 1.0100765E+00, 5.784439E-02
3.335259E-08, 1.0084183E+00, 5.766582E-02
3.336821E-08, 1.0071429E+00, 5.747449E-02
3.338384E-08, 1.0059949E+00, 5.724490E-02
3.339946E-08, 1.0052296E+00, 5.701531E-02
3.341509E-08, 1.0045918E+00, 5.674745E-02
3.343071E-08, 1.0043367E+00, 5.649235E-02
3.344634E-08, 1.0044643E+00, 5.623724E-02
3.346196E-08, 1.0049745E+00, 5.602041E-02
3.347759E-08, 1.0056123E+00, 5.579082E-02
3.349321E-08, 1.0063776E+00, 5.561224E-02
3.350884E-08, 1.0075256E+00, 5.547194E-02
3.352446E-08, 1.0088010E+00, 5.539541E-02
3.354009E-08, 1.0098214E+00, 5.531888E-02
3.355571E-08, 1.0110970E+00, 5.530612E-02
3.357134E-08, 1.0123725E+00, 5.534439E-02
3.358696E-08, 1.0137755E+00, 5.542092E-02
3.360259E-08, 1.0147959E+00, 5.553572E-02
3.361821E-08, 1.0159439E+00, 5.568878E-02
3.363384E-08, 1.0168368E+00, 5.588010E-02
3.364946E-08, 1.0177296E+00, 5.612245E-02
3.366509E-08, 1.0181123E+00, 5.637755E-02
3.368071E-08, 1.0183673E+00, 5.665816E-02
3.369634E-08, 1.0184948E+00, 5.693877E-02
3.371196E-08, 1.0184948E+00, 5.725765E-02
3.372759E-08, 1.0181123E+00, 5.752551E-02
3.374321E-08, 1.0176021E+00, 5.780612E-02
3.375884E-08, 1.0170919E+00, 5.807398E-02
3.377446E-08, 1.0164541E+00, 5.832908E-02
3.379009E-08, 1.0155612E+00, 5.854592E-02
3.380571E-08, 1.0147959E+00, 5.872449E-02
3.382134E-08, 1.0139030E+00, 5.887755E-02
3.383696E-08, 1.0132653E+00, 5.900510E-02
3.385259E-08, 1.0125000E+00, 5.905612E-02
3.386821E-08, 1.0119898E+00, 5.908163E-02
3.388384E-08, 1.0116072E+00, 5.906888E-02
3.389946E-08, 1.0114796E+00, 5.903061E-02
3.391509E-08, 1.0113521E+00, 5.892857E-02
3.393071E-08, 1.0114796E+00, 5.881378E-02
3.394634E-08, 1.0118623E+00, 5.867347E-02
3.396196E-08, 1.0125000E+00, 5.852041E-02
3.397759E-08, 1.0130103E+00, 5.832908E-02
3.399321E-08, 1.0139030E+00, 5.813776E-02
3.400884E-08, 1.0149235E+00, 5.792092E-02
3.402446E-08, 1.0160714E+00, 5.772959E-02
3.404009E-08, 1.0169643E+00, 5.751276E-02
3.405571E-08, 1.0179847E+00, 5.730867E-02
3.407134E-08, 1.0188775E+00, 5.713010E-02
3.408696E-08, 1.0197704E+00, 5.697704E-02
3.410259E-08, 1.0202806E+00, 5.681122E-02
3.411821E-08, 1.0207908E+00, 5.667092E-02
3.413384E-08, 1.0211735E+00, 5.655612E-02
3.414946E-08, 1.0214286E+00, 5.645408E-02
3.416509E-08, 1.0211735E+00, 5.635204E-02
3.418071E-08, 1.0209184E+00, 5.626275E-02
3.419634E-08, 1.0204082E+00, 5.619898E-02
3.421196E-08, 1.0197704E+00, 5.617347E-02
3.422759E-08, 1.0186224E+00, 5.613520E-02
3.424321E-08, 1.0174745E+00, 5.612245E-02
3.425884E-08, 1.0161990E+00, 5.610969E-02
3.427446E-08, 1.0150510E+00, 5.612245E-02
3.429009E-08, 1.0135204E+00, 5.610969E-02
3.430571E-08, 1.0121174E+00, 5.610969E-02
3.432134E-08, 1.0107143E+00, 5.610969E-02
3.433696E-08, 1.0096939E+00, 5.610969E-02
3.435259E-08, 1.0084183E+00, 5.608418E-02
3.436821E-08, 1.0075256E+00, 5.607143E-02
3.438384E-08, 1.0068878E+00, 5.605868E-02
3.439946E-08, 1.0065051E+00, 5.605868E-02
3.441509E-08, 1.0059949E+00, 5.603316E-02
3.443071E-08, 1.0059949E+00, 5.602041E-02
3.444634E-08, 1.0059949E+00, 5.602041E-02
3.446196E-08, 1.0065051E+00, 5.602041E-02
3.447759E-08, 1.0068878E+00, 5.599490E-02
3.449321E-08, 1.0075256E+00, 5.598214E-02
3.450884E-08, 1.0081632E+00, 5.596939E-02
3.452446E-08, 1.0091836E+00, 5.598214E-02
3.454009E-08, 1.0100765E+00, 5.596939E-02
3.455571E-08, 1.0112245E+00, 5.598214E-02
3.457134E-08, 1.0125000E+00, 5.599490E-02
3.458696E-08, 1.0139030E+00, 5.603316E-02
3.460259E-08, 1.0150510E+00, 5.604592E-02
3.461821E-08, 1.0161990E+00, 5.609694E-02
3.463384E-08, 1.0173470E+00, 5.617347E-02
3.464946E-08, 1.0183673E+00, 5.626275E-02
3.466509E-08, 1.0188775E+00, 5.635204E-02
3.468071E-08, 1.0193877E+00, 5.645408E-02
3.469634E-08, 1.0196428E+00, 5.656888E-02
3.471196E-08, 1.0197704E+00, 5.669643E-02
3.472759E-08, 1.0196428E+00, 5.678571E-02
3.474321E-08, 1.0195153E+00, 5.688775E-02
3.475884E-08, 1.0192602E+00, 5.697704E-02
3.477446E-08, 1.0188775E+00, 5.707908E-02
3.479009E-08, 1.0182397E+00, 5.716837E-02
3.480571E-08, 1.0174745E+00, 5.725765E-02
3.482134E-08, 1.0165817E+00, 5.734694E-02
3.483696E-08, 1.0158163E+00, 5.743622E-02
3.485259E-08, 1.0146683E+00, 5.748725E-02
3.486821E-08, 1.0136479E+00, 5.753826E-02
3.488384E-08, 1.0127552E+00, 5.756377E-02
3.489946E-08, 1.0118623E+00, 5.758929E-02
3.491509E-08, 1.0108418E+00, 5.757653E-02
3.493071E-08, 1.0099490E+00, 5.756377E-02
3.494634E-08, 1.0090561E+00, 5.753826E-02
3.496196E-08, 1.0084183E+00, 5.751276E-02
3.497759E-08, 1.0075256E+00, 5.746173E-02
3.499321E-08, 1.0068878E+00, 5.739796E-02
3.500884E-08, 1.0063776E+00, 5.732143E-02
3.502446E-08, 1.0062500E+00, 5.725765E-02
3.504009E-08, 1.0059949E+00, 5.715561E-02
3.505571E-08, 1.0059949E+00, 5.706633E-02
3.507134E-08, 1.0061225E+00, 5.697704E-02
3.508696E-08, 1.0063776E+00, 5.692602E-02
3.510259E-08, 1.0065051E+00, 5.684949E-02
3.511821E-08, 1.0066327E+00, 5.679847E-02
3.513384E-08, 1.0068878E+00, 5.676020E-02
3.514946E-08, 1.0072705E+00, 5.674745E-02
3.516509E-08, 1.0076531E+00, 5.670919E-02
3.518071E-08, 1.0081632E+00, 5.668367E-02
3.519634E-08, 1.0088010E+00, 5.668367E-02
3.521196E-08, 1.0096939E+00, 5.670919E-02
3.522759E-08, 1.0104592E+00, 5.672194E-02
3.524321E-08, 1.0113521E+00, 5.677296E-02
3.525884E-08, 1.0122449E+00, 5.684949E-02
3.527446E-08, 1.0132653E+00, 5.695153E-02
3.529009E-08, 1.0140306E+00, 5.705357E-02
3.530571E-08, 1.0149235E+00, 5.718112E-02
3.532134E-08, 1.0156888E+00, 5.730867E-02
3.533696E-08, 1.0167092E+00, 5.746173E-02
3.535259E-08, 1.0172194E+00, 5.760204E-02
3.536821E-08, 1.0178572E+00, 5.774235E-02
3.538384E-08, 1.0184948E+00, 5.788265E-02
3.539946E-08, 1.0191326E+00, 5.801021E-02
3.541509E-08, 1.0193877E+00, 5.811225E-02
3.543071E-08, 1.0196428E+00, 5.821428E-02
3.544634E-08, 1.0198979E+00, 5.830357E-02
3.546196E-08, 1.0201530E+00, 5.838010E-02
3.547759E-08, 1.0198979E+00, 5.840561E-02
3.549321E-08, 1.0196428E+00, 5.843112E-02
3.550884E-08, 1.0192602E+00, 5.843112E-02
3.552446E-08, 1.0187500E+00, 5.841837E-02
3.554009E-08, 1.0178572E+00, 5.836735E-02
3.555571E-08, 1.0169643E+00, 5.829082E-02
3.557134E-08, 1.0160714E+00, 5.821428E-02
3.558696E-08, 1.0151786E+00, 5.812500E-02
3.560259E-08, 1.0140306E+00, 5.801021E-02
3.561821E-08, 1.0130103E+00, 5.792092E-02
3.563384E-08, 1.0119898E+00, 5.781888E-02
3.564946E-08, 1.0110970E+00, 5.775510E-02
3.566509E-08, 1.0102041E+00, 5.769133E-02
3.568071E-08, 1.0094388E+00, 5.765306E-02
3.569634E-08, 1.0088010E+00, 5.765306E-02
3.571196E-08, 1.0085459E+00, 5.770408E-02
3.572759E-08, 1.0080357E+00, 5.776786E-02
3.574321E-08, 1.0077807E+00, 5.789541E-02
3.575884E-08, 1.0076531E+00, 5.804847E-02
3.577446E-08, 1.0076531E+00, 5.826531E-02
3.579009E-08, 1.0076531E+00, 5.848214E-02
3.580571E-08, 1.0079081E+00, 5.872449E-02
3.582134E-08, 1.0085459E+00, 5.899235E-02
3.583696E-08, 1.0094388E+00, 5.927296E-02
3.585259E-08, 1.0104592E+00, 5.954082E-02
3.586821E-08, 1.0117347E+00, 5.980868E-02
3.588384E-08, 1.0132653E+00, 6.006378E-02
3.589946E-08, 1.0150510E+00, 6.033163E-02
3.591509E-08, 1.0165817E+00, 6.054847E-02
3.593071E-08, 1.0179847E+00, 6.073980E-02
3.594634E-08, 1.0193877E+00, 6.088010E-02
3.596196E-08, 1.0207908E+00, 6.098214E-02
3.597759E-08, 1.0216837E+00, 6.096939E-02
3.599321E-08, 1.0228317E+00, 6.088010E-02
3.600884E-08, 1.0237244E+00, 6.071429E-02
3.602446E-08, 1.0247449E+00, 6.047194E-02
3.604009E-08, 1.0253826E+00, 6.012755E-02
3.605571E-08, 1.0258929E+00, 5.973214E-02
3.607134E-08, 1.0262755E+00, 5.927296E-02
3.608696E-08, 1.0264031E+00, 5.878827E-02
3.610259E-08, 1.0260204E+00, 5.823980E-02
3.611821E-08, 1.0255102E+00, 5.766582E-02
3.613384E-08, 1.0248724E+00, 5.707908E-02
3.614946E-08, 1.0242347E+00, 5.650510E-02
3.616509E-08, 1.0233419E+00, 5.590561E-02
3.618071E-08, 1.0224490E+00, 5.535714E-02
3.619634E-08, 1.0215561E+00, 5.485969E-02
3.621196E-08, 1.0206633E+00, 5.445153E-02
3.622759E-08, 1.0195153E+00, 5.410714E-02
3.624321E-08, 1.0183673E+00, 5.386480E-02
3.625884E-08, 1.0172194E+00, 5.373725E-02
3.627446E-08, 1.0160714E+00, 5.373725E-02
3.629009E-08, 1.0146683E+00, 5.381377E-02
3.630571E-08, 1.0135204E+00, 5.400510E-02
3.632134E-08, 1.0125000E+00, 5.429847E-02
3.633696E-08, 1.0117347E+00, 5.469388E-02
3.635259E-08, 1.0108418E+00, 5.515306E-02
3.636821E-08, 1.0102041E+00, 5.568878E-02
3.638384E-08, 1.0096939E+00, 5.628826E-02
3.639946E-08, 1.0094388E+00, 5.695153E-02
3.641509E-08, 1.0090561E+00, 5.760204E-02
3.643071E-08, 1.0088010E+00, 5.827806E-02
3.644634E-08, 1.0086734E+00, 5.894133E-02
3.646196E-08, 1.0086734E+00, 5.957908E-02
3.647759E-08, 1.0086734E+00, 6.012755E-02
3.649321E-08, 1.0088010E+00, 6.062500E-02
3.650884E-08, 1.0090561E+00, 6.103316E-02
3.652446E-08, 1.0094388E+00, 6.135204E-02
3.654009E-08, 1.0095663E+00, 6.155612E-02
3.655571E-08, 1.0098214E+00, 6.167092E-02
3.657134E-08, 1.0099490E+00, 6.167092E-02
3.658696E-08, 1.0100765E+00, 6.158163E-02
3.660259E-08, 1.0098214E+00, 6.135204E-02
3.661821E-08, 1.0095663E+00, 6.104592E-02
3.663384E-08, 1.0093112E+00, 6.063775E-02
3.664946E-08, 1.0091836E+00, 6.016582E-02
3.666509E-08, 1.0088010E+00, 5.960459E-02
3.668071E-08, 1.0085459E+00, 5.901786E-02
3.669634E-08, 1.0082908E+00, 5.841837E-02
3.671196E-08, 1.0081632E+00, 5.781888E-02
3.672759E-08, 1.0077807E+00, 5.721939E-02
3.674321E-08, 1.0075256E+00, 5.667092E-02
3.675884E-08, 1.0073980E+00, 5.617347E-02
3.677446E-08, 1.0072705E+00, 5.576530E-02
3.679009E-08, 1.0071429E+00, 5.540816E-02
3.680571E-08, 1.0071429E+00, 5.515306E-02
3.682134E-08, 1.0073980E+00, 5.498724E-02
3.683696E-08, 1.0079081E+00, 5.492347E-02
3.685259E-08, 1.0082908E+00, 5.494898E-02
3.686821E-08, 1.0088010E+00, 5.507653E-02
3.688384E-08, 1.0094388E+00, 5.529337E-02
3.689946E-08, 1.0102041E+00, 5.559949E-02
3.691509E-08, 1.0107143E+00, 5.596939E-02
3.693071E-08, 1.0113521E+00, 5.639031E-02
3.694634E-08, 1.0119898E+00, 5.686225E-02
3.696196E-08, 1.0128827E+00, 5.737245E-02
3.697759E-08, 1.0133928E+00, 5.786990E-02
3.699321E-08, 1.0141581E+00, 5.836735E-02
3.700884E-08, 1.0149235E+00, 5.883928E-02
3.702446E-08, 1.0158163E+00, 5.931123E-02
3.704009E-08, 1.0164541E+00, 5.970663E-02
3.705571E-08, 1.0170919E+00, 6.007653E-02
3.707134E-08, 1.0177296E+00, 6.038265E-02
3.708696E-08, 1.0183673E+00, 6.065051E-02
3.710259E-08, 1.0186224E+00, 6.082908E-02
3.711821E-08, 1.0190051E+00, 6.095663E-02
3.713384E-08, 1.0191326E+00, 6.102041E-02
3.714946E-08, 1.0195153E+00, 6.103316E-02
3.716509E-08, 1.0195153E+00, 6.095663E-02
3.718071E-08, 1.0196428E+00, 6.084184E-02
3.719634E-08, 1.0197704E+00, 6.068878E-02
3.721196E-08, 1.0201530E+00, 6.051020E-02
3.722759E-08, 1.0201530E+00, 6.028061E-02
3.724321E-08, 1.0204082E+00, 6.005102E-02
3.725884E-08, 1.0206633E+00, 5.983418E-02
3.727446E-08, 1.0210459E+00, 5.961735E-02
3.729009E-08, 1.0211735E+00, 5.940051E-02
3.730571E-08, 1.0215561E+00, 5.920918E-02
3.732134E-08, 1.0219388E+00, 5.903061E-02
3.733696E-08, 1.0225766E+00, 5.890306E-02
3.735259E-08, 1.0228317E+00, 5.876276E-02
3.736821E-08, 1.0233419E+00, 5.867347E-02
3.738384E-08, 1.0237244E+00, 5.859694E-02
3.739946E-08, 1.0242347E+00, 5.857143E-02
3.741509E-08, 1.0244898E+00, 5.853316E-02
3.743071E-08, 1.0248724E+00, 5.853316E-02
3.744634E-08, 1.0251275E+00, 5.854592E-02
3.746196E-08, 1.0255102E+00, 5.858418E-02
3.747759E-08, 1.0256377E+00, 5.860969E-02
3.749321E-08, 1.0256377E+00, 5.864796E-02
3.750884E-08, 1.0255102E+00, 5.868622E-02
3.752446E-08, 1.0253826E+00, 5.873724E-02
3.754009E-08, 1.0248724E+00, 5.876276E-02
3.755571E-08, 1.0242347E+00, 5.877551E-02
3.757134E-08, 1.0234693E+00, 5.877551E-02
3.758696E-08, 1.0227041E+00, 5.875000E-02
3.760259E-08, 1.0216837E+00, 5.868622E-02
3.761821E-08, 1.0207908E+00, 5.860969E-02
3.763384E-08, 1.0200255E+00, 5.850765E-02
3.764946E-08, 1.0192602E+00, 5.839286E-02
3.766509E-08, 1.0183673E+00, 5.825255E-02
3.768071E-08, 1.0176021E+00, 5.812500E-02
3.769634E-08, 1.0167092E+00, 5.798469E-02
3.771196E-08, 1.0160714E+00, 5.785714E-02
3.772759E-08, 1.0151786E+00, 5.769133E-02
3.774321E-08, 1.0146683E+00, 5.752551E-02
3.775884E-08, 1.0141581E+00, 5.735970E-02
3.777446E-08, 1.0141581E+00, 5.718112E-02
3.779009E-08, 1.0140306E+00, 5.698980E-02
3.780571E-08, 1.0144132E+00, 5.681122E-02
3.782134E-08, 1.0149235E+00, 5.664541E-02
3.783696E-08, 1.0156888E+00, 5.649235E-02
3.785259E-08, 1.0163265E+00, 5.633929E-02
3.786821E-08, 1.0170919E+00, 5.621174E-02
3.788384E-08, 1.0179847E+00, 5.609694E-02
3.789946E-08, 1.0190051E+00, 5.600765E-02
3.791509E-08, 1.0198979E+00, 5.589286E-02
3.793071E-08, 1.0207908E+00, 5.580357E-02
3.794634E-08, 1.0216837E+00, 5.571429E-02
3.796196E-08, 1.0228317E+00, 5.563775E-02
3.797759E-08, 1.0235969E+00, 5.556123E-02
3.799321E-08, 1.0246173E+00, 5.549745E-02
3.800884E-08, 1.0255102E+00, 5.545918E-02
3.802446E-08, 1.0265306E+00, 5.545918E-02
3.804009E-08, 1.0272959E+00, 5.544643E-02
3.805571E-08, 1.0279337E+00, 5.547194E-02
3.807134E-08, 1.0285715E+00, 5.552296E-02
3.808696E-08, 1.0292091E+00, 5.559949E-02
3.810259E-08, 1.0294642E+00, 5.568878E-02
3.811821E-08, 1.0297194E+00, 5.580357E-02
3.813384E-08, 1.0298469E+00, 5.593112E-02
3.814946E-08, 1.0302296E+00, 5.609694E-02
3.816509E-08, 1.0303571E+00, 5.626275E-02
3.818071E-08, 1.0306122E+00, 5.645408E-02
3.819634E-08, 1.0308673E+00, 5.664541E-02
3.821196E-08, 1.0312500E+00, 5.688775E-02
3.822759E-08, 1.0312500E+00, 5.710459E-02
3.824321E-08, 1.0313776E+00, 5.735970E-02
3.825884E-08, 1.0313776E+00, 5.761480E-02
3.827446E-08, 1.0313776E+00, 5.788265E-02
3.829009E-08, 1.0311224E+00, 5.811225E-02
3.830571E-08, 1.0309949E+00, 5.835459E-02
3.832134E-08, 1.0308673E+00, 5.855867E-02
3.833696E-08, 1.0309949E+00, 5.876276E-02
3.835259E-08, 1.0307398E+00, 5.891582E-02
3.836821E-08, 1.0306122E+00, 5.905612E-02
3.838384E-08, 1.0303571E+00, 5.918367E-02
3.839946E-08, 1.0301020E+00, 5.931123E-02
3.841509E-08, 1.0294642E+00, 5.937500E-02
3.843071E-08, 1.0286989E+00, 5.942602E-02
3.844634E-08, 1.0280613E+00, 5.945153E-02
3.846196E-08, 1.0274235E+00, 5.943878E-02
3.847759E-08, 1.0266582E+00, 5.937500E-02
3.849321E-08, 1.0260204E+00, 5.928572E-02
3.850884E-08, 1.0253826E+00, 5.918367E-02
3.852446E-08, 1.0250000E+00, 5.908163E-02
3.854009E-08, 1.0242347E+00, 5.895408E-02
3.855571E-08, 1.0237244E+00, 5.882653E-02
3.857134E-08, 1.0230868E+00, 5.869898E-02
3.858696E-08, 1.0227041E+00, 5.857143E-02
3.860259E-08, 1.0221939E+00, 5.841837E-02
3.861821E-08, 1.0220664E+00, 5.827806E-02
3.863384E-08, 1.0221939E+00, 5.812500E-02
3.864946E-08, 1.0227041E+00, 5.799745E-02
3.866509E-08, 1.0232143E+00, 5.785714E-02
3.868071E-08, 1.0239795E+00, 5.774235E-02
3.869634E-08, 1.0248724E+00, 5.765306E-02
3.871196E-08, 1.0258929E+00, 5.760204E-02
3.872759E-08, 1.0269133E+00, 5.755102E-02
3.874321E-08, 1.0280613E+00, 5.751276E-02
3.875884E-08, 1.0293367E+00, 5.750000E-02
3.877446E-08, 1.0307398E+00, 5.750000E-02
3.879009E-08, 1.0318878E+00, 5.748725E-02
3.880571E-08, 1.0331633E+00, 5.750000E-02
3.882134E-08, 1.0343112E+00, 5.751276E-02
3.883696E-08, 1.0354592E+00, 5.756377E-02
3.885259E-08, 1.0359694E+00, 5.758929E-02
3.886821E-08, 1.0363520E+00, 5.764031E-02
3.888384E-08, 1.0366071E+00, 5.769133E-02
3.889946E-08, 1.0367347E+00, 5.772959E-02
3.891509E-08, 1.0364796E+00, 5.775510E-02
3.893071E-08, 1.0363520E+00, 5.776786E-02
3.894634E-08, 1.0359694E+00, 5.778061E-02
3.896196E-08, 1.0357143E+00, 5.781888E-02
3.897759E-08, 1.0348214E+00, 5.783163E-02
3.899321E-08, 1.0338011E+00, 5.786990E-02
3.900884E-08, 1.0325255E+00, 5.790816E-02
3.902446E-08, 1.0311224E+00, 5.795918E-02
3.904009E-08, 1.0293367E+00, 5.798469E-02
3.905571E-08, 1.0276786E+00, 5.799745E-02
3.907134E-08, 1.0262755E+00, 5.799745E-02
3.908696E-08, 1.0251275E+00, 5.798469E-02
3.910259E-08, 1.0239795E+00, 5.793367E-02
3.911821E-08, 1.0233419E+00, 5.789541E-02
3.913384E-08, 1.0228317E+00, 5.786990E-02
3.914946E-08, 1.0225766E+00, 5.786990E-02
3.916509E-08, 1.0221939E+00, 5.785714E-02
3.918071E-08, 1.0219388E+00, 5.786990E-02
3.919634E-08, 1.0218112E+00, 5.788265E-02
3.921196E-08, 1.0218112E+00, 5.789541E-02
3.922759E-08, 1.0216837E+00, 5.788265E-02
3.924321E-08, 1.0218112E+00, 5.784439E-02
3.925884E-08, 1.0220664E+00, 5.779337E-02
3.927446E-08, 1.0227041E+00, 5.774235E-02
3.929009E-08, 1.0232143E+00, 5.766582E-02
3.930571E-08, 1.0237244E+00, 5.758929E-02
3.932134E-08, 1.0242347E+00, 5.752551E-02
3.933696E-08, 1.0247449E+00, 5.747449E-02
3.935259E-08, 1.0248724E+00, 5.741071E-02
3.936821E-08, 1.0248724E+00, 5.734694E-02
3.938384E-08, 1.0246173E+00, 5.728316E-02
3.939946E-08, 1.0244898E+00, 5.723214E-02
3.941509E-08, 1.0239795E+00, 5.714286E-02
3.943071E-08, 1.0235969E+00, 5.706633E-02
3.944634E-08, 1.0230868E+00, 5.697704E-02
3.946196E-08, 1.0227041E+00, 5.691326E-02
3.947759E-08, 1.0220664E+00, 5.683674E-02
3.949321E-08, 1.0213010E+00, 5.679847E-02
3.950884E-08, 1.0205357E+00, 5.676020E-02
3.952446E-08, 1.0198979E+00, 5.674745E-02
3.954009E-08, 1.0190051E+00, 5.670919E-02
3.955571E-08, 1.0183673E+00, 5.669643E-02
3.957134E-08, 1.0178572E+00, 5.667092E-02
3.958696E-08, 1.0177296E+00, 5.667092E-02
3.960259E-08, 1.0174745E+00, 5.664541E-02
3.961821E-08, 1.0177296E+00, 5.664541E-02
3.963384E-08, 1.0179847E+00, 5.664541E-02
3.964946E-08, 1.0184948E+00, 5.668367E-02
3.966509E-08, 1.0188775E+00, 5.669643E-02
3.968071E-08, 1.0192602E+00, 5.672194E-02
3.969634E-08, 1.0198979E+00, 5.674745E-02
3.971196E-08, 1.0205357E+00, 5.677296E-02
3.972759E-08, 1.0211735E+00, 5.676020E-02
3.974321E-08, 1.0219388E+00, 5.676020E-02
3.975884E-08, 1.0227041E+00, 5.673469E-02
3.977446E-08, 1.0237244E+00, 5.672194E-02
3.979009E-08, 1.0246173E+00, 5.667092E-02
3.980571E-08, 1.0255102E+00, 5.663265E-02
3.982134E-08, 1.0264031E+00, 5.659439E-02
3.983696E-08, 1.0272959E+00, 5.658163E-02
3.985259E-08, 1.0279337E+00, 5.654337E-02
3.986821E-08, 1.0284439E+00, 5.651786E-02
3.988384E-08, 1.0289540E+00, 5.650510E-02
3.989946E-08, 1.0292091E+00, 5.651786E-02
3.991509E-08, 1.0292091E+00, 5.650510E-02
3.993071E-08, 1.0290816E+00, 5.651786E-02
3.994634E-08, 1.0289540E+00, 5.654337E-02
3.996196E-08, 1.0286989E+00, 5.659439E-02
3.997759E-08, 1.0283164E+00, 5.661990E-02
3.999321E-08, 1.0279337E+00, 5.667092E-02
4.000884E-08, 1.0276786E+00, 5.673469E-02
4.002446E-08, 1.0276786E+00, 5.682398E-02
4.004009E-08, 1.0272959E+00, 5.691326E-02
4.005571E-08, 1.0271684E+00, 5.704082E-02
4.007134E-08, 1.0270408E+00, 5.718112E-02
4.008696E-08, 1.0270408E+00, 5.734694E-02
4.010259E-08, 1.0267857E+00, 5.750000E-02
4.011821E-08, 1.0266582E+00, 5.766582E-02
4.013384E-08, 1.0264031E+00, 5.783163E-02
4.014946E-08, 1.0264031E+00, 5.798469E-02
4.016509E-08, 1.0262755E+00, 5.811225E-02
4.018071E-08, 1.0262755E+00, 5.823980E-02
4.019634E-08, 1.0264031E+00, 5.834184E-02
4.021196E-08, 1.0265306E+00, 5.843112E-02
4.022759E-08, 1.0265306E+00, 5.848214E-02
4.024321E-08, 1.0265306E+00, 5.852041E-02
4.025884E-08, 1.0264031E+00, 5.854592E-02
4.027446E-08, 1.0261480E+00, 5.857143E-02
4.029009E-08, 1.0255102E+00, 5.853316E-02
4.030571E-08, 1.0248724E+00, 5.849490E-02
4.032134E-08, 1.0241071E+00, 5.841837E-02
4.033696E-08, 1.0233419E+00, 5.832908E-02
4.035259E-08, 1.0223215E+00, 5.818877E-02
4.036821E-08, 1.0214286E+00, 5.803571E-02
4.038384E-08, 1.0205357E+00, 5.788265E-02
4.039946E-08, 1.0197704E+00, 5.772959E-02
4.041509E-08, 1.0187500E+00, 5.757653E-02
4.043071E-08, 1.0177296E+00, 5.744898E-02
4.044634E-08, 1.0167092E+00, 5.733418E-02
4.046196E-08, 1.0158163E+00, 5.725765E-02
4.047759E-08, 1.0146683E+00, 5.718112E-02
4.049321E-08, 1.0137755E+00, 5.713010E-02
4.050884E-08, 1.0128827E+00, 5.710459E-02
4.052446E-08, 1.0122449E+00, 5.713010E-02
4.054009E-08, 1.0114796E+00, 5.715561E-02
4.055571E-08, 1.0109694E+00, 5.721939E-02
4.057134E-08, 1.0104592E+00, 5.730867E-02
4.058696E-08, 1.0100765E+00, 5.744898E-02
4.060259E-08, 1.0095663E+00, 5.758929E-02
4.061821E-08, 1.0091836E+00, 5.776786E-02
4.063384E-08, 1.0088010E+00, 5.794643E-02
4.064946E-08, 1.0085459E+00, 5.813776E-02
4.066509E-08, 1.0082908E+00, 5.830357E-02
4.068071E-08, 1.0081632E+00, 5.846939E-02
4.069634E-08, 1.0081632E+00, 5.863521E-02
4.071196E-08, 1.0081632E+00, 5.878827E-02
4.072759E-08, 1.0080357E+00, 5.891582E-02
4.074321E-08, 1.0079081E+00, 5.901786E-02
4.075884E-08, 1.0077807E+00, 5.910714E-02
4.077446E-08, 1.0076531E+00, 5.917092E-02
4.079009E-08, 1.0073980E+00, 5.917092E-02
4.080571E-08, 1.0071429E+00, 5.914541E-02
4.082134E-08, 1.0070153E+00, 5.908163E-02
4.083696E-08, 1.0071429E+00, 5.899235E-02
4.085259E-08, 1.0071429E+00, 5.885204E-02
4.086821E-08, 1.0073980E+00, 5.869898E-02
4.088384E-08, 1.0076531E+00, 5.853316E-02
4.089946E-08, 1.0081632E+00, 5.836735E-02
4.091509E-08, 1.0084183E+00, 5.818877E-02
4.093071E-08, 1.0088010E+00, 5.801021E-02
4.094634E-08, 1.0093112E+00, 5.783163E-02
4.096196E-08, 1.0100765E+00, 5.767857E-02
4.097759E-08, 1.0108418E+00, 5.750000E-02
4.099321E-08, 1.0118623E+00, 5.735970E-02
4.100884E-08, 1.0130103E+00, 5.724490E-02
4.102446E-08, 1.0145408E+00, 5.716837E-02
4.104009E-08, 1.0159439E+00, 5.710459E-02
4.105571E-08, 1.0174745E+00, 5.711735E-02
4.107134E-08, 1.0188775E+00, 5.716837E-02
4.108696E-08, 1.0202806E+00, 5.728316E-02
4.110259E-08, 1.0214286E+00, 5.741071E-02
4.111821E-08, 1.0224490E+00, 5.758929E-02
4.113384E-08, 1.0232143E+00, 5.779337E-02
4.114946E-08, 1.0241071E+00, 5.803571E-02
4.116509E-08, 1.0246173E+00, 5.826531E-02
4.118071E-08, 1.0251275E+00, 5.850765E-02
4.119634E-08, 1.0253826E+00, 5.877551E-02
4.121196E-08, 1.0256377E+00, 5.905612E-02
4.122759E-08, 1.0252551E+00, 5.932398E-02
4.124321E-08, 1.0247449E+00, 5.960459E-02
4.125884E-08, 1.0239795E+00, 5.985969E-02
4.127446E-08, 1.0229592E+00, 6.012755E-02
4.129009E-08, 1.0216837E+00, 6.031888E-02
4.130571E-08, 1.0202806E+00, 6.048469E-02
4.132134E-08, 1.0190051E+00, 6.061225E-02
4.133696E-08, 1.0179847E+00, 6.070153E-02
4.135259E-08, 1.0167092E+00, 6.072704E-02
4.136821E-08, 1.0154337E+00, 6.073980E-02
4.138384E-08, 1.0142857E+00, 6.070153E-02
4.139946E-08, 1.0132653E+00, 6.066326E-02
4.141509E-08, 1.0121174E+00, 6.056122E-02
4.143071E-08, 1.0112245E+00, 6.043367E-02
4.144634E-08, 1.0104592E+00, 6.026786E-02
4.146196E-08, 1.0102041E+00, 6.007653E-02
4.147759E-08, 1.0102041E+00, 5.983418E-02
4.149321E-08, 1.0105867E+00, 5.957908E-02
4.150884E-08, 1.0113521E+00, 5.931123E-02
4.152446E-08, 1.0125000E+00, 5.906888E-02
4.154009E-08, 1.0136479E+00, 5.882653E-02
4.155571E-08, 1.0149235E+00, 5.859694E-02
4.157134E-08, 1.0163265E+00, 5.840561E-02
4.158696E-08, 1.0177296E+00, 5.823980E-02
4.160259E-08, 1.0191326E+00, 5.806122E-02
4.161821E-08, 1.0206633E+00, 5.790816E-02
4.163384E-08, 1.0221939E+00, 5.778061E-02
4.164946E-08, 1.0239795E+00, 5.769133E-02
4.166509E-08, 1.0252551E+00, 5.760204E-02
4.168071E-08, 1.0266582E+00, 5.756377E-02
4.169634E-08, 1.0276786E+00, 5.756377E-02
4.171196E-08, 1.0285715E+00, 5.761480E-02
4.172759E-08, 1.0289540E+00, 5.766582E-02
4.174321E-08, 1.0290816E+00, 5.774235E-02
4.175884E-08, 1.0289540E+00, 5.783163E-02
4.177446E-08, 1.0288265E+00, 5.793367E-02
4.179009E-08, 1.0281888E+00, 5.802296E-02
4.180571E-08, 1.0274235E+00, 5.811225E-02
4.182134E-08, 1.0266582E+00, 5.821428E-02
4.183696E-08, 1.0256377E+00, 5.831633E-02
4.185259E-08, 1.0243622E+00, 5.839286E-02
4.186821E-08, 1.0229592E+00, 5.848214E-02
4.188384E-08, 1.0214286E+00, 5.855867E-02
4.189946E-08, 1.0198979E+00, 5.862245E-02
4.191509E-08, 1.0181123E+00, 5.863521E-02
4.193071E-08, 1.0164541E+00, 5.864796E-02
4.194634E-08, 1.0147959E+00, 5.862245E-02
4.196196E-08, 1.0133928E+00, 5.858418E-02
4.197759E-08, 1.0118623E+00, 5.850765E-02
4.199321E-08, 1.0105867E+00, 5.843112E-02
4.200884E-08, 1.0095663E+00, 5.834184E-02
4.202446E-08, 1.0088010E+00, 5.826531E-02
4.204009E-08, 1.0079081E+00, 5.816327E-02
4.205571E-08, 1.0075256E+00, 5.807398E-02
4.207134E-08, 1.0072705E+00, 5.799745E-02
4.208696E-08, 1.0072705E+00, 5.795918E-02
4.210259E-08, 1.0073980E+00, 5.790816E-02
4.211821E-08, 1.0076531E+00, 5.790816E-02
4.213384E-08, 1.0079081E+00, 5.793367E-02
4.214946E-08, 1.0082908E+00, 5.801021E-02
4.216509E-08, 1.0085459E+00, 5.809949E-02
4.218071E-08, 1.0088010E+00, 5.822704E-02
4.219634E-08, 1.0091836E+00, 5.838010E-02
4.221196E-08, 1.0096939E+00, 5.855867E-02
4.222759E-08, 1.0099490E+00, 5.873724E-02
4.224321E-08, 1.0104592E+00, 5.891582E-02
4.225884E-08, 1.0109694E+00, 5.911990E-02
4.227446E-08, 1.0116072E+00, 5.933673E-02
4.229009E-08, 1.0118623E+00, 5.952806E-02
4.230571E-08, 1.0122449E+00, 5.973214E-02
4.232134E-08, 1.0125000E+00, 5.992347E-02
4.233696E-08, 1.0128827E+00, 6.008929E-02
4.235259E-08, 1.0130103E+00, 6.020408E-02
4.236821E-08, 1.0133928E+00, 6.028061E-02
4.238384E-08, 1.0137755E+00, 6.030612E-02
4.239946E-08, 1.0145408E+00, 6.030612E-02
4.241509E-08, 1.0149235E+00, 6.022959E-02
4.243071E-08, 1.0155612E+00, 6.011480E-02
4.244634E-08, 1.0161990E+00, 5.996174E-02
4.246196E-08, 1.0169643E+00, 5.979592E-02
4.247759E-08, 1.0173470E+00, 5.955357E-02
4.249321E-08, 1.0178572E+00, 5.929847E-02
4.250884E-08, 1.0183673E+00, 5.901786E-02
4.252446E-08, 1.0190051E+00, 5.869898E-02
4.254009E-08, 1.0195153E+00, 5.835459E-02
4.255571E-08, 1.0201530E+00, 5.801021E-02
4.257134E-08, 1.0207908E+00, 5.766582E-02
4.258696E-08, 1.0214286E+00, 5.735970E-02
4.260259E-08, 1.0216837E+00, 5.705357E-02
4.261821E-08, 1.0220664E+00, 5.681122E-02
4.263384E-08, 1.0220664E+00, 5.660714E-02
4.264946E-08, 1.0221939E+00, 5.645408E-02
4.266509E-08, 1.0218112E+00, 5.632653E-02
4.268071E-08, 1.0215561E+00, 5.625000E-02
4.269634E-08, 1.0211735E+00, 5.622449E-02
4.271196E-08, 1.0209184E+00, 5.625000E-02
4.272759E-08, 1.0204082E+00, 5.631378E-02
4.274321E-08, 1.0200255E+00, 5.644133E-02
4.275884E-08, 1.0193877E+00, 5.661990E-02
4.277446E-08, 1.0188775E+00, 5.684949E-02
4.279009E-08, 1.0179847E+00, 5.709184E-02
4.280571E-08, 1.0169643E+00, 5.737245E-02
4.282134E-08, 1.0160714E+00, 5.766582E-02
4.283696E-08, 1.0151786E+00, 5.797194E-02
4.285259E-08, 1.0141581E+00, 5.822704E-02
4.286821E-08, 1.0135204E+00, 5.848214E-02
4.288384E-08, 1.0130103E+00, 5.869898E-02
4.289946E-08, 1.0127552E+00, 5.891582E-02
4.291509E-08, 1.0123725E+00, 5.908163E-02
4.293071E-08, 1.0122449E+00, 5.923469E-02
4.294634E-08, 1.0122449E+00, 5.934949E-02
4.296196E-08, 1.0125000E+00, 5.945153E-02
4.297759E-08, 1.0126276E+00, 5.947704E-02
4.299321E-08, 1.0131377E+00, 5.948979E-02
4.300884E-08, 1.0137755E+00, 5.945153E-02
4.302446E-08, 1.0146683E+00, 5.938775E-02
4.304009E-08, 1.0154337E+00, 5.928572E-02
4.305571E-08, 1.0165817E+00, 5.918367E-02
4.307134E-08, 1.0176021E+00, 5.906888E-02
4.308696E-08, 1.0187500E+00, 5.896684E-02
4.310259E-08, 1.0196428E+00, 5.885204E-02
4.311821E-08, 1.0204082E+00, 5.875000E-02
4.313384E-08, 1.0211735E+00, 5.864796E-02
4.314946E-08, 1.0220664E+00, 5.855867E-02
4.316509E-08, 1.0227041E+00, 5.845663E-02
4.318071E-08, 1.0234693E+00, 5.836735E-02
4.319634E-08, 1.0242347E+00, 5.830357E-02
4.321196E-08, 1.0250000E+00, 5.827806E-02
4.322759E-08, 1.0255102E+00, 5.825255E-02
4.324321E-08, 1.0260204E+00, 5.826531E-02
4.325884E-08, 1.0264031E+00, 5.830357E-02
4.327446E-08, 1.0267857E+00, 5.836735E-02
4.329009E-08, 1.0267857E+00, 5.843112E-02
4.330571E-08, 1.0267857E+00, 5.850765E-02
4.332134E-08, 1.0269133E+00, 5.858418E-02
4.333696E-08, 1.0270408E+00, 5.867347E-02
4.335259E-08, 1.0270408E+00, 5.872449E-02
4.336821E-08, 1.0271684E+00, 5.880102E-02
4.338384E-08, 1.0272959E+00, 5.887755E-02
4.339946E-08, 1.0274235E+00, 5.895408E-02
4.341509E-08, 1.0272959E+00, 5.899235E-02
4.343071E-08, 1.0272959E+00, 5.903061E-02
4.344634E-08, 1.0272959E+00, 5.906888E-02
4.346196E-08, 1.0272959E+00, 5.908163E-02
4.347759E-08, 1.0271684E+00, 5.906888E-02
4.349321E-08, 1.0271684E+00, 5.904337E-02
4.350884E-08, 1.0271684E+00, 5.901786E-02
4.352446E-08, 1.0275511E+00, 5.897959E-02
4.354009E-08, 1.0275511E+00, 5.892857E-02
4.355571E-08, 1.0278062E+00, 5.889031E-02
4.357134E-08, 1.0280613E+00, 5.885204E-02
4.358696E-08, 1.0284439E+00, 5.882653E-02
4.360259E-08, 1.0284439E+00, 5.878827E-02
4.361821E-08, 1.0286989E+00, 5.877551E-02
4.363384E-08, 1.0288265E+00, 5.877551E-02
4.364946E-08, 1.0290816E+00, 5.880102E-02
4.366509E-08, 1.0290816E+00, 5.880102E-02
4.368071E-08, 1.0292091E+00, 5.883928E-02
4.369634E-08, 1.0292091E+00, 5.887755E-02
4.371196E-08, 1.0293367E+00, 5.895408E-02
4.372759E-08, 1.0292091E+00, 5.900510E-02
4.374321E-08, 1.0292091E+00, 5.908163E-02
4.375884E-08, 1.0290816E+00, 5.917092E-02
4.377446E-08, 1.0290816E+00, 5.926020E-02
4.379009E-08, 1.0288265E+00, 5.933673E-02
4.380571E-08, 1.0286989E+00, 5.942602E-02
4.382134E-08, 1.0285715E+00, 5.950255E-02
4.383696E-08, 1.0284439E+00, 5.960459E-02
4.385259E-08, 1.0281888E+00, 5.965561E-02
4.386821E-08, 1.0278062E+00, 5.973214E-02
4.388384E-08, 1.0275511E+00, 5.978316E-02
4.389946E-08, 1.0272959E+00, 5.983418E-02
4.391509E-08, 1.0267857E+00, 5.984694E-02
4.393071E-08, 1.0264031E+00, 5.984694E-02
4.394634E-08, 1.0261480E+00, 5.982143E-02
4.396196E-08, 1.0260204E+00, 5.979592E-02
4.397759E-08, 1.0256377E+00, 5.973214E-02
4.399321E-08, 1.0255102E+00, 5.965561E-02
4.400884E-08, 1.0255102E+00, 5.956633E-02
4.402446E-08, 1.0255102E+00, 5.948979E-02
4.404009E-08, 1.0255102E+00, 5.937500E-02
4.405571E-08, 1.0255102E+00, 5.928572E-02
4.407134E-08, 1.0255102E+00, 5.917092E-02
4.408696E-08, 1.0256377E+00, 5.908163E-02
4.410259E-08, 1.0253826E+00, 5.896684E-02
4.411821E-08, 1.0253826E+00, 5.886479E-02
4.413384E-08, 1.0253826E+00, 5.876276E-02
4.414946E-08, 1.0253826E+00, 5.867347E-02
4.416509E-08, 1.0252551E+00, 5.857143E-02
4.418071E-08, 1.0252551E+00, 5.849490E-02
4.419634E-08, 1.0252551E+00, 5.843112E-02
4.421196E-08, 1.0252551E+00, 5.840561E-02
4.422759E-08, 1.0248724E+00, 5.836735E-02
4.424321E-08, 1.0244898E+00, 5.838010E-02
4.425884E-08, 1.0239795E+00, 5.840561E-02
4.427446E-08, 1.0234693E+00, 5.846939E-02
4.429009E-08, 1.0224490E+00, 5.852041E-02
4.430571E-08, 1.0215561E+00, 5.860969E-02
4.432134E-08, 1.0206633E+00, 5.871173E-02
4.433696E-08, 1.0197704E+00, 5.883928E-02
4.435259E-08, 1.0187500E+00, 5.896684E-02
4.436821E-08, 1.0177296E+00, 5.913265E-02
4.438384E-08, 1.0167092E+00, 5.931123E-02
4.439946E-08, 1.0158163E+00, 5.951530E-02
4.441509E-08, 1.0145408E+00, 5.971939E-02
4.443071E-08, 1.0133928E+00, 5.994898E-02
4.444634E-08, 1.0122449E+00, 6.017857E-02
4.446196E-08, 1.0112245E+00, 6.043367E-02
4.447759E-08, 1.0099490E+00, 6.066326E-02
4.449321E-08, 1.0088010E+00, 6.089286E-02
4.450884E-08, 1.0077807E+00, 6.110970E-02
4.452446E-08, 1.0070153E+00, 6.132653E-02
4.454009E-08, 1.0061225E+00, 6.149235E-02
4.455571E-08, 1.0056123E+00, 6.164541E-02
4.457134E-08, 1.0052296E+00, 6.177296E-02
4.458696E-08, 1.0052296E+00, 6.188776E-02
4.460259E-08, 1.0049745E+00, 6.195153E-02
4.461821E-08, 1.0049745E+00, 6.200255E-02
4.463384E-08, 1.0051020E+00, 6.201531E-02
4.464946E-08, 1.0054847E+00, 6.200255E-02
4.466509E-08, 1.0056123E+00, 6.192602E-02
4.468071E-08, 1.0061225E+00, 6.182398E-02
4.469634E-08, 1.0066327E+00, 6.168367E-02
4.471196E-08, 1.0076531E+00, 6.150510E-02
4.472759E-08, 1.0084183E+00, 6.127551E-02
4.474321E-08, 1.0095663E+00, 6.102041E-02
4.475884E-08, 1.0107143E+00, 6.076531E-02
4.477446E-08, 1.0119898E+00, 6.049745E-02
4.479009E-08, 1.0131377E+00, 6.020408E-02
4.480571E-08, 1.0142857E+00, 5.991071E-02
4.482134E-08, 1.0155612E+00, 5.963010E-02
4.483696E-08, 1.0168368E+00, 5.936224E-02
4.485259E-08, 1.0178572E+00, 5.906888E-02
4.486821E-08, 1.0190051E+00, 5.881378E-02
4.488384E-08, 1.0201530E+00, 5.857143E-02
4.489946E-08, 1.0214286E+00, 5.836735E-02
4.491509E-08, 1.0223215E+00, 5.817602E-02
4.493071E-08, 1.0232143E+00, 5.802296E-02
4.494634E-08, 1.0239795E+00, 5.792092E-02
4.496196E-08, 1.0247449E+00, 5.786990E-02
4.497759E-08, 1.0250000E+00, 5.781888E-02
4.499321E-08, 1.0253826E+00, 5.781888E-02
4.500884E-08, 1.0256377E+00, 5.784439E-02
4.502446E-08, 1.0257653E+00, 5.790816E-02
4.504009E-08, 1.0256377E+00, 5.798469E-02
4.505571E-08, 1.0255102E+00, 5.809949E-02
4.507134E-08, 1.0252551E+00, 5.822704E-02
4.508696E-08, 1.0248724E+00, 5.839286E-02
4.510259E-08, 1.0241071E+00, 5.854592E-02
4.511821E-08, 1.0233419E+00, 5.869898E-02
4.513384E-08, 1.0223215E+00, 5.885204E-02
4.514946E-08, 1.0215561E+00, 5.900510E-02
4.516509E-08, 1.0204082E+00, 5.909439E-02
4.518071E-08, 1.0193877E+00, 5.918367E-02
4.519634E-08, 1.0183673E+00, 5.924745E-02
4.521196E-08, 1.0176021E+00, 5.928572E-02
4.522759E-08, 1.0167092E+00, 5.926020E-02
4.524321E-08, 1.0160714E+00, 5.923469E-02
4.525884E-08, 1.0155612E+00, 5.917092E-02
4.527446E-08, 1.0154337E+00, 5.910714E-02
4.529009E-08, 1.0150510E+00, 5.899235E-02
4.530571E-08, 1.0149235E+00, 5.886479E-02
4.532134E-08, 1.0147959E+00, 5.872449E-02
4.533696E-08, 1.0147959E+00, 5.857143E-02
4.535259E-08, 1.0145408E+00, 5.839286E-02
4.536821E-08, 1.0144132E+00, 5.821428E-02
4.538384E-08, 1.0141581E+00, 5.801021E-02
4.539946E-08, 1.0141581E+00, 5.781888E-02
4.541509E-08, 1.0140306E+00, 5.758929E-02
4.543071E-08, 1.0140306E+00, 5.737245E-02
4.544634E-08, 1.0142857E+00, 5.716837E-02
4.546196E-08, 1.0145408E+00, 5.698980E-02
4.547759E-08, 1.0146683E+00, 5.682398E-02
4.549321E-08, 1.0147959E+00, 5.669643E-02
4.550884E-08, 1.0147959E+00, 5.659439E-02
4.552446E-08, 1.0149235E+00, 5.655612E-02
4.554009E-08, 1.0146683E+00, 5.651786E-02
4.555571E-08, 1.0145408E+00, 5.651786E-02
4.557134E-08, 1.0145408E+00, 5.654337E-02
4.558696E-08, 1.0147959E+00, 5.659439E-02
4.560259E-08, 1.0149235E+00, 5.665816E-02
4.561821E-08, 1.0153061E+00, 5.676020E-02
4.563384E-08, 1.0156888E+00, 5.688775E-02
4.564946E-08, 1.0161990E+00, 5.705357E-02
4.566509E-08, 1.0164541E+00, 5.721939E-02
4.568071E-08, 1.0167092E+00, 5.742347E-02
4.569634E-08, 1.0170919E+00, 5.762755E-02
4.571196E-08, 1.0174745E+00, 5.784439E-02
4.572759E-08, 1.0178572E+00, 5.802296E-02
4.574321E-08, 1.0184948E+00, 5.820153E-02
4.575884E-08, 1.0192602E+00, 5.836735E-02
4.577446E-08, 1.0204082E+00, 5.853316E-02
4.579009E-08, 1.0215561E+00, 5.864796E-02
4.580571E-08, 1.0228317E+00, 5.878827E-02
4.582134E-08, 1.0242347E+00, 5.891582E-02
4.583696E-08, 1.0255102E+00, 5.905612E-02
4.585259E-08, 1.0265306E+00, 5.917092E-02
4.586821E-08, 1.0274235E+00, 5.928572E-02
4.588384E-08, 1.0281888E+00, 5.940051E-02
4.589946E-08, 1.0288265E+00, 5.948979E-02
4.591509E-08, 1.0290816E+00, 5.954082E-02
4.593071E-08, 1.0293367E+00, 5.959184E-02
4.594634E-08, 1.0295918E+00, 5.961735E-02
4.596196E-08, 1.0297194E+00, 5.964286E-02
4.597759E-08, 1.0295918E+00, 5.964286E-02
4.599321E-08, 1.0293367E+00, 5.966837E-02
4.600884E-08, 1.0288265E+00, 5.970663E-02
4.602446E-08, 1.0281888E+00, 5.977041E-02
4.604009E-08, 1.0270408E+00, 5.980868E-02
4.605571E-08, 1.0257653E+00, 5.987245E-02
4.607134E-08, 1.0243622E+00, 5.993623E-02
4.608696E-08, 1.0228317E+00, 6.001275E-02
4.610259E-08, 1.0211735E+00, 6.006378E-02
4.611821E-08, 1.0196428E+00, 6.011480E-02
4.613384E-08, 1.0182397E+00, 6.017857E-02
4.614946E-08, 1.0169643E+00, 6.024235E-02
4.616509E-08, 1.0158163E+00, 6.029337E-02
4.618071E-08, 1.0147959E+00, 6.035714E-02
4.619634E-08, 1.0139030E+00, 6.042092E-02
4.621196E-08, 1.0133928E+00, 6.049745E-02
4.622759E-08, 1.0127552E+00, 6.054847E-02
4.624321E-08, 1.0123725E+00, 6.058674E-02
4.625884E-08, 1.0122449E+00, 6.061225E-02
4.627446E-08, 1.0123725E+00, 6.063775E-02
4.629009E-08, 1.0125000E+00, 6.061225E-02
4.630571E-08, 1.0131377E+00, 6.058674E-02
4.632134E-08, 1.0139030E+00, 6.052296E-02
4.633696E-08, 1.0150510E+00, 6.045919E-02
4.635259E-08, 1.0161990E+00, 6.035714E-02
4.636821E-08, 1.0174745E+00, 6.025510E-02
4.638384E-08, 1.0190051E+00, 6.012755E-02
4.639946E-08, 1.0206633E+00, 6.001275E-02
4.641509E-08, 1.0220664E+00, 5.987245E-02
4.643071E-08, 1.0235969E+00, 5.974490E-02
4.644634E-08, 1.0250000E+00, 5.960459E-02
4.646196E-08, 1.0265306E+00, 5.948979E-02
4.647759E-08, 1.0278062E+00, 5.934949E-02
4.649321E-08, 1.0290816E+00, 5.922194E-02
4.650884E-08, 1.0301020E+00, 5.911990E-02
4.652446E-08, 1.0311224E+00, 5.904337E-02
4.654009E-08, 1.0316327E+00, 5.895408E-02
4.655571E-08, 1.0320153E+00, 5.890306E-02
4.657134E-08, 1.0321429E+00, 5.887755E-02
4.658696E-08, 1.0322704E+00, 5.887755E-02
4.660259E-08, 1.0317602E+00, 5.886479E-02
4.661821E-08, 1.0313776E+00, 5.889031E-02
4.663384E-08, 1.0308673E+00, 5.892857E-02
4.664946E-08, 1.0303571E+00, 5.897959E-02
4.666509E-08, 1.0297194E+00, 5.903061E-02
4.668071E-08, 1.0290816E+00, 5.910714E-02
4.669634E-08, 1.0284439E+00, 5.918367E-02
4.671196E-08, 1.0280613E+00, 5.928572E-02
4.672759E-08, 1.0272959E+00, 5.936224E-02
4.674321E-08, 1.0265306E+00, 5.946429E-02
4.675884E-08, 1.0257653E+00, 5.955357E-02
4.677446E-08, 1.0252551E+00, 5.964286E-02
4.679009E-08, 1.0243622E+00, 5.969388E-02
4.680571E-08, 1.0237244E+00, 5.973214E-02
4.682134E-08, 1.0233419E+00, 5.973214E-02
4.683696E-08, 1.0230868E+00, 5.971939E-02
4.685259E-08, 1.0228317E+00, 5.964286E-02
4.686821E-08, 1.0228317E+00, 5.955357E-02
4.688384E-08, 1.0228317E+00, 5.942602E-02
4.689946E-08, 1.0230868E+00, 5.929847E-02
4.691509E-08, 1.0230868E+00, 5.913265E-02
4.693071E-08, 1.0232143E+00, 5.895408E-02
4.694634E-08, 1.0233419E+00, 5.875000E-02
4.696196E-08, 1.0238520E+00, 5.853316E-02
4.697759E-08, 1.0241071E+00, 5.827806E-02
4.699321E-08, 1.0246173E+00, 5.801021E-02
4.700884E-08, 1.0252551E+00, 5.775510E-02
4.702446E-08, 1.0260204E+00, 5.750000E-02
4.704009E-08, 1.0264031E+00, 5.723214E-02
4.705571E-08, 1.0269133E+00, 5.700255E-02
4.707134E-08, 1.0271684E+00, 5.678571E-02
4.708696E-08, 1.0275511E+00, 5.660714E-02
4.710259E-08, 1.0275511E+00, 5.641581E-02
4.711821E-08, 1.0275511E+00, 5.625000E-02
4.713384E-08, 1.0275511E+00, 5.609694E-02
4.714946E-08, 1.0276786E+00, 5.596939E-02
4.716509E-08, 1.0275511E+00, 5.584184E-02
4.718071E-08, 1.0272959E+00, 5.575255E-02
4.719634E-08, 1.0270408E+00, 5.568878E-02
4.721196E-08, 1.0266582E+00, 5.567602E-02
4.722759E-08, 1.0260204E+00, 5.566327E-02
4.724321E-08, 1.0253826E+00, 5.567602E-02
4.725884E-08, 1.0248724E+00, 5.571429E-02
4.727446E-08, 1.0243622E+00, 5.579082E-02
4.729009E-08, 1.0238520E+00, 5.584184E-02
4.730571E-08, 1.0233419E+00, 5.593112E-02
4.732134E-08, 1.0229592E+00, 5.604592E-02
4.733696E-08, 1.0225766E+00, 5.621174E-02
4.735259E-08, 1.0218112E+00, 5.636480E-02
4.736821E-08, 1.0211735E+00, 5.655612E-02
4.738384E-08, 1.0205357E+00, 5.677296E-02
4.739946E-08, 1.0198979E+00, 5.700255E-02
4.741509E-08, 1.0192602E+00, 5.721939E-02
4.743071E-08, 1.0187500E+00, 5.743622E-02
4.744634E-08, 1.0184948E+00, 5.766582E-02
4.746196E-08, 1.0184948E+00, 5.792092E-02
4.747759E-08, 1.0182397E+00, 5.817602E-02
4.749321E-08, 1.0181123E+00, 5.844388E-02
4.750884E-08, 1.0181123E+00, 5.873724E-02
4.752446E-08, 1.0181123E+00, 5.905612E-02
4.754009E-08, 1.0178572E+00, 5.934949E-02
4.755571E-08, 1.0178572E+00, 5.965561E-02
4.757134E-08, 1.0179847E+00, 5.993623E-02
4.758696E-08, 1.0183673E+00, 6.021684E-02
4.760259E-08, 1.0186224E+00, 6.045919E-02
4.761821E-08, 1.0191326E+00, 6.070153E-02
4.763384E-08, 1.0195153E+00, 6.091837E-02
4.764946E-08, 1.0201530E+00, 6.112245E-02
4.766509E-08, 1.0205357E+00, 6.128826E-02
4.768071E-08, 1.0209184E+00, 6.144133E-02
4.769634E-08, 1.0213010E+00, 6.154337E-02
4.771196E-08, 1.0218112E+00, 6.163265E-02
4.772759E-08, 1.0220664E+00, 6.164541E-02
4.774321E-08, 1.0223215E+00, 6.163265E-02
4.775884E-08, 1.0225766E+00, 6.158163E-02
4.777446E-08, 1.0229592E+00, 6.149235E-02
4.779009E-08, 1.0229592E+00, 6.135204E-02
4.780571E-08, 1.0229592E+00, 6.117347E-02
4.782134E-08, 1.0228317E+00, 6.096939E-02
4.783696E-08, 1.0227041E+00, 6.073980E-02
4.785259E-08, 1.0221939E+00, 6.045919E-02
4.786821E-08, 1.0216837E+00, 6.017857E-02
4.788384E-08, 1.0211735E+00, 5.988520E-02
4.789946E-08, 1.0205357E+00, 5.959184E-02
4.791509E-08, 1.0196428E+00, 5.927296E-02
4.793071E-08, 1.0187500E+00, 5.897959E-02
4.794634E-08, 1.0178572E+00, 5.868622E-02
4.796196E-08, 1.0172194E+00, 5.841837E-02
4.797759E-08, 1.0163265E+00, 5.815051E-02
4.799321E-08, 1.0156888E+00, 5.792092E-02
4.800884E-08, 1.0150510E+00, 5.772959E-02
4.802446E-08, 1.0145408E+00, 5.758929E-02
4.804009E-08, 1.0137755E+00, 5.746173E-02
4.805571E-08, 1.0131377E+00, 5.739796E-02
4.807134E-08, 1.0125000E+00, 5.737245E-02
4.808696E-08, 1.0119898E+00, 5.738520E-02
4.810259E-08, 1.0113521E+00, 5.741071E-02
4.811821E-08, 1.0110970E+00, 5.746173E-02
4.813384E-08, 1.0109694E+00, 5.753826E-02
4.814946E-08, 1.0112245E+00, 5.764031E-02
4.816509E-08, 1.0113521E+00, 5.774235E-02
4.818071E-08, 1.0117347E+00, 5.788265E-02
4.819634E-08, 1.0123725E+00, 5.804847E-02
4.821196E-08, 1.0131377E+00, 5.823980E-02
4.822759E-08, 1.0137755E+00, 5.841837E-02
4.824321E-08, 1.0146683E+00, 5.860969E-02
4.825884E-08, 1.0155612E+00, 5.881378E-02
4.827446E-08, 1.0167092E+00, 5.900510E-02
4.829009E-08, 1.0177296E+00, 5.917092E-02
4.830571E-08, 1.0188775E+00, 5.934949E-02
4.832134E-08, 1.0200255E+00, 5.950255E-02
4.833696E-08, 1.0211735E+00, 5.966837E-02
4.835259E-08, 1.0220664E+00, 5.979592E-02
4.836821E-08, 1.0229592E+00, 5.993623E-02
4.838384E-08, 1.0238520E+00, 6.005102E-02
4.839946E-08, 1.0247449E+00, 6.016582E-02
4.841509E-08, 1.0253826E+00, 6.025510E-02
4.843071E-08, 1.0260204E+00, 6.033163E-02
4.844634E-08, 1.0267857E+00, 6.040816E-02
4.846196E-08, 1.0276786E+00, 6.049745E-02
4.847759E-08, 1.0281888E+00, 6.056122E-02
4.849321E-08, 1.0286989E+00, 6.063775E-02
4.850884E-08, 1.0290816E+00, 6.072704E-02
4.852446E-08, 1.0294642E+00, 6.084184E-02
4.854009E-08, 1.0294642E+00, 6.091837E-02
4.855571E-08, 1.0294642E+00, 6.102041E-02
4.857134E-08, 1.0292091E+00, 6.109694E-02
4.858696E-08, 1.0290816E+00, 6.118622E-02
4.860259E-08, 1.0286989E+00, 6.125000E-02
4.861821E-08, 1.0283164E+00, 6.130102E-02
4.863384E-08, 1.0278062E+00, 6.135204E-02
4.864946E-08, 1.0275511E+00, 6.140306E-02
4.866509E-08, 1.0270408E+00, 6.141582E-02
4.868071E-08, 1.0266582E+00, 6.141582E-02
4.869634E-08, 1.0264031E+00, 6.141582E-02
4.871196E-08, 1.0262755E+00, 6.140306E-02
4.872759E-08, 1.0260204E+00, 6.133929E-02
4.874321E-08, 1.0258929E+00, 6.127551E-02
4.875884E-08, 1.0258929E+00, 6.119898E-02
4.877446E-08, 1.0261480E+00, 6.112245E-02
4.879009E-08, 1.0260204E+00, 6.099490E-02
4.880571E-08, 1.0261480E+00, 6.086735E-02
4.882134E-08, 1.0262755E+00, 6.072704E-02
4.883696E-08, 1.0265306E+00, 6.056122E-02
4.885259E-08, 1.0266582E+00, 6.036990E-02
4.886821E-08, 1.0267857E+00, 6.015306E-02
4.888384E-08, 1.0271684E+00, 5.993623E-02
4.889946E-08, 1.0276786E+00, 5.970663E-02
4.891509E-08, 1.0280613E+00, 5.943878E-02
4.893071E-08, 1.0286989E+00, 5.918367E-02
4.894634E-08, 1.0294642E+00, 5.894133E-02
4.896196E-08, 1.0304847E+00, 5.872449E-02
4.897759E-08, 1.0311224E+00, 5.849490E-02
4.899321E-08, 1.0320153E+00, 5.830357E-02
4.900884E-08, 1.0326531E+00, 5.813776E-02
4.902446E-08, 1.0334184E+00, 5.802296E-02
4.904009E-08, 1.0338011E+00, 5.790816E-02
4.905571E-08, 1.0343112E+00, 5.783163E-02
4.907134E-08, 1.0346938E+00, 5.778061E-02
4.908696E-08, 1.0352041E+00, 5.776786E-02
4.910259E-08, 1.0355867E+00, 5.775510E-02
4.911821E-08, 1.0359694E+00, 5.779337E-02
4.913384E-08, 1.0363520E+00, 5.786990E-02
4.914946E-08, 1.0367347E+00, 5.798469E-02
4.916509E-08, 1.0366071E+00, 5.812500E-02
4.918071E-08, 1.0364796E+00, 5.830357E-02
4.919634E-08, 1.0362245E+00, 5.852041E-02
4.921196E-08, 1.0359694E+00, 5.875000E-02
4.922759E-08, 1.0353316E+00, 5.896684E-02
4.924321E-08, 1.0348214E+00, 5.918367E-02
4.925884E-08, 1.0344387E+00, 5.938775E-02
4.927446E-08, 1.0341836E+00, 5.960459E-02
4.929009E-08, 1.0339285E+00, 5.977041E-02
4.930571E-08, 1.0336735E+00, 5.993623E-02
4.932134E-08, 1.0335460E+00, 6.008929E-02
4.933696E-08, 1.0335460E+00, 6.022959E-02
4.935259E-08, 1.0332909E+00, 6.033163E-02
4.936821E-08, 1.0331633E+00, 6.042092E-02
4.938384E-08, 1.0329082E+00, 6.047194E-02
4.939946E-08, 1.0326531E+00, 6.048469E-02
4.941509E-08, 1.0322704E+00, 6.043367E-02
4.943071E-08, 1.0320153E+00, 6.035714E-02
4.944634E-08, 1.0316327E+00, 6.022959E-02
4.946196E-08, 1.0313776E+00, 6.008929E-02
4.947759E-08, 1.0307398E+00, 5.988520E-02
4.949321E-08, 1.0302296E+00, 5.966837E-02
4.950884E-08, 1.0294642E+00, 5.943878E-02
4.952446E-08, 1.0286989E+00, 5.920918E-02
4.954009E-08, 1.0274235E+00, 5.895408E-02
4.955571E-08, 1.0261480E+00, 5.871173E-02
4.957134E-08, 1.0246173E+00, 5.846939E-02
4.958696E-08, 1.0230868E+00, 5.826531E-02
4.960259E-08, 1.0211735E+00, 5.804847E-02
4.961821E-08, 1.0192602E+00, 5.788265E-02
4.963384E-08, 1.0172194E+00, 5.772959E-02
4.964946E-08, 1.0151786E+00, 5.764031E-02
4.966509E-08, 1.0128827E+00, 5.757653E-02
4.968071E-08, 1.0107143E+00, 5.755102E-02
4.969634E-08, 1.0084183E+00, 5.758929E-02
4.971196E-08, 1.0063776E+00, 5.767857E-02
4.972759E-08, 1.0040816E+00, 5.778061E-02
4.974321E-08, 1.0021684E+00, 5.792092E-02
4.975884E-08, 1.0003827E+00, 5.809949E-02
4.977446E-08, 9.989796E-01, 5.830357E-02
4.979009E-08, 9.977041E-01, 5.850765E-02
4.980571E-08, 9.969388E-01, 5.873724E-02
4.982134E-08, 9.966837E-01, 5.896684E-02
4.983696E-08, 9.968112E-01, 5.920918E-02
4.985259E-08, 9.971939E-01, 5.942602E-02
4.986821E-08, 9.980868E-01, 5.965561E-02
4.988384E-08, 9.992347E-01, 5.987245E-02
4.989946E-08, 1.0008929E+00, 6.008929E-02
4.991509E-08, 1.0024235E+00, 6.024235E-02
4.993071E-08, 1.0042092E+00, 6.038265E-02
4.994634E-08, 1.0062500E+00, 6.048469E-02
4.996196E-08, 1.0086734E+00, 6.054847E-02
4.997759E-08, 1.0109694E+00, 6.054847E-02
4.999321E-08, 1.0133928E+00, 6.052296E-02
5.000884E-08, 1.0159439E+00, 6.047194E-02
5.002446E-08, 1.0186224E+00, 6.040816E-02
5.004009E-08, 1.0207908E+00, 6.030612E-02
5.005571E-08, 1.0228317E+00, 6.020408E-02
5.007134E-08, 1.0244898E+00, 6.010204E-02
5.008696E-08, 1.0260204E+00, 6.001275E-02
5.010259E-08, 1.0269133E+00, 5.989796E-02
5.011821E-08, 1.0276786E+00, 5.979592E-02
5.013384E-08, 1.0281888E+00, 5.970663E-02
5.014946E-08, 1.0286989E+00, 5.963010E-02
5.016509E-08, 1.0285715E+00, 5.955357E-02
5.018071E-08, 1.0284439E+00, 5.951530E-02
5.019634E-08, 1.0279337E+00, 5.950255E-02
5.021196E-08, 1.0272959E+00, 5.954082E-02
5.022759E-08, 1.0260204E+00, 5.959184E-02
5.024321E-08, 1.0247449E+00, 5.966837E-02
5.025884E-08, 1.0232143E+00, 5.975765E-02
5.027446E-08, 1.0218112E+00, 5.985969E-02
5.029009E-08, 1.0201530E+00, 5.993623E-02
5.030571E-08, 1.0187500E+00, 6.002551E-02
5.032134E-08, 1.0174745E+00, 6.008929E-02
5.033696E-08, 1.0164541E+00, 6.017857E-02
5.035259E-08, 1.0151786E+00, 6.021684E-02
5.036821E-08, 1.0142857E+00, 6.026786E-02
5.038384E-08, 1.0133928E+00, 6.029337E-02
5.039946E-08, 1.0128827E+00, 6.030612E-02
5.041509E-08, 1.0123725E+00, 6.025510E-02
5.043071E-08, 1.0121174E+00, 6.019133E-02
5.044634E-08, 1.0123725E+00, 6.007653E-02
5.046196E-08, 1.0128827E+00, 5.996174E-02
5.047759E-08, 1.0133928E+00, 5.979592E-02
5.049321E-08, 1.0141581E+00, 5.961735E-02
5.050884E-08, 1.0150510E+00, 5.943878E-02
5.052446E-08, 1.0160714E+00, 5.927296E-02
5.054009E-08, 1.0168368E+00, 5.906888E-02
5.055571E-08, 1.0178572E+00, 5.889031E-02
5.057134E-08, 1.0187500E+00, 5.871173E-02
5.058696E-08, 1.0197704E+00, 5.855867E-02
5.060259E-08, 1.0206633E+00, 5.840561E-02
5.061821E-08, 1.0214286E+00, 5.829082E-02
5.063384E-08, 1.0223215E+00, 5.820153E-02
5.064946E-08, 1.0230868E+00, 5.816327E-02
5.066509E-08, 1.0235969E+00, 5.813776E-02
5.068071E-08, 1.0242347E+00, 5.816327E-02
5.069634E-08, 1.0246173E+00, 5.823980E-02
5.071196E-08, 1.0251275E+00, 5.835459E-02
5.072759E-08, 1.0252551E+00, 5.846939E-02
5.074321E-08, 1.0255102E+00, 5.863521E-02
5.075884E-08, 1.0256377E+00, 5.883928E-02
5.077446E-08, 1.0258929E+00, 5.905612E-02
5.079009E-08, 1.0257653E+00, 5.927296E-02
5.080571E-08, 1.0257653E+00, 5.951530E-02
5.082134E-08, 1.0257653E+00, 5.974490E-02
5.083696E-08, 1.0260204E+00, 5.998724E-02
5.085259E-08, 1.0260204E+00, 6.017857E-02
5.086821E-08, 1.0261480E+00, 6.036990E-02
5.088384E-08, 1.0262755E+00, 6.053571E-02
5.089946E-08, 1.0265306E+00, 6.067602E-02
5.091509E-08, 1.0264031E+00, 6.076531E-02
5.093071E-08, 1.0264031E+00, 6.082908E-02
5.094634E-08, 1.0264031E+00, 6.085459E-02
5.096196E-08, 1.0264031E+00, 6.084184E-02
5.097759E-08, 1.0261480E+00, 6.075255E-02
5.099321E-08, 1.0260204E+00, 6.062500E-02
5.100884E-08, 1.0258929E+00, 6.045919E-02
5.102446E-08, 1.0260204E+00, 6.026786E-02
5.104009E-08, 1.0260204E+00, 6.002551E-02
5.105571E-08, 1.0261480E+00, 5.977041E-02
5.107134E-08, 1.0265306E+00, 5.950255E-02
5.108696E-08, 1.0270408E+00, 5.924745E-02
5.110259E-08, 1.0274235E+00, 5.897959E-02
5.111821E-08, 1.0279337E+00, 5.875000E-02
5.113384E-08, 1.0285715E+00, 5.853316E-02
5.114946E-08, 1.0292091E+00, 5.834184E-02
5.116509E-08, 1.0295918E+00, 5.817602E-02
5.118071E-08, 1.0301020E+00, 5.803571E-02
5.119634E-08, 1.0307398E+00, 5.793367E-02
5.121196E-08, 1.0313776E+00, 5.786990E-02
5.122759E-08, 1.0320153E+00, 5.780612E-02
5.124321E-08, 1.0327806E+00, 5.779337E-02
5.125884E-08, 1.0335460E+00, 5.781888E-02
5.127446E-08, 1.0345663E+00, 5.788265E-02
5.129009E-08, 1.0353316E+00, 5.795918E-02
5.130571E-08, 1.0360969E+00, 5.807398E-02
5.132134E-08, 1.0368623E+00, 5.822704E-02
5.133696E-08, 1.0376276E+00, 5.840561E-02
5.135259E-08, 1.0381378E+00, 5.857143E-02
5.136821E-08, 1.0386480E+00, 5.876276E-02
5.138384E-08, 1.0389031E+00, 5.892857E-02
5.139946E-08, 1.0392857E+00, 5.910714E-02
5.141509E-08, 1.0392857E+00, 5.924745E-02
5.143071E-08, 1.0390307E+00, 5.938775E-02
5.144634E-08, 1.0386480E+00, 5.948979E-02
5.146196E-08, 1.0380102E+00, 5.957908E-02
5.147759E-08, 1.0369898E+00, 5.961735E-02
5.149321E-08, 1.0357143E+00, 5.961735E-02
5.150884E-08, 1.0343112E+00, 5.957908E-02
5.152446E-08, 1.0330358E+00, 5.948979E-02
5.154009E-08, 1.0315051E+00, 5.933673E-02
5.155571E-08, 1.0301020E+00, 5.914541E-02
5.157134E-08, 1.0286989E+00, 5.892857E-02
5.158696E-08, 1.0272959E+00, 5.869898E-02
5.160259E-08, 1.0257653E+00, 5.843112E-02
5.161821E-08, 1.0243622E+00, 5.816327E-02
5.163384E-08, 1.0229592E+00, 5.789541E-02
5.164946E-08, 1.0218112E+00, 5.762755E-02
5.166509E-08, 1.0205357E+00, 5.734694E-02
5.168071E-08, 1.0196428E+00, 5.706633E-02
5.169634E-08, 1.0191326E+00, 5.679847E-02
5.171196E-08, 1.0190051E+00, 5.656888E-02
5.172759E-08, 1.0190051E+00, 5.633929E-02
5.174321E-08, 1.0193877E+00, 5.617347E-02
5.175884E-08, 1.0200255E+00, 5.605868E-02
5.177446E-08, 1.0207908E+00, 5.602041E-02
5.179009E-08, 1.0213010E+00, 5.603316E-02
5.180571E-08, 1.0220664E+00, 5.609694E-02
5.182134E-08, 1.0227041E+00, 5.622449E-02
5.183696E-08, 1.0235969E+00, 5.640306E-02
5.185259E-08, 1.0241071E+00, 5.658163E-02
5.186821E-08, 1.0247449E+00, 5.681122E-02
5.188384E-08, 1.0255102E+00, 5.705357E-02
5.189946E-08, 1.0261480E+00, 5.734694E-02
5.191509E-08, 1.0264031E+00, 5.762755E-02
5.193071E-08, 1.0265306E+00, 5.794643E-02
5.194634E-08, 1.0264031E+00, 5.826531E-02
5.196196E-08, 1.0260204E+00, 5.859694E-02
5.197759E-08, 1.0252551E+00, 5.887755E-02
5.199321E-08, 1.0243622E+00, 5.915817E-02
5.200884E-08, 1.0233419E+00, 5.938775E-02
5.202446E-08, 1.0224490E+00, 5.959184E-02
5.204009E-08, 1.0211735E+00, 5.971939E-02
5.205571E-08, 1.0198979E+00, 5.982143E-02
5.207134E-08, 1.0186224E+00, 5.987245E-02
5.208696E-08, 1.0174745E+00, 5.989796E-02
5.210259E-08, 1.0159439E+00, 5.985969E-02
5.211821E-08, 1.0146683E+00, 5.978316E-02
5.213384E-08, 1.0133928E+00, 5.966837E-02
5.214946E-08, 1.0123725E+00, 5.952806E-02
5.216509E-08, 1.0114796E+00, 5.932398E-02
5.218071E-08, 1.0109694E+00, 5.910714E-02
5.219634E-08, 1.0107143E+00, 5.887755E-02
5.221196E-08, 1.0109694E+00, 5.866072E-02
5.222759E-08, 1.0112245E+00, 5.843112E-02
5.224321E-08, 1.0117347E+00, 5.822704E-02
5.225884E-08, 1.0125000E+00, 5.806122E-02
5.227446E-08, 1.0135204E+00, 5.794643E-02
5.229009E-08, 1.0144132E+00, 5.783163E-02
5.230571E-08, 1.0155612E+00, 5.778061E-02
5.232134E-08, 1.0168368E+00, 5.776786E-02
5.233696E-08, 1.0183673E+00, 5.781888E-02
5.235259E-08, 1.0196428E+00, 5.789541E-02
5.236821E-08, 1.0209184E+00, 5.803571E-02
5.238384E-08, 1.0220664E+00, 5.821428E-02
5.239946E-08, 1.0232143E+00, 5.844388E-02
5.241509E-08, 1.0238520E+00, 5.868622E-02
5.243071E-08, 1.0246173E+00, 5.895408E-02
5.244634E-08, 1.0252551E+00, 5.922194E-02
5.246196E-08, 1.0257653E+00, 5.951530E-02
5.247759E-08, 1.0260204E+00, 5.977041E-02
5.249321E-08, 1.0261480E+00, 6.002551E-02
5.250884E-08, 1.0261480E+00, 6.026786E-02
5.252446E-08, 1.0260204E+00, 6.048469E-02
5.254009E-08, 1.0253826E+00, 6.066326E-02
5.255571E-08, 1.0247449E+00, 6.079082E-02
5.257134E-08, 1.0238520E+00, 6.088010E-02
5.258696E-08, 1.0232143E+00, 6.090561E-02
5.260259E-08, 1.0221939E+00, 6.085459E-02
5.261821E-08, 1.0213010E+00, 6.073980E-02
5.263384E-08, 1.0205357E+00, 6.057398E-02
5.264946E-08, 1.0198979E+00, 6.036990E-02
5.266509E-08, 1.0191326E+00, 6.010204E-02
5.268071E-08, 1.0184948E+00, 5.982143E-02
5.269634E-08, 1.0179847E+00, 5.951530E-02
5.271196E-08, 1.0176021E+00, 5.920918E-02
5.272759E-08, 1.0170919E+00, 5.886479E-02
5.274321E-08, 1.0168368E+00, 5.854592E-02
5.275884E-08, 1.0167092E+00, 5.823980E-02
5.277446E-08, 1.0167092E+00, 5.795918E-02
5.279009E-08, 1.0165817E+00, 5.770408E-02
5.280571E-08, 1.0167092E+00, 5.750000E-02
5.282134E-08, 1.0168368E+00, 5.734694E-02
5.283696E-08, 1.0170919E+00, 5.727041E-02
5.285259E-08, 1.0169643E+00, 5.724490E-02
5.286821E-08, 1.0170919E+00, 5.728316E-02
5.288384E-08, 1.0170919E+00, 5.738520E-02
5.289946E-08, 1.0173470E+00, 5.755102E-02
5.291509E-08, 1.0172194E+00, 5.774235E-02
5.293071E-08, 1.0173470E+00, 5.799745E-02
5.294634E-08, 1.0173470E+00, 5.827806E-02
5.296196E-08, 1.0176021E+00, 5.860969E-02
5.297759E-08, 1.0174745E+00, 5.892857E-02
5.299321E-08, 1.0176021E+00, 5.926020E-02
5.300884E-08, 1.0177296E+00, 5.959184E-02
5.302446E-08, 1.0181123E+00, 5.991071E-02
5.304009E-08, 1.0183673E+00, 6.017857E-02
5.305571E-08, 1.0190051E+00, 6.042092E-02
5.307134E-08, 1.0198979E+00, 6.062500E-02
5.308696E-08, 1.0211735E+00, 6.077806E-02
5.310259E-08, 1.0223215E+00, 6.086735E-02
5.311821E-08, 1.0238520E+00, 6.091837E-02
5.313384E-08, 1.0255102E+00, 6.091837E-02
5.314946E-08, 1.0272959E+00, 6.088010E-02
5.316509E-08, 1.0288265E+00, 6.077806E-02
5.318071E-08, 1.0304847E+00, 6.065051E-02
5.319634E-08, 1.0321429E+00, 6.047194E-02
5.321196E-08, 1.0338011E+00, 6.025510E-02
5.322759E-08, 1.0350765E+00, 5.998724E-02
5.324321E-08, 1.0366071E+00, 5.970663E-02
5.325884E-08, 1.0380102E+00, 5.941327E-02
5.327446E-08, 1.0395408E+00, 5.913265E-02
5.329009E-08, 1.0405612E+00, 5.883928E-02
5.330571E-08, 1.0414541E+00, 5.858418E-02
5.332134E-08, 1.0420918E+00, 5.836735E-02
5.333696E-08, 1.0423470E+00, 5.820153E-02
5.335259E-08, 1.0419643E+00, 5.806122E-02
5.336821E-08, 1.0413265E+00, 5.797194E-02
5.338384E-08, 1.0404336E+00, 5.792092E-02
5.339946E-08, 1.0394132E+00, 5.792092E-02
5.341509E-08, 1.0380102E+00, 5.792092E-02
5.343071E-08, 1.0366071E+00, 5.795918E-02
5.344634E-08, 1.0352041E+00, 5.803571E-02
5.346196E-08, 1.0339285E+00, 5.815051E-02
5.347759E-08, 1.0323980E+00, 5.826531E-02
5.349321E-08, 1.0309949E+00, 5.843112E-02
5.350884E-08, 1.0295918E+00, 5.862245E-02
5.352446E-08, 1.0284439E+00, 5.882653E-02
5.354009E-08, 1.0271684E+00, 5.900510E-02
5.355571E-08, 1.0261480E+00, 5.918367E-02
5.357134E-08, 1.0256377E+00, 5.933673E-02
5.358696E-08, 1.0255102E+00, 5.948979E-02
5.360259E-08, 1.0255102E+00, 5.959184E-02
5.361821E-08, 1.0260204E+00, 5.968112E-02
5.363384E-08, 1.0267857E+00, 5.975765E-02
5.364946E-08, 1.0278062E+00, 5.983418E-02
5.366509E-08, 1.0288265E+00, 5.988520E-02
5.368071E-08, 1.0301020E+00, 5.993623E-02
5.369634E-08, 1.0313776E+00, 5.997449E-02
5.371196E-08, 1.0329082E+00, 6.001275E-02
5.372759E-08, 1.0341836E+00, 6.002551E-02
5.374321E-08, 1.0355867E+00, 6.005102E-02
5.375884E-08, 1.0369898E+00, 6.007653E-02
5.377446E-08, 1.0382653E+00, 6.012755E-02
5.379009E-08, 1.0390307E+00, 6.017857E-02
5.380571E-08, 1.0397959E+00, 6.025510E-02
5.382134E-08, 1.0400510E+00, 6.036990E-02
5.383696E-08, 1.0400510E+00, 6.052296E-02
5.385259E-08, 1.0395408E+00, 6.066326E-02
5.386821E-08, 1.0387756E+00, 6.082908E-02
5.388384E-08, 1.0378827E+00, 6.102041E-02
5.389946E-08, 1.0367347E+00, 6.122449E-02
5.391509E-08, 1.0352041E+00, 6.140306E-02
5.393071E-08, 1.0336735E+00, 6.159439E-02
5.394634E-08, 1.0321429E+00, 6.179847E-02
5.396196E-08, 1.0307398E+00, 6.200255E-02
5.397759E-08, 1.0290816E+00, 6.218112E-02
5.399321E-08, 1.0278062E+00, 6.234694E-02
5.400884E-08, 1.0265306E+00, 6.250000E-02
5.402446E-08, 1.0256377E+00, 6.264031E-02
5.404009E-08, 1.0247449E+00, 6.271683E-02
5.405571E-08, 1.0242347E+00, 6.276786E-02
5.407134E-08, 1.0239795E+00, 6.278061E-02
5.408696E-08, 1.0242347E+00, 6.276786E-02
5.410259E-08, 1.0246173E+00, 6.269132E-02
5.411821E-08, 1.0255102E+00, 6.257653E-02
5.413384E-08, 1.0267857E+00, 6.243622E-02
5.414946E-08, 1.0283164E+00, 6.227041E-02
5.416509E-08, 1.0298469E+00, 6.205357E-02
5.418071E-08, 1.0316327E+00, 6.183673E-02
5.419634E-08, 1.0332909E+00, 6.160714E-02
5.421196E-08, 1.0350765E+00, 6.137755E-02
5.422759E-08, 1.0363520E+00, 6.112245E-02
5.424321E-08, 1.0377551E+00, 6.088010E-02
5.425884E-08, 1.0387756E+00, 6.062500E-02
5.427446E-08, 1.0399234E+00, 6.039541E-02
5.429009E-08, 1.0405612E+00, 6.014030E-02
5.430571E-08, 1.0410714E+00, 5.992347E-02
5.432134E-08, 1.0414541E+00, 5.974490E-02
5.433696E-08, 1.0414541E+00, 5.959184E-02
5.435259E-08, 1.0409439E+00, 5.946429E-02
5.436821E-08, 1.0401785E+00, 5.938775E-02
5.438384E-08, 1.0391581E+00, 5.934949E-02
5.439946E-08, 1.0378827E+00, 5.934949E-02
5.441509E-08, 1.0362245E+00, 5.934949E-02
5.443071E-08, 1.0345663E+00, 5.937500E-02
5.444634E-08, 1.0327806E+00, 5.942602E-02
5.446196E-08, 1.0312500E+00, 5.950255E-02
5.447759E-08, 1.0294642E+00, 5.955357E-02
5.449321E-08, 1.0278062E+00, 5.964286E-02
5.450884E-08, 1.0262755E+00, 5.973214E-02
5.452446E-08, 1.0248724E+00, 5.983418E-02
5.454009E-08, 1.0234693E+00, 5.989796E-02
5.455571E-08, 1.0223215E+00, 5.996174E-02
5.457134E-08, 1.0214286E+00, 6.000000E-02
5.458696E-08, 1.0210459E+00, 6.002551E-02
5.460259E-08, 1.0207908E+00, 6.000000E-02
5.461821E-08, 1.0207908E+00, 5.996174E-02
5.463384E-08, 1.0210459E+00, 5.991071E-02
5.464946E-08, 1.0216837E+00, 5.985969E-02
5.466509E-08, 1.0220664E+00, 5.975765E-02
5.468071E-08, 1.0225766E+00, 5.966837E-02
5.469634E-08, 1.0229592E+00, 5.955357E-02
5.471196E-08, 1.0234693E+00, 5.942602E-02
5.472759E-08, 1.0235969E+00, 5.926020E-02
5.474321E-08, 1.0238520E+00, 5.909439E-02
5.475884E-08, 1.0239795E+00, 5.891582E-02
5.477446E-08, 1.0242347E+00, 5.875000E-02
5.479009E-08, 1.0241071E+00, 5.855867E-02
5.480571E-08, 1.0241071E+00, 5.839286E-02
5.482134E-08, 1.0238520E+00, 5.823980E-02
5.483696E-08, 1.0235969E+00, 5.813776E-02
5.485259E-08, 1.0228317E+00, 5.803571E-02
5.486821E-08, 1.0220664E+00, 5.797194E-02
5.488384E-08, 1.0211735E+00, 5.793367E-02
5.489946E-08, 1.0202806E+00, 5.794643E-02
5.491509E-08, 1.0191326E+00, 5.795918E-02
5.493071E-08, 1.0181123E+00, 5.801021E-02
5.494634E-08, 1.0172194E+00, 5.808673E-02
5.496196E-08, 1.0164541E+00, 5.821428E-02
5.497759E-08, 1.0154337E+00, 5.835459E-02
5.499321E-08, 1.0146683E+00, 5.853316E-02
5.500884E-08, 1.0140306E+00, 5.873724E-02
5.502446E-08, 1.0136479E+00, 5.896684E-02
5.504009E-08, 1.0130103E+00, 5.919643E-02
5.505571E-08, 1.0127552E+00, 5.945153E-02
5.507134E-08, 1.0126276E+00, 5.970663E-02
5.508696E-08, 1.0128827E+00, 5.997449E-02
5.510259E-08, 1.0131377E+00, 6.020408E-02
5.511821E-08, 1.0136479E+00, 6.045919E-02
5.513384E-08, 1.0141581E+00, 6.070153E-02
5.514946E-08, 1.0149235E+00, 6.094388E-02
5.516509E-08, 1.0154337E+00, 6.114796E-02
5.518071E-08, 1.0159439E+00, 6.135204E-02
5.519634E-08, 1.0165817E+00, 6.154337E-02
5.521196E-08, 1.0172194E+00, 6.169643E-02
5.522759E-08, 1.0176021E+00, 6.181122E-02
5.524321E-08, 1.0181123E+00, 6.188776E-02
5.525884E-08, 1.0184948E+00, 6.193877E-02
5.527446E-08, 1.0190051E+00, 6.197704E-02
5.529009E-08, 1.0191326E+00, 6.195153E-02
5.530571E-08, 1.0192602E+00, 6.191327E-02
5.532134E-08, 1.0192602E+00, 6.183673E-02
5.533696E-08, 1.0192602E+00, 6.174745E-02
5.535259E-08, 1.0188775E+00, 6.160714E-02
5.536821E-08, 1.0187500E+00, 6.144133E-02
5.538384E-08, 1.0184948E+00, 6.125000E-02
5.539946E-08, 1.0183673E+00, 6.104592E-02
5.541509E-08, 1.0179847E+00, 6.080357E-02
5.543071E-08, 1.0177296E+00, 6.056122E-02
5.544634E-08, 1.0176021E+00, 6.031888E-02
5.546196E-08, 1.0176021E+00, 6.007653E-02
5.547759E-08, 1.0174745E+00, 5.980868E-02
5.549321E-08, 1.0176021E+00, 5.955357E-02
5.550884E-08, 1.0178572E+00, 5.931123E-02
5.552446E-08, 1.0183673E+00, 5.909439E-02
5.554009E-08, 1.0188775E+00, 5.887755E-02
5.555571E-08, 1.0193877E+00, 5.869898E-02
5.557134E-08, 1.0201530E+00, 5.854592E-02
5.558696E-08, 1.0209184E+00, 5.844388E-02
5.560259E-08, 1.0214286E+00, 5.834184E-02
5.561821E-08, 1.0219388E+00, 5.827806E-02
5.563384E-08, 1.0223215E+00, 5.825255E-02
5.564946E-08, 1.0228317E+00, 5.825255E-02
5.566509E-08, 1.0229592E+00, 5.826531E-02
5.568071E-08, 1.0230868E+00, 5.830357E-02
5.569634E-08, 1.0229592E+00, 5.835459E-02
5.571196E-08, 1.0229592E+00, 5.844388E-02
5.572759E-08, 1.0227041E+00, 5.852041E-02
5.574321E-08, 1.0223215E+00, 5.862245E-02
5.575884E-08, 1.0219388E+00, 5.872449E-02
5.577446E-08, 1.0216837E+00, 5.885204E-02
5.579009E-08, 1.0211735E+00, 5.895408E-02
5.580571E-08, 1.0206633E+00, 5.906888E-02
5.582134E-08, 1.0201530E+00, 5.917092E-02
5.583696E-08, 1.0197704E+00, 5.929847E-02
5.585259E-08, 1.0192602E+00, 5.938775E-02
5.586821E-08, 1.0188775E+00, 5.947704E-02
5.588384E-08, 1.0186224E+00, 5.956633E-02
5.589946E-08, 1.0184948E+00, 5.965561E-02
5.591509E-08, 1.0183673E+00, 5.970663E-02
5.593071E-08, 1.0183673E+00, 5.975765E-02
5.594634E-08, 1.0186224E+00, 5.980868E-02
5.596196E-08, 1.0190051E+00, 5.985969E-02
5.597759E-08, 1.0192602E+00, 5.988520E-02
5.599321E-08, 1.0198979E+00, 5.991071E-02
5.600884E-08, 1.0205357E+00, 5.994898E-02
5.602446E-08, 1.0214286E+00, 5.998724E-02
5.604009E-08, 1.0221939E+00, 6.001275E-02
5.605571E-08, 1.0232143E+00, 6.005102E-02
5.607134E-08, 1.0242347E+00, 6.008929E-02
5.608696E-08, 1.0255102E+00, 6.016582E-02
5.610259E-08, 1.0265306E+00, 6.024235E-02
5.611821E-08, 1.0275511E+00, 6.034439E-02
5.613384E-08, 1.0285715E+00, 6.045919E-02
5.614946E-08, 1.0294642E+00, 6.059949E-02
5.616509E-08, 1.0301020E+00, 6.071429E-02
5.618071E-08, 1.0306122E+00, 6.085459E-02
5.619634E-08, 1.0309949E+00, 6.099490E-02
5.621196E-08, 1.0315051E+00, 6.114796E-02
5.622759E-08, 1.0315051E+00, 6.126276E-02
5.624321E-08, 1.0316327E+00, 6.140306E-02
5.625884E-08, 1.0316327E+00, 6.153061E-02
5.627446E-08, 1.0317602E+00, 6.165816E-02
5.629009E-08, 1.0315051E+00, 6.176021E-02
5.630571E-08, 1.0313776E+00, 6.186225E-02
5.632134E-08, 1.0312500E+00, 6.193877E-02
5.633696E-08, 1.0311224E+00, 6.201531E-02
5.635259E-08, 1.0306122E+00, 6.204082E-02
5.636821E-08, 1.0302296E+00, 6.206633E-02
5.638384E-08, 1.0297194E+00, 6.206633E-02
5.639946E-08, 1.0293367E+00, 6.204082E-02
5.641509E-08, 1.0286989E+00, 6.197704E-02
5.643071E-08, 1.0283164E+00, 6.188776E-02
5.644634E-08, 1.0279337E+00, 6.177296E-02
5.646196E-08, 1.0278062E+00, 6.165816E-02
5.647759E-08, 1.0275511E+00, 6.149235E-02
5.649321E-08, 1.0274235E+00, 6.132653E-02
5.650884E-08, 1.0272959E+00, 6.114796E-02
5.652446E-08, 1.0274235E+00, 6.099490E-02
5.654009E-08, 1.0272959E+00, 6.081633E-02
5.655571E-08, 1.0274235E+00, 6.063775E-02
5.657134E-08, 1.0276786E+00, 6.048469E-02
5.658696E-08, 1.0280613E+00, 6.033163E-02
5.660259E-08, 1.0281888E+00, 6.017857E-02
5.661821E-08, 1.0285715E+00, 6.003826E-02
5.663384E-08, 1.0290816E+00, 5.992347E-02
5.664946E-08, 1.0295918E+00, 5.983418E-02
5.666509E-08, 1.0298469E+00, 5.974490E-02
5.668071E-08, 1.0303571E+00, 5.968112E-02
5.669634E-08, 1.0308673E+00, 5.964286E-02
5.671196E-08, 1.0316327E+00, 5.963010E-02
5.672759E-08, 1.0321429E+00, 5.960459E-02
5.674321E-08, 1.0329082E+00, 5.961735E-02
5.675884E-08, 1.0336735E+00, 5.965561E-02
5.677446E-08, 1.0345663E+00, 5.973214E-02
5.679009E-08, 1.0350765E+00, 5.980868E-02
5.680571E-08, 1.0354592E+00, 5.991071E-02
5.682134E-08, 1.0355867E+00, 6.003826E-02
5.683696E-08, 1.0357143E+00, 6.017857E-02
5.685259E-08, 1.0352041E+00, 6.029337E-02
5.686821E-08, 1.0348214E+00, 6.040816E-02
5.688384E-08, 1.0341836E+00, 6.052296E-02
5.689946E-08, 1.0334184E+00, 6.062500E-02
5.691509E-08, 1.0323980E+00, 6.071429E-02
5.693071E-08, 1.0312500E+00, 6.080357E-02
5.694634E-08, 1.0298469E+00, 6.089286E-02
5.696196E-08, 1.0284439E+00, 6.098214E-02
5.697759E-08, 1.0265306E+00, 6.104592E-02
5.699321E-08, 1.0246173E+00, 6.112245E-02
5.700884E-08, 1.0227041E+00, 6.118622E-02
5.702446E-08, 1.0207908E+00, 6.125000E-02
5.704009E-08, 1.0186224E+00, 6.127551E-02
5.705571E-08, 1.0167092E+00, 6.130102E-02
5.707134E-08, 1.0147959E+00, 6.132653E-02
5.708696E-08, 1.0131377E+00, 6.135204E-02
5.710259E-08, 1.0113521E+00, 6.133929E-02
5.711821E-08, 1.0098214E+00, 6.133929E-02
5.713384E-08, 1.0084183E+00, 6.131377E-02
5.714946E-08, 1.0075256E+00, 6.130102E-02
5.716509E-08, 1.0067602E+00, 6.125000E-02
5.718071E-08, 1.0065051E+00, 6.119898E-02
5.719634E-08, 1.0065051E+00, 6.113520E-02
5.721196E-08, 1.0070153E+00, 6.108418E-02
5.722759E-08, 1.0077807E+00, 6.099490E-02
5.724321E-08, 1.0088010E+00, 6.091837E-02
5.725884E-08, 1.0102041E+00, 6.084184E-02
5.727446E-08, 1.0119898E+00, 6.076531E-02
5.729009E-08, 1.0139030E+00, 6.066326E-02
5.730571E-08, 1.0160714E+00, 6.056122E-02
5.732134E-08, 1.0184948E+00, 6.047194E-02
5.733696E-08, 1.0210459E+00, 6.036990E-02
5.735259E-08, 1.0234693E+00, 6.026786E-02
5.736821E-08, 1.0260204E+00, 6.016582E-02
5.738384E-08, 1.0284439E+00, 6.006378E-02
5.739946E-08, 1.0307398E+00, 5.997449E-02
5.741509E-08, 1.0325255E+00, 5.985969E-02
5.743071E-08, 1.0341836E+00, 5.975765E-02
5.744634E-08, 1.0355867E+00, 5.965561E-02
5.746196E-08, 1.0367347E+00, 5.955357E-02
5.747759E-08, 1.0373725E+00, 5.941327E-02
5.749321E-08, 1.0376276E+00, 5.929847E-02
5.750884E-08, 1.0376276E+00, 5.917092E-02
5.752446E-08, 1.0373725E+00, 5.905612E-02
5.754009E-08, 1.0366071E+00, 5.891582E-02
5.755571E-08, 1.0357143E+00, 5.877551E-02
5.757134E-08, 1.0345663E+00, 5.864796E-02
5.758696E-08, 1.0334184E+00, 5.852041E-02
5.760259E-08, 1.0318878E+00, 5.838010E-02
5.761821E-08, 1.0303571E+00, 5.825255E-02
5.763384E-08, 1.0289540E+00, 5.813776E-02
5.764946E-08, 1.0275511E+00, 5.804847E-02
5.766509E-08, 1.0260204E+00, 5.794643E-02
5.768071E-08, 1.0246173E+00, 5.788265E-02
5.769634E-08, 1.0234693E+00, 5.783163E-02
5.771196E-08, 1.0225766E+00, 5.780612E-02
5.772759E-08, 1.0216837E+00, 5.778061E-02
5.774321E-08, 1.0210459E+00, 5.776786E-02
5.775884E-08, 1.0205357E+00, 5.779337E-02
5.777446E-08, 1.0205357E+00, 5.783163E-02
5.779009E-08, 1.0204082E+00, 5.786990E-02
5.780571E-08, 1.0206633E+00, 5.793367E-02
5.782134E-08, 1.0210459E+00, 5.802296E-02
5.783696E-08, 1.0218112E+00, 5.812500E-02
5.785259E-08, 1.0225766E+00, 5.822704E-02
5.786821E-08, 1.0234693E+00, 5.834184E-02
5.788384E-08, 1.0244898E+00, 5.846939E-02
5.789946E-08, 1.0256377E+00, 5.862245E-02
5.791509E-08, 1.0264031E+00, 5.876276E-02
5.793071E-08, 1.0271684E+00, 5.890306E-02
5.794634E-08, 1.0279337E+00, 5.904337E-02
5.796196E-08, 1.0286989E+00, 5.918367E-02
5.797759E-08, 1.0290816E+00, 5.927296E-02
5.799321E-08, 1.0294642E+00, 5.937500E-02
5.800884E-08, 1.0297194E+00, 5.943878E-02
5.802446E-08, 1.0301020E+00, 5.951530E-02
5.804009E-08, 1.0299745E+00, 5.954082E-02
5.805571E-08, 1.0297194E+00, 5.957908E-02
5.807134E-08, 1.0292091E+00, 5.960459E-02
5.808696E-08, 1.0284439E+00, 5.963010E-02
5.810259E-08, 1.0272959E+00, 5.961735E-02
5.811821E-08, 1.0261480E+00, 5.959184E-02
5.813384E-08, 1.0248724E+00, 5.956633E-02
5.814946E-08, 1.0237244E+00, 5.951530E-02
5.816509E-08, 1.0223215E+00, 5.943878E-02
5.818071E-08, 1.0210459E+00, 5.937500E-02
5.819634E-08, 1.0197704E+00, 5.929847E-02
5.821196E-08, 1.0187500E+00, 5.924745E-02
5.822759E-08, 1.0174745E+00, 5.919643E-02
5.824321E-08, 1.0161990E+00, 5.915817E-02
5.825884E-08, 1.0150510E+00, 5.914541E-02
5.827446E-08, 1.0141581E+00, 5.915817E-02
5.829009E-08, 1.0132653E+00, 5.914541E-02
5.830571E-08, 1.0127552E+00, 5.914541E-02
5.832134E-08, 1.0125000E+00, 5.915817E-02
5.833696E-08, 1.0127552E+00, 5.919643E-02
5.835259E-08, 1.0131377E+00, 5.920918E-02
5.836821E-08, 1.0139030E+00, 5.926020E-02
5.838384E-08, 1.0150510E+00, 5.931123E-02
5.839946E-08, 1.0164541E+00, 5.941327E-02
5.841509E-08, 1.0179847E+00, 5.948979E-02
5.843071E-08, 1.0196428E+00, 5.957908E-02
5.844634E-08, 1.0216837E+00, 5.968112E-02
5.846196E-08, 1.0239795E+00, 5.978316E-02
5.847759E-08, 1.0261480E+00, 5.984694E-02
5.849321E-08, 1.0286989E+00, 5.991071E-02
5.850884E-08, 1.0311224E+00, 5.996174E-02
5.852446E-08, 1.0338011E+00, 6.001275E-02
5.854009E-08, 1.0359694E+00, 6.002551E-02
5.855571E-08, 1.0382653E+00, 6.005102E-02
5.857134E-08, 1.0401785E+00, 6.005102E-02
5.858696E-08, 1.0420918E+00, 6.005102E-02
5.860259E-08, 1.0434949E+00, 6.001275E-02
5.861821E-08, 1.0448979E+00, 5.996174E-02
5.863384E-08, 1.0459183E+00, 5.989796E-02
5.864946E-08, 1.0469388E+00, 5.984694E-02
5.866509E-08, 1.0473214E+00, 5.975765E-02
5.868071E-08, 1.0475765E+00, 5.968112E-02
5.869634E-08, 1.0473214E+00, 5.960459E-02
5.871196E-08, 1.0468112E+00, 5.956633E-02
5.872759E-08, 1.0455357E+00, 5.950255E-02
5.874321E-08, 1.0440052E+00, 5.946429E-02
5.875884E-08, 1.0422194E+00, 5.943878E-02
5.877446E-08, 1.0403061E+00, 5.942602E-02
5.879009E-08, 1.0380102E+00, 5.938775E-02
5.880571E-08, 1.0358418E+00, 5.937500E-02
5.882134E-08, 1.0335460E+00, 5.937500E-02
5.883696E-08, 1.0312500E+00, 5.941327E-02
5.885259E-08, 1.0289540E+00, 5.942602E-02
5.886821E-08, 1.0267857E+00, 5.948979E-02
5.888384E-08, 1.0247449E+00, 5.955357E-02
5.889946E-08, 1.0230868E+00, 5.965561E-02
5.891509E-08, 1.0213010E+00, 5.973214E-02
5.893071E-08, 1.0200255E+00, 5.983418E-02
5.894634E-08, 1.0191326E+00, 5.993623E-02
5.896196E-08, 1.0186224E+00, 6.005102E-02
5.897759E-08, 1.0182397E+00, 6.015306E-02
5.899321E-08, 1.0183673E+00, 6.025510E-02
5.900884E-08, 1.0186224E+00, 6.035714E-02
5.902446E-08, 1.0193877E+00, 6.045919E-02
5.904009E-08, 1.0200255E+00, 6.052296E-02
5.905571E-08, 1.0210459E+00, 6.058674E-02
5.907134E-08, 1.0224490E+00, 6.062500E-02
5.908696E-08, 1.0241071E+00, 6.065051E-02
5.910259E-08, 1.0257653E+00, 6.063775E-02
5.911821E-08, 1.0276786E+00, 6.061225E-02
5.913384E-08, 1.0297194E+00, 6.057398E-02
5.914946E-08, 1.0317602E+00, 6.053571E-02
5.916509E-08, 1.0334184E+00, 6.047194E-02
5.918071E-08, 1.0349489E+00, 6.042092E-02
5.919634E-08, 1.0362245E+00, 6.036990E-02
5.921196E-08, 1.0373725E+00, 6.030612E-02
5.922759E-08, 1.0378827E+00, 6.021684E-02
5.924321E-08, 1.0383929E+00, 6.011480E-02
5.925884E-08, 1.0387756E+00, 6.000000E-02
5.927446E-08, 1.0390307E+00, 5.988520E-02
5.929009E-08, 1.0387756E+00, 5.974490E-02
5.930571E-08, 1.0382653E+00, 5.963010E-02
5.932134E-08, 1.0376276E+00, 5.952806E-02
5.933696E-08, 1.0367347E+00, 5.946429E-02
5.935259E-08, 1.0353316E+00, 5.938775E-02
5.936821E-08, 1.0336735E+00, 5.933673E-02
5.938384E-08, 1.0318878E+00, 5.929847E-02
5.939946E-08, 1.0302296E+00, 5.927296E-02
5.941509E-08, 1.0281888E+00, 5.922194E-02
5.943071E-08, 1.0264031E+00, 5.919643E-02
5.944634E-08, 1.0246173E+00, 5.915817E-02
5.946196E-08, 1.0230868E+00, 5.914541E-02
5.947759E-08, 1.0211735E+00, 5.911990E-02
5.949321E-08, 1.0195153E+00, 5.911990E-02
5.950884E-08, 1.0179847E+00, 5.911990E-02
5.952446E-08, 1.0165817E+00, 5.914541E-02
5.954009E-08, 1.0150510E+00, 5.913265E-02
5.955571E-08, 1.0139030E+00, 5.910714E-02
5.957134E-08, 1.0130103E+00, 5.906888E-02
5.958696E-08, 1.0125000E+00, 5.903061E-02
5.960259E-08, 1.0122449E+00, 5.895408E-02
5.961821E-08, 1.0122449E+00, 5.887755E-02
5.963384E-08, 1.0126276E+00, 5.880102E-02
5.964946E-08, 1.0132653E+00, 5.873724E-02
5.966509E-08, 1.0137755E+00, 5.864796E-02
5.968071E-08, 1.0145408E+00, 5.855867E-02
5.969634E-08, 1.0155612E+00, 5.848214E-02
5.971196E-08, 1.0167092E+00, 5.840561E-02
5.972759E-08, 1.0177296E+00, 5.829082E-02
5.974321E-08, 1.0190051E+00, 5.818877E-02
5.975884E-08, 1.0202806E+00, 5.808673E-02
5.977446E-08, 1.0216837E+00, 5.799745E-02
5.979009E-08, 1.0229592E+00, 5.789541E-02
5.980571E-08, 1.0242347E+00, 5.780612E-02
5.982134E-08, 1.0256377E+00, 5.772959E-02
5.983696E-08, 1.0271684E+00, 5.767857E-02
5.985259E-08, 1.0283164E+00, 5.762755E-02
5.986821E-08, 1.0297194E+00, 5.760204E-02
5.988384E-08, 1.0311224E+00, 5.761480E-02
5.989946E-08, 1.0323980E+00, 5.765306E-02
5.991509E-08, 1.0332909E+00, 5.769133E-02
5.993071E-08, 1.0341836E+00, 5.776786E-02
5.994634E-08, 1.0348214E+00, 5.786990E-02
5.996196E-08, 1.0354592E+00, 5.799745E-02
5.997759E-08, 1.0355867E+00, 5.809949E-02
5.999321E-08, 1.0357143E+00, 5.822704E-02
6.000884E-08, 1.0357143E+00, 5.835459E-02
6.002446E-08, 1.0357143E+00, 5.849490E-02
6.004009E-08, 1.0354592E+00, 5.860969E-02
6.005571E-08, 1.0349489E+00, 5.873724E-02
6.007134E-08, 1.0344387E+00, 5.887755E-02
6.008696E-08, 1.0336735E+00, 5.901786E-02
6.010259E-08, 1.0325255E+00, 5.911990E-02
6.011821E-08, 1.0313776E+00, 5.923469E-02
6.013384E-08, 1.0299745E+00, 5.932398E-02
6.014946E-08, 1.0286989E+00, 5.941327E-02
6.016509E-08, 1.0271684E+00, 5.943878E-02
6.018071E-08, 1.0256377E+00, 5.946429E-02
6.019634E-08, 1.0243622E+00, 5.946429E-02
6.021196E-08, 1.0230868E+00, 5.947704E-02
6.022759E-08, 1.0216837E+00, 5.945153E-02
6.024321E-08, 1.0205357E+00, 5.943878E-02
6.025884E-08, 1.0195153E+00, 5.943878E-02
6.027446E-08, 1.0186224E+00, 5.943878E-02
6.029009E-08, 1.0176021E+00, 5.941327E-02
6.030571E-08, 1.0169643E+00, 5.941327E-02
6.032134E-08, 1.0163265E+00, 5.940051E-02
6.033696E-08, 1.0159439E+00, 5.941327E-02
6.035259E-08, 1.0155612E+00, 5.940051E-02
6.036821E-08, 1.0153061E+00, 5.940051E-02
6.038384E-08, 1.0153061E+00, 5.940051E-02
6.039946E-08, 1.0156888E+00, 5.941327E-02
6.041509E-08, 1.0160714E+00, 5.941327E-02
6.043071E-08, 1.0168368E+00, 5.941327E-02
6.044634E-08, 1.0178572E+00, 5.943878E-02
6.046196E-08, 1.0192602E+00, 5.946429E-02
6.047759E-08, 1.0206633E+00, 5.948979E-02
6.049321E-08, 1.0221939E+00, 5.952806E-02
6.050884E-08, 1.0237244E+00, 5.957908E-02
6.052446E-08, 1.0253826E+00, 5.965561E-02
6.054009E-08, 1.0266582E+00, 5.970663E-02
6.055571E-08, 1.0280613E+00, 5.977041E-02
6.057134E-08, 1.0293367E+00, 5.980868E-02
6.058696E-08, 1.0308673E+00, 5.985969E-02
6.060259E-08, 1.0320153E+00, 5.985969E-02
6.061821E-08, 1.0332909E+00, 5.985969E-02
6.063384E-08, 1.0343112E+00, 5.985969E-02
6.064946E-08, 1.0353316E+00, 5.987245E-02
6.066509E-08, 1.0358418E+00, 5.985969E-02
6.068071E-08, 1.0362245E+00, 5.985969E-02
6.069634E-08, 1.0363520E+00, 5.984694E-02
6.071196E-08, 1.0363520E+00, 5.984694E-02
6.072759E-08, 1.0359694E+00, 5.980868E-02
6.074321E-08, 1.0355867E+00, 5.977041E-02
6.075884E-08, 1.0352041E+00, 5.971939E-02
6.077446E-08, 1.0349489E+00, 5.969388E-02
6.079009E-08, 1.0344387E+00, 5.963010E-02
6.080571E-08, 1.0339285E+00, 5.960459E-02
6.082134E-08, 1.0334184E+00, 5.959184E-02
6.083696E-08, 1.0330358E+00, 5.960459E-02
6.085259E-08, 1.0323980E+00, 5.960459E-02
6.086821E-08, 1.0318878E+00, 5.961735E-02
6.088384E-08, 1.0315051E+00, 5.963010E-02
6.089946E-08, 1.0315051E+00, 5.965561E-02
6.091509E-08, 1.0313776E+00, 5.964286E-02
6.093071E-08, 1.0316327E+00, 5.965561E-02
6.094634E-08, 1.0318878E+00, 5.966837E-02
6.096196E-08, 1.0323980E+00, 5.970663E-02
6.097759E-08, 1.0327806E+00, 5.971939E-02
6.099321E-08, 1.0331633E+00, 5.974490E-02
6.100884E-08, 1.0335460E+00, 5.977041E-02
6.102446E-08, 1.0339285E+00, 5.979592E-02
6.104009E-08, 1.0341836E+00, 5.977041E-02
6.105571E-08, 1.0345663E+00, 5.974490E-02
6.107134E-08, 1.0350765E+00, 5.969388E-02
6.108696E-08, 1.0355867E+00, 5.964286E-02
6.110259E-08, 1.0358418E+00, 5.955357E-02
6.111821E-08, 1.0362245E+00, 5.947704E-02
6.113384E-08, 1.0366071E+00, 5.938775E-02
6.114946E-08, 1.0368623E+00, 5.932398E-02
6.116509E-08, 1.0366071E+00, 5.923469E-02
6.118071E-08, 1.0364796E+00, 5.915817E-02
6.119634E-08, 1.0359694E+00, 5.908163E-02
6.121196E-08, 1.0355867E+00, 5.903061E-02
6.122759E-08, 1.0346938E+00, 5.894133E-02
6.124321E-08, 1.0338011E+00, 5.887755E-02
6.125884E-08, 1.0329082E+00, 5.881378E-02
6.127446E-08, 1.0321429E+00, 5.876276E-02
6.129009E-08, 1.0309949E+00, 5.869898E-02
6.130571E-08, 1.0301020E+00, 5.867347E-02
6.132134E-08, 1.0292091E+00, 5.864796E-02
6.133696E-08, 1.0284439E+00, 5.867347E-02
6.135259E-08, 1.0275511E+00, 5.867347E-02
6.136821E-08, 1.0267857E+00, 5.872449E-02
6.138384E-08, 1.0262755E+00, 5.877551E-02
6.139946E-08, 1.0258929E+00, 5.886479E-02
6.141509E-08, 1.0255102E+00, 5.894133E-02
6.143071E-08, 1.0255102E+00, 5.904337E-02
6.144634E-08, 1.0256377E+00, 5.914541E-02
6.146196E-08, 1.0260204E+00, 5.928572E-02
6.147759E-08, 1.0262755E+00, 5.940051E-02
6.149321E-08, 1.0267857E+00, 5.954082E-02
6.150884E-08, 1.0274235E+00, 5.968112E-02
6.152446E-08, 1.0281888E+00, 5.983418E-02
6.154009E-08, 1.0286989E+00, 5.996174E-02
6.155571E-08, 1.0292091E+00, 6.010204E-02
6.157134E-08, 1.0298469E+00, 6.021684E-02
6.158696E-08, 1.0306122E+00, 6.034439E-02
6.160259E-08, 1.0311224E+00, 6.042092E-02
6.161821E-08, 1.0318878E+00, 6.049745E-02
6.163384E-08, 1.0325255E+00, 6.057398E-02
6.164946E-08, 1.0331633E+00, 6.063775E-02
6.166509E-08, 1.0336735E+00, 6.067602E-02
6.168071E-08, 1.0340561E+00, 6.072704E-02
6.169634E-08, 1.0344387E+00, 6.076531E-02
6.171196E-08, 1.0349489E+00, 6.081633E-02
6.172759E-08, 1.0350765E+00, 6.082908E-02
6.174321E-08, 1.0353316E+00, 6.085459E-02
6.175884E-08, 1.0354592E+00, 6.088010E-02
6.177446E-08, 1.0357143E+00, 6.091837E-02
6.179009E-08, 1.0357143E+00, 6.093112E-02
6.180571E-08, 1.0357143E+00, 6.095663E-02
6.182134E-08, 1.0357143E+00, 6.096939E-02
6.183696E-08, 1.0357143E+00, 6.100765E-02
6.185259E-08, 1.0354592E+00, 6.102041E-02
6.186821E-08, 1.0353316E+00, 6.103316E-02
6.188384E-08, 1.0352041E+00, 6.105867E-02
6.189946E-08, 1.0353316E+00, 6.108418E-02
6.191509E-08, 1.0352041E+00, 6.109694E-02
6.193071E-08, 1.0352041E+00, 6.110970E-02
6.194634E-08, 1.0352041E+00, 6.113520E-02
6.196196E-08, 1.0353316E+00, 6.116071E-02
6.197759E-08, 1.0350765E+00, 6.117347E-02
6.199321E-08, 1.0349489E+00, 6.117347E-02
6.200884E-08, 1.0346938E+00, 6.118622E-02
6.202446E-08, 1.0345663E+00, 6.118622E-02
6.204009E-08, 1.0341836E+00, 6.116071E-02
6.205571E-08, 1.0339285E+00, 6.113520E-02
6.207134E-08, 1.0338011E+00, 6.110970E-02
6.208696E-08, 1.0338011E+00, 6.109694E-02
6.210259E-08, 1.0334184E+00, 6.105867E-02
6.211821E-08, 1.0330358E+00, 6.103316E-02
6.213384E-08, 1.0325255E+00, 6.102041E-02
6.214946E-08, 1.0318878E+00, 6.103316E-02
6.216509E-08, 1.0307398E+00, 6.100765E-02
6.218071E-08, 1.0297194E+00, 6.099490E-02
6.219634E-08, 1.0285715E+00, 6.096939E-02
6.221196E-08, 1.0275511E+00, 6.094388E-02
6.222759E-08, 1.0264031E+00, 6.089286E-02
6.224321E-08, 1.0255102E+00, 6.085459E-02
6.225884E-08, 1.0246173E+00, 6.082908E-02
6.227446E-08, 1.0238520E+00, 6.082908E-02
6.229009E-08, 1.0229592E+00, 6.082908E-02
6.230571E-08, 1.0220664E+00, 6.086735E-02
6.232134E-08, 1.0210459E+00, 6.091837E-02
6.233696E-08, 1.0202806E+00, 6.099490E-02
6.235259E-08, 1.0192602E+00, 6.105867E-02
6.236821E-08, 1.0186224E+00, 6.113520E-02
6.238384E-08, 1.0181123E+00, 6.119898E-02
6.239946E-08, 1.0179847E+00, 6.127551E-02
6.241509E-08, 1.0177296E+00, 6.135204E-02
6.243071E-08, 1.0178572E+00, 6.142857E-02
6.244634E-08, 1.0179847E+00, 6.153061E-02
6.246196E-08, 1.0182397E+00, 6.164541E-02
6.247759E-08, 1.0183673E+00, 6.173469E-02
6.249321E-08, 1.0187500E+00, 6.183673E-02
6.250884E-08, 1.0192602E+00, 6.191327E-02
6.252446E-08, 1.0201530E+00, 6.198980E-02
6.254009E-08, 1.0207908E+00, 6.201531E-02
6.255571E-08, 1.0218112E+00, 6.204082E-02
6.257134E-08, 1.0228317E+00, 6.205357E-02
6.258696E-08, 1.0241071E+00, 6.205357E-02
6.260259E-08, 1.0250000E+00, 6.202806E-02
6.261821E-08, 1.0258929E+00, 6.200255E-02
6.263384E-08, 1.0266582E+00, 6.196428E-02
6.264946E-08, 1.0275511E+00, 6.191327E-02
6.266509E-08, 1.0281888E+00, 6.179847E-02
6.268071E-08, 1.0289540E+00, 6.168367E-02
6.269634E-08, 1.0297194E+00, 6.153061E-02
6.271196E-08, 1.0307398E+00, 6.137755E-02
6.272759E-08, 1.0315051E+00, 6.118622E-02
6.274321E-08, 1.0322704E+00, 6.102041E-02
6.275884E-08, 1.0330358E+00, 6.085459E-02
6.277446E-08, 1.0339285E+00, 6.071429E-02
6.279009E-08, 1.0343112E+00, 6.054847E-02
6.280571E-08, 1.0346938E+00, 6.042092E-02
6.282134E-08, 1.0349489E+00, 6.030612E-02
6.283696E-08, 1.0353316E+00, 6.020408E-02
6.285259E-08, 1.0353316E+00, 6.008929E-02
6.286821E-08, 1.0354592E+00, 6.000000E-02
6.288384E-08, 1.0355867E+00, 5.992347E-02
6.289946E-08, 1.0357143E+00, 5.988520E-02
6.291509E-08, 1.0355867E+00, 5.983418E-02
6.293071E-08, 1.0354592E+00, 5.982143E-02
6.294634E-08, 1.0350765E+00, 5.983418E-02
6.296196E-08, 1.0349489E+00, 5.987245E-02
6.297759E-08, 1.0344387E+00, 5.989796E-02
6.299321E-08, 1.0339285E+00, 5.994898E-02
6.300884E-08, 1.0335460E+00, 6.000000E-02
6.302446E-08, 1.0332909E+00, 6.006378E-02
6.304009E-08, 1.0327806E+00, 6.011480E-02
6.305571E-08, 1.0323980E+00, 6.017857E-02
6.307134E-08, 1.0318878E+00, 6.025510E-02
6.308696E-08, 1.0316327E+00, 6.034439E-02
6.310259E-08, 1.0309949E+00, 6.039541E-02
6.311821E-08, 1.0304847E+00, 6.047194E-02
6.313384E-08, 1.0301020E+00, 6.053571E-02
6.314946E-08, 1.0298469E+00, 6.059949E-02
6.316509E-08, 1.0293367E+00, 6.063775E-02
6.318071E-08, 1.0290816E+00, 6.067602E-02
6.319634E-08, 1.0286989E+00, 6.071429E-02
6.321196E-08, 1.0285715E+00, 6.076531E-02
6.322759E-08, 1.0279337E+00, 6.077806E-02
6.324321E-08, 1.0274235E+00, 6.080357E-02
6.325884E-08, 1.0267857E+00, 6.081633E-02
6.327446E-08, 1.0261480E+00, 6.082908E-02
6.329009E-08, 1.0252551E+00, 6.080357E-02
6.330571E-08, 1.0246173E+00, 6.077806E-02
6.332134E-08, 1.0241071E+00, 6.073980E-02
6.333696E-08, 1.0238520E+00, 6.068878E-02
6.335259E-08, 1.0235969E+00, 6.062500E-02
6.336821E-08, 1.0235969E+00, 6.056122E-02
6.338384E-08, 1.0237244E+00, 6.051020E-02
6.339946E-08, 1.0239795E+00, 6.047194E-02
6.341509E-08, 1.0239795E+00, 6.043367E-02
6.343071E-08, 1.0241071E+00, 6.039541E-02
6.344634E-08, 1.0243622E+00, 6.035714E-02
6.346196E-08, 1.0246173E+00, 6.033163E-02
6.347759E-08, 1.0248724E+00, 6.026786E-02
6.349321E-08, 1.0253826E+00, 6.020408E-02
6.350884E-08, 1.0260204E+00, 6.014030E-02
6.352446E-08, 1.0270408E+00, 6.007653E-02
6.354009E-08, 1.0278062E+00, 5.998724E-02
6.355571E-08, 1.0288265E+00, 5.992347E-02
6.357134E-08, 1.0297194E+00, 5.985969E-02
6.358696E-08, 1.0304847E+00, 5.982143E-02
6.360259E-08, 1.0309949E+00, 5.977041E-02
6.361821E-08, 1.0313776E+00, 5.971939E-02
6.363384E-08, 1.0315051E+00, 5.968112E-02
6.364946E-08, 1.0317602E+00, 5.964286E-02
6.366509E-08, 1.0316327E+00, 5.957908E-02
6.368071E-08, 1.0315051E+00, 5.952806E-02
6.369634E-08, 1.0312500E+00, 5.947704E-02
6.371196E-08, 1.0309949E+00, 5.945153E-02
6.372759E-08, 1.0303571E+00, 5.941327E-02
6.374321E-08, 1.0294642E+00, 5.940051E-02
6.375884E-08, 1.0284439E+00, 5.938775E-02
6.377446E-08, 1.0274235E+00, 5.941327E-02
6.379009E-08, 1.0260204E+00, 5.940051E-02
6.380571E-08, 1.0247449E+00, 5.941327E-02
6.382134E-08, 1.0234693E+00, 5.942602E-02
6.383696E-08, 1.0225766E+00, 5.945153E-02
6.385259E-08, 1.0214286E+00, 5.945153E-02
6.386821E-08, 1.0206633E+00, 5.946429E-02
6.388384E-08, 1.0200255E+00, 5.948979E-02
6.389946E-08, 1.0196428E+00, 5.952806E-02
6.391509E-08, 1.0191326E+00, 5.955357E-02
6.393071E-08, 1.0188775E+00, 5.956633E-02
6.394634E-08, 1.0190051E+00, 5.957908E-02
6.396196E-08, 1.0195153E+00, 5.959184E-02
6.397759E-08, 1.0200255E+00, 5.956633E-02
6.399321E-08, 1.0210459E+00, 5.952806E-02
6.400884E-08, 1.0223215E+00, 5.947704E-02
6.402446E-08, 1.0239795E+00, 5.943878E-02
6.404009E-08, 1.0255102E+00, 5.936224E-02
6.405571E-08, 1.0272959E+00, 5.931123E-02
6.407134E-08, 1.0292091E+00, 5.924745E-02
6.408696E-08, 1.0311224E+00, 5.919643E-02
6.410259E-08, 1.0329082E+00, 5.910714E-02
6.411821E-08, 1.0346938E+00, 5.903061E-02
6.413384E-08, 1.0363520E+00, 5.894133E-02
6.414946E-08, 1.0380102E+00, 5.886479E-02
6.416509E-08, 1.0390307E+00, 5.877551E-02
6.418071E-08, 1.0399234E+00, 5.869898E-02
6.419634E-08, 1.0404336E+00, 5.863521E-02
6.421196E-08, 1.0406888E+00, 5.858418E-02
6.422759E-08, 1.0403061E+00, 5.852041E-02
6.424321E-08, 1.0397959E+00, 5.848214E-02
6.425884E-08, 1.0389031E+00, 5.843112E-02
6.427446E-08, 1.0381378E+00, 5.839286E-02
6.429009E-08, 1.0368623E+00, 5.834184E-02
6.430571E-08, 1.0357143E+00, 5.831633E-02
6.432134E-08, 1.0343112E+00, 5.829082E-02
6.433696E-08, 1.0330358E+00, 5.831633E-02
6.435259E-08, 1.0313776E+00, 5.832908E-02
6.436821E-08, 1.0297194E+00, 5.838010E-02
6.438384E-08, 1.0280613E+00, 5.844388E-02
6.439946E-08, 1.0265306E+00, 5.852041E-02
6.441509E-08, 1.0248724E+00, 5.855867E-02
6.443071E-08, 1.0235969E+00, 5.862245E-02
6.444634E-08, 1.0225766E+00, 5.867347E-02
6.446196E-08, 1.0220664E+00, 5.872449E-02
6.447759E-08, 1.0215561E+00, 5.875000E-02
6.449321E-08, 1.0215561E+00, 5.877551E-02
6.450884E-08, 1.0219388E+00, 5.882653E-02
6.452446E-08, 1.0225766E+00, 5.887755E-02
6.454009E-08, 1.0234693E+00, 5.892857E-02
6.455571E-08, 1.0246173E+00, 5.897959E-02
6.457134E-08, 1.0258929E+00, 5.905612E-02
6.458696E-08, 1.0274235E+00, 5.914541E-02
6.460259E-08, 1.0288265E+00, 5.920918E-02
6.461821E-08, 1.0302296E+00, 5.929847E-02
6.463384E-08, 1.0316327E+00, 5.938775E-02
6.464946E-08, 1.0329082E+00, 5.948979E-02
6.466509E-08, 1.0339285E+00, 5.955357E-02
6.468071E-08, 1.0348214E+00, 5.963010E-02
6.469634E-08, 1.0354592E+00, 5.970663E-02
6.471196E-08, 1.0360969E+00, 5.978316E-02
6.472759E-08, 1.0362245E+00, 5.983418E-02
6.474321E-08, 1.0362245E+00, 5.989796E-02
6.475884E-08, 1.0358418E+00, 5.994898E-02
6.477446E-08, 1.0353316E+00, 6.000000E-02
6.479009E-08, 1.0341836E+00, 6.002551E-02
6.480571E-08, 1.0330358E+00, 6.005102E-02
6.482134E-08, 1.0317602E+00, 6.005102E-02
6.483696E-08, 1.0304847E+00, 6.003826E-02
6.485259E-08, 1.0288265E+00, 6.000000E-02
6.486821E-08, 1.0272959E+00, 5.994898E-02
6.488384E-08, 1.0257653E+00, 5.988520E-02
6.489946E-08, 1.0242347E+00, 5.982143E-02
6.491509E-08, 1.0225766E+00, 5.973214E-02
6.493071E-08, 1.0209184E+00, 5.964286E-02
6.494634E-08, 1.0193877E+00, 5.954082E-02
6.496196E-08, 1.0181123E+00, 5.943878E-02
6.497759E-08, 1.0167092E+00, 5.929847E-02
6.499321E-08, 1.0158163E+00, 5.915817E-02
6.500884E-08, 1.0151786E+00, 5.901786E-02
6.502446E-08, 1.0147959E+00, 5.890306E-02
6.504009E-08, 1.0145408E+00, 5.877551E-02
6.505571E-08, 1.0145408E+00, 5.867347E-02
6.507134E-08, 1.0147959E+00, 5.858418E-02
6.508696E-08, 1.0151786E+00, 5.854592E-02
6.510259E-08, 1.0153061E+00, 5.850765E-02
6.511821E-08, 1.0156888E+00, 5.850765E-02
6.513384E-08, 1.0160714E+00, 5.853316E-02
6.514946E-08, 1.0165817E+00, 5.857143E-02
6.516509E-08, 1.0168368E+00, 5.860969E-02
6.518071E-08, 1.0173470E+00, 5.867347E-02
6.519634E-08, 1.0177296E+00, 5.875000E-02
6.521196E-08, 1.0183673E+00, 5.883928E-02
6.522759E-08, 1.0187500E+00, 5.891582E-02
6.524321E-08, 1.0192602E+00, 5.900510E-02
6.525884E-08, 1.0197704E+00, 5.910714E-02
6.527446E-08, 1.0204082E+00, 5.920918E-02
6.529009E-08, 1.0206633E+00, 5.928572E-02
6.530571E-08, 1.0210459E+00, 5.937500E-02
6.532134E-08, 1.0214286E+00, 5.943878E-02
6.533696E-08, 1.0219388E+00, 5.948979E-02
6.535259E-08, 1.0223215E+00, 5.947704E-02
6.536821E-08, 1.0229592E+00, 5.945153E-02
6.538384E-08, 1.0237244E+00, 5.940051E-02
6.539946E-08, 1.0250000E+00, 5.931123E-02
6.541509E-08, 1.0261480E+00, 5.918367E-02
6.543071E-08, 1.0276786E+00, 5.904337E-02
6.544634E-08, 1.0292091E+00, 5.890306E-02
6.546196E-08, 1.0308673E+00, 5.876276E-02
6.547759E-08, 1.0321429E+00, 5.859694E-02
6.549321E-08, 1.0335460E+00, 5.844388E-02
6.550884E-08, 1.0349489E+00, 5.827806E-02
6.552446E-08, 1.0363520E+00, 5.813776E-02
6.554009E-08, 1.0375000E+00, 5.795918E-02
6.555571E-08, 1.0387756E+00, 5.780612E-02
6.557134E-08, 1.0399234E+00, 5.767857E-02
6.558696E-08, 1.0411990E+00, 5.757653E-02
6.560259E-08, 1.0418367E+00, 5.750000E-02
6.561821E-08, 1.0423470E+00, 5.748725E-02
6.563384E-08, 1.0424745E+00, 5.751276E-02
6.564946E-08, 1.0423470E+00, 5.761480E-02
6.566509E-08, 1.0415816E+00, 5.771684E-02
6.568071E-08, 1.0406888E+00, 5.788265E-02
6.569634E-08, 1.0394132E+00, 5.807398E-02
6.571196E-08, 1.0381378E+00, 5.830357E-02
6.572759E-08, 1.0364796E+00, 5.853316E-02
6.574321E-08, 1.0346938E+00, 5.880102E-02
6.575884E-08, 1.0329082E+00, 5.908163E-02
6.577446E-08, 1.0311224E+00, 5.940051E-02
6.579009E-08, 1.0290816E+00, 5.970663E-02
6.580571E-08, 1.0270408E+00, 6.003826E-02
6.582134E-08, 1.0250000E+00, 6.036990E-02
6.583696E-08, 1.0230868E+00, 6.068878E-02
6.585259E-08, 1.0211735E+00, 6.096939E-02
6.586821E-08, 1.0197704E+00, 6.122449E-02
6.588384E-08, 1.0184948E+00, 6.142857E-02
6.589946E-08, 1.0178572E+00, 6.161990E-02
6.591509E-08, 1.0172194E+00, 6.173469E-02
6.593071E-08, 1.0169643E+00, 6.183673E-02
6.594634E-08, 1.0170919E+00, 6.188776E-02
6.596196E-08, 1.0176021E+00, 6.191327E-02
6.597759E-08, 1.0181123E+00, 6.188776E-02
6.599321E-08, 1.0190051E+00, 6.183673E-02
6.600884E-08, 1.0200255E+00, 6.176021E-02
6.602446E-08, 1.0214286E+00, 6.164541E-02
6.604009E-08, 1.0227041E+00, 6.149235E-02
6.605571E-08, 1.0243622E+00, 6.132653E-02
6.607134E-08, 1.0261480E+00, 6.113520E-02
6.608696E-08, 1.0279337E+00, 6.095663E-02
6.610259E-08, 1.0295918E+00, 6.075255E-02
6.611821E-08, 1.0313776E+00, 6.057398E-02
6.613384E-08, 1.0329082E+00, 6.039541E-02
6.614946E-08, 1.0344387E+00, 6.025510E-02
6.616509E-08, 1.0355867E+00, 6.010204E-02
6.618071E-08, 1.0367347E+00, 5.998724E-02
6.619634E-08, 1.0377551E+00, 5.988520E-02
6.621196E-08, 1.0386480E+00, 5.982143E-02
6.622759E-08, 1.0394132E+00, 5.974490E-02
6.624321E-08, 1.0400510E+00, 5.970663E-02
6.625884E-08, 1.0406888E+00, 5.968112E-02
6.627446E-08, 1.0411990E+00, 5.969388E-02
6.629009E-08, 1.0415816E+00, 5.969388E-02
6.630571E-08, 1.0419643E+00, 5.973214E-02
6.632134E-08, 1.0423470E+00, 5.977041E-02
6.633696E-08, 1.0428572E+00, 5.984694E-02
6.635259E-08, 1.0431123E+00, 5.988520E-02
6.636821E-08, 1.0436225E+00, 5.994898E-02
6.638384E-08, 1.0442603E+00, 6.000000E-02
6.639946E-08, 1.0450255E+00, 6.005102E-02
6.641509E-08, 1.0456632E+00, 6.007653E-02
6.643071E-08, 1.0464286E+00, 6.010204E-02
6.644634E-08, 1.0470663E+00, 6.012755E-02
6.646196E-08, 1.0478317E+00, 6.015306E-02
6.647759E-08, 1.0482143E+00, 6.015306E-02
6.649321E-08, 1.0485970E+00, 6.015306E-02
6.650884E-08, 1.0488521E+00, 6.015306E-02
6.652446E-08, 1.0488521E+00, 6.014030E-02
6.654009E-08, 1.0485970E+00, 6.010204E-02
6.655571E-08, 1.0480868E+00, 6.007653E-02
6.657134E-08, 1.0474490E+00, 6.002551E-02
6.658696E-08, 1.0468112E+00, 5.998724E-02
6.660259E-08, 1.0455357E+00, 5.992347E-02
6.661821E-08, 1.0442603E+00, 5.987245E-02
6.663384E-08, 1.0427296E+00, 5.983418E-02
6.664946E-08, 1.0409439E+00, 5.982143E-02
6.666509E-08, 1.0387756E+00, 5.978316E-02
6.668071E-08, 1.0363520E+00, 5.978316E-02
6.669634E-08, 1.0339285E+00, 5.977041E-02
6.671196E-08, 1.0316327E+00, 5.978316E-02
6.672759E-08, 1.0290816E+00, 5.975765E-02
6.674321E-08, 1.0269133E+00, 5.973214E-02
6.675884E-08, 1.0250000E+00, 5.970663E-02
6.677446E-08, 1.0234693E+00, 5.969388E-02
6.679009E-08, 1.0219388E+00, 5.965561E-02
6.680571E-08, 1.0209184E+00, 5.963010E-02
6.682134E-08, 1.0201530E+00, 5.963010E-02
6.683696E-08, 1.0196428E+00, 5.964286E-02
6.685259E-08, 1.0192602E+00, 5.964286E-02
6.686821E-08, 1.0191326E+00, 5.964286E-02
6.688384E-08, 1.0192602E+00, 5.964286E-02
6.689946E-08, 1.0197704E+00, 5.964286E-02
6.691509E-08, 1.0202806E+00, 5.960459E-02
6.693071E-08, 1.0213010E+00, 5.956633E-02
6.694634E-08, 1.0223215E+00, 5.951530E-02
6.696196E-08, 1.0237244E+00, 5.948979E-02
6.697759E-08, 1.0248724E+00, 5.945153E-02
6.699321E-08, 1.0261480E+00, 5.945153E-02
6.700884E-08, 1.0271684E+00, 5.945153E-02
6.702446E-08, 1.0280613E+00, 5.948979E-02
6.704009E-08, 1.0285715E+00, 5.952806E-02
6.705571E-08, 1.0290816E+00, 5.957908E-02
6.707134E-08, 1.0292091E+00, 5.963010E-02
6.708696E-08, 1.0293367E+00, 5.971939E-02
6.710259E-08, 1.0289540E+00, 5.978316E-02
6.711821E-08, 1.0285715E+00, 5.988520E-02
6.713384E-08, 1.0278062E+00, 6.000000E-02
6.714946E-08, 1.0269133E+00, 6.014030E-02
6.716509E-08, 1.0255102E+00, 6.028061E-02
6.718071E-08, 1.0241071E+00, 6.044643E-02
6.719634E-08, 1.0225766E+00, 6.059949E-02
6.721196E-08, 1.0211735E+00, 6.076531E-02
6.722759E-08, 1.0196428E+00, 6.089286E-02
6.724321E-08, 1.0183673E+00, 6.100765E-02
6.725884E-08, 1.0173470E+00, 6.112245E-02
6.727446E-08, 1.0167092E+00, 6.122449E-02
6.729009E-08, 1.0160714E+00, 6.130102E-02
6.730571E-08, 1.0158163E+00, 6.136480E-02
6.732134E-08, 1.0158163E+00, 6.142857E-02
6.733696E-08, 1.0160714E+00, 6.147959E-02
6.735259E-08, 1.0164541E+00, 6.149235E-02
6.736821E-08, 1.0170919E+00, 6.149235E-02
6.738384E-08, 1.0179847E+00, 6.146684E-02
6.739946E-08, 1.0190051E+00, 6.144133E-02
6.741509E-08, 1.0200255E+00, 6.137755E-02
6.743071E-08, 1.0211735E+00, 6.130102E-02
6.744634E-08, 1.0221939E+00, 6.122449E-02
6.746196E-08, 1.0233419E+00, 6.116071E-02
6.747759E-08, 1.0239795E+00, 6.107143E-02
6.749321E-08, 1.0247449E+00, 6.099490E-02
6.750884E-08, 1.0251275E+00, 6.093112E-02
6.752446E-08, 1.0256377E+00, 6.088010E-02
6.754009E-08, 1.0255102E+00, 6.082908E-02
6.755571E-08, 1.0253826E+00, 6.080357E-02
6.757134E-08, 1.0248724E+00, 6.080357E-02
6.758696E-08, 1.0242347E+00, 6.084184E-02
6.760259E-08, 1.0229592E+00, 6.089286E-02
6.761821E-08, 1.0215561E+00, 6.096939E-02
6.763384E-08, 1.0200255E+00, 6.105867E-02
6.764946E-08, 1.0183673E+00, 6.117347E-02
6.766509E-08, 1.0163265E+00, 6.126276E-02
6.768071E-08, 1.0145408E+00, 6.136480E-02
6.769634E-08, 1.0130103E+00, 6.146684E-02
6.771196E-08, 1.0118623E+00, 6.155612E-02
6.772759E-08, 1.0107143E+00, 6.160714E-02
6.774321E-08, 1.0099490E+00, 6.165816E-02
6.775884E-08, 1.0096939E+00, 6.168367E-02
6.777446E-08, 1.0099490E+00, 6.170918E-02
6.779009E-08, 1.0103316E+00, 6.167092E-02
6.780571E-08, 1.0112245E+00, 6.163265E-02
6.782134E-08, 1.0126276E+00, 6.154337E-02
6.783696E-08, 1.0146683E+00, 6.142857E-02
6.785259E-08, 1.0168368E+00, 6.126276E-02
6.786821E-08, 1.0195153E+00, 6.107143E-02
6.788384E-08, 1.0224490E+00, 6.084184E-02
6.789946E-08, 1.0256377E+00, 6.059949E-02
6.791509E-08, 1.0286989E+00, 6.033163E-02
6.793071E-08, 1.0317602E+00, 6.006378E-02
6.794634E-08, 1.0346938E+00, 5.979592E-02
6.796196E-08, 1.0376276E+00, 5.952806E-02
6.797759E-08, 1.0399234E+00, 5.926020E-02
6.799321E-08, 1.0420918E+00, 5.900510E-02
6.800884E-08, 1.0438776E+00, 5.877551E-02
6.802446E-08, 1.0454081E+00, 5.858418E-02
6.804009E-08, 1.0463010E+00, 5.840561E-02
6.805571E-08, 1.0468112E+00, 5.827806E-02
6.807134E-08, 1.0468112E+00, 5.820153E-02
6.808696E-08, 1.0463010E+00, 5.820153E-02
6.810259E-08, 1.0451530E+00, 5.823980E-02
6.811821E-08, 1.0434949E+00, 5.834184E-02
6.813384E-08, 1.0414541E+00, 5.850765E-02
6.814946E-08, 1.0390307E+00, 5.872449E-02
6.816509E-08, 1.0360969E+00, 5.896684E-02
6.818071E-08, 1.0329082E+00, 5.924745E-02
6.819634E-08, 1.0295918E+00, 5.955357E-02
6.821196E-08, 1.0264031E+00, 5.988520E-02
6.822759E-08, 1.0229592E+00, 6.020408E-02
6.824321E-08, 1.0197704E+00, 6.053571E-02
6.825884E-08, 1.0167092E+00, 6.085459E-02
6.827446E-08, 1.0142857E+00, 6.117347E-02
6.829009E-08, 1.0118623E+00, 6.144133E-02
6.830571E-08, 1.0100765E+00, 6.169643E-02
6.832134E-08, 1.0088010E+00, 6.192602E-02
6.833696E-08, 1.0080357E+00, 6.213010E-02
6.835259E-08, 1.0076531E+00, 6.227041E-02
6.836821E-08, 1.0077807E+00, 6.238521E-02
6.838384E-08, 1.0082908E+00, 6.244898E-02
6.839946E-08, 1.0094388E+00, 6.250000E-02
6.841509E-08, 1.0105867E+00, 6.247449E-02
6.843071E-08, 1.0125000E+00, 6.241072E-02
6.844634E-08, 1.0146683E+00, 6.232143E-02
6.846196E-08, 1.0172194E+00, 6.221939E-02
6.847759E-08, 1.0198979E+00, 6.206633E-02
6.849321E-08, 1.0227041E+00, 6.191327E-02
6.850884E-08, 1.0255102E+00, 6.177296E-02
6.852446E-08, 1.0283164E+00, 6.164541E-02
6.854009E-08, 1.0304847E+00, 6.150510E-02
6.855571E-08, 1.0326531E+00, 6.139031E-02
6.857134E-08, 1.0344387E+00, 6.127551E-02
6.858696E-08, 1.0359694E+00, 6.119898E-02
6.860259E-08, 1.0371174E+00, 6.108418E-02
6.861821E-08, 1.0381378E+00, 6.100765E-02
6.863384E-08, 1.0387756E+00, 6.093112E-02
6.864946E-08, 1.0394132E+00, 6.089286E-02
6.866509E-08, 1.0394132E+00, 6.085459E-02
6.868071E-08, 1.0391581E+00, 6.085459E-02
6.869634E-08, 1.0385205E+00, 6.088010E-02
6.871196E-08, 1.0377551E+00, 6.091837E-02
6.872759E-08, 1.0364796E+00, 6.095663E-02
6.874321E-08, 1.0350765E+00, 6.098214E-02
6.875884E-08, 1.0336735E+00, 6.100765E-02
6.877446E-08, 1.0323980E+00, 6.103316E-02
6.879009E-08, 1.0308673E+00, 6.102041E-02
6.880571E-08, 1.0295918E+00, 6.099490E-02
6.882134E-08, 1.0283164E+00, 6.095663E-02
6.883696E-08, 1.0271684E+00, 6.093112E-02
6.885259E-08, 1.0257653E+00, 6.085459E-02
6.886821E-08, 1.0246173E+00, 6.077806E-02
6.888384E-08, 1.0235969E+00, 6.067602E-02
6.889946E-08, 1.0228317E+00, 6.057398E-02
6.891509E-08, 1.0220664E+00, 6.042092E-02
6.893071E-08, 1.0216837E+00, 6.025510E-02
6.894634E-08, 1.0215561E+00, 6.008929E-02
6.896196E-08, 1.0216837E+00, 5.992347E-02
6.897759E-08, 1.0216837E+00, 5.974490E-02
6.899321E-08, 1.0219388E+00, 5.959184E-02
6.900884E-08, 1.0219388E+00, 5.946429E-02
6.902446E-08, 1.0221939E+00, 5.936224E-02
6.904009E-08, 1.0220664E+00, 5.923469E-02
6.905571E-08, 1.0221939E+00, 5.914541E-02
6.907134E-08, 1.0223215E+00, 5.906888E-02
6.908696E-08, 1.0227041E+00, 5.900510E-02
6.910259E-08, 1.0229592E+00, 5.894133E-02
6.911821E-08, 1.0233419E+00, 5.891582E-02
6.913384E-08, 1.0237244E+00, 5.891582E-02
6.914946E-08, 1.0241071E+00, 5.896684E-02
6.916509E-08, 1.0241071E+00, 5.901786E-02
6.918071E-08, 1.0241071E+00, 5.910714E-02
6.919634E-08, 1.0238520E+00, 5.920918E-02
6.921196E-08, 1.0237244E+00, 5.932398E-02
6.922759E-08, 1.0233419E+00, 5.941327E-02
6.924321E-08, 1.0229592E+00, 5.951530E-02
6.925884E-08, 1.0227041E+00, 5.961735E-02
6.927446E-08, 1.0224490E+00, 5.971939E-02
6.929009E-08, 1.0219388E+00, 5.979592E-02
6.930571E-08, 1.0214286E+00, 5.988520E-02
6.932134E-08, 1.0207908E+00, 5.997449E-02
6.933696E-08, 1.0201530E+00, 6.006378E-02
6.935259E-08, 1.0192602E+00, 6.012755E-02
6.936821E-08, 1.0183673E+00, 6.017857E-02
6.938384E-08, 1.0176021E+00, 6.020408E-02
6.939946E-08, 1.0170919E+00, 6.022959E-02
6.941509E-08, 1.0164541E+00, 6.020408E-02
6.943071E-08, 1.0159439E+00, 6.017857E-02
6.944634E-08, 1.0155612E+00, 6.016582E-02
6.946196E-08, 1.0153061E+00, 6.015306E-02
6.947759E-08, 1.0149235E+00, 6.011480E-02
6.949321E-08, 1.0147959E+00, 6.008929E-02
6.950884E-08, 1.0147959E+00, 6.006378E-02
6.952446E-08, 1.0150510E+00, 6.005102E-02
6.954009E-08, 1.0151786E+00, 6.000000E-02
6.955571E-08, 1.0156888E+00, 5.996174E-02
6.957134E-08, 1.0163265E+00, 5.992347E-02
6.958696E-08, 1.0172194E+00, 5.989796E-02
6.960259E-08, 1.0179847E+00, 5.984694E-02
6.961821E-08, 1.0191326E+00, 5.979592E-02
6.963384E-08, 1.0202806E+00, 5.975765E-02
6.964946E-08, 1.0218112E+00, 5.971939E-02
6.966509E-08, 1.0232143E+00, 5.965561E-02
6.968071E-08, 1.0248724E+00, 5.959184E-02
6.969634E-08, 1.0266582E+00, 5.951530E-02
6.971196E-08, 1.0286989E+00, 5.945153E-02
6.972759E-08, 1.0302296E+00, 5.937500E-02
6.974321E-08, 1.0318878E+00, 5.929847E-02
6.975884E-08, 1.0332909E+00, 5.920918E-02
6.977446E-08, 1.0345663E+00, 5.914541E-02
6.979009E-08, 1.0353316E+00, 5.904337E-02
6.980571E-08, 1.0360969E+00, 5.894133E-02
6.982134E-08, 1.0364796E+00, 5.883928E-02
6.983696E-08, 1.0369898E+00, 5.873724E-02
6.985259E-08, 1.0369898E+00, 5.862245E-02
6.986821E-08, 1.0368623E+00, 5.852041E-02
6.988384E-08, 1.0364796E+00, 5.844388E-02
6.989946E-08, 1.0360969E+00, 5.840561E-02
6.991509E-08, 1.0350765E+00, 5.836735E-02
6.993071E-08, 1.0338011E+00, 5.836735E-02
6.994634E-08, 1.0322704E+00, 5.839286E-02
6.996196E-08, 1.0307398E+00, 5.845663E-02
6.997759E-08, 1.0286989E+00, 5.853316E-02
6.999321E-08, 1.0266582E+00, 5.862245E-02
7.000884E-08, 1.0246173E+00, 5.873724E-02
7.002446E-08, 1.0227041E+00, 5.887755E-02
7.004009E-08, 1.0206633E+00, 5.901786E-02
7.005571E-08, 1.0187500E+00, 5.918367E-02
7.007134E-08, 1.0170919E+00, 5.934949E-02
7.008696E-08, 1.0158163E+00, 5.955357E-02
7.010259E-08, 1.0145408E+00, 5.973214E-02
7.011821E-08, 1.0137755E+00, 5.992347E-02
7.013384E-08, 1.0131377E+00, 6.010204E-02
7.014946E-08, 1.0128827E+00, 6.029337E-02
7.016509E-08, 1.0127552E+00, 6.044643E-02
7.018071E-08, 1.0130103E+00, 6.058674E-02
7.019634E-08, 1.0135204E+00, 6.070153E-02
7.021196E-08, 1.0145408E+00, 6.080357E-02
7.022759E-08, 1.0155612E+00, 6.084184E-02
7.024321E-08, 1.0170919E+00, 6.085459E-02
7.025884E-08, 1.0188775E+00, 6.084184E-02
7.027446E-08, 1.0209184E+00, 6.080357E-02
7.029009E-08, 1.0229592E+00, 6.071429E-02
7.030571E-08, 1.0251275E+00, 6.062500E-02
7.032134E-08, 1.0272959E+00, 6.052296E-02
7.033696E-08, 1.0294642E+00, 6.040816E-02
7.035259E-08, 1.0313776E+00, 6.025510E-02
7.036821E-08, 1.0331633E+00, 6.010204E-02
7.038384E-08, 1.0350765E+00, 5.994898E-02
7.039946E-08, 1.0369898E+00, 5.978316E-02
7.041509E-08, 1.0385205E+00, 5.960459E-02
7.043071E-08, 1.0400510E+00, 5.946429E-02
7.044634E-08, 1.0413265E+00, 5.932398E-02
7.046196E-08, 1.0426021E+00, 5.924745E-02
7.047759E-08, 1.0432398E+00, 5.915817E-02
7.049321E-08, 1.0437500E+00, 5.913265E-02
7.050884E-08, 1.0440052E+00, 5.911990E-02
7.052446E-08, 1.0441327E+00, 5.914541E-02
7.054009E-08, 1.0437500E+00, 5.917092E-02
7.055571E-08, 1.0434949E+00, 5.923469E-02
7.057134E-08, 1.0432398E+00, 5.931123E-02
7.058696E-08, 1.0428572E+00, 5.942602E-02
7.060259E-08, 1.0422194E+00, 5.954082E-02
7.061821E-08, 1.0415816E+00, 5.968112E-02
7.063384E-08, 1.0406888E+00, 5.984694E-02
7.064946E-08, 1.0397959E+00, 6.003826E-02
7.066509E-08, 1.0385205E+00, 6.020408E-02
7.068071E-08, 1.0372449E+00, 6.036990E-02
7.069634E-08, 1.0359694E+00, 6.053571E-02
7.071196E-08, 1.0346938E+00, 6.067602E-02
7.072759E-08, 1.0332909E+00, 6.077806E-02
7.074321E-08, 1.0320153E+00, 6.085459E-02
7.075884E-08, 1.0308673E+00, 6.091837E-02
7.077446E-08, 1.0299745E+00, 6.098214E-02
7.079009E-08, 1.0288265E+00, 6.099490E-02
7.080571E-08, 1.0278062E+00, 6.099490E-02
7.082134E-08, 1.0269133E+00, 6.099490E-02
7.083696E-08, 1.0262755E+00, 6.099490E-02
7.085259E-08, 1.0253826E+00, 6.095663E-02
7.086821E-08, 1.0247449E+00, 6.090561E-02
7.088384E-08, 1.0241071E+00, 6.085459E-02
7.089946E-08, 1.0238520E+00, 6.081633E-02
7.091509E-08, 1.0234693E+00, 6.073980E-02
7.093071E-08, 1.0232143E+00, 6.067602E-02
7.094634E-08, 1.0232143E+00, 6.061225E-02
7.096196E-08, 1.0234693E+00, 6.056122E-02
7.097759E-08, 1.0235969E+00, 6.051020E-02
7.099321E-08, 1.0241071E+00, 6.047194E-02
7.100884E-08, 1.0246173E+00, 6.045919E-02
7.102446E-08, 1.0252551E+00, 6.047194E-02
7.104009E-08, 1.0256377E+00, 6.047194E-02
7.105571E-08, 1.0261480E+00, 6.049745E-02
7.107134E-08, 1.0265306E+00, 6.053571E-02
7.108696E-08, 1.0270408E+00, 6.059949E-02
7.110259E-08, 1.0271684E+00, 6.062500E-02
7.111821E-08, 1.0272959E+00, 6.066326E-02
7.113384E-08, 1.0275511E+00, 6.067602E-02
7.114946E-08, 1.0278062E+00, 6.070153E-02
7.116509E-08, 1.0279337E+00, 6.068878E-02
7.118071E-08, 1.0281888E+00, 6.068878E-02
7.119634E-08, 1.0283164E+00, 6.067602E-02
7.121196E-08, 1.0284439E+00, 6.066326E-02
7.122759E-08, 1.0280613E+00, 6.063775E-02
7.124321E-08, 1.0276786E+00, 6.059949E-02
7.125884E-08, 1.0271684E+00, 6.054847E-02
7.127446E-08, 1.0267857E+00, 6.048469E-02
7.129009E-08, 1.0260204E+00, 6.036990E-02
7.130571E-08, 1.0256377E+00, 6.024235E-02
7.132134E-08, 1.0252551E+00, 6.010204E-02
7.133696E-08, 1.0252551E+00, 5.996174E-02
7.135259E-08, 1.0251275E+00, 5.978316E-02
7.136821E-08, 1.0253826E+00, 5.964286E-02
7.138384E-08, 1.0256377E+00, 5.950255E-02
7.139946E-08, 1.0262755E+00, 5.938775E-02
7.141509E-08, 1.0269133E+00, 5.927296E-02
7.143071E-08, 1.0278062E+00, 5.917092E-02
7.144634E-08, 1.0289540E+00, 5.908163E-02
7.146196E-08, 1.0306122E+00, 5.901786E-02
7.147759E-08, 1.0321429E+00, 5.895408E-02
7.149321E-08, 1.0339285E+00, 5.891582E-02
7.150884E-08, 1.0358418E+00, 5.891582E-02
7.152446E-08, 1.0378827E+00, 5.894133E-02
7.154009E-08, 1.0395408E+00, 5.896684E-02
7.155571E-08, 1.0411990E+00, 5.901786E-02
7.157134E-08, 1.0427296E+00, 5.908163E-02
7.158696E-08, 1.0441327E+00, 5.914541E-02
7.160259E-08, 1.0450255E+00, 5.918367E-02
7.161821E-08, 1.0459183E+00, 5.922194E-02
7.163384E-08, 1.0466837E+00, 5.924745E-02
7.164946E-08, 1.0471939E+00, 5.927296E-02
7.166509E-08, 1.0471939E+00, 5.926020E-02
7.168071E-08, 1.0470663E+00, 5.924745E-02
7.169634E-08, 1.0464286E+00, 5.923469E-02
7.171196E-08, 1.0456632E+00, 5.920918E-02
7.172759E-08, 1.0441327E+00, 5.914541E-02
7.174321E-08, 1.0423470E+00, 5.908163E-02
7.175884E-08, 1.0403061E+00, 5.899235E-02
7.177446E-08, 1.0380102E+00, 5.890306E-02
7.179009E-08, 1.0353316E+00, 5.876276E-02
7.180571E-08, 1.0326531E+00, 5.862245E-02
7.182134E-08, 1.0298469E+00, 5.846939E-02
7.183696E-08, 1.0271684E+00, 5.832908E-02
7.185259E-08, 1.0243622E+00, 5.815051E-02
7.186821E-08, 1.0218112E+00, 5.799745E-02
7.188384E-08, 1.0195153E+00, 5.785714E-02
7.189946E-08, 1.0177296E+00, 5.774235E-02
7.191509E-08, 1.0159439E+00, 5.762755E-02
7.193071E-08, 1.0147959E+00, 5.755102E-02
7.194634E-08, 1.0139030E+00, 5.750000E-02
7.196196E-08, 1.0136479E+00, 5.751276E-02
7.197759E-08, 1.0133928E+00, 5.752551E-02
7.199321E-08, 1.0135204E+00, 5.757653E-02
7.200884E-08, 1.0140306E+00, 5.766582E-02
7.202446E-08, 1.0149235E+00, 5.778061E-02
7.204009E-08, 1.0159439E+00, 5.789541E-02
7.205571E-08, 1.0173470E+00, 5.802296E-02
7.207134E-08, 1.0190051E+00, 5.815051E-02
7.208696E-08, 1.0209184E+00, 5.829082E-02
7.210259E-08, 1.0229592E+00, 5.840561E-02
7.211821E-08, 1.0251275E+00, 5.852041E-02
7.213384E-08, 1.0274235E+00, 5.863521E-02
7.214946E-08, 1.0298469E+00, 5.875000E-02
7.216509E-08, 1.0317602E+00, 5.881378E-02
7.218071E-08, 1.0338011E+00, 5.889031E-02
7.219634E-08, 1.0354592E+00, 5.892857E-02
7.221196E-08, 1.0371174E+00, 5.895408E-02
7.222759E-08, 1.0382653E+00, 5.894133E-02
7.224321E-08, 1.0394132E+00, 5.889031E-02
7.225884E-08, 1.0401785E+00, 5.881378E-02
7.227446E-08, 1.0410714E+00, 5.872449E-02
7.229009E-08, 1.0414541E+00, 5.859694E-02
7.230571E-08, 1.0418367E+00, 5.845663E-02
7.232134E-08, 1.0419643E+00, 5.832908E-02
7.233696E-08, 1.0420918E+00, 5.821428E-02
7.235259E-08, 1.0418367E+00, 5.808673E-02
7.236821E-08, 1.0415816E+00, 5.799745E-02
7.238384E-08, 1.0411990E+00, 5.792092E-02
7.239946E-08, 1.0408163E+00, 5.789541E-02
7.241509E-08, 1.0401785E+00, 5.785714E-02
7.243071E-08, 1.0397959E+00, 5.786990E-02
7.244634E-08, 1.0395408E+00, 5.792092E-02
7.246196E-08, 1.0395408E+00, 5.801021E-02
7.247759E-08, 1.0395408E+00, 5.811225E-02
7.249321E-08, 1.0396683E+00, 5.827806E-02
7.250884E-08, 1.0399234E+00, 5.849490E-02
7.252446E-08, 1.0403061E+00, 5.876276E-02
7.254009E-08, 1.0404336E+00, 5.903061E-02
7.255571E-08, 1.0406888E+00, 5.933673E-02
7.257134E-08, 1.0410714E+00, 5.965561E-02
7.258696E-08, 1.0415816E+00, 6.000000E-02
7.260259E-08, 1.0417092E+00, 6.030612E-02
7.261821E-08, 1.0420918E+00, 6.061225E-02
7.263384E-08, 1.0424745E+00, 6.090561E-02
7.264946E-08, 1.0429847E+00, 6.118622E-02
7.266509E-08, 1.0431123E+00, 6.141582E-02
7.268071E-08, 1.0433674E+00, 6.161990E-02
7.269634E-08, 1.0434949E+00, 6.178571E-02
7.271196E-08, 1.0437500E+00, 6.192602E-02
7.272759E-08, 1.0437500E+00, 6.198980E-02
7.274321E-08, 1.0437500E+00, 6.202806E-02
7.275884E-08, 1.0436225E+00, 6.202806E-02
7.277446E-08, 1.0436225E+00, 6.198980E-02
7.279009E-08, 1.0432398E+00, 6.190051E-02
7.280571E-08, 1.0428572E+00, 6.179847E-02
7.282134E-08, 1.0423470E+00, 6.165816E-02
7.283696E-08, 1.0418367E+00, 6.150510E-02
7.285259E-08, 1.0411990E+00, 6.130102E-02
7.286821E-08, 1.0405612E+00, 6.109694E-02
7.288384E-08, 1.0400510E+00, 6.086735E-02
7.289946E-08, 1.0397959E+00, 6.065051E-02
7.291509E-08, 1.0394132E+00, 6.040816E-02
7.293071E-08, 1.0391581E+00, 6.019133E-02
7.294634E-08, 1.0389031E+00, 6.000000E-02
7.296196E-08, 1.0387756E+00, 5.983418E-02
7.297759E-08, 1.0385205E+00, 5.966837E-02
7.299321E-08, 1.0383929E+00, 5.954082E-02
7.300884E-08, 1.0383929E+00, 5.941327E-02
7.302446E-08, 1.0385205E+00, 5.931123E-02
7.304009E-08, 1.0383929E+00, 5.920918E-02
7.305571E-08, 1.0385205E+00, 5.911990E-02
7.307134E-08, 1.0385205E+00, 5.905612E-02
7.308696E-08, 1.0387756E+00, 5.900510E-02
7.310259E-08, 1.0386480E+00, 5.895408E-02
7.311821E-08, 1.0386480E+00, 5.890306E-02
7.313384E-08, 1.0385205E+00, 5.885204E-02
7.314946E-08, 1.0383929E+00, 5.880102E-02
7.316509E-08, 1.0380102E+00, 5.872449E-02
7.318071E-08, 1.0376276E+00, 5.864796E-02
7.319634E-08, 1.0372449E+00, 5.854592E-02
7.321196E-08, 1.0367347E+00, 5.845663E-02
7.322759E-08, 1.0359694E+00, 5.832908E-02
7.324321E-08, 1.0353316E+00, 5.821428E-02
7.325884E-08, 1.0346938E+00, 5.808673E-02
7.327446E-08, 1.0341836E+00, 5.795918E-02
7.329009E-08, 1.0334184E+00, 5.781888E-02
7.330571E-08, 1.0329082E+00, 5.770408E-02
7.332134E-08, 1.0323980E+00, 5.760204E-02
7.333696E-08, 1.0320153E+00, 5.753826E-02
7.335259E-08, 1.0312500E+00, 5.747449E-02
7.336821E-08, 1.0307398E+00, 5.746173E-02
7.338384E-08, 1.0301020E+00, 5.746173E-02
7.339946E-08, 1.0297194E+00, 5.751276E-02
7.341509E-08, 1.0292091E+00, 5.755102E-02
7.343071E-08, 1.0289540E+00, 5.764031E-02
7.344634E-08, 1.0286989E+00, 5.774235E-02
7.346196E-08, 1.0288265E+00, 5.789541E-02
7.347759E-08, 1.0286989E+00, 5.806122E-02
7.349321E-08, 1.0286989E+00, 5.827806E-02
7.350884E-08, 1.0285715E+00, 5.852041E-02
7.352446E-08, 1.0285715E+00, 5.878827E-02
7.354009E-08, 1.0283164E+00, 5.905612E-02
7.355571E-08, 1.0281888E+00, 5.933673E-02
7.357134E-08, 1.0279337E+00, 5.959184E-02
7.358696E-08, 1.0280613E+00, 5.984694E-02
7.360259E-08, 1.0279337E+00, 6.006378E-02
7.361821E-08, 1.0279337E+00, 6.026786E-02
7.363384E-08, 1.0279337E+00, 6.045919E-02
7.364946E-08, 1.0280613E+00, 6.065051E-02
7.366509E-08, 1.0278062E+00, 6.079082E-02
7.368071E-08, 1.0274235E+00, 6.091837E-02
7.369634E-08, 1.0269133E+00, 6.102041E-02
7.371196E-08, 1.0265306E+00, 6.109694E-02
7.372759E-08, 1.0256377E+00, 6.110970E-02
7.374321E-08, 1.0248724E+00, 6.108418E-02
7.375884E-08, 1.0241071E+00, 6.102041E-02
7.377446E-08, 1.0234693E+00, 6.091837E-02
7.379009E-08, 1.0225766E+00, 6.076531E-02
7.380571E-08, 1.0218112E+00, 6.058674E-02
7.382134E-08, 1.0210459E+00, 6.040816E-02
7.383696E-08, 1.0205357E+00, 6.021684E-02
7.385259E-08, 1.0198979E+00, 5.998724E-02
7.386821E-08, 1.0193877E+00, 5.978316E-02
7.388384E-08, 1.0191326E+00, 5.956633E-02
7.389946E-08, 1.0190051E+00, 5.936224E-02
7.391509E-08, 1.0188775E+00, 5.915817E-02
7.393071E-08, 1.0188775E+00, 5.895408E-02
7.394634E-08, 1.0190051E+00, 5.877551E-02
7.396196E-08, 1.0193877E+00, 5.862245E-02
7.397759E-08, 1.0196428E+00, 5.846939E-02
7.399321E-08, 1.0201530E+00, 5.832908E-02
7.400884E-08, 1.0207908E+00, 5.820153E-02
7.402446E-08, 1.0218112E+00, 5.809949E-02
7.404009E-08, 1.0225766E+00, 5.799745E-02
7.405571E-08, 1.0235969E+00, 5.790816E-02
7.407134E-08, 1.0246173E+00, 5.784439E-02
7.408696E-08, 1.0257653E+00, 5.780612E-02
7.410259E-08, 1.0266582E+00, 5.776786E-02
7.411821E-08, 1.0274235E+00, 5.775510E-02
7.413384E-08, 1.0281888E+00, 5.775510E-02
7.414946E-08, 1.0289540E+00, 5.776786E-02
7.416509E-08, 1.0293367E+00, 5.775510E-02
7.418071E-08, 1.0298469E+00, 5.776786E-02
7.419634E-08, 1.0302296E+00, 5.778061E-02
7.421196E-08, 1.0304847E+00, 5.781888E-02
7.422759E-08, 1.0303571E+00, 5.784439E-02
7.424321E-08, 1.0301020E+00, 5.789541E-02
7.425884E-08, 1.0295918E+00, 5.797194E-02
7.427446E-08, 1.0288265E+00, 5.806122E-02
7.429009E-08, 1.0276786E+00, 5.813776E-02
7.430571E-08, 1.0265306E+00, 5.823980E-02
7.432134E-08, 1.0251275E+00, 5.832908E-02
7.433696E-08, 1.0239795E+00, 5.843112E-02
7.435259E-08, 1.0225766E+00, 5.852041E-02
7.436821E-08, 1.0213010E+00, 5.862245E-02
7.438384E-08, 1.0200255E+00, 5.873724E-02
7.439946E-08, 1.0188775E+00, 5.887755E-02
7.441509E-08, 1.0174745E+00, 5.900510E-02
7.443071E-08, 1.0163265E+00, 5.914541E-02
7.444634E-08, 1.0153061E+00, 5.928572E-02
7.446196E-08, 1.0145408E+00, 5.943878E-02
7.447759E-08, 1.0139030E+00, 5.955357E-02
7.449321E-08, 1.0137755E+00, 5.966837E-02
7.450884E-08, 1.0140306E+00, 5.978316E-02
7.452446E-08, 1.0145408E+00, 5.989796E-02
7.454009E-08, 1.0151786E+00, 6.000000E-02
7.455571E-08, 1.0160714E+00, 6.011480E-02
7.457134E-08, 1.0169643E+00, 6.022959E-02
7.458696E-08, 1.0181123E+00, 6.035714E-02
7.460259E-08, 1.0191326E+00, 6.045919E-02
7.461821E-08, 1.0202806E+00, 6.056122E-02
7.463384E-08, 1.0215561E+00, 6.063775E-02
7.464946E-08, 1.0230868E+00, 6.072704E-02
7.466509E-08, 1.0243622E+00, 6.076531E-02
7.468071E-08, 1.0257653E+00, 6.081633E-02
7.469634E-08, 1.0271684E+00, 6.088010E-02
7.471196E-08, 1.0284439E+00, 6.095663E-02
7.472759E-08, 1.0290816E+00, 6.103316E-02
7.474321E-08, 1.0297194E+00, 6.112245E-02
7.475884E-08, 1.0301020E+00, 6.122449E-02
7.477446E-08, 1.0303571E+00, 6.133929E-02
7.479009E-08, 1.0302296E+00, 6.142857E-02
7.480571E-08, 1.0301020E+00, 6.153061E-02
7.482134E-08, 1.0299745E+00, 6.161990E-02
7.483696E-08, 1.0298469E+00, 6.172194E-02
7.485259E-08, 1.0293367E+00, 6.181122E-02
7.486821E-08, 1.0288265E+00, 6.191327E-02
7.488384E-08, 1.0284439E+00, 6.202806E-02
7.489946E-08, 1.0280613E+00, 6.214286E-02
7.491509E-08, 1.0274235E+00, 6.223214E-02
7.493071E-08, 1.0271684E+00, 6.232143E-02
7.494634E-08, 1.0269133E+00, 6.239796E-02
7.496196E-08, 1.0270408E+00, 6.244898E-02
7.497759E-08, 1.0271684E+00, 6.246173E-02
7.499321E-08, 1.0274235E+00, 6.247449E-02
7.500884E-08, 1.0279337E+00, 6.244898E-02
7.502446E-08, 1.0285715E+00, 6.242347E-02
7.504009E-08, 1.0290816E+00, 6.233418E-02
7.505571E-08, 1.0297194E+00, 6.224490E-02
7.507134E-08, 1.0303571E+00, 6.213010E-02
7.508696E-08, 1.0311224E+00, 6.198980E-02
7.510259E-08, 1.0316327E+00, 6.178571E-02
7.511821E-08, 1.0321429E+00, 6.158163E-02
7.513384E-08, 1.0327806E+00, 6.133929E-02
7.514946E-08, 1.0332909E+00, 6.108418E-02
7.516509E-08, 1.0335460E+00, 6.080357E-02
7.518071E-08, 1.0338011E+00, 6.053571E-02
7.519634E-08, 1.0339285E+00, 6.025510E-02
7.521196E-08, 1.0339285E+00, 6.001275E-02
7.522759E-08, 1.0335460E+00, 5.975765E-02
7.524321E-08, 1.0329082E+00, 5.954082E-02
7.525884E-08, 1.0318878E+00, 5.934949E-02
7.527446E-08, 1.0308673E+00, 5.919643E-02
7.529009E-08, 1.0292091E+00, 5.905612E-02
7.530571E-08, 1.0275511E+00, 5.894133E-02
7.532134E-08, 1.0257653E+00, 5.885204E-02
7.533696E-08, 1.0239795E+00, 5.880102E-02
7.535259E-08, 1.0220664E+00, 5.875000E-02
7.536821E-08, 1.0204082E+00, 5.873724E-02
7.538384E-08, 1.0188775E+00, 5.875000E-02
7.539946E-08, 1.0176021E+00, 5.881378E-02
7.541509E-08, 1.0163265E+00, 5.887755E-02
7.543071E-08, 1.0155612E+00, 5.897959E-02
7.544634E-08, 1.0150510E+00, 5.910714E-02
7.546196E-08, 1.0149235E+00, 5.927296E-02
7.547759E-08, 1.0150510E+00, 5.942602E-02
7.549321E-08, 1.0155612E+00, 5.959184E-02
7.550884E-08, 1.0165817E+00, 5.977041E-02
7.552446E-08, 1.0179847E+00, 5.996174E-02
7.554009E-08, 1.0195153E+00, 6.012755E-02
7.555571E-08, 1.0214286E+00, 6.030612E-02
7.557134E-08, 1.0234693E+00, 6.047194E-02
7.558696E-08, 1.0257653E+00, 6.065051E-02
7.560259E-08, 1.0279337E+00, 6.079082E-02
7.561821E-08, 1.0301020E+00, 6.093112E-02
7.563384E-08, 1.0322704E+00, 6.104592E-02
7.564946E-08, 1.0345663E+00, 6.114796E-02
7.566509E-08, 1.0363520E+00, 6.121174E-02
7.568071E-08, 1.0380102E+00, 6.127551E-02
7.569634E-08, 1.0392857E+00, 6.131377E-02
7.571196E-08, 1.0404336E+00, 6.136480E-02
7.572759E-08, 1.0408163E+00, 6.136480E-02
7.574321E-08, 1.0409439E+00, 6.139031E-02
7.575884E-08, 1.0405612E+00, 6.140306E-02
7.577446E-08, 1.0399234E+00, 6.141582E-02
7.579009E-08, 1.0385205E+00, 6.139031E-02
7.580571E-08, 1.0369898E+00, 6.137755E-02
7.582134E-08, 1.0350765E+00, 6.136480E-02
7.583696E-08, 1.0330358E+00, 6.133929E-02
7.585259E-08, 1.0307398E+00, 6.130102E-02
7.586821E-08, 1.0283164E+00, 6.127551E-02
7.588384E-08, 1.0258929E+00, 6.125000E-02
7.589946E-08, 1.0237244E+00, 6.123725E-02
7.591509E-08, 1.0211735E+00, 6.121174E-02
7.593071E-08, 1.0190051E+00, 6.121174E-02
7.594634E-08, 1.0169643E+00, 6.121174E-02
7.596196E-08, 1.0151786E+00, 6.122449E-02
7.597759E-08, 1.0133928E+00, 6.122449E-02
7.599321E-08, 1.0121174E+00, 6.122449E-02
7.600884E-08, 1.0110970E+00, 6.122449E-02
7.602446E-08, 1.0107143E+00, 6.122449E-02
7.604009E-08, 1.0104592E+00, 6.118622E-02
7.605571E-08, 1.0107143E+00, 6.116071E-02
7.607134E-08, 1.0113521E+00, 6.113520E-02
7.608696E-08, 1.0122449E+00, 6.112245E-02
7.610259E-08, 1.0132653E+00, 6.109694E-02
7.611821E-08, 1.0144132E+00, 6.107143E-02
7.613384E-08, 1.0155612E+00, 6.105867E-02
7.614946E-08, 1.0168368E+00, 6.105867E-02
7.616509E-08, 1.0178572E+00, 6.102041E-02
7.618071E-08, 1.0187500E+00, 6.098214E-02
7.619634E-08, 1.0196428E+00, 6.094388E-02
7.621196E-08, 1.0205357E+00, 6.089286E-02
7.622759E-08, 1.0209184E+00, 6.081633E-02
7.624321E-08, 1.0214286E+00, 6.075255E-02
7.625884E-08, 1.0215561E+00, 6.067602E-02
7.627446E-08, 1.0218112E+00, 6.062500E-02
7.629009E-08, 1.0214286E+00, 6.054847E-02
7.630571E-08, 1.0210459E+00, 6.048469E-02
7.632134E-08, 1.0202806E+00, 6.043367E-02
7.633696E-08, 1.0195153E+00, 6.039541E-02
7.635259E-08, 1.0182397E+00, 6.034439E-02
7.636821E-08, 1.0168368E+00, 6.030612E-02
7.638384E-08, 1.0154337E+00, 6.026786E-02
7.639946E-08, 1.0141581E+00, 6.022959E-02
7.641509E-08, 1.0127552E+00, 6.017857E-02
7.643071E-08, 1.0116072E+00, 6.014030E-02
7.644634E-08, 1.0105867E+00, 6.010204E-02
7.646196E-08, 1.0099490E+00, 6.008929E-02
7.647759E-08, 1.0091836E+00, 6.006378E-02
7.649321E-08, 1.0086734E+00, 6.006378E-02
7.650884E-08, 1.0084183E+00, 6.007653E-02
7.652446E-08, 1.0085459E+00, 6.012755E-02
7.654009E-08, 1.0085459E+00, 6.016582E-02
7.655571E-08, 1.0089285E+00, 6.021684E-02
7.657134E-08, 1.0095663E+00, 6.026786E-02
7.658696E-08, 1.0104592E+00, 6.035714E-02
7.660259E-08, 1.0114796E+00, 6.040816E-02
7.661821E-08, 1.0126276E+00, 6.049745E-02
7.663384E-08, 1.0139030E+00, 6.058674E-02
7.664946E-08, 1.0153061E+00, 6.071429E-02
7.666509E-08, 1.0164541E+00, 6.081633E-02
7.668071E-08, 1.0174745E+00, 6.093112E-02
7.669634E-08, 1.0182397E+00, 6.104592E-02
7.671196E-08, 1.0190051E+00, 6.116071E-02
7.672759E-08, 1.0193877E+00, 6.122449E-02
7.674321E-08, 1.0195153E+00, 6.128826E-02
7.675884E-08, 1.0196428E+00, 6.131377E-02
7.677446E-08, 1.0196428E+00, 6.132653E-02
7.679009E-08, 1.0192602E+00, 6.128826E-02
7.680571E-08, 1.0187500E+00, 6.123725E-02
7.682134E-08, 1.0179847E+00, 6.116071E-02
7.683696E-08, 1.0172194E+00, 6.107143E-02
7.685259E-08, 1.0159439E+00, 6.094388E-02
7.686821E-08, 1.0146683E+00, 6.079082E-02
7.688384E-08, 1.0131377E+00, 6.061225E-02
7.689946E-08, 1.0117347E+00, 6.042092E-02
7.691509E-08, 1.0100765E+00, 6.016582E-02
7.693071E-08, 1.0086734E+00, 5.991071E-02
7.694634E-08, 1.0072705E+00, 5.964286E-02
7.696196E-08, 1.0062500E+00, 5.937500E-02
7.697759E-08, 1.0051020E+00, 5.906888E-02
7.699321E-08, 1.0042092E+00, 5.880102E-02
7.700884E-08, 1.0034438E+00, 5.853316E-02
7.702446E-08, 1.0030612E+00, 5.830357E-02
7.704009E-08, 1.0025511E+00, 5.806122E-02
7.705571E-08, 1.0024235E+00, 5.784439E-02
7.707134E-08, 1.0025511E+00, 5.766582E-02
7.708696E-08, 1.0030612E+00, 5.751276E-02
7.710259E-08, 1.0036989E+00, 5.737245E-02
7.711821E-08, 1.0048469E+00, 5.727041E-02
7.713384E-08, 1.0061225E+00, 5.720663E-02
7.714946E-08, 1.0077807E+00, 5.719388E-02
7.716509E-08, 1.0093112E+00, 5.720663E-02
7.718071E-08, 1.0109694E+00, 5.727041E-02
7.719634E-08, 1.0125000E+00, 5.735970E-02
7.721196E-08, 1.0141581E+00, 5.750000E-02
7.722759E-08, 1.0155612E+00, 5.762755E-02
7.724321E-08, 1.0169643E+00, 5.778061E-02
7.725884E-08, 1.0183673E+00, 5.793367E-02
7.727446E-08, 1.0197704E+00, 5.808673E-02
7.729009E-08, 1.0209184E+00, 5.821428E-02
7.730571E-08, 1.0220664E+00, 5.835459E-02
7.732134E-08, 1.0230868E+00, 5.846939E-02
7.733696E-08, 1.0241071E+00, 5.860969E-02
7.735259E-08, 1.0246173E+00, 5.869898E-02
7.736821E-08, 1.0250000E+00, 5.880102E-02
7.738384E-08, 1.0252551E+00, 5.887755E-02
7.739946E-08, 1.0253826E+00, 5.895408E-02
7.741509E-08, 1.0251275E+00, 5.897959E-02
7.743071E-08, 1.0248724E+00, 5.897959E-02
7.744634E-08, 1.0244898E+00, 5.897959E-02
7.746196E-08, 1.0242347E+00, 5.895408E-02
7.747759E-08, 1.0235969E+00, 5.889031E-02
7.749321E-08, 1.0230868E+00, 5.883928E-02
7.750884E-08, 1.0224490E+00, 5.877551E-02
7.752446E-08, 1.0220664E+00, 5.872449E-02
7.754009E-08, 1.0215561E+00, 5.863521E-02
7.755571E-08, 1.0214286E+00, 5.855867E-02
7.757134E-08, 1.0214286E+00, 5.849490E-02
7.758696E-08, 1.0218112E+00, 5.844388E-02
7.760259E-08, 1.0223215E+00, 5.839286E-02
7.761821E-08, 1.0232143E+00, 5.836735E-02
7.763384E-08, 1.0242347E+00, 5.836735E-02
7.764946E-08, 1.0256377E+00, 5.839286E-02
7.766509E-08, 1.0270408E+00, 5.841837E-02
7.768071E-08, 1.0286989E+00, 5.846939E-02
7.769634E-08, 1.0306122E+00, 5.852041E-02
7.771196E-08, 1.0330358E+00, 5.859694E-02
7.772759E-08, 1.0353316E+00, 5.863521E-02
7.774321E-08, 1.0380102E+00, 5.869898E-02
7.775884E-08, 1.0408163E+00, 5.875000E-02
7.777446E-08, 1.0440052E+00, 5.880102E-02
7.779009E-08, 1.0469388E+00, 5.883928E-02
7.780571E-08, 1.0500000E+00, 5.886479E-02
7.782134E-08, 1.0531888E+00, 5.889031E-02
7.783696E-08, 1.0562500E+00, 5.890306E-02
7.785259E-08, 1.0591837E+00, 5.887755E-02
7.786821E-08, 1.0619898E+00, 5.882653E-02
7.788384E-08, 1.0647960E+00, 5.876276E-02
7.789946E-08, 1.0674745E+00, 5.868622E-02
7.791509E-08, 1.0697705E+00, 5.855867E-02
7.793071E-08, 1.0719388E+00, 5.844388E-02
7.794634E-08, 1.0738521E+00, 5.830357E-02
7.796196E-08, 1.0755103E+00, 5.817602E-02
7.797759E-08, 1.0766581E+00, 5.801021E-02
7.799321E-08, 1.0776786E+00, 5.786990E-02
7.800884E-08, 1.0784439E+00, 5.771684E-02
7.802446E-08, 1.0790817E+00, 5.760204E-02
7.804009E-08, 1.0792092E+00, 5.746173E-02
7.805571E-08, 1.0790817E+00, 5.735970E-02
7.807134E-08, 1.0789541E+00, 5.727041E-02
7.808696E-08, 1.0785714E+00, 5.723214E-02
7.810259E-08, 1.0779337E+00, 5.719388E-02
7.811821E-08, 1.0771683E+00, 5.720663E-02
7.813384E-08, 1.0765306E+00, 5.724490E-02
7.814946E-08, 1.0758928E+00, 5.733418E-02
7.816509E-08, 1.0750000E+00, 5.744898E-02
7.818071E-08, 1.0743623E+00, 5.760204E-02
7.819634E-08, 1.0737245E+00, 5.781888E-02
7.821196E-08, 1.0733418E+00, 5.807398E-02
7.822759E-08, 1.0727041E+00, 5.834184E-02
7.824321E-08, 1.0724490E+00, 5.866072E-02
7.825884E-08, 1.0721939E+00, 5.900510E-02
7.827446E-08, 1.0721939E+00, 5.937500E-02
7.829009E-08, 1.0720663E+00, 5.973214E-02
7.830571E-08, 1.0720663E+00, 6.010204E-02
7.832134E-08, 1.0721939E+00, 6.048469E-02
7.833696E-08, 1.0724490E+00, 6.088010E-02
7.835259E-08, 1.0723214E+00, 6.123725E-02
7.836821E-08, 1.0721939E+00, 6.159439E-02
7.838384E-08, 1.0719388E+00, 6.193877E-02
7.839946E-08, 1.0716836E+00, 6.227041E-02
7.841509E-08, 1.0710459E+00, 6.253827E-02
7.843071E-08, 1.0702807E+00, 6.278061E-02
7.844634E-08, 1.0692602E+00, 6.298470E-02
7.846196E-08, 1.0681123E+00, 6.315051E-02
7.847759E-08, 1.0664541E+00, 6.325255E-02
7.849321E-08, 1.0644133E+00, 6.331632E-02
7.850884E-08, 1.0619898E+00, 6.335459E-02
7.852446E-08, 1.0593113E+00, 6.336734E-02
7.854009E-08, 1.0559949E+00, 6.331632E-02
7.855571E-08, 1.0524235E+00, 6.323980E-02
7.857134E-08, 1.0485970E+00, 6.312500E-02
7.858696E-08, 1.0447704E+00, 6.301020E-02
7.860259E-08, 1.0405612E+00, 6.284439E-02
7.861821E-08, 1.0362245E+00, 6.267857E-02
7.863384E-08, 1.0316327E+00, 6.250000E-02
7.864946E-08, 1.0270408E+00, 6.235969E-02
7.866509E-08, 1.0220664E+00, 6.219388E-02
7.868071E-08, 1.0170919E+00, 6.206633E-02
7.869634E-08, 1.0118623E+00, 6.196428E-02
7.871196E-08, 1.0066327E+00, 6.190051E-02
7.872759E-08, 1.0011480E+00, 6.182398E-02
7.874321E-08, 9.957908E-01, 6.178571E-02
7.875884E-08, 9.903061E-01, 6.176021E-02
7.877446E-08, 9.850765E-01, 6.178571E-02
7.879009E-08, 9.795918E-01, 6.181122E-02
7.880571E-08, 9.742347E-01, 6.187500E-02
7.882134E-08, 9.688776E-01, 6.197704E-02
7.883696E-08, 9.636480E-01, 6.211735E-02
7.885259E-08, 9.580357E-01, 6.225765E-02
7.886821E-08, 9.524235E-01, 6.243622E-02
7.888384E-08, 9.466836E-01, 6.262755E-02
7.889946E-08, 9.409439E-01, 6.285714E-02
7.891509E-08, 9.346939E-01, 6.306122E-02
7.893071E-08, 9.284438E-01, 6.329082E-02
7.894634E-08, 9.218112E-01, 6.352041E-02
7.896196E-08, 9.150510E-01, 6.376275E-02
7.897759E-08, 9.079081E-01, 6.395409E-02
7.899321E-08, 9.003826E-01, 6.415816E-02
7.900884E-08, 8.926020E-01, 6.433673E-02
7.902446E-08, 8.844388E-01, 6.451531E-02
7.904009E-08, 8.757653E-01, 6.463010E-02
7.905571E-08, 8.667092E-01, 6.471939E-02
7.907134E-08, 8.572704E-01, 6.478316E-02
7.908696E-08, 8.474490E-01, 6.480867E-02
7.910259E-08, 8.369898E-01, 6.478316E-02
7.911821E-08, 8.261480E-01, 6.470663E-02
7.913384E-08, 8.151786E-01, 6.459184E-02
7.914946E-08, 8.039541E-01, 6.443878E-02
7.916509E-08, 7.924745E-01, 6.420919E-02
7.918071E-08, 7.809949E-01, 6.394133E-02
7.919634E-08, 7.693878E-01, 6.362245E-02
7.921196E-08, 7.579082E-01, 6.327806E-02
7.922759E-08, 7.461734E-01, 6.288265E-02
7.924321E-08, 7.344388E-01, 6.246173E-02
7.925884E-08, 7.227041E-01, 6.201531E-02
7.927446E-08, 7.110969E-01, 6.156888E-02
7.929009E-08, 6.992347E-01, 6.107143E-02
7.930571E-08, 6.876276E-01, 6.056122E-02
7.932134E-08, 6.761479E-01, 6.003826E-02
7.933696E-08, 6.650510E-01, 5.951530E-02
7.935259E-08, 6.538265E-01, 5.895408E-02
7.936821E-08, 6.429847E-01, 5.840561E-02
7.938384E-08, 6.322704E-01, 5.785714E-02
7.939946E-08, 6.216837E-01, 5.733418E-02
7.941509E-08, 6.109694E-01, 5.681122E-02
7.943071E-08, 6.001276E-01, 5.631378E-02
7.944634E-08, 5.894133E-01, 5.582908E-02
7.946196E-08, 5.785714E-01, 5.538265E-02
7.947759E-08, 5.674745E-01, 5.491072E-02
7.949321E-08, 5.565051E-01, 5.446428E-02
7.950884E-08, 5.454082E-01, 5.400510E-02
7.952446E-08, 5.344388E-01, 5.355867E-02
7.954009E-08, 5.230867E-01, 5.308674E-02
7.955571E-08, 5.118622E-01, 5.262755E-02
7.957134E-08, 5.005102E-01, 5.216837E-02
7.958696E-08, 4.891582E-01, 5.170918E-02
7.960259E-08, 4.775510E-01, 5.122449E-02
7.961821E-08, 4.660714E-01, 5.072704E-02
7.963384E-08, 4.545918E-01, 5.022959E-02
7.964946E-08, 4.432398E-01, 4.970663E-02
7.966509E-08, 4.318877E-01, 4.914541E-02
7.968071E-08, 4.206633E-01, 4.855867E-02
7.969634E-08, 4.095663E-01, 4.794643E-02
7.971196E-08, 3.985969E-01, 4.732143E-02
7.972759E-08, 3.876275E-01, 4.664541E-02
7.974321E-08, 3.767857E-01, 4.593112E-02
7.975884E-08, 3.663265E-01, 4.519133E-02
7.977446E-08, 3.562500E-01, 4.442602E-02
7.979009E-08, 3.465561E-01, 4.360969E-02
7.980571E-08, 3.372449E-01, 4.276786E-02
7.982134E-08, 3.283163E-01, 4.191326E-02
7.983696E-08, 3.197704E-01, 4.105867E-02
7.985259E-08, 3.113520E-01, 4.019133E-02
7.986821E-08, 3.031888E-01, 3.934949E-02
7.988384E-08, 2.950255E-01, 3.850765E-02
7.989946E-08, 2.871173E-01, 3.769132E-02
7.991509E-08, 2.792092E-01, 3.686225E-02
7.993071E-08, 2.714286E-01, 3.605867E-02
7.994634E-08, 2.639031E-01, 3.525510E-02
7.996196E-08, 2.566327E-01, 3.448980E-02
7.997759E-08, 2.493622E-01, 3.372449E-02
7.999321E-08, 2.422194E-01, 3.299745E-02
8.000884E-08, 2.350765E-01, 3.229592E-02
8.002446E-08, 2.278061E-01, 3.165816E-02
8.004009E-08, 2.202806E-01, 3.103316E-02
8.005571E-08, 2.126275E-01, 3.044643E-02
8.007134E-08, 2.048469E-01, 2.988520E-02
8.008696E-08, 1.970663E-01, 2.933674E-02
8.010259E-08, 1.891582E-01, 2.877551E-02
8.011821E-08, 1.813775E-01, 2.820153E-02
8.013384E-08, 1.735969E-01, 2.762755E-02
8.014946E-08, 1.660714E-01, 2.705357E-02
8.016509E-08, 1.585459E-01, 2.645408E-02
8.018071E-08, 1.511480E-01, 2.584184E-02
8.019634E-08, 1.437500E-01, 2.522959E-02
8.021196E-08, 1.364796E-01, 2.457908E-02
8.022759E-08, 1.294643E-01, 2.390306E-02
8.024321E-08, 1.225765E-01, 2.317602E-02
8.025884E-08, 1.160714E-01, 2.241071E-02
8.027446E-08, 1.099490E-01, 2.161990E-02
8.029009E-08, 1.040816E-01, 2.076531E-02
8.030571E-08, 9.85969E-02, 1.987245E-02
8.032134E-08, 9.33673E-02, 1.895408E-02
8.033696E-08, 8.86480E-02, 1.801020E-02
8.035259E-08, 8.40561E-02, 1.702806E-02
8.036821E-08, 7.98469E-02, 1.604592E-02
8.038384E-08, 7.58929E-02, 1.503826E-02
8.039946E-08, 7.23214E-02, 1.403061E-02
8.041509E-08, 6.87500E-02, 1.301020E-02
8.043071E-08, 6.54337E-02, 1.198980E-02
8.044634E-08, 6.21173E-02, 1.099490E-02
8.046196E-08, 5.89286E-02, 1.001276E-02
8.047759E-08, 5.56122E-02, 9.04337E-03
8.049321E-08, 5.22959E-02, 8.08673E-03
8.050884E-08, 4.88520E-02, 7.15561E-03
8.052446E-08, 4.55357E-02, 6.26276E-03
8.054009E-08, 4.20918E-02, 5.36990E-03
8.055571E-08, 3.86480E-02, 4.50255E-03
8.057134E-08, 3.53316E-02, 3.66071E-03
8.058696E-08, 3.20153E-02, 2.85714E-03
8.060259E-08, 2.88265E-02, 2.06633E-03
8.061821E-08, 2.57653E-02, 1.31378E-03
8.063384E-08, 2.28316E-02, 5.8673E-04
8.064946E-08, 2.00255E-02, -1.1480E-04
8.066509E-08, 1.74745E-02, -8.0357E-04
8.068071E-08, 1.50510E-02, -1.47959E-03
8.069634E-08, 1.27551E-02, -2.14286E-03
8.071196E-08, 1.07143E-02, -2.79337E-03
8.072759E-08, 8.9286E-03, -3.45663E-03
8.074321E-08, 7.3980E-03, -4.11990E-03
8.075884E-08, 6.2500E-03, -4.78316E-03
8.077446E-08, 5.6122E-03, -5.45918E-03
8.079009E-08, 5.2296E-03, -6.14796E-03
8.080571E-08, 5.2296E-03, -6.83673E-03
8.082134E-08, 5.6122E-03, -7.53827E-03
8.083696E-08, 6.1224E-03, -8.22704E-03
8.085259E-08, 7.0153E-03, -8.91582E-03
8.086821E-08, 8.0357E-03, -9.60459E-03
8.088384E-08, 9.0561E-03, -1.029337E-02
8.089946E-08, 1.03316E-02, -1.095663E-02
8.091509E-08, 1.16071E-02, -1.163265E-02
8.093071E-08, 1.30102E-02, -1.228316E-02
8.094634E-08, 1.44133E-02, -1.292092E-02
8.096196E-08, 1.56888E-02, -1.354592E-02
8.097759E-08, 1.68367E-02, -1.413265E-02
8.099321E-08, 1.78571E-02, -1.468112E-02
8.100884E-08, 1.86224E-02, -1.520408E-02
8.102446E-08, 1.90051E-02, -1.568878E-02
8.104009E-08, 1.92602E-02, -1.614796E-02
8.105571E-08, 1.92602E-02, -1.658163E-02
8.107134E-08, 1.90051E-02, -1.698980E-02
8.108696E-08, 1.86224E-02, -1.738520E-02
8.110259E-08, 1.82398E-02, -1.775510E-02
8.111821E-08, 1.77296E-02, -1.809949E-02
8.113384E-08, 1.72194E-02, -1.843112E-02
8.114946E-08, 1.65816E-02, -1.875000E-02
8.116509E-08, 1.60714E-02, -1.904337E-02
8.118071E-08, 1.54337E-02, -1.932398E-02
8.119634E-08, 1.50510E-02, -1.960459E-02
8.121196E-08, 1.46684E-02, -1.988520E-02
8.122759E-08, 1.45408E-02, -2.016582E-02
8.124321E-08, 1.46684E-02, -2.045918E-02
8.125884E-08, 1.50510E-02, -2.075255E-02
8.127446E-08, 1.56888E-02, -2.105867E-02
8.129009E-08, 1.65816E-02, -2.137755E-02
8.130571E-08, 1.77296E-02, -2.170918E-02
8.132134E-08, 1.91327E-02, -2.202806E-02
8.133696E-08, 2.07908E-02, -2.235969E-02
8.135259E-08, 2.27041E-02, -2.269133E-02
8.136821E-08, 2.46173E-02, -2.301020E-02
8.138384E-08, 2.67857E-02, -2.332908E-02
8.139946E-08, 2.90816E-02, -2.363520E-02
8.141509E-08, 3.13776E-02, -2.391582E-02
8.143071E-08, 3.38010E-02, -2.418367E-02
8.144634E-08, 3.59694E-02, -2.441327E-02
8.146196E-08, 3.81378E-02, -2.461735E-02
8.147759E-08, 4.00510E-02, -2.478316E-02
8.149321E-08, 4.17092E-02, -2.492347E-02
8.150884E-08, 4.32398E-02, -2.503826E-02
8.152446E-08, 4.43878E-02, -2.511480E-02
8.154009E-08, 4.55357E-02, -2.517857E-02
8.155571E-08, 4.63010E-02, -2.520408E-02
8.157134E-08, 4.70663E-02, -2.520408E-02
8.158696E-08, 4.77041E-02, -2.519133E-02
8.160259E-08, 4.82143E-02, -2.515306E-02
8.161821E-08, 4.85969E-02, -2.510204E-02
8.163384E-08, 4.89796E-02, -2.505102E-02
8.164946E-08, 4.93622E-02, -2.498724E-02
8.166509E-08, 4.97449E-02, -2.492347E-02
8.168071E-08, 5.01276E-02, -2.487245E-02
8.169634E-08, 5.06378E-02, -2.483418E-02
8.171196E-08, 5.12755E-02, -2.482143E-02
8.172759E-08, 5.20408E-02, -2.483418E-02
8.174321E-08, 5.28061E-02, -2.488520E-02
8.175884E-08, 5.36990E-02, -2.496173E-02
8.177446E-08, 5.47194E-02, -2.506378E-02
8.179009E-08, 5.58673E-02, -2.521684E-02
8.180571E-08, 5.70153E-02, -2.540816E-02
8.182134E-08, 5.82908E-02, -2.563776E-02
8.183696E-08, 5.95663E-02, -2.590561E-02
8.185259E-08, 6.07143E-02, -2.618622E-02
8.186821E-08, 6.19898E-02, -2.649235E-02
8.188384E-08, 6.30102E-02, -2.681123E-02
8.189946E-08, 6.39031E-02, -2.713010E-02
8.191509E-08, 6.45408E-02, -2.744898E-02
8.193071E-08, 6.49235E-02, -2.775510E-02
8.194634E-08, 6.51786E-02, -2.804847E-02
8.196196E-08, 6.51786E-02, -2.831633E-02
8.197759E-08, 6.49235E-02, -2.855867E-02
8.199321E-08, 6.44133E-02, -2.876276E-02
8.200884E-08, 6.36480E-02, -2.891582E-02
8.202446E-08, 6.26276E-02, -2.901786E-02
8.204009E-08, 6.12245E-02, -2.906888E-02
8.205571E-08, 5.96939E-02, -2.905612E-02
8.207134E-08, 5.79082E-02, -2.899235E-02
8.208696E-08, 5.58673E-02, -2.887755E-02
8.210259E-08, 5.38265E-02, -2.872449E-02
8.211821E-08, 5.17857E-02, -2.854592E-02
8.213384E-08, 4.98725E-02, -2.834184E-02
8.214946E-08, 4.80867E-02, -2.812500E-02
8.216509E-08, 4.64286E-02, -2.788265E-02
8.218071E-08, 4.48980E-02, -2.762755E-02
8.219634E-08, 4.36224E-02, -2.737245E-02
8.221196E-08, 4.24745E-02, -2.713010E-02
8.222759E-08, 4.14541E-02, -2.690051E-02
8.224321E-08, 4.06888E-02, -2.670918E-02
8.225884E-08, 4.03061E-02, -2.655612E-02
8.227446E-08, 4.00510E-02, -2.645408E-02
8.229009E-08, 4.00510E-02, -2.640306E-02
8.230571E-08, 4.03061E-02, -2.641582E-02
8.232134E-08, 4.08163E-02, -2.647959E-02
8.233696E-08, 4.14541E-02, -2.660714E-02
8.235259E-08, 4.23469E-02, -2.677296E-02
8.236821E-08, 4.32398E-02, -2.698980E-02
8.238384E-08, 4.42602E-02, -2.724490E-02
8.239946E-08, 4.52806E-02, -2.753827E-02
8.241509E-08, 4.63010E-02, -2.784439E-02
8.243071E-08, 4.71939E-02, -2.816327E-02
8.244634E-08, 4.78316E-02, -2.848214E-02
8.246196E-08, 4.83418E-02, -2.878826E-02
8.247759E-08, 4.84694E-02, -2.909439E-02
8.249321E-08, 4.84694E-02, -2.936224E-02
8.250884E-08, 4.80867E-02, -2.961735E-02
8.252446E-08, 4.75765E-02, -2.982143E-02
8.254009E-08, 4.69388E-02, -3.001275E-02
8.255571E-08, 4.60459E-02, -3.014031E-02
8.257134E-08, 4.51531E-02, -3.022959E-02
8.258696E-08, 4.42602E-02, -3.026786E-02
8.260259E-08, 4.32398E-02, -3.024235E-02
8.261821E-08, 4.22194E-02, -3.016582E-02
8.263384E-08, 4.10714E-02, -3.002551E-02
8.264946E-08, 3.97959E-02, -2.983418E-02
8.266509E-08, 3.86480E-02, -2.961735E-02
8.268071E-08, 3.75000E-02, -2.937500E-02
8.269634E-08, 3.63520E-02, -2.911990E-02
8.271196E-08, 3.54592E-02, -2.885204E-02
8.272759E-08, 3.45663E-02, -2.860969E-02
8.274321E-08, 3.40561E-02, -2.838010E-02
8.275884E-08, 3.36735E-02, -2.816327E-02
8.277446E-08, 3.34184E-02, -2.798469E-02
8.279009E-08, 3.34184E-02, -2.783163E-02
8.280571E-08, 3.35459E-02, -2.772959E-02
8.282134E-08, 3.39286E-02, -2.765306E-02
8.283696E-08, 3.44388E-02, -2.762755E-02
8.285259E-08, 3.49490E-02, -2.764031E-02
8.286821E-08, 3.54592E-02, -2.770408E-02
8.288384E-08, 3.59694E-02, -2.781888E-02
8.289946E-08, 3.64796E-02, -2.797194E-02
8.291509E-08, 3.68622E-02, -2.816327E-02
8.293071E-08, 3.71173E-02, -2.839286E-02
8.294634E-08, 3.73724E-02, -2.864796E-02
8.296196E-08, 3.73724E-02, -2.892857E-02
8.297759E-08, 3.73724E-02, -2.923469E-02
8.299321E-08, 3.71173E-02, -2.952806E-02
8.300884E-08, 3.67347E-02, -2.980867E-02
8.302446E-08, 3.62245E-02, -3.007653E-02
8.304009E-08, 3.54592E-02, -3.033163E-02
8.305571E-08, 3.45663E-02, -3.054847E-02
8.307134E-08, 3.35459E-02, -3.073980E-02
8.308696E-08, 3.23980E-02, -3.089286E-02
8.310259E-08, 3.11224E-02, -3.102041E-02
8.311821E-08, 2.98469E-02, -3.110969E-02
8.313384E-08, 2.86990E-02, -3.117347E-02
8.314946E-08, 2.74235E-02, -3.119898E-02
8.316509E-08, 2.62755E-02, -3.118622E-02
8.318071E-08, 2.52551E-02, -3.113520E-02
8.319634E-08, 2.42347E-02, -3.105867E-02
8.321196E-08, 2.32143E-02, -3.095663E-02
8.322759E-08, 2.24490E-02, -3.084184E-02
8.324321E-08, 2.18112E-02, -3.071429E-02
8.325884E-08, 2.13010E-02, -3.058673E-02
8.327446E-08, 2.09184E-02, -3.047194E-02
8.329009E-08, 2.09184E-02, -3.035714E-02
8.330571E-08, 2.11735E-02, -3.025510E-02
8.332134E-08, 2.18112E-02, -3.017857E-02
8.333696E-08, 2.27041E-02, -3.011480E-02
8.335259E-08, 2.38520E-02, -3.006378E-02
8.336821E-08, 2.52551E-02, -3.002551E-02
8.338384E-08, 2.67857E-02, -3.000000E-02
8.339946E-08, 2.84439E-02, -2.998725E-02
8.341509E-08, 3.01020E-02, -2.998725E-02
8.343071E-08, 3.17602E-02, -3.000000E-02
8.344634E-08, 3.32908E-02, -3.001275E-02
8.346196E-08, 3.49490E-02, -3.005102E-02
8.347759E-08, 3.64796E-02, -3.010204E-02
8.349321E-08, 3.80102E-02, -3.017857E-02
8.350884E-08, 3.95408E-02, -3.026786E-02
8.352446E-08, 4.09439E-02, -3.035714E-02
8.354009E-08, 4.20918E-02, -3.044643E-02
8.355571E-08, 4.29847E-02, -3.053571E-02
8.357134E-08, 4.36224E-02, -3.061225E-02
8.358696E-08, 4.37500E-02, -3.067602E-02
8.360259E-08, 4.34949E-02, -3.075255E-02
8.361821E-08, 4.29847E-02, -3.082908E-02
8.363384E-08, 4.22194E-02, -3.091837E-02
8.364946E-08, 4.13265E-02, -3.102041E-02
8.366509E-08, 4.01786E-02, -3.113520E-02
8.368071E-08, 3.90306E-02, -3.127551E-02
8.369634E-08, 3.77551E-02, -3.141582E-02
8.371196E-08, 3.62245E-02, -3.154337E-02
8.372759E-08, 3.45663E-02, -3.168367E-02
8.374321E-08, 3.27806E-02, -3.182398E-02
8.375884E-08, 3.09949E-02, -3.196429E-02
8.377446E-08, 2.92092E-02, -3.211735E-02
8.379009E-08, 2.76786E-02, -3.228316E-02
8.380571E-08, 2.62755E-02, -3.244898E-02
8.382134E-08, 2.52551E-02, -3.262755E-02
8.383696E-08, 2.44898E-02, -3.280612E-02
8.385259E-08, 2.39796E-02, -3.297194E-02
8.386821E-08, 2.35969E-02, -3.311225E-02
8.388384E-08, 2.32143E-02, -3.322704E-02
8.389946E-08, 2.29592E-02, -3.331633E-02
8.391509E-08, 2.28316E-02, -3.338010E-02
8.393071E-08, 2.28316E-02, -3.343112E-02
8.394634E-08, 2.29592E-02, -3.346939E-02
8.396196E-08, 2.32143E-02, -3.349490E-02
8.397759E-08, 2.37245E-02, -3.350765E-02
8.399321E-08, 2.42347E-02, -3.350765E-02
8.400884E-08, 2.48724E-02, -3.348214E-02
8.402446E-08, 2.52551E-02, -3.341837E-02
8.404009E-08, 2.53827E-02, -3.334184E-02
8.405571E-08, 2.53827E-02, -3.322704E-02
8.407134E-08, 2.50000E-02, -3.311225E-02
8.408696E-08, 2.44898E-02, -3.299745E-02
8.410259E-08, 2.37245E-02, -3.288265E-02
8.411821E-08, 2.28316E-02, -3.279337E-02
8.413384E-08, 2.15561E-02, -3.270408E-02
8.414946E-08, 2.02806E-02, -3.264030E-02
8.416509E-08, 1.86224E-02, -3.258929E-02
8.418071E-08, 1.67092E-02, -3.255102E-02
8.419634E-08, 1.46684E-02, -3.252551E-02
8.421196E-08, 1.25000E-02, -3.252551E-02
8.422759E-08, 1.02041E-02, -3.255102E-02
8.424321E-08, 8.0357E-03, -3.258929E-02
8.425884E-08, 5.9949E-03, -3.266582E-02
8.427446E-08, 4.0816E-03, -3.276786E-02
8.429009E-08, 2.5510E-03, -3.288265E-02
8.430571E-08, 1.1480E-03, -3.299745E-02
8.432134E-08, 0.0E+00, -3.312500E-02
8.433696E-08, -8.929E-04, -3.323980E-02
8.435259E-08, -1.5306E-03, -3.336735E-02
8.436821E-08, -1.6582E-03, -3.346939E-02
8.438384E-08, -1.5306E-03, -3.358418E-02
8.439946E-08, -1.0204E-03, -3.367347E-02
8.441509E-08, -2.551E-04, -3.375000E-02
8.443071E-08, 7.653E-04, -3.381377E-02
8.444634E-08, 2.0408E-03, -3.386480E-02
8.446196E-08, 3.3163E-03, -3.387755E-02
8.447759E-08, 4.4643E-03, -3.387755E-02
8.449321E-08, 5.7398E-03, -3.386480E-02
8.450884E-08, 6.8878E-03, -3.383929E-02
8.452446E-08, 7.9082E-03, -3.381377E-02
8.454009E-08, 9.0561E-03, -3.378826E-02
8.455571E-08, 1.00765E-02, -3.377551E-02
8.457134E-08, 1.10969E-02, -3.376276E-02
8.458696E-08, 1.19898E-02, -3.376276E-02
8.460259E-08, 1.26276E-02, -3.375000E-02
8.461821E-08, 1.31378E-02, -3.375000E-02
8.463384E-08, 1.33929E-02, -3.373725E-02
8.464946E-08, 1.33929E-02, -3.375000E-02
8.466509E-08, 1.31378E-02, -3.376276E-02
8.468071E-08, 1.27551E-02, -3.378826E-02
8.469634E-08, 1.22449E-02, -3.382653E-02
8.471196E-08, 1.17347E-02, -3.389031E-02
8.472759E-08, 1.10969E-02, -3.396684E-02
8.474321E-08, 1.05867E-02, -3.404337E-02
8.475884E-08, 1.00765E-02, -3.413265E-02
8.477446E-08, 9.6939E-03, -3.422194E-02
8.479009E-08, 9.4388E-03, -3.429847E-02
8.480571E-08, 9.3112E-03, -3.437500E-02
8.482134E-08, 9.4388E-03, -3.443877E-02
8.483696E-08, 9.8214E-03, -3.446428E-02
8.485259E-08, 1.03316E-02, -3.448980E-02
8.486821E-08, 1.10969E-02, -3.446428E-02
8.488384E-08, 1.19898E-02, -3.442602E-02
8.489946E-08, 1.28827E-02, -3.433673E-02
8.491509E-08, 1.39031E-02, -3.422194E-02
8.493071E-08, 1.49235E-02, -3.408163E-02
8.494634E-08, 1.60714E-02, -3.392857E-02
8.496196E-08, 1.70918E-02, -3.375000E-02
8.497759E-08, 1.82398E-02, -3.357143E-02
8.499321E-08, 1.93878E-02, -3.336735E-02
8.500884E-08, 2.05357E-02, -3.317602E-02
8.502446E-08, 2.15561E-02, -3.297194E-02
8.504009E-08, 2.23214E-02, -3.278061E-02
8.505571E-08, 2.28316E-02, -3.258929E-02
8.507134E-08, 2.30867E-02, -3.242347E-02
8.508696E-08, 2.29592E-02, -3.227041E-02
8.510259E-08, 2.27041E-02, -3.216837E-02
8.511821E-08, 2.20663E-02, -3.210459E-02
8.513384E-08, 2.11735E-02, -3.209184E-02
8.514946E-08, 2.01531E-02, -3.213010E-02
8.516509E-08, 1.90051E-02, -3.221939E-02
8.518071E-08, 1.76020E-02, -3.235969E-02
8.519634E-08, 1.61990E-02, -3.255102E-02
8.521196E-08, 1.46684E-02, -3.278061E-02
8.522759E-08, 1.30102E-02, -3.303571E-02
8.524321E-08, 1.13520E-02, -3.332908E-02
8.525884E-08, 9.5663E-03, -3.364796E-02
8.527446E-08, 7.9082E-03, -3.397959E-02
8.529009E-08, 6.3776E-03, -3.432398E-02
8.530571E-08, 4.9745E-03, -3.465561E-02
8.532134E-08, 3.8265E-03, -3.498724E-02
8.533696E-08, 2.9337E-03, -3.529337E-02
8.535259E-08, 2.1684E-03, -3.556123E-02
8.536821E-08, 1.6582E-03, -3.577806E-02
8.538384E-08, 1.1480E-03, -3.594388E-02
8.539946E-08, 7.653E-04, -3.605867E-02
8.541509E-08, 5.102E-04, -3.610969E-02
8.543071E-08, 1.276E-04, -3.609694E-02
8.544634E-08, 0.0E+00, -3.604592E-02
8.546196E-08, -2.551E-04, -3.593112E-02
8.547759E-08, -2.551E-04, -3.577806E-02
8.549321E-08, -1.276E-04, -3.558673E-02
8.550884E-08, 0.0E+00, -3.535714E-02
8.552446E-08, 2.551E-04, -3.510204E-02
8.554009E-08, 6.378E-04, -3.483418E-02
8.555571E-08, 1.0204E-03, -3.454082E-02
8.557134E-08, 1.2755E-03, -3.424745E-02
8.558696E-08, 1.6582E-03, -3.396684E-02
8.560259E-08, 1.9133E-03, -3.369898E-02
8.561821E-08, 2.1684E-03, -3.345663E-02
8.563384E-08, 2.4235E-03, -3.326531E-02
8.564946E-08, 2.5510E-03, -3.311225E-02
8.566509E-08, 2.8061E-03, -3.302296E-02
8.568071E-08, 2.9337E-03, -3.298469E-02
8.569634E-08, 3.0612E-03, -3.301020E-02
8.571196E-08, 3.1888E-03, -3.309949E-02
8.572759E-08, 3.1888E-03, -3.325255E-02
8.574321E-08, 3.3163E-03, -3.344388E-02
8.575884E-08, 3.3163E-03, -3.369898E-02
8.577446E-08, 3.4439E-03, -3.397959E-02
8.579009E-08, 3.6990E-03, -3.429847E-02
8.580571E-08, 4.0816E-03, -3.463010E-02
8.582134E-08, 4.4643E-03, -3.496173E-02
8.583696E-08, 4.9745E-03, -3.528061E-02
8.585259E-08, 5.3571E-03, -3.558673E-02
8.586821E-08, 5.6122E-03, -3.584184E-02
8.588384E-08, 5.8673E-03, -3.607143E-02
8.589946E-08, 5.9949E-03, -3.625000E-02
8.591509E-08, 5.9949E-03, -3.637755E-02
8.593071E-08, 5.8673E-03, -3.646684E-02
8.594634E-08, 5.8673E-03, -3.649235E-02
8.596196E-08, 5.9949E-03, -3.646684E-02
8.597759E-08, 5.9949E-03, -3.639030E-02
8.599321E-08, 6.1224E-03, -3.626275E-02
8.600884E-08, 6.3776E-03, -3.607143E-02
8.602446E-08, 6.6327E-03, -3.584184E-02
8.604009E-08, 6.8878E-03, -3.556123E-02
8.605571E-08, 7.3980E-03, -3.525510E-02
8.607134E-08, 7.9082E-03, -3.492347E-02
8.608696E-08, 8.6735E-03, -3.457908E-02
8.610259E-08, 9.6939E-03, -3.423470E-02
8.611821E-08, 1.08418E-02, -3.390306E-02
8.613384E-08, 1.21173E-02, -3.359694E-02
8.614946E-08, 1.33929E-02, -3.330357E-02
8.616509E-08, 1.46684E-02, -3.306122E-02
8.618071E-08, 1.59439E-02, -3.284439E-02
8.619634E-08, 1.72194E-02, -3.267857E-02
8.621196E-08, 1.83673E-02, -3.257653E-02
8.622759E-08, 1.95153E-02, -3.253826E-02
8.624321E-08, 2.05357E-02, -3.257653E-02
8.625884E-08, 2.16837E-02, -3.266582E-02
8.627446E-08, 2.25765E-02, -3.281888E-02
8.629009E-08, 2.34694E-02, -3.301020E-02
8.630571E-08, 2.41071E-02, -3.323980E-02
8.632134E-08, 2.43622E-02, -3.350765E-02
8.633696E-08, 2.43622E-02, -3.378826E-02
8.635259E-08, 2.41071E-02, -3.408163E-02
8.636821E-08, 2.34694E-02, -3.438776E-02
8.638384E-08, 2.25765E-02, -3.470663E-02
8.639946E-08, 2.15561E-02, -3.501276E-02
8.641509E-08, 2.02806E-02, -3.530612E-02
8.643071E-08, 1.87500E-02, -3.557398E-02
8.644634E-08, 1.69643E-02, -3.580357E-02
8.646196E-08, 1.49235E-02, -3.600765E-02
8.647759E-08, 1.26276E-02, -3.616071E-02
8.649321E-08, 1.00765E-02, -3.628827E-02
8.650884E-08, 7.3980E-03, -3.636480E-02
8.652446E-08, 4.7194E-03, -3.642857E-02
8.654009E-08, 2.0408E-03, -3.645408E-02
8.655571E-08, -5.102E-04, -3.646684E-02
8.657134E-08, -2.9337E-03, -3.646684E-02
8.658696E-08, -5.2296E-03, -3.644133E-02
8.660259E-08, -7.3980E-03, -3.641582E-02
8.661821E-08, -9.3112E-03, -3.636480E-02
8.663384E-08, -1.10969E-02, -3.631378E-02
8.664946E-08, -1.26276E-02, -3.627551E-02
8.666509E-08, -1.37755E-02, -3.623724E-02
8.668071E-08, -1.46684E-02, -3.622449E-02
8.669634E-08, -1.51786E-02, -3.622449E-02
8.671196E-08, -1.53061E-02, -3.625000E-02
8.672759E-08, -1.51786E-02, -3.630102E-02
8.674321E-08, -1.46684E-02, -3.636480E-02
8.675884E-08, -1.40306E-02, -3.644133E-02
8.677446E-08, -1.31378E-02, -3.651786E-02
8.679009E-08, -1.21173E-02, -3.660714E-02
8.680571E-08, -1.09694E-02, -3.670918E-02
8.682134E-08, -9.6939E-03, -3.679847E-02
8.683696E-08, -8.4184E-03, -3.690051E-02
8.685259E-08, -7.1429E-03, -3.700255E-02
8.686821E-08, -5.8673E-03, -3.709184E-02
8.688384E-08, -4.4643E-03, -3.716837E-02
8.689946E-08, -3.1888E-03, -3.723214E-02
8.691509E-08, -1.9133E-03, -3.727041E-02
8.693071E-08, -7.653E-04, -3.727041E-02
8.694634E-08, 2.551E-04, -3.725765E-02
8.696196E-08, 1.2755E-03, -3.719388E-02
8.697759E-08, 2.0408E-03, -3.710459E-02
8.699321E-08, 2.6786E-03, -3.698980E-02
8.700884E-08, 3.1888E-03, -3.684949E-02
8.702446E-08, 3.4439E-03, -3.667092E-02
8.704009E-08, 3.4439E-03, -3.647959E-02
8.705571E-08, 3.3163E-03, -3.627551E-02
8.707134E-08, 2.9337E-03, -3.604592E-02
8.708696E-08, 2.2959E-03, -3.582908E-02
8.710259E-08, 1.5306E-03, -3.559949E-02
8.711821E-08, 5.102E-04, -3.539541E-02
8.713384E-08, -6.378E-04, -3.519133E-02
8.714946E-08, -1.7857E-03, -3.501276E-02
8.716509E-08, -3.0612E-03, -3.485969E-02
8.718071E-08, -4.2092E-03, -3.473214E-02
8.719634E-08, -5.4847E-03, -3.463010E-02
8.721196E-08, -6.7602E-03, -3.454082E-02
8.722759E-08, -8.0357E-03, -3.448980E-02
8.724321E-08, -9.3112E-03, -3.446428E-02
8.725884E-08, -1.03316E-02, -3.445153E-02
8.727446E-08, -1.13520E-02, -3.447704E-02
8.729009E-08, -1.22449E-02, -3.452806E-02
8.730571E-08, -1.27551E-02, -3.460459E-02
8.732134E-08, -1.30102E-02, -3.469388E-02
8.733696E-08, -1.30102E-02, -3.480867E-02
8.735259E-08, -1.26276E-02, -3.493622E-02
8.736821E-08, -1.19898E-02, -3.506378E-02
8.738384E-08, -1.09694E-02, -3.517857E-02
8.739946E-08, -9.5663E-03, -3.530612E-02
8.741509E-08, -8.0357E-03, -3.542092E-02
8.743071E-08, -6.2500E-03, -3.552296E-02
8.744634E-08, -4.0816E-03, -3.563775E-02
8.746196E-08, -1.7857E-03, -3.573979E-02
8.747759E-08, 6.378E-04, -3.584184E-02
8.749321E-08, 3.3163E-03, -3.594388E-02
8.750884E-08, 6.1224E-03, -3.604592E-02
8.752446E-08, 8.8010E-03, -3.613520E-02
8.754009E-08, 1.14796E-02, -3.622449E-02
8.755571E-08, 1.40306E-02, -3.631378E-02
8.757134E-08, 1.65816E-02, -3.640306E-02
8.758696E-08, 1.87500E-02, -3.649235E-02
8.760259E-08, 2.07908E-02, -3.658163E-02
8.761821E-08, 2.25765E-02, -3.668367E-02
8.763384E-08, 2.39796E-02, -3.678571E-02
8.764946E-08, 2.50000E-02, -3.688775E-02
8.766509E-08, 2.56378E-02, -3.698980E-02
8.768071E-08, 2.58929E-02, -3.710459E-02
8.769634E-08, 2.55102E-02, -3.719388E-02
8.771196E-08, 2.47449E-02, -3.729592E-02
8.772759E-08, 2.34694E-02, -3.738520E-02
8.774321E-08, 2.18112E-02, -3.747449E-02
8.775884E-08, 1.98980E-02, -3.755102E-02
8.777446E-08, 1.76020E-02, -3.761480E-02
8.779009E-08, 1.51786E-02, -3.766582E-02
8.780571E-08, 1.23724E-02, -3.769132E-02
8.782134E-08, 9.5663E-03, -3.770408E-02
8.783696E-08, 6.3776E-03, -3.767857E-02
8.785259E-08, 3.1888E-03, -3.762755E-02
8.786821E-08, -2.551E-04, -3.755102E-02
8.788384E-08, -3.5714E-03, -3.746174E-02
8.789946E-08, -6.7602E-03, -3.735969E-02
8.791509E-08, -9.8214E-03, -3.725765E-02
8.793071E-08, -1.23724E-02, -3.714286E-02
