-5.0005706E-07, -1.91327E-02, -6.63265E-02
-4.9999456E-07, -2.62755E-02, -6.45408E-02
-4.9993206E-07, -3.30357E-02, -6.51786E-02
-4.9986956E-07, -3.44388E-02, -6.91327E-02
-4.9980706E-07, -3.07398E-02, -7.25765E-02
-4.9974456E-07, -2.38520E-02, -7.47449E-02
-4.9968206E-07, -1.56888E-02, -7.58929E-02
-4.9961956E-07, -1.00765E-02, -7.47449E-02
-4.9955706E-07, -8.4184E-03, -7.27041E-02
-4.9949456E-07, -1.12245E-02, -6.98980E-02
-4.9943206E-07, -1.56888E-02, -6.78571E-02
-4.9936956E-07, -1.90051E-02, -6.63265E-02
-4.9930706E-07, -2.06633E-02, -6.56888E-02
-4.9924456E-07, -1.77296E-02, -6.77296E-02
-4.9918206E-07, -1.26276E-02, -7.04082E-02
-4.9911956E-07, -9.5663E-03, -7.39796E-02
-4.9905706E-07, -8.8010E-03, -7.89541E-02
-4.9899456E-07, -1.35204E-02, -8.17602E-02
-4.9893206E-07, -2.20663E-02, -8.32908E-02
-4.9886956E-07, -3.07398E-02, -8.23980E-02
-4.9880706E-07, -3.71173E-02, -7.83163E-02
-4.9874456E-07, -3.99235E-02, -7.32143E-02
-4.9868206E-07, -3.86480E-02, -6.98980E-02
-4.9861956E-07, -3.36735E-02, -6.93878E-02
-4.9855706E-07, -2.80612E-02, -7.11735E-02
-4.9849456E-07, -2.35969E-02, -7.57653E-02
-4.9843206E-07, -2.15561E-02, -8.12500E-02
-4.9836956E-07, -2.13010E-02, -8.58418E-02
-4.9830706E-07, -2.18112E-02, -8.81378E-02
-4.9824456E-07, -2.30867E-02, -8.75000E-02
-4.9818206E-07, -2.23214E-02, -8.57143E-02
-4.9811956E-07, -2.02806E-02, -8.21429E-02
-4.9805706E-07, -1.82398E-02, -7.81888E-02
-4.9799456E-07, -1.72194E-02, -7.46173E-02
-4.9793206E-07, -1.88776E-02, -7.14286E-02
-4.9786956E-07, -2.35969E-02, -6.86224E-02
-4.9780706E-07, -3.11224E-02, -6.63265E-02
-4.9774456E-07, -3.83929E-02, -6.53061E-02
-4.9768206E-07, -4.40051E-02, -6.49235E-02
-4.9761956E-07, -4.54082E-02, -6.60714E-02
-4.9755706E-07, -4.29847E-02, -6.84949E-02
-4.9749456E-07, -3.87755E-02, -7.20663E-02
-4.9743206E-07, -3.26531E-02, -7.65306E-02
-4.9736956E-07, -2.81888E-02, -7.93367E-02
-4.9730706E-07, -2.70408E-02, -8.04847E-02
-4.9724456E-07, -2.72959E-02, -8.08674E-02
-4.9718206E-07, -2.70408E-02, -7.92092E-02
-4.9711956E-07, -2.67857E-02, -7.51275E-02
-4.9705706E-07, -2.60204E-02, -7.20663E-02
-4.9699456E-07, -2.32143E-02, -7.07908E-02
-4.9693206E-07, -2.16837E-02, -6.95153E-02
-4.9686956E-07, -2.19388E-02, -7.05357E-02
-4.9680706E-07, -2.37245E-02, -7.23214E-02
-4.9674456E-07, -2.85714E-02, -7.29592E-02
-4.9668206E-07, -3.38010E-02, -7.42347E-02
-4.9661956E-07, -3.78827E-02, -7.44898E-02
-4.9655706E-07, -3.99235E-02, -7.41071E-02
-4.9649456E-07, -3.76276E-02, -7.39796E-02
-4.9643206E-07, -3.36735E-02, -7.25765E-02
-4.9636956E-07, -2.93367E-02, -7.20663E-02
-4.9630706E-07, -2.53827E-02, -7.18112E-02
-4.9624456E-07, -2.38520E-02, -7.14286E-02
-4.9618206E-07, -2.35969E-02, -7.20663E-02
-4.9611956E-07, -2.39796E-02, -7.21939E-02
-4.9605706E-07, -2.33418E-02, -7.30867E-02
-4.9599456E-07, -2.13010E-02, -7.39796E-02
-4.9593206E-07, -1.84949E-02, -7.51275E-02
-4.9586956E-07, -1.49235E-02, -7.67857E-02
-4.9580706E-07, -1.42857E-02, -7.72959E-02
-4.9574456E-07, -1.69643E-02, -7.81888E-02
-4.9568206E-07, -2.04082E-02, -7.85714E-02
-4.9561956E-07, -2.39796E-02, -7.66582E-02
-4.9555706E-07, -2.56378E-02, -7.29592E-02
-4.9549456E-07, -2.53827E-02, -6.81122E-02
-4.9543206E-07, -2.38520E-02, -6.40306E-02
-4.9536956E-07, -2.32143E-02, -6.16071E-02
-4.9530706E-07, -2.51276E-02, -6.27551E-02
-4.9524456E-07, -2.95918E-02, -6.73469E-02
-4.9518206E-07, -3.52041E-02, -7.43622E-02
-4.9511956E-07, -3.91582E-02, -8.17602E-02
-4.9505706E-07, -3.91582E-02, -8.66071E-02
-4.9499456E-07, -3.35459E-02, -8.75000E-02
-4.9493206E-07, -2.53827E-02, -8.32908E-02
-4.9486956E-07, -1.82398E-02, -7.61480E-02
-4.9480706E-07, -1.42857E-02, -6.97704E-02
-4.9474456E-07, -1.50510E-02, -6.61990E-02
-4.9468206E-07, -1.92602E-02, -6.67092E-02
-4.9461956E-07, -2.35969E-02, -7.10459E-02
-4.9455706E-07, -2.50000E-02, -7.61480E-02
-4.9449456E-07, -2.27041E-02, -7.85714E-02
-4.9443206E-07, -1.83673E-02, -7.70408E-02
-4.9436956E-07, -1.44133E-02, -7.14286E-02
-4.9430706E-07, -1.42857E-02, -6.36480E-02
-4.9424456E-07, -1.88776E-02, -5.73980E-02
-4.9418206E-07, -2.67857E-02, -5.51020E-02
-4.9411956E-07, -3.40561E-02, -5.77806E-02
-4.9405706E-07, -3.72449E-02, -6.30102E-02
-4.9399456E-07, -3.46939E-02, -6.84949E-02
-4.9393206E-07, -2.74235E-02, -7.24490E-02
-4.9386956E-07, -1.84949E-02, -7.42347E-02
-4.9380706E-07, -1.17347E-02, -7.52551E-02
-4.9374456E-07, -1.12245E-02, -7.74235E-02
-4.9368206E-07, -1.60714E-02, -8.29082E-02
-4.9361956E-07, -2.51276E-02, -9.00510E-02
-4.9355706E-07, -3.36735E-02, -9.70663E-02
-4.9349456E-07, -3.68622E-02, -9.96173E-02
-4.9343206E-07, -3.40561E-02, -9.55357E-02
-4.9336956E-07, -2.58929E-02, -8.63520E-02
-4.9330706E-07, -1.76020E-02, -7.50000E-02
-4.9324456E-07, -1.18622E-02, -6.76020E-02
-4.9318206E-07, -1.08418E-02, -6.56888E-02
-4.9311956E-07, -1.64541E-02, -6.88775E-02
-4.9305706E-07, -2.56378E-02, -7.61480E-02
-4.9299456E-07, -3.34184E-02, -8.32908E-02
-4.9293206E-07, -3.63520E-02, -8.59694E-02
-4.9286956E-07, -3.39286E-02, -8.41837E-02
-4.9280706E-07, -2.57653E-02, -8.08674E-02
-4.9274456E-07, -1.64541E-02, -7.81888E-02
-4.9268206E-07, -9.1837E-03, -7.95918E-02
-4.9261956E-07, -5.7398E-03, -8.52041E-02
-4.9255706E-07, -8.6735E-03, -9.11990E-02
-4.9249456E-07, -1.60714E-02, -9.54082E-02
-4.9243206E-07, -2.66582E-02, -9.38776E-02
-4.9236956E-07, -3.80102E-02, -8.73725E-02
-4.9230706E-07, -4.59184E-02, -7.89541E-02
-4.9224456E-07, -5.02551E-02, -7.10459E-02
-4.9218206E-07, -4.92347E-02, -6.83673E-02
-4.9211956E-07, -4.32398E-02, -7.11735E-02
-4.9205706E-07, -3.40561E-02, -7.67857E-02
-4.9199456E-07, -2.35969E-02, -8.18878E-02
-4.9193206E-07, -1.40306E-02, -8.23980E-02
-4.9186956E-07, -7.9082E-03, -7.64031E-02
-4.9180706E-07, -6.3776E-03, -6.65816E-02
-4.9174456E-07, -8.9286E-03, -5.72704E-02
-4.9168206E-07, -1.39031E-02, -5.21684E-02
-4.9161956E-07, -1.96429E-02, -5.31888E-02
-4.9155706E-07, -2.52551E-02, -5.94388E-02
-4.9149456E-07, -2.88265E-02, -6.81122E-02
-4.9143206E-07, -3.15051E-02, -7.37245E-02
-4.9136956E-07, -3.41837E-02, -7.47449E-02
-4.9130706E-07, -3.68622E-02, -7.13010E-02
-4.9124456E-07, -4.08163E-02, -6.53061E-02
-4.9118206E-07, -4.41327E-02, -6.14796E-02
-4.9111956E-07, -4.65561E-02, -5.99490E-02
-4.9105706E-07, -4.85969E-02, -6.16071E-02
-4.9099456E-07, -4.82143E-02, -6.64541E-02
-4.9093206E-07, -4.56633E-02, -6.97704E-02
-4.9086956E-07, -4.20918E-02, -7.05357E-02
-4.9080706E-07, -3.64796E-02, -6.98980E-02
-4.9074456E-07, -3.02296E-02, -6.87500E-02
-4.9068206E-07, -2.41071E-02, -7.00255E-02
-4.9061956E-07, -1.92602E-02, -7.50000E-02
-4.9055706E-07, -1.76020E-02, -8.29082E-02
-4.9049456E-07, -1.86224E-02, -9.13265E-02
-4.9043206E-07, -2.20663E-02, -9.60459E-02
-4.9036956E-07, -2.60204E-02, -9.51531E-02
-4.9030706E-07, -2.78061E-02, -8.85204E-02
-4.9024456E-07, -2.74235E-02, -7.93367E-02
-4.9018206E-07, -2.34694E-02, -7.29592E-02
-4.9011956E-07, -1.78571E-02, -7.15561E-02
-4.9005706E-07, -1.28827E-02, -7.64031E-02
-4.8999456E-07, -1.12245E-02, -8.44388E-02
-4.8993206E-07, -1.41582E-02, -9.17092E-02
-4.8986956E-07, -1.97704E-02, -9.50255E-02
-4.8980706E-07, -2.62755E-02, -9.15816E-02
-4.8974456E-07, -3.09949E-02, -8.39286E-02
-4.8968206E-07, -3.18878E-02, -7.55102E-02
-4.8961956E-07, -2.84439E-02, -7.01531E-02
-4.8955706E-07, -2.24490E-02, -6.91327E-02
-4.8949456E-07, -1.74745E-02, -7.15561E-02
-4.8943206E-07, -1.46684E-02, -7.55102E-02
-4.8936956E-07, -1.56888E-02, -7.67857E-02
-4.8930706E-07, -1.90051E-02, -7.48724E-02
-4.8924456E-07, -2.30867E-02, -7.05357E-02
-4.8918206E-07, -2.57653E-02, -6.63265E-02
-4.8911956E-07, -2.50000E-02, -6.50510E-02
-4.8905706E-07, -2.23214E-02, -6.70918E-02
-4.8899456E-07, -1.91327E-02, -7.30867E-02
-4.8893206E-07, -1.73469E-02, -8.03571E-02
-4.8886956E-07, -1.91327E-02, -8.59694E-02
-4.8880706E-07, -2.38520E-02, -8.91582E-02
-4.8874456E-07, -2.92092E-02, -8.86480E-02
-4.8868206E-07, -3.34184E-02, -8.52041E-02
-4.8861956E-07, -3.36735E-02, -8.09949E-02
-4.8855706E-07, -2.99745E-02, -7.71684E-02
-4.8849456E-07, -2.41071E-02, -7.50000E-02
-4.8843206E-07, -1.84949E-02, -7.50000E-02
-4.8836956E-07, -1.58163E-02, -7.64031E-02
-4.8830706E-07, -1.70918E-02, -7.83163E-02
-4.8824456E-07, -2.27041E-02, -7.94643E-02
-4.8818206E-07, -2.95918E-02, -7.99745E-02
-4.8811956E-07, -3.44388E-02, -7.90816E-02
-4.8805706E-07, -3.69898E-02, -7.64031E-02
-4.8799456E-07, -3.63520E-02, -7.44898E-02
-4.8793206E-07, -3.31633E-02, -7.37245E-02
-4.8786956E-07, -2.98469E-02, -7.42347E-02
-4.8780706E-07, -2.76786E-02, -7.74235E-02
-4.8774456E-07, -2.57653E-02, -8.26531E-02
-4.8768206E-07, -2.27041E-02, -8.73725E-02
-4.8761956E-07, -1.95153E-02, -9.01786E-02
-4.8755706E-07, -1.63265E-02, -9.13265E-02
-4.8749456E-07, -1.47959E-02, -9.01786E-02
-4.8743206E-07, -1.56888E-02, -8.78827E-02
-4.8736956E-07, -2.04082E-02, -8.40561E-02
-4.8730706E-07, -2.86990E-02, -8.03571E-02
-4.8724456E-07, -3.68622E-02, -7.80612E-02
-4.8718206E-07, -4.23469E-02, -7.61480E-02
-4.8711956E-07, -4.23469E-02, -7.56378E-02
-4.8705706E-07, -3.59694E-02, -7.55102E-02
-4.8699456E-07, -2.75510E-02, -7.48724E-02
-4.8693206E-07, -1.97704E-02, -7.55102E-02
-4.8686956E-07, -1.50510E-02, -7.64031E-02
-4.8680706E-07, -1.54337E-02, -7.69133E-02
-4.8674456E-07, -1.82398E-02, -7.79337E-02
-4.8668206E-07, -2.14286E-02, -7.80612E-02
-4.8661956E-07, -2.32143E-02, -7.80612E-02
-4.8655706E-07, -2.24490E-02, -7.92092E-02
-4.8649456E-07, -2.07908E-02, -8.17602E-02
-4.8643206E-07, -1.91327E-02, -8.60969E-02
-4.8636956E-07, -1.83673E-02, -9.11990E-02
-4.8630706E-07, -1.84949E-02, -9.45153E-02
-4.8624456E-07, -1.91327E-02, -9.48980E-02
-4.8618206E-07, -1.93878E-02, -9.20918E-02
-4.8611956E-07, -1.87500E-02, -8.69898E-02
-4.8605706E-07, -1.78571E-02, -8.17602E-02
-4.8599456E-07, -1.77296E-02, -7.88265E-02
-4.8593206E-07, -2.07908E-02, -7.92092E-02
-4.8586956E-07, -2.65306E-02, -8.35459E-02
-4.8580706E-07, -3.34184E-02, -8.87755E-02
-4.8574456E-07, -4.04337E-02, -9.22194E-02
-4.8568206E-07, -4.41327E-02, -9.24745E-02
-4.8561956E-07, -4.28571E-02, -8.78827E-02
-4.8555706E-07, -3.68622E-02, -8.02296E-02
-4.8549456E-07, -2.84439E-02, -7.18112E-02
-4.8543206E-07, -2.00255E-02, -6.60714E-02
-4.8536956E-07, -1.39031E-02, -6.47959E-02
-4.8530706E-07, -1.30102E-02, -6.72194E-02
-4.8524456E-07, -1.64541E-02, -7.32143E-02
-4.8518206E-07, -2.21939E-02, -7.97194E-02
-4.8511956E-07, -2.88265E-02, -8.38010E-02
-4.8505706E-07, -3.39286E-02, -8.52041E-02
-4.8499456E-07, -3.53316E-02, -8.30357E-02
-4.8493206E-07, -3.53316E-02, -7.74235E-02
-4.8486956E-07, -3.58418E-02, -7.15561E-02
-4.8480706E-07, -3.75000E-02, -6.83673E-02
-4.8474456E-07, -3.91582E-02, -6.88775E-02
-4.8468206E-07, -3.94133E-02, -7.24490E-02
-4.8461956E-07, -3.64796E-02, -7.81888E-02
-4.8455706E-07, -2.89541E-02, -8.44388E-02
-4.8449456E-07, -1.76020E-02, -8.87755E-02
-4.8443206E-07, -6.5051E-03, -9.00510E-02
-4.8436956E-07, 5.102E-04, -8.91582E-02
-4.8430706E-07, 1.2755E-03, -8.64796E-02
-4.8424456E-07, -5.6122E-03, -8.23980E-02
-4.8418206E-07, -1.60714E-02, -7.90816E-02
-4.8411956E-07, -2.55102E-02, -7.61480E-02
-4.8405706E-07, -3.03571E-02, -7.38520E-02
-4.8399456E-07, -2.92092E-02, -7.30867E-02
-4.8393206E-07, -2.29592E-02, -7.39796E-02
-4.8386956E-07, -1.55612E-02, -7.57653E-02
-4.8380706E-07, -1.28827E-02, -7.72959E-02
-4.8374456E-07, -1.64541E-02, -7.88265E-02
-4.8368206E-07, -2.46173E-02, -7.88265E-02
-4.8361956E-07, -3.36735E-02, -7.61480E-02
-4.8355706E-07, -3.97959E-02, -7.14286E-02
-4.8349456E-07, -4.14541E-02, -6.68367E-02
-4.8343206E-07, -3.86480E-02, -6.51786E-02
-4.8336956E-07, -3.26531E-02, -6.74745E-02
-4.8330706E-07, -2.80612E-02, -7.23214E-02
-4.8324456E-07, -2.72959E-02, -7.84439E-02
-4.8318206E-07, -2.99745E-02, -8.40561E-02
-4.8311956E-07, -3.41837E-02, -8.67347E-02
-4.8305706E-07, -3.81378E-02, -8.58418E-02
-4.8299456E-07, -4.01786E-02, -8.31633E-02
-4.8293206E-07, -3.86480E-02, -8.09949E-02
-4.8286956E-07, -3.44388E-02, -7.99745E-02
-4.8280706E-07, -2.97194E-02, -8.08674E-02
-4.8274456E-07, -2.47449E-02, -8.38010E-02
-4.8268206E-07, -2.20663E-02, -8.62245E-02
-4.8261956E-07, -2.23214E-02, -8.78827E-02
-4.8255706E-07, -2.35969E-02, -8.86480E-02
-4.8249456E-07, -2.65306E-02, -8.66071E-02
-4.8243206E-07, -3.07398E-02, -8.38010E-02
-4.8236956E-07, -3.34184E-02, -8.20153E-02
-4.8230706E-07, -3.38010E-02, -8.12500E-02
-4.8224456E-07, -3.17602E-02, -8.22704E-02
-4.8218206E-07, -2.62755E-02, -8.50765E-02
-4.8211956E-07, -2.04082E-02, -8.76276E-02
-4.8205706E-07, -1.61990E-02, -9.00510E-02
-4.8199456E-07, -1.33929E-02, -9.18367E-02
-4.8193206E-07, -1.41582E-02, -9.08163E-02
-4.8186956E-07, -1.68367E-02, -8.87755E-02
-4.8180706E-07, -1.96429E-02, -8.53316E-02
-4.8174456E-07, -2.25765E-02, -8.04847E-02
-4.8168206E-07, -2.43622E-02, -7.64031E-02
-4.8161956E-07, -2.71684E-02, -7.27041E-02
-4.8155706E-07, -3.03571E-02, -7.13010E-02
-4.8149456E-07, -3.50765E-02, -7.13010E-02
-4.8143206E-07, -4.00510E-02, -7.38520E-02
-4.8136956E-07, -4.29847E-02, -7.81888E-02
-4.8130706E-07, -4.29847E-02, -8.27806E-02
-4.8124456E-07, -3.90306E-02, -8.75000E-02
-4.8118206E-07, -3.27806E-02, -8.97959E-02
-4.8111956E-07, -2.69133E-02, -8.96684E-02
-4.8105706E-07, -2.27041E-02, -8.78827E-02
-4.8099456E-07, -2.16837E-02, -8.45663E-02
-4.8093206E-07, -2.44898E-02, -8.17602E-02
-4.8086956E-07, -2.79337E-02, -8.16327E-02
-4.8080706E-07, -3.07398E-02, -8.27806E-02
-4.8074456E-07, -3.12500E-02, -8.52041E-02
-4.8068206E-07, -2.99745E-02, -8.66071E-02
-4.8061956E-07, -2.86990E-02, -8.62245E-02
-4.8055706E-07, -2.64031E-02, -8.48214E-02
-4.8049456E-07, -2.52551E-02, -8.13776E-02
-4.8043206E-07, -2.58929E-02, -7.89541E-02
-4.8036956E-07, -2.66582E-02, -7.97194E-02
-4.8030706E-07, -2.66582E-02, -8.26531E-02
-4.8024456E-07, -2.50000E-02, -8.63520E-02
-4.8018206E-07, -2.24490E-02, -8.83929E-02
-4.8011956E-07, -1.90051E-02, -8.81378E-02
-4.8005706E-07, -1.73469E-02, -8.45663E-02
-4.7999456E-07, -1.76020E-02, -8.09949E-02
-4.7993206E-07, -1.97704E-02, -7.89541E-02
-4.7986956E-07, -2.47449E-02, -7.92092E-02
-4.7980706E-07, -3.01020E-02, -8.29082E-02
-4.7974456E-07, -3.53316E-02, -8.66071E-02
-4.7968206E-07, -3.89031E-02, -8.89031E-02
-4.7961956E-07, -3.94133E-02, -8.78827E-02
-4.7955706E-07, -3.75000E-02, -8.29082E-02
-4.7949456E-07, -3.30357E-02, -7.67857E-02
-4.7943206E-07, -2.71684E-02, -7.15561E-02
-4.7936956E-07, -2.14286E-02, -6.90051E-02
-4.7930706E-07, -1.76020E-02, -6.98980E-02
-4.7924456E-07, -1.74745E-02, -7.33418E-02
-4.7918206E-07, -2.14286E-02, -7.76786E-02
-4.7911956E-07, -2.65306E-02, -8.17602E-02
-4.7905706E-07, -3.32908E-02, -8.23980E-02
-4.7899456E-07, -3.99235E-02, -8.21429E-02
-4.7893206E-07, -4.28571E-02, -8.20153E-02
-4.7886956E-07, -4.38775E-02, -8.12500E-02
-4.7880706E-07, -4.23469E-02, -8.23980E-02
-4.7874456E-07, -3.90306E-02, -8.41837E-02
-4.7868206E-07, -3.68622E-02, -8.52041E-02
-4.7861956E-07, -3.53316E-02, -8.66071E-02
-4.7855706E-07, -3.49490E-02, -8.66071E-02
-4.7849456E-07, -3.60969E-02, -8.55867E-02
-4.7843206E-07, -3.67347E-02, -8.46939E-02
-4.7836956E-07, -3.72449E-02, -8.29082E-02
-4.7830706E-07, -3.71173E-02, -8.18878E-02
-4.7824456E-07, -3.55867E-02, -8.12500E-02
-4.7818206E-07, -3.32908E-02, -8.01020E-02
-4.7811956E-07, -3.12500E-02, -7.88265E-02
-4.7805706E-07, -3.01020E-02, -7.74235E-02
-4.7799456E-07, -2.89541E-02, -7.55102E-02
-4.7793206E-07, -3.02296E-02, -7.18112E-02
-4.7786956E-07, -3.25255E-02, -6.83673E-02
-4.7780706E-07, -3.41837E-02, -6.56888E-02
-4.7774456E-07, -3.60969E-02, -6.39031E-02
-4.7768206E-07, -3.64796E-02, -6.55612E-02
-4.7761956E-07, -3.60969E-02, -7.06633E-02
-4.7755706E-07, -3.55867E-02, -7.78061E-02
-4.7749456E-07, -3.45663E-02, -8.44388E-02
-4.7743206E-07, -3.44388E-02, -8.73725E-02
-4.7736956E-07, -3.38010E-02, -8.57143E-02
-4.7730706E-07, -3.22704E-02, -7.95918E-02
-4.7724456E-07, -3.03571E-02, -7.25765E-02
-4.7718206E-07, -2.84439E-02, -6.96429E-02
-4.7711956E-07, -2.66582E-02, -7.39796E-02
-4.7705706E-07, -2.55102E-02, -8.35459E-02
-4.7699456E-07, -2.72959E-02, -9.42602E-02
-4.7693206E-07, -3.04847E-02, -1.020408E-01
-4.7686956E-07, -3.36735E-02, -1.019133E-01
-4.7680706E-07, -3.44388E-02, -9.38776E-02
-4.7674456E-07, -3.21429E-02, -8.03571E-02
-4.7668206E-07, -2.83163E-02, -6.73469E-02
-4.7661956E-07, -2.44898E-02, -6.05867E-02
-4.7655706E-07, -2.35969E-02, -6.08418E-02
-4.7649456E-07, -2.55102E-02, -6.68367E-02
-4.7643206E-07, -3.01020E-02, -7.33418E-02
-4.7636956E-07, -3.50765E-02, -7.71684E-02
-4.7630706E-07, -3.87755E-02, -7.72959E-02
-4.7624456E-07, -4.03061E-02, -7.62755E-02
-4.7618206E-07, -3.89031E-02, -7.72959E-02
-4.7611956E-07, -3.66071E-02, -8.13776E-02
-4.7605706E-07, -3.41837E-02, -8.86480E-02
-4.7599456E-07, -3.31633E-02, -9.57908E-02
-4.7593206E-07, -3.15051E-02, -1.000000E-01
-4.7586956E-07, -2.75510E-02, -9.87245E-02
-4.7580706E-07, -2.23214E-02, -9.17092E-02
-4.7574456E-07, -1.65816E-02, -8.39286E-02
-4.7568206E-07, -1.13520E-02, -7.84439E-02
-4.7561956E-07, -9.9490E-03, -7.57653E-02
-4.7555706E-07, -1.30102E-02, -7.70408E-02
-4.7549456E-07, -1.90051E-02, -7.98469E-02
-4.7543206E-07, -2.52551E-02, -8.11225E-02
-4.7536956E-07, -2.85714E-02, -7.94643E-02
-4.7530706E-07, -2.92092E-02, -7.50000E-02
-4.7524456E-07, -2.72959E-02, -7.05357E-02
-4.7518206E-07, -2.52551E-02, -6.78571E-02
-4.7511956E-07, -2.44898E-02, -6.77296E-02
-4.7505706E-07, -2.55102E-02, -6.97704E-02
-4.7499456E-07, -2.85714E-02, -7.20663E-02
-4.7493206E-07, -3.07398E-02, -7.43622E-02
-4.7486956E-07, -3.08673E-02, -7.51275E-02
-4.7480706E-07, -3.06122E-02, -7.50000E-02
-4.7474456E-07, -2.92092E-02, -7.65306E-02
-4.7468206E-07, -2.80612E-02, -7.86990E-02
-4.7461956E-07, -2.70408E-02, -8.11225E-02
-4.7455706E-07, -2.62755E-02, -8.18878E-02
-4.7449456E-07, -2.56378E-02, -8.07398E-02
-4.7443206E-07, -2.37245E-02, -7.78061E-02
-4.7436956E-07, -2.13010E-02, -7.30867E-02
-4.7430706E-07, -1.98980E-02, -6.92602E-02
-4.7424456E-07, -2.00255E-02, -6.87500E-02
-4.7418206E-07, -2.15561E-02, -7.19388E-02
-4.7411956E-07, -2.53827E-02, -7.78061E-02
-4.7405706E-07, -2.99745E-02, -8.58418E-02
-4.7399456E-07, -3.26531E-02, -9.23469E-02
-4.7393206E-07, -3.43112E-02, -9.40051E-02
-4.7386956E-07, -3.46939E-02, -9.10714E-02
-4.7380706E-07, -3.35459E-02, -8.45663E-02
-4.7374456E-07, -3.23980E-02, -7.58929E-02
-4.7368206E-07, -3.11224E-02, -6.93878E-02
-4.7361956E-07, -2.92092E-02, -6.73469E-02
-4.7355706E-07, -2.66582E-02, -7.04082E-02
-4.7349456E-07, -2.29592E-02, -7.75510E-02
-4.7343206E-07, -1.92602E-02, -8.55867E-02
-4.7336956E-07, -1.70918E-02, -9.19643E-02
-4.7330706E-07, -1.65816E-02, -9.42602E-02
-4.7324456E-07, -1.70918E-02, -9.10714E-02
-4.7318206E-07, -1.84949E-02, -8.36735E-02
-4.7311956E-07, -2.05357E-02, -7.50000E-02
-4.7305706E-07, -2.04082E-02, -6.93878E-02
-4.7299456E-07, -2.01531E-02, -6.74745E-02
-4.7293206E-07, -2.04082E-02, -7.19388E-02
-4.7286956E-07, -1.98980E-02, -8.16327E-02
-4.7280706E-07, -2.09184E-02, -9.14541E-02
-4.7274456E-07, -2.27041E-02, -1.003827E-01
-4.7268206E-07, -2.41071E-02, -1.045918E-01
-4.7261956E-07, -2.57653E-02, -1.031888E-01
-4.7255706E-07, -2.62755E-02, -9.79592E-02
-4.7249456E-07, -2.69133E-02, -8.94133E-02
-4.7243206E-07, -2.86990E-02, -8.12500E-02
-4.7236956E-07, -3.07398E-02, -7.56378E-02
-4.7230706E-07, -3.36735E-02, -7.24490E-02
-4.7224456E-07, -3.52041E-02, -7.29592E-02
-4.7218206E-07, -3.43112E-02, -7.46173E-02
-4.7211956E-07, -3.12500E-02, -7.60204E-02
-4.7205706E-07, -2.56378E-02, -7.65306E-02
-4.7199456E-07, -2.01531E-02, -7.44898E-02
-4.7193206E-07, -1.56888E-02, -7.18112E-02
-4.7186956E-07, -1.27551E-02, -6.90051E-02
-4.7180706E-07, -1.26276E-02, -6.72194E-02
-4.7174456E-07, -1.47959E-02, -6.88775E-02
-4.7168206E-07, -1.78571E-02, -7.37245E-02
-4.7161956E-07, -2.18112E-02, -8.02296E-02
-4.7155706E-07, -2.61480E-02, -8.69898E-02
-4.7149456E-07, -3.08673E-02, -9.17092E-02
-4.7143206E-07, -3.54592E-02, -9.40051E-02
-4.7136956E-07, -3.75000E-02, -9.42602E-02
-4.7130706E-07, -3.60969E-02, -9.19643E-02
-4.7124456E-07, -3.21429E-02, -8.81378E-02
-4.7118206E-07, -2.62755E-02, -8.48214E-02
-4.7111956E-07, -1.93878E-02, -8.21429E-02
-4.7105706E-07, -1.35204E-02, -7.92092E-02
-4.7099456E-07, -1.08418E-02, -7.57653E-02
-4.7093206E-07, -1.04592E-02, -7.35969E-02
-4.7086956E-07, -1.07143E-02, -7.24490E-02
-4.7080706E-07, -1.21173E-02, -7.19388E-02
-4.7074456E-07, -1.28827E-02, -7.37245E-02
-4.7068206E-07, -1.41582E-02, -7.64031E-02
-4.7061956E-07, -1.63265E-02, -7.93367E-02
-4.7055706E-07, -2.11735E-02, -8.11225E-02
-4.7049456E-07, -2.69133E-02, -8.22704E-02
-4.7043206E-07, -3.02296E-02, -8.20153E-02
-4.7036956E-07, -3.09949E-02, -7.97194E-02
-4.7030706E-07, -2.75510E-02, -7.78061E-02
-4.7024456E-07, -2.34694E-02, -7.53826E-02
-4.7018206E-07, -2.02806E-02, -7.50000E-02
-4.7011956E-07, -2.01531E-02, -7.55102E-02
-4.7005706E-07, -2.51276E-02, -7.52551E-02
-4.6999456E-07, -3.07398E-02, -7.56378E-02
-4.6993206E-07, -3.58418E-02, -7.42347E-02
-4.6986956E-07, -3.64796E-02, -7.34694E-02
-4.6980706E-07, -3.09949E-02, -7.38520E-02
-4.6974456E-07, -2.39796E-02, -7.48724E-02
-4.6968206E-07, -1.77296E-02, -7.88265E-02
-4.6961956E-07, -1.59439E-02, -8.27806E-02
-4.6955706E-07, -1.98980E-02, -8.52041E-02
-4.6949456E-07, -2.72959E-02, -8.48214E-02
-4.6943206E-07, -3.46939E-02, -8.13776E-02
-4.6936956E-07, -3.75000E-02, -7.67857E-02
-4.6930706E-07, -3.52041E-02, -7.24490E-02
-4.6924456E-07, -2.93367E-02, -7.16837E-02
-4.6918206E-07, -2.16837E-02, -7.55102E-02
-4.6911956E-07, -1.68367E-02, -8.08674E-02
-4.6905706E-07, -1.61990E-02, -8.64796E-02
-4.6899456E-07, -1.78571E-02, -8.92857E-02
-4.6893206E-07, -1.98980E-02, -8.72449E-02
-4.6886956E-07, -2.00255E-02, -8.13776E-02
-4.6880706E-07, -1.84949E-02, -7.42347E-02
-4.6874456E-07, -1.60714E-02, -6.92602E-02
-4.6868206E-07, -1.50510E-02, -6.68367E-02
-4.6861956E-07, -1.72194E-02, -6.69643E-02
-4.6855706E-07, -2.21939E-02, -6.79847E-02
-4.6849456E-07, -2.92092E-02, -6.76020E-02
-4.6843206E-07, -3.50765E-02, -6.68367E-02
-4.6836956E-07, -3.71173E-02, -6.65816E-02
-4.6830706E-07, -3.35459E-02, -6.86224E-02
-4.6824456E-07, -2.52551E-02, -7.28316E-02
-4.6818206E-07, -1.63265E-02, -7.81888E-02
-4.6811956E-07, -9.3112E-03, -8.31633E-02
-4.6805706E-07, -7.3980E-03, -8.43112E-02
-4.6799456E-07, -9.6939E-03, -8.17602E-02
-4.6793206E-07, -1.33929E-02, -7.55102E-02
-4.6786956E-07, -1.73469E-02, -6.84949E-02
-4.6780706E-07, -1.72194E-02, -6.59439E-02
-4.6774456E-07, -1.23724E-02, -6.74745E-02
-4.6768206E-07, -7.1429E-03, -7.20663E-02
-4.6761956E-07, -2.9337E-03, -7.90816E-02
-4.6755706E-07, -2.8061E-03, -8.32908E-02
-4.6749456E-07, -9.0561E-03, -8.27806E-02
-4.6743206E-07, -1.84949E-02, -7.95918E-02
-4.6736956E-07, -2.79337E-02, -7.51275E-02
-4.6730706E-07, -3.35459E-02, -7.28316E-02
-4.6724456E-07, -3.25255E-02, -7.44898E-02
-4.6718206E-07, -2.64031E-02, -7.88265E-02
-4.6711956E-07, -1.90051E-02, -8.41837E-02
-4.6705706E-07, -1.28827E-02, -8.85204E-02
-4.6699456E-07, -9.8214E-03, -8.92857E-02
-4.6693206E-07, -1.09694E-02, -8.66071E-02
-4.6686956E-07, -1.47959E-02, -8.32908E-02
-4.6680706E-07, -1.90051E-02, -8.22704E-02
-4.6674456E-07, -2.24490E-02, -8.46939E-02
-4.6668206E-07, -2.47449E-02, -9.04337E-02
-4.6661956E-07, -2.70408E-02, -9.64286E-02
-4.6655706E-07, -2.97194E-02, -9.98724E-02
-4.6649456E-07, -3.15051E-02, -9.84694E-02
-4.6643206E-07, -3.35459E-02, -9.14541E-02
-4.6636956E-07, -3.50765E-02, -8.35459E-02
-4.6630706E-07, -3.39286E-02, -7.86990E-02
-4.6624456E-07, -3.15051E-02, -7.80612E-02
-4.6618206E-07, -2.83163E-02, -8.30357E-02
-4.6611956E-07, -2.39796E-02, -9.10714E-02
-4.6605706E-07, -2.07908E-02, -9.69388E-02
-4.6599456E-07, -1.88776E-02, -9.91071E-02
-4.6593206E-07, -1.68367E-02, -9.73214E-02
-4.6586956E-07, -1.56888E-02, -9.26020E-02
-4.6580706E-07, -1.39031E-02, -8.92857E-02
-4.6574456E-07, -1.13520E-02, -8.87755E-02
-4.6568206E-07, -1.07143E-02, -9.11990E-02
-4.6561956E-07, -1.14796E-02, -9.65561E-02
-4.6555706E-07, -1.41582E-02, -1.015306E-01
-4.6549456E-07, -1.90051E-02, -1.036990E-01
-4.6543206E-07, -2.50000E-02, -1.030612E-01
-4.6536956E-07, -2.92092E-02, -1.011480E-01
-4.6530706E-07, -2.92092E-02, -9.82143E-02
-4.6524456E-07, -2.62755E-02, -9.51531E-02
-4.6518206E-07, -2.15561E-02, -9.42602E-02
-4.6511956E-07, -1.73469E-02, -9.45153E-02
-4.6505706E-07, -1.65816E-02, -9.48980E-02
-4.6499456E-07, -1.98980E-02, -9.46429E-02
-4.6493206E-07, -2.72959E-02, -9.26020E-02
-4.6486956E-07, -3.59694E-02, -8.96684E-02
-4.6480706E-07, -3.97959E-02, -8.64796E-02
-4.6474456E-07, -3.81378E-02, -8.15051E-02
-4.6468206E-07, -3.09949E-02, -7.70408E-02
-4.6461956E-07, -2.05357E-02, -7.37245E-02
-4.6455706E-07, -1.13520E-02, -7.10459E-02
-4.6449456E-07, -7.0153E-03, -6.88775E-02
-4.6443206E-07, -8.5459E-03, -6.67092E-02
-4.6436956E-07, -1.47959E-02, -6.45408E-02
-4.6430706E-07, -2.21939E-02, -6.27551E-02
-4.6424456E-07, -2.65306E-02, -6.21173E-02
-4.6418206E-07, -2.67857E-02, -6.27551E-02
-4.6411956E-07, -2.24490E-02, -6.63265E-02
-4.6405706E-07, -1.68367E-02, -7.13010E-02
-4.6399456E-07, -1.39031E-02, -7.72959E-02
-4.6393206E-07, -1.44133E-02, -8.35459E-02
-4.6386956E-07, -1.83673E-02, -8.71173E-02
-4.6380706E-07, -2.33418E-02, -8.75000E-02
-4.6374456E-07, -2.65306E-02, -8.46939E-02
-4.6368206E-07, -2.71684E-02, -7.95918E-02
-4.6361956E-07, -2.46173E-02, -7.50000E-02
-4.6355706E-07, -2.07908E-02, -7.21939E-02
-4.6349456E-07, -1.83673E-02, -7.23214E-02
-4.6343206E-07, -1.73469E-02, -7.61480E-02
-4.6336956E-07, -1.77296E-02, -8.13776E-02
-4.6330706E-07, -1.83673E-02, -8.66071E-02
-4.6324456E-07, -1.84949E-02, -9.00510E-02
-4.6318206E-07, -1.68367E-02, -9.11990E-02
-4.6311956E-07, -1.32653E-02, -8.95408E-02
-4.6305706E-07, -1.02041E-02, -8.53316E-02
-4.6299456E-07, -7.5255E-03, -8.17602E-02
-4.6293206E-07, -6.6327E-03, -7.90816E-02
-4.6286956E-07, -7.6531E-03, -7.93367E-02
-4.6280706E-07, -9.9490E-03, -8.26531E-02
-4.6274456E-07, -1.23724E-02, -8.77551E-02
-4.6268206E-07, -1.45408E-02, -9.29847E-02
-4.6261956E-07, -1.69643E-02, -9.63010E-02
-4.6255706E-07, -2.05357E-02, -9.71939E-02
-4.6249456E-07, -2.48724E-02, -9.61735E-02
-4.6243206E-07, -2.78061E-02, -9.37500E-02
-4.6236956E-07, -2.94643E-02, -8.95408E-02
-4.6230706E-07, -2.79337E-02, -8.50765E-02
-4.6224456E-07, -2.30867E-02, -8.02296E-02
-4.6218206E-07, -1.58163E-02, -7.48724E-02
-4.6211956E-07, -8.5459E-03, -6.96429E-02
-4.6205706E-07, -4.0816E-03, -6.55612E-02
-4.6199456E-07, -2.0408E-03, -6.41582E-02
-4.6193206E-07, -2.9337E-03, -6.40306E-02
-4.6186956E-07, -7.5255E-03, -6.50510E-02
-4.6180706E-07, -1.28827E-02, -6.73469E-02
-4.6174456E-07, -1.92602E-02, -6.79847E-02
-4.6168206E-07, -2.70408E-02, -6.76020E-02
-4.6161956E-07, -3.43112E-02, -6.76020E-02
-4.6155706E-07, -3.97959E-02, -6.82398E-02
-4.6149456E-07, -4.08163E-02, -7.05357E-02
-4.6143206E-07, -3.69898E-02, -7.33418E-02
-4.6136956E-07, -2.86990E-02, -7.67857E-02
-4.6130706E-07, -1.98980E-02, -7.84439E-02
-4.6124456E-07, -1.49235E-02, -7.85714E-02
-4.6118206E-07, -1.53061E-02, -7.84439E-02
-4.6111956E-07, -2.24490E-02, -7.74235E-02
-4.6105706E-07, -3.17602E-02, -7.85714E-02
-4.6099456E-07, -3.81378E-02, -8.15051E-02
-4.6093206E-07, -3.90306E-02, -8.52041E-02
-4.6086956E-07, -3.22704E-02, -8.94133E-02
-4.6080706E-07, -2.06633E-02, -9.06888E-02
-4.6074456E-07, -1.05867E-02, -8.77551E-02
-4.6068206E-07, -6.2500E-03, -8.25255E-02
-4.6061956E-07, -8.9286E-03, -7.62755E-02
-4.6055706E-07, -1.84949E-02, -7.06633E-02
-4.6049456E-07, -2.98469E-02, -6.93878E-02
-4.6043206E-07, -3.72449E-02, -7.21939E-02
-4.6036956E-07, -3.78827E-02, -7.64031E-02
-4.6030706E-07, -3.25255E-02, -7.99745E-02
-4.6024456E-07, -2.33418E-02, -8.13776E-02
-4.6018206E-07, -1.42857E-02, -7.92092E-02
-4.6011956E-07, -1.00765E-02, -7.48724E-02
-4.6005706E-07, -1.07143E-02, -7.29592E-02
-4.5999456E-07, -1.47959E-02, -7.48724E-02
-4.5993206E-07, -1.96429E-02, -8.13776E-02
-4.5986956E-07, -2.21939E-02, -9.01786E-02
-4.5980706E-07, -2.27041E-02, -9.78316E-02
-4.5974456E-07, -2.01531E-02, -1.016582E-01
-4.5968206E-07, -1.87500E-02, -9.85969E-02
-4.5961956E-07, -1.92602E-02, -9.11990E-02
-4.5955706E-07, -2.18112E-02, -8.11225E-02
-4.5949456E-07, -2.76786E-02, -7.20663E-02
-4.5943206E-07, -3.30357E-02, -6.92602E-02
-4.5936956E-07, -3.68622E-02, -7.18112E-02
-4.5930706E-07, -3.78827E-02, -7.94643E-02
-4.5924456E-07, -3.52041E-02, -8.90306E-02
-4.5918206E-07, -3.01020E-02, -9.55357E-02
-4.5911956E-07, -2.52551E-02, -9.63010E-02
-4.5905706E-07, -2.20663E-02, -9.19643E-02
-4.5899456E-07, -2.06633E-02, -8.43112E-02
-4.5893206E-07, -2.25765E-02, -7.61480E-02
-4.5886956E-07, -2.69133E-02, -7.25765E-02
-4.5880706E-07, -3.03571E-02, -7.50000E-02
-4.5874456E-07, -3.27806E-02, -8.02296E-02
-4.5868206E-07, -3.34184E-02, -8.63520E-02
-4.5861956E-07, -3.08673E-02, -9.01786E-02
-4.5855706E-07, -2.70408E-02, -8.87755E-02
-4.5849456E-07, -2.25765E-02, -8.40561E-02
-4.5843206E-07, -1.82398E-02, -7.88265E-02
-4.5836956E-07, -1.58163E-02, -7.60204E-02
-4.5830706E-07, -1.54337E-02, -7.80612E-02
-4.5824456E-07, -1.69643E-02, -8.40561E-02
-4.5818206E-07, -2.05357E-02, -9.04337E-02
-4.5811956E-07, -2.47449E-02, -9.41327E-02
-4.5805706E-07, -2.72959E-02, -9.32398E-02
-4.5799456E-07, -2.79337E-02, -8.68622E-02
-4.5793206E-07, -2.64031E-02, -7.88265E-02
-4.5786956E-07, -2.28316E-02, -7.24490E-02
-4.5780706E-07, -1.87500E-02, -6.98980E-02
-4.5774456E-07, -1.56888E-02, -7.11735E-02
-4.5768206E-07, -1.51786E-02, -7.44898E-02
-4.5761956E-07, -1.76020E-02, -7.71684E-02
-4.5755706E-07, -2.23214E-02, -7.71684E-02
-4.5749456E-07, -2.67857E-02, -7.46173E-02
-4.5743206E-07, -2.89541E-02, -7.00255E-02
-4.5736956E-07, -2.80612E-02, -6.60714E-02
-4.5730706E-07, -2.33418E-02, -6.53061E-02
-4.5724456E-07, -1.61990E-02, -6.82398E-02
-4.5718206E-07, -1.05867E-02, -7.37245E-02
-4.5711956E-07, -8.2908E-03, -8.17602E-02
-4.5705706E-07, -9.1837E-03, -8.95408E-02
-4.5699456E-07, -1.37755E-02, -9.43878E-02
-4.5693206E-07, -1.93878E-02, -9.56633E-02
-4.5686956E-07, -2.47449E-02, -9.32398E-02
-4.5680706E-07, -2.75510E-02, -8.90306E-02
-4.5674456E-07, -2.70408E-02, -8.39286E-02
-4.5668206E-07, -2.51276E-02, -7.95918E-02
-4.5661956E-07, -2.19388E-02, -7.81888E-02
-4.5655706E-07, -1.95153E-02, -7.90816E-02
-4.5649456E-07, -1.81122E-02, -8.22704E-02
-4.5643206E-07, -1.65816E-02, -8.59694E-02
-4.5636956E-07, -1.60714E-02, -8.66071E-02
-4.5630706E-07, -1.65816E-02, -8.43112E-02
-4.5624456E-07, -1.84949E-02, -7.90816E-02
-4.5618206E-07, -2.27041E-02, -7.29592E-02
-4.5611956E-07, -2.72959E-02, -6.90051E-02
-4.5605706E-07, -3.09949E-02, -6.81122E-02
-4.5599456E-07, -3.25255E-02, -7.07908E-02
-4.5593206E-07, -2.99745E-02, -7.66582E-02
-4.5586956E-07, -2.37245E-02, -8.26531E-02
-4.5580706E-07, -1.56888E-02, -8.63520E-02
-4.5574456E-07, -8.2908E-03, -8.67347E-02
-4.5568206E-07, -3.9541E-03, -8.43112E-02
-4.5561956E-07, -4.2092E-03, -8.04847E-02
-4.5555706E-07, -8.1633E-03, -7.78061E-02
-4.5549456E-07, -1.44133E-02, -7.67857E-02
-4.5543206E-07, -2.09184E-02, -7.71684E-02
-4.5536956E-07, -2.53827E-02, -7.84439E-02
-4.5530706E-07, -2.78061E-02, -7.88265E-02
-4.5524456E-07, -2.70408E-02, -7.86990E-02
-4.5518206E-07, -2.35969E-02, -7.76786E-02
-4.5511956E-07, -1.97704E-02, -7.70408E-02
-4.5505706E-07, -1.69643E-02, -7.85714E-02
-4.5499456E-07, -1.55612E-02, -8.23980E-02
-4.5493206E-07, -1.64541E-02, -8.55867E-02
-4.5486956E-07, -2.05357E-02, -8.66071E-02
-4.5480706E-07, -2.53827E-02, -8.50765E-02
-4.5474456E-07, -2.99745E-02, -8.01020E-02
-4.5468206E-07, -3.17602E-02, -7.56378E-02
-4.5461956E-07, -2.97194E-02, -7.38520E-02
-4.5455706E-07, -2.41071E-02, -7.67857E-02
-4.5449456E-07, -1.68367E-02, -8.41837E-02
-4.5443206E-07, -1.18622E-02, -9.31122E-02
-4.5436956E-07, -1.14796E-02, -1.010204E-01
-4.5430706E-07, -1.58163E-02, -1.051020E-01
-4.5424456E-07, -2.30867E-02, -1.042092E-01
-4.5418206E-07, -2.97194E-02, -1.002551E-01
-4.5411956E-07, -3.22704E-02, -9.54082E-02
-4.5405706E-07, -3.03571E-02, -9.17092E-02
-4.5399456E-07, -2.56378E-02, -9.03061E-02
-4.5393206E-07, -2.11735E-02, -9.04337E-02
-4.5386956E-07, -1.83673E-02, -9.08163E-02
-4.5380706E-07, -2.01531E-02, -8.85204E-02
-4.5374456E-07, -2.48724E-02, -8.54592E-02
-4.5368206E-07, -2.89541E-02, -8.25255E-02
-4.5361956E-07, -3.16327E-02, -8.04847E-02
-4.5355706E-07, -3.04847E-02, -8.22704E-02
-4.5349456E-07, -2.69133E-02, -8.62245E-02
-4.5343206E-07, -2.53827E-02, -9.10714E-02
-4.5336956E-07, -2.62755E-02, -9.75765E-02
-4.5330706E-07, -2.98469E-02, -1.025510E-01
-4.5324456E-07, -3.43112E-02, -1.052296E-01
-4.5318206E-07, -3.60969E-02, -1.061224E-01
-4.5311956E-07, -3.23980E-02, -1.045918E-01
-4.5305706E-07, -2.35969E-02, -1.008929E-01
-4.5299456E-07, -1.27551E-02, -9.64286E-02
-4.5293206E-07, -3.8265E-03, -9.19643E-02
-4.5286956E-07, 1.276E-04, -8.81378E-02
-4.5280706E-07, -2.1684E-03, -8.58418E-02
-4.5274456E-07, -9.4388E-03, -8.54592E-02
-4.5268206E-07, -1.68367E-02, -8.75000E-02
-4.5261956E-07, -2.16837E-02, -8.99235E-02
-4.5255706E-07, -2.30867E-02, -9.19643E-02
-4.5249456E-07, -2.15561E-02, -9.34949E-02
-4.5243206E-07, -1.96429E-02, -9.31122E-02
-4.5236956E-07, -1.98980E-02, -9.13265E-02
-4.5230706E-07, -2.09184E-02, -8.91582E-02
-4.5224456E-07, -2.11735E-02, -8.54592E-02
-4.5218206E-07, -2.02806E-02, -8.12500E-02
-4.5211956E-07, -1.49235E-02, -7.88265E-02
-4.5205706E-07, -7.5255E-03, -7.67857E-02
-4.5199456E-07, -1.0204E-03, -7.72959E-02
-4.5193206E-07, 2.9337E-03, -8.01020E-02
-4.5186956E-07, 8.929E-04, -8.32908E-02
-4.5180706E-07, -6.3776E-03, -8.71173E-02
-4.5174456E-07, -1.54337E-02, -8.94133E-02
-4.5168206E-07, -2.30867E-02, -8.81378E-02
-4.5161956E-07, -2.76786E-02, -8.36735E-02
-4.5155706E-07, -2.88265E-02, -7.75510E-02
-4.5149456E-07, -2.80612E-02, -7.18112E-02
-4.5143206E-07, -2.79337E-02, -6.83673E-02
-4.5136956E-07, -2.90816E-02, -6.84949E-02
-4.5130706E-07, -3.20153E-02, -7.11735E-02
-4.5124456E-07, -3.54592E-02, -7.53826E-02
-4.5118206E-07, -3.71173E-02, -7.94643E-02
-4.5111956E-07, -3.69898E-02, -8.18878E-02
-4.5105706E-07, -3.45663E-02, -8.32908E-02
-4.5099456E-07, -3.02296E-02, -8.32908E-02
-4.5093206E-07, -2.60204E-02, -8.18878E-02
-4.5086956E-07, -2.29592E-02, -7.98469E-02
-4.5080706E-07, -2.02806E-02, -7.71684E-02
-4.5074456E-07, -2.01531E-02, -7.33418E-02
-4.5068206E-07, -2.19388E-02, -7.14286E-02
-4.5061956E-07, -2.32143E-02, -7.25765E-02
-4.5055706E-07, -2.53827E-02, -7.58929E-02
-4.5049456E-07, -2.61480E-02, -8.31633E-02
-4.5043206E-07, -2.38520E-02, -9.15816E-02
-4.5036956E-07, -1.97704E-02, -9.79592E-02
-4.5030706E-07, -1.50510E-02, -1.012755E-01
-4.5024456E-07, -1.13520E-02, -1.005102E-01
-4.5018206E-07, -1.10969E-02, -9.57908E-02
-4.5011956E-07, -1.53061E-02, -8.92857E-02
-4.5005706E-07, -2.23214E-02, -8.36735E-02
-4.4999456E-07, -2.88265E-02, -8.01020E-02
-4.4993206E-07, -3.21429E-02, -7.85714E-02
-4.4986956E-07, -3.07398E-02, -7.93367E-02
-4.4980706E-07, -2.38520E-02, -8.16327E-02
-4.4974456E-07, -1.42857E-02, -8.29082E-02
-4.4968206E-07, -5.8673E-03, -8.26531E-02
-4.4961956E-07, -1.9133E-03, -8.04847E-02
-4.4955706E-07, -2.5510E-03, -7.78061E-02
-4.4949456E-07, -6.6327E-03, -7.56378E-02
-4.4943206E-07, -1.28827E-02, -7.51275E-02
-4.4936956E-07, -1.70918E-02, -7.78061E-02
-4.4930706E-07, -1.90051E-02, -8.16327E-02
-4.4924456E-07, -1.96429E-02, -8.54592E-02
-4.4918206E-07, -2.01531E-02, -8.83929E-02
-4.4911956E-07, -2.10459E-02, -8.92857E-02
-4.4905706E-07, -2.32143E-02, -8.82653E-02
-4.4899456E-07, -2.56378E-02, -8.78827E-02
-4.4893206E-07, -2.60204E-02, -8.94133E-02
-4.4886956E-07, -2.50000E-02, -9.15816E-02
-4.4880706E-07, -2.19388E-02, -9.37500E-02
-4.4874456E-07, -1.92602E-02, -9.28571E-02
-4.4868206E-07, -1.82398E-02, -8.87755E-02
-4.4861956E-07, -1.84949E-02, -8.23980E-02
-4.4855706E-07, -2.10459E-02, -7.53826E-02
-4.4849456E-07, -2.24490E-02, -7.23214E-02
-4.4843206E-07, -2.37245E-02, -7.32143E-02
-4.4836956E-07, -2.44898E-02, -7.93367E-02
-4.4830706E-07, -2.38520E-02, -8.81378E-02
-4.4824456E-07, -2.43622E-02, -9.47704E-02
-4.4818206E-07, -2.47449E-02, -9.82143E-02
-4.4811956E-07, -2.42347E-02, -9.63010E-02
-4.4805706E-07, -2.32143E-02, -9.04337E-02
-4.4799456E-07, -1.97704E-02, -8.43112E-02
-4.4793206E-07, -1.50510E-02, -7.94643E-02
-4.4786956E-07, -9.9490E-03, -7.74235E-02
-4.4780706E-07, -5.3571E-03, -7.76786E-02
-4.4774456E-07, -4.3367E-03, -7.84439E-02
-4.4768206E-07, -6.8878E-03, -8.01020E-02
-4.4761956E-07, -1.21173E-02, -8.23980E-02
-4.4755706E-07, -1.77296E-02, -8.52041E-02
-4.4749456E-07, -2.13010E-02, -8.75000E-02
-4.4743206E-07, -2.24490E-02, -8.83929E-02
-4.4736956E-07, -2.19388E-02, -8.72449E-02
-4.4730706E-07, -2.14286E-02, -8.41837E-02
-4.4724456E-07, -2.18112E-02, -8.03571E-02
-4.4718206E-07, -2.35969E-02, -7.72959E-02
-4.4711956E-07, -2.53827E-02, -7.72959E-02
-4.4705706E-07, -2.52551E-02, -8.06122E-02
-4.4699456E-07, -2.14286E-02, -8.59694E-02
-4.4693206E-07, -1.50510E-02, -9.04337E-02
-4.4686956E-07, -7.9082E-03, -9.17092E-02
-4.4680706E-07, -3.5714E-03, -8.91582E-02
-4.4674456E-07, -4.2092E-03, -8.44388E-02
-4.4668206E-07, -8.5459E-03, -8.03571E-02
-4.4661956E-07, -1.63265E-02, -7.86990E-02
-4.4655706E-07, -2.33418E-02, -8.20153E-02
-4.4649456E-07, -2.65306E-02, -8.81378E-02
-4.4643206E-07, -2.35969E-02, -9.43878E-02
-4.4636956E-07, -1.67092E-02, -9.60459E-02
-4.4630706E-07, -1.13520E-02, -9.22194E-02
-4.4624456E-07, -7.5255E-03, -8.67347E-02
-4.4618206E-07, -8.6735E-03, -7.94643E-02
-4.4611956E-07, -1.44133E-02, -7.57653E-02
-4.4605706E-07, -1.92602E-02, -7.72959E-02
-4.4599456E-07, -2.38520E-02, -8.06122E-02
-4.4593206E-07, -2.65306E-02, -8.59694E-02
-4.4586956E-07, -2.67857E-02, -9.08163E-02
-4.4580706E-07, -2.61480E-02, -9.22194E-02
-4.4574456E-07, -2.55102E-02, -9.11990E-02
-4.4568206E-07, -2.52551E-02, -8.92857E-02
-4.4561956E-07, -2.34694E-02, -8.87755E-02
-4.4555706E-07, -1.88776E-02, -9.01786E-02
-4.4549456E-07, -1.19898E-02, -9.31122E-02
-4.4543206E-07, -3.9541E-03, -9.66837E-02
-4.4536956E-07, 1.7857E-03, -9.92347E-02
-4.4530706E-07, 2.9337E-03, -1.003827E-01
-4.4524456E-07, 1.276E-04, -9.97449E-02
-4.4518206E-07, -5.3571E-03, -9.64286E-02
-4.4511956E-07, -1.26276E-02, -9.15816E-02
-4.4505706E-07, -1.96429E-02, -8.75000E-02
-4.4499456E-07, -2.39796E-02, -8.57143E-02
-4.4493206E-07, -2.62755E-02, -8.58418E-02
-4.4486956E-07, -2.78061E-02, -8.77551E-02
-4.4480706E-07, -2.74235E-02, -9.09439E-02
-4.4474456E-07, -2.61480E-02, -9.27296E-02
-4.4468206E-07, -2.42347E-02, -9.20918E-02
-4.4461956E-07, -1.96429E-02, -8.96684E-02
-4.4455706E-07, -1.42857E-02, -8.43112E-02
-4.4449456E-07, -1.07143E-02, -7.84439E-02
-4.4443206E-07, -8.8010E-03, -7.52551E-02
-4.4436956E-07, -9.8214E-03, -7.39796E-02
-4.4430706E-07, -1.35204E-02, -7.50000E-02
-4.4424456E-07, -1.83673E-02, -7.78061E-02
-4.4418206E-07, -2.25765E-02, -8.15051E-02
-4.4411956E-07, -2.33418E-02, -8.53316E-02
-4.4405706E-07, -2.16837E-02, -8.71173E-02
-4.4399456E-07, -1.83673E-02, -8.82653E-02
-4.4393206E-07, -1.51786E-02, -8.82653E-02
-4.4386956E-07, -1.41582E-02, -8.67347E-02
-4.4380706E-07, -1.55612E-02, -8.43112E-02
-4.4374456E-07, -2.00255E-02, -8.06122E-02
-4.4368206E-07, -2.60204E-02, -7.78061E-02
-4.4361956E-07, -3.08673E-02, -7.69133E-02
-4.4355706E-07, -3.45663E-02, -7.80612E-02
-4.4349456E-07, -3.57143E-02, -8.23980E-02
-4.4343206E-07, -3.40561E-02, -8.81378E-02
-4.4336956E-07, -3.03571E-02, -9.27296E-02
-4.4330706E-07, -2.61480E-02, -9.45153E-02
-4.4324456E-07, -2.18112E-02, -9.32398E-02
-4.4318206E-07, -1.84949E-02, -8.94133E-02
-4.4311956E-07, -1.84949E-02, -8.53316E-02
-4.4305706E-07, -2.11735E-02, -8.48214E-02
-4.4299456E-07, -2.37245E-02, -8.82653E-02
-4.4293206E-07, -2.52551E-02, -9.22194E-02
-4.4286956E-07, -2.39796E-02, -9.43878E-02
-4.4280706E-07, -1.97704E-02, -9.22194E-02
-4.4274456E-07, -1.39031E-02, -8.60969E-02
-4.4268206E-07, -7.3980E-03, -7.79337E-02
-4.4261956E-07, -3.6990E-03, -7.06633E-02
-4.4255706E-07, -3.1888E-03, -6.86224E-02
-4.4249456E-07, -6.6327E-03, -7.14286E-02
-4.4243206E-07, -1.28827E-02, -7.80612E-02
-4.4236956E-07, -2.00255E-02, -8.50765E-02
-4.4230706E-07, -2.61480E-02, -9.01786E-02
-4.4224456E-07, -2.93367E-02, -9.23469E-02
-4.4218206E-07, -2.94643E-02, -9.29847E-02
-4.4211956E-07, -2.65306E-02, -9.42602E-02
-4.4205706E-07, -2.24490E-02, -9.66837E-02
-4.4199456E-07, -1.86224E-02, -1.002551E-01
-4.4193206E-07, -1.73469E-02, -1.016582E-01
-4.4186956E-07, -1.86224E-02, -9.91071E-02
-4.4180706E-07, -2.21939E-02, -9.09439E-02
-4.4174456E-07, -2.72959E-02, -7.92092E-02
-4.4168206E-07, -3.11224E-02, -6.86224E-02
-4.4161956E-07, -3.27806E-02, -6.30102E-02
-4.4155706E-07, -3.12500E-02, -6.51786E-02
-4.4149456E-07, -2.80612E-02, -7.34694E-02
-4.4143206E-07, -2.44898E-02, -8.44388E-02
-4.4136956E-07, -2.20663E-02, -9.27296E-02
-4.4130706E-07, -2.19388E-02, -9.47704E-02
-4.4124456E-07, -2.33418E-02, -9.13265E-02
-4.4118206E-07, -2.42347E-02, -8.53316E-02
-4.4111956E-07, -2.27041E-02, -7.99745E-02
-4.4105706E-07, -1.93878E-02, -7.86990E-02
-4.4099456E-07, -1.53061E-02, -8.23980E-02
-4.4093206E-07, -1.08418E-02, -8.94133E-02
-4.4086956E-07, -8.1633E-03, -9.46429E-02
-4.4080706E-07, -8.1633E-03, -9.56633E-02
-4.4074456E-07, -1.05867E-02, -9.22194E-02
-4.4068206E-07, -1.37755E-02, -8.59694E-02
-4.4061956E-07, -1.64541E-02, -7.86990E-02
-4.4055706E-07, -1.97704E-02, -7.27041E-02
-4.4049456E-07, -2.28316E-02, -7.07908E-02
-4.4043206E-07, -2.65306E-02, -7.07908E-02
-4.4036956E-07, -3.11224E-02, -7.19388E-02
-4.4030706E-07, -3.53316E-02, -7.37245E-02
-4.4024456E-07, -3.73724E-02, -7.50000E-02
-4.4018206E-07, -3.63520E-02, -7.64031E-02
-4.4011956E-07, -3.26531E-02, -7.83163E-02
-4.4005706E-07, -2.67857E-02, -8.11225E-02
-4.3999456E-07, -2.11735E-02, -8.38010E-02
-4.3993206E-07, -1.67092E-02, -8.49490E-02
-4.3986956E-07, -1.54337E-02, -8.32908E-02
-4.3980706E-07, -1.68367E-02, -8.06122E-02
-4.3974456E-07, -1.87500E-02, -7.79337E-02
-4.3968206E-07, -2.02806E-02, -7.61480E-02
-4.3961956E-07, -2.00255E-02, -7.62755E-02
-4.3955706E-07, -1.96429E-02, -7.75510E-02
-4.3949456E-07, -1.91327E-02, -7.98469E-02
-4.3943206E-07, -1.95153E-02, -8.11225E-02
-4.3936956E-07, -2.19388E-02, -8.07398E-02
-4.3930706E-07, -2.46173E-02, -8.06122E-02
-4.3924456E-07, -2.80612E-02, -8.02296E-02
-4.3918206E-07, -3.17602E-02, -8.23980E-02
-4.3911956E-07, -3.41837E-02, -8.67347E-02
-4.3905706E-07, -3.66071E-02, -9.04337E-02
-4.3899456E-07, -3.77551E-02, -9.26020E-02
-4.3893206E-07, -3.82653E-02, -9.00510E-02
-4.3886956E-07, -3.77551E-02, -8.44388E-02
-4.3880706E-07, -3.50765E-02, -7.80612E-02
-4.3874456E-07, -3.16327E-02, -7.30867E-02
-4.3868206E-07, -2.81888E-02, -7.29592E-02
-4.3861956E-07, -2.65306E-02, -7.79337E-02
-4.3855706E-07, -2.70408E-02, -8.62245E-02
-4.3849456E-07, -2.94643E-02, -9.36224E-02
-4.3843206E-07, -3.44388E-02, -9.66837E-02
-4.3836956E-07, -3.90306E-02, -9.48980E-02
-4.3830706E-07, -4.14541E-02, -8.82653E-02
-4.3824456E-07, -4.10714E-02, -7.90816E-02
-4.3818206E-07, -3.75000E-02, -7.11735E-02
-4.3811956E-07, -3.21429E-02, -6.64541E-02
-4.3805706E-07, -2.58929E-02, -6.61990E-02
-4.3799456E-07, -1.93878E-02, -7.01531E-02
-4.3793206E-07, -1.42857E-02, -7.61480E-02
-4.3786956E-07, -1.09694E-02, -8.38010E-02
-4.3780706E-07, -9.0561E-03, -9.14541E-02
-4.3774456E-07, -1.07143E-02, -9.68112E-02
-4.3768206E-07, -1.59439E-02, -1.000000E-01
-4.3761956E-07, -2.30867E-02, -9.96173E-02
-4.3755706E-07, -3.09949E-02, -9.42602E-02
-4.3749456E-07, -3.68622E-02, -8.53316E-02
-4.3743206E-07, -3.78827E-02, -7.43622E-02
-4.3736956E-07, -3.62245E-02, -6.37755E-02
-4.3730706E-07, -3.13776E-02, -5.90561E-02
-4.3724456E-07, -2.46173E-02, -6.03316E-02
-4.3718206E-07, -1.92602E-02, -6.63265E-02
-4.3711956E-07, -1.50510E-02, -7.58929E-02
-4.3705706E-07, -1.25000E-02, -8.40561E-02
-4.3699456E-07, -1.14796E-02, -8.91582E-02
-4.3693206E-07, -1.05867E-02, -9.09439E-02
-4.3686956E-07, -1.04592E-02, -8.97959E-02
-4.3680706E-07, -1.13520E-02, -8.73725E-02
-4.3674456E-07, -1.42857E-02, -8.40561E-02
-4.3668206E-07, -2.00255E-02, -7.98469E-02
-4.3661956E-07, -2.69133E-02, -7.53826E-02
-4.3655706E-07, -3.39286E-02, -7.07908E-02
-4.3649456E-07, -3.89031E-02, -6.81122E-02
-4.3643206E-07, -3.87755E-02, -6.97704E-02
-4.3636956E-07, -3.40561E-02, -7.48724E-02
-4.3630706E-07, -2.67857E-02, -8.23980E-02
-4.3624456E-07, -1.93878E-02, -8.92857E-02
-4.3618206E-07, -1.58163E-02, -9.17092E-02
-4.3611956E-07, -1.64541E-02, -8.94133E-02
-4.3605706E-07, -1.95153E-02, -8.26531E-02
-4.3599456E-07, -2.39796E-02, -7.48724E-02
-4.3593206E-07, -2.69133E-02, -7.14286E-02
-4.3586956E-07, -2.65306E-02, -7.38520E-02
-4.3580706E-07, -2.39796E-02, -8.08674E-02
-4.3574456E-07, -2.18112E-02, -8.89031E-02
-4.3568206E-07, -2.14286E-02, -9.37500E-02
-4.3561956E-07, -2.47449E-02, -9.19643E-02
-4.3555706E-07, -3.02296E-02, -8.48214E-02
-4.3549456E-07, -3.59694E-02, -7.53826E-02
-4.3543206E-07, -3.91582E-02, -6.84949E-02
-4.3536956E-07, -3.77551E-02, -6.63265E-02
-4.3530706E-07, -3.40561E-02, -6.90051E-02
-4.3524456E-07, -2.85714E-02, -7.53826E-02
-4.3518206E-07, -2.44898E-02, -8.09949E-02
-4.3511956E-07, -2.37245E-02, -8.48214E-02
-4.3505706E-07, -2.57653E-02, -8.68622E-02
-4.3499456E-07, -3.06122E-02, -8.85204E-02
-4.3493206E-07, -3.34184E-02, -9.32398E-02
-4.3486956E-07, -3.30357E-02, -9.82143E-02
-4.3480706E-07, -2.99745E-02, -1.015306E-01
-4.3474456E-07, -2.50000E-02, -1.011480E-01
-4.3468206E-07, -2.16837E-02, -9.40051E-02
-4.3461956E-07, -2.06633E-02, -8.29082E-02
-4.3455706E-07, -2.20663E-02, -7.04082E-02
-4.3449456E-07, -2.52551E-02, -6.18622E-02
-4.3443206E-07, -2.69133E-02, -6.09694E-02
-4.3436956E-07, -2.58929E-02, -6.65816E-02
-4.3430706E-07, -2.20663E-02, -7.61480E-02
-4.3424456E-07, -1.68367E-02, -8.46939E-02
-4.3418206E-07, -1.35204E-02, -8.86480E-02
-4.3411956E-07, -1.27551E-02, -8.90306E-02
-4.3405706E-07, -1.41582E-02, -8.68622E-02
-4.3399456E-07, -1.82398E-02, -8.46939E-02
-4.3393206E-07, -2.10459E-02, -8.60969E-02
-4.3386956E-07, -2.23214E-02, -8.82653E-02
-4.3380706E-07, -2.34694E-02, -8.92857E-02
-4.3374456E-07, -2.33418E-02, -8.87755E-02
-4.3368206E-07, -2.51276E-02, -8.40561E-02
-4.3361956E-07, -2.97194E-02, -7.94643E-02
-4.3355706E-07, -3.38010E-02, -7.79337E-02
-4.3349456E-07, -3.67347E-02, -7.94643E-02
-4.3343206E-07, -3.67347E-02, -8.45663E-02
-4.3336956E-07, -3.39286E-02, -8.99235E-02
-4.3330706E-07, -2.79337E-02, -9.20918E-02
-4.3324456E-07, -2.16837E-02, -8.72449E-02
-4.3318206E-07, -1.88776E-02, -7.62755E-02
-4.3311956E-07, -1.97704E-02, -6.39031E-02
-4.3305706E-07, -2.44898E-02, -5.47194E-02
-4.3299456E-07, -3.08673E-02, -5.30612E-02
-4.3293206E-07, -3.58418E-02, -5.96939E-02
-4.3286956E-07, -3.66071E-02, -7.23214E-02
-4.3280706E-07, -3.31633E-02, -8.58418E-02
-4.3274456E-07, -2.70408E-02, -9.59184E-02
-4.3268206E-07, -2.07908E-02, -1.005102E-01
-4.3261956E-07, -1.55612E-02, -9.93622E-02
-4.3255706E-07, -1.33929E-02, -9.37500E-02
-4.3249456E-07, -1.40306E-02, -8.77551E-02
-4.3243206E-07, -1.55612E-02, -8.36735E-02
-4.3236956E-07, -1.65816E-02, -8.22704E-02
-4.3230706E-07, -1.50510E-02, -8.27806E-02
-4.3224456E-07, -1.33929E-02, -8.27806E-02
-4.3218206E-07, -1.05867E-02, -8.32908E-02
-4.3211956E-07, -8.1633E-03, -8.17602E-02
-4.3205706E-07, -8.1633E-03, -7.94643E-02
-4.3199456E-07, -1.02041E-02, -7.95918E-02
-4.3193206E-07, -1.42857E-02, -8.25255E-02
-4.3186956E-07, -1.83673E-02, -8.82653E-02
-4.3180706E-07, -2.28316E-02, -9.38776E-02
-4.3174456E-07, -2.56378E-02, -9.82143E-02
-4.3168206E-07, -2.57653E-02, -9.83418E-02
-4.3161956E-07, -2.46173E-02, -9.34949E-02
-4.3155706E-07, -2.21939E-02, -8.68622E-02
-4.3149456E-07, -2.02806E-02, -8.11225E-02
-4.3143206E-07, -2.04082E-02, -7.89541E-02
-4.3136956E-07, -2.35969E-02, -8.12500E-02
-4.3130706E-07, -2.97194E-02, -8.67347E-02
-4.3124456E-07, -3.58418E-02, -9.27296E-02
-4.3118206E-07, -3.97959E-02, -9.56633E-02
-4.3111956E-07, -3.83929E-02, -9.42602E-02
-4.3105706E-07, -3.17602E-02, -8.91582E-02
-4.3099456E-07, -2.30867E-02, -8.23980E-02
-4.3093206E-07, -1.51786E-02, -7.81888E-02
-4.3086956E-07, -1.16071E-02, -7.72959E-02
-4.3080706E-07, -1.39031E-02, -7.95918E-02
-4.3074456E-07, -1.92602E-02, -8.32908E-02
-4.3068206E-07, -2.56378E-02, -8.49490E-02
-4.3061956E-07, -2.94643E-02, -8.43112E-02
-4.3055706E-07, -2.88265E-02, -8.15051E-02
-4.3049456E-07, -2.53827E-02, -7.84439E-02
-4.3043206E-07, -2.00255E-02, -7.83163E-02
-4.3036956E-07, -1.54337E-02, -8.13776E-02
-4.3030706E-07, -1.33929E-02, -8.75000E-02
-4.3024456E-07, -1.35204E-02, -9.51531E-02
-4.3018206E-07, -1.44133E-02, -1.005102E-01
-4.3011956E-07, -1.68367E-02, -1.014031E-01
-4.3005706E-07, -2.00255E-02, -9.79592E-02
-4.2999456E-07, -2.39796E-02, -9.11990E-02
-4.2993206E-07, -3.07398E-02, -8.32908E-02
-4.2986956E-07, -3.82653E-02, -7.84439E-02
-4.2980706E-07, -4.46429E-02, -7.72959E-02
-4.2974456E-07, -4.84694E-02, -7.97194E-02
-4.2968206E-07, -4.71939E-02, -8.49490E-02
-4.2961956E-07, -4.01786E-02, -8.92857E-02
-4.2955706E-07, -2.97194E-02, -9.01786E-02
-4.2949456E-07, -2.05357E-02, -8.71173E-02
-4.2943206E-07, -1.49235E-02, -8.31633E-02
-4.2936956E-07, -1.30102E-02, -7.99745E-02
-4.2930706E-07, -1.49235E-02, -7.84439E-02
-4.2924456E-07, -1.86224E-02, -8.12500E-02
-4.2918206E-07, -2.00255E-02, -8.72449E-02
-4.2911956E-07, -1.82398E-02, -9.29847E-02
-4.2905706E-07, -1.54337E-02, -9.60459E-02
-4.2899456E-07, -1.25000E-02, -9.68112E-02
-4.2893206E-07, -1.23724E-02, -9.46429E-02
-4.2886956E-07, -1.59439E-02, -9.18367E-02
-4.2880706E-07, -2.02806E-02, -9.03061E-02
-4.2874456E-07, -2.39796E-02, -8.95408E-02
-4.2868206E-07, -2.47449E-02, -8.97959E-02
-4.2861956E-07, -2.16837E-02, -8.92857E-02
-4.2855706E-07, -1.69643E-02, -8.68622E-02
-4.2849456E-07, -1.31378E-02, -8.26531E-02
-4.2843206E-07, -1.21173E-02, -7.79337E-02
-4.2836956E-07, -1.58163E-02, -7.43622E-02
-4.2830706E-07, -2.13010E-02, -7.51275E-02
-4.2824456E-07, -2.32143E-02, -7.94643E-02
-4.2818206E-07, -2.05357E-02, -8.36735E-02
-4.2811956E-07, -1.37755E-02, -8.68622E-02
-4.2805706E-07, -5.6122E-03, -8.75000E-02
-4.2799456E-07, -1.276E-04, -8.45663E-02
-4.2793206E-07, -2.1684E-03, -7.84439E-02
-4.2786956E-07, -1.13520E-02, -7.28316E-02
-4.2780706E-07, -2.24490E-02, -6.93878E-02
-4.2774456E-07, -3.22704E-02, -6.72194E-02
-4.2768206E-07, -3.52041E-02, -6.79847E-02
-4.2761956E-07, -3.03571E-02, -6.95153E-02
-4.2755706E-07, -2.15561E-02, -7.11735E-02
-4.2749456E-07, -1.26276E-02, -7.34694E-02
-4.2743206E-07, -9.3112E-03, -7.51275E-02
-4.2736956E-07, -1.23724E-02, -7.83163E-02
-4.2730706E-07, -1.95153E-02, -8.20153E-02
-4.2724456E-07, -2.65306E-02, -8.55867E-02
-4.2718206E-07, -2.86990E-02, -8.82653E-02
-4.2711956E-07, -2.65306E-02, -8.80102E-02
-4.2705706E-07, -2.14286E-02, -8.68622E-02
-4.2699456E-07, -1.63265E-02, -8.46939E-02
-4.2693206E-07, -1.58163E-02, -8.22704E-02
-4.2686956E-07, -2.01531E-02, -8.26531E-02
-4.2680706E-07, -2.57653E-02, -8.55867E-02
-4.2674456E-07, -2.94643E-02, -8.89031E-02
-4.2668206E-07, -2.88265E-02, -9.14541E-02
-4.2661956E-07, -2.30867E-02, -9.17092E-02
-4.2655706E-07, -1.65816E-02, -8.81378E-02
-4.2649456E-07, -1.23724E-02, -8.34184E-02
-4.2643206E-07, -1.26276E-02, -7.88265E-02
-4.2636956E-07, -1.84949E-02, -7.56378E-02
-4.2630706E-07, -2.72959E-02, -7.55102E-02
-4.2624456E-07, -3.54592E-02, -7.79337E-02
-4.2618206E-07, -4.04337E-02, -8.07398E-02
-4.2611956E-07, -4.04337E-02, -8.30357E-02
-4.2605706E-07, -3.66071E-02, -8.30357E-02
-4.2599456E-07, -3.07398E-02, -8.20153E-02
-4.2593206E-07, -2.39796E-02, -8.16327E-02
-4.2586956E-07, -1.91327E-02, -8.21429E-02
-4.2580706E-07, -1.47959E-02, -8.52041E-02
-4.2574456E-07, -1.30102E-02, -8.77551E-02
-4.2568206E-07, -1.39031E-02, -8.94133E-02
-4.2561956E-07, -1.58163E-02, -8.90306E-02
-4.2555706E-07, -1.95153E-02, -8.57143E-02
-4.2549456E-07, -2.27041E-02, -8.31633E-02
-4.2543206E-07, -2.44898E-02, -8.26531E-02
-4.2536956E-07, -2.47449E-02, -8.59694E-02
-4.2530706E-07, -2.23214E-02, -9.20918E-02
-4.2524456E-07, -1.81122E-02, -9.61735E-02
-4.2518206E-07, -1.45408E-02, -9.48980E-02
-4.2511956E-07, -1.33929E-02, -8.72449E-02
-4.2505706E-07, -1.31378E-02, -7.60204E-02
-4.2499456E-07, -1.37755E-02, -6.50510E-02
-4.2493206E-07, -1.65816E-02, -5.99490E-02
-4.2486956E-07, -1.95153E-02, -6.50510E-02
-4.2480706E-07, -2.30867E-02, -7.67857E-02
-4.2474456E-07, -2.90816E-02, -8.92857E-02
-4.2468206E-07, -3.46939E-02, -9.82143E-02
-4.2461956E-07, -3.85204E-02, -9.74490E-02
-4.2455706E-07, -3.95408E-02, -8.82653E-02
-4.2449456E-07, -3.58418E-02, -7.67857E-02
-4.2443206E-07, -2.76786E-02, -6.93878E-02
-4.2436956E-07, -1.67092E-02, -6.95153E-02
-4.2430706E-07, -7.6531E-03, -7.57653E-02
-4.2424456E-07, -3.5714E-03, -8.53316E-02
-4.2418206E-07, -4.7194E-03, -9.27296E-02
-4.2411956E-07, -9.4388E-03, -9.45153E-02
-4.2405706E-07, -1.54337E-02, -9.11990E-02
-4.2399456E-07, -1.93878E-02, -8.73725E-02
-4.2393206E-07, -2.00255E-02, -8.71173E-02
-4.2386956E-07, -1.84949E-02, -9.15816E-02
-4.2380706E-07, -1.92602E-02, -9.91071E-02
-4.2374456E-07, -2.41071E-02, -1.070153E-01
-4.2368206E-07, -3.12500E-02, -1.103316E-01
-4.2361956E-07, -3.95408E-02, -1.058673E-01
-4.2355706E-07, -4.42602E-02, -9.69388E-02
-4.2349456E-07, -4.24745E-02, -8.64796E-02
-4.2343206E-07, -3.55867E-02, -7.90816E-02
-4.2336956E-07, -2.56378E-02, -7.83163E-02
-4.2330706E-07, -1.61990E-02, -8.26531E-02
-4.2324456E-07, -1.31378E-02, -8.85204E-02
-4.2318206E-07, -1.60714E-02, -9.48980E-02
-4.2311956E-07, -2.13010E-02, -9.80867E-02
-4.2305706E-07, -2.66582E-02, -9.64286E-02
-4.2299456E-07, -2.83163E-02, -9.29847E-02
-4.2293206E-07, -2.58929E-02, -8.92857E-02
-4.2286956E-07, -2.25765E-02, -8.76276E-02
-4.2280706E-07, -2.00255E-02, -8.99235E-02
-4.2274456E-07, -1.93878E-02, -9.42602E-02
-4.2268206E-07, -2.18112E-02, -9.83418E-02
-4.2261956E-07, -2.48724E-02, -1.011480E-01
-4.2255706E-07, -2.69133E-02, -1.005102E-01
-4.2249456E-07, -2.75510E-02, -9.60459E-02
-4.2243206E-07, -2.74235E-02, -8.96684E-02
-4.2236956E-07, -2.70408E-02, -8.38010E-02
-4.2230706E-07, -2.72959E-02, -7.97194E-02
-4.2224456E-07, -2.90816E-02, -7.86990E-02
-4.2218206E-07, -2.99745E-02, -8.17602E-02
-4.2211956E-07, -2.90816E-02, -8.59694E-02
-4.2205706E-07, -2.56378E-02, -8.97959E-02
-4.2199456E-07, -2.00255E-02, -9.09439E-02
-4.2193206E-07, -1.51786E-02, -8.75000E-02
-4.2186956E-07, -1.17347E-02, -8.15051E-02
-4.2180706E-07, -1.18622E-02, -7.41071E-02
-4.2174456E-07, -1.41582E-02, -6.87500E-02
-4.2168206E-07, -1.63265E-02, -6.64541E-02
-4.2161956E-07, -1.83673E-02, -6.70918E-02
-4.2155706E-07, -1.97704E-02, -7.02806E-02
-4.2149456E-07, -2.07908E-02, -7.46173E-02
-4.2143206E-07, -2.30867E-02, -7.84439E-02
-4.2136956E-07, -2.70408E-02, -8.16327E-02
-4.2130706E-07, -3.16327E-02, -8.41837E-02
-4.2124456E-07, -3.58418E-02, -8.59694E-02
-4.2118206E-07, -3.67347E-02, -8.76276E-02
-4.2111956E-07, -3.34184E-02, -8.80102E-02
-4.2105706E-07, -2.66582E-02, -8.66071E-02
-4.2099456E-07, -1.83673E-02, -8.38010E-02
-4.2093206E-07, -1.10969E-02, -8.07398E-02
-4.2086956E-07, -6.8878E-03, -7.89541E-02
-4.2080706E-07, -5.9949E-03, -8.02296E-02
-4.2074456E-07, -7.1429E-03, -8.45663E-02
-4.2068206E-07, -9.6939E-03, -9.05612E-02
-4.2061956E-07, -1.16071E-02, -9.71939E-02
-4.2055706E-07, -1.13520E-02, -1.021684E-01
-4.2049456E-07, -1.07143E-02, -1.031888E-01
-4.2043206E-07, -8.8010E-03, -1.019133E-01
-4.2036956E-07, -5.8673E-03, -9.80867E-02
-4.2030706E-07, -4.8469E-03, -9.18367E-02
-4.2024456E-07, -5.4847E-03, -8.66071E-02
-4.2018206E-07, -9.1837E-03, -8.12500E-02
-4.2011956E-07, -1.58163E-02, -7.66582E-02
-4.2005706E-07, -2.34694E-02, -7.35969E-02
-4.1999456E-07, -3.11224E-02, -7.15561E-02
-4.1993206E-07, -3.66071E-02, -7.20663E-02
-4.1986956E-07, -3.87755E-02, -7.44898E-02
-4.1980706E-07, -3.77551E-02, -7.81888E-02
-4.1974456E-07, -3.49490E-02, -8.21429E-02
-4.1968206E-07, -3.13776E-02, -8.46939E-02
-4.1961956E-07, -2.78061E-02, -8.48214E-02
-4.1955706E-07, -2.53827E-02, -8.23980E-02
-4.1949456E-07, -2.37245E-02, -7.90816E-02
-4.1943206E-07, -2.20663E-02, -7.71684E-02
-4.1936956E-07, -2.13010E-02, -7.72959E-02
-4.1930706E-07, -2.19388E-02, -8.09949E-02
-4.1924456E-07, -2.24490E-02, -8.77551E-02
-4.1918206E-07, -2.38520E-02, -9.47704E-02
-4.1911956E-07, -2.60204E-02, -1.011480E-01
-4.1905706E-07, -2.65306E-02, -1.058673E-01
-4.1899456E-07, -2.55102E-02, -1.067602E-01
-4.1893206E-07, -2.46173E-02, -1.036990E-01
-4.1886956E-07, -2.41071E-02, -9.87245E-02
-4.1880706E-07, -2.52551E-02, -9.23469E-02
-4.1874456E-07, -2.72959E-02, -8.62245E-02
-4.1868206E-07, -2.93367E-02, -8.16327E-02
-4.1861956E-07, -3.06122E-02, -7.90816E-02
-4.1855706E-07, -3.04847E-02, -7.99745E-02
-4.1849456E-07, -2.69133E-02, -8.39286E-02
-4.1843206E-07, -2.15561E-02, -8.71173E-02
-4.1836956E-07, -1.70918E-02, -8.87755E-02
-4.1830706E-07, -1.33929E-02, -8.94133E-02
-4.1824456E-07, -1.12245E-02, -8.77551E-02
-4.1818206E-07, -1.04592E-02, -8.58418E-02
-4.1811956E-07, -9.6939E-03, -8.55867E-02
-4.1805706E-07, -1.04592E-02, -8.75000E-02
-4.1799456E-07, -1.17347E-02, -9.29847E-02
-4.1793206E-07, -1.27551E-02, -9.96173E-02
-4.1786956E-07, -1.41582E-02, -1.042092E-01
-4.1780706E-07, -1.61990E-02, -1.051020E-01
-4.1774456E-07, -1.83673E-02, -1.028061E-01
-4.1768206E-07, -1.91327E-02, -9.78316E-02
-4.1761956E-07, -1.93878E-02, -9.06888E-02
-4.1755706E-07, -2.00255E-02, -8.44388E-02
-4.1749456E-07, -2.10459E-02, -8.07398E-02
-4.1743206E-07, -2.13010E-02, -7.97194E-02
-4.1736956E-07, -2.01531E-02, -8.01020E-02
-4.1730706E-07, -1.84949E-02, -8.15051E-02
-4.1724456E-07, -1.54337E-02, -8.45663E-02
-4.1718206E-07, -1.18622E-02, -8.75000E-02
-4.1711956E-07, -1.05867E-02, -8.92857E-02
-4.1705706E-07, -1.12245E-02, -9.01786E-02
-4.1699456E-07, -1.28827E-02, -8.86480E-02
-4.1693206E-07, -1.54337E-02, -8.35459E-02
-4.1686956E-07, -1.72194E-02, -7.71684E-02
-4.1680706E-07, -1.79847E-02, -7.15561E-02
-4.1674456E-07, -1.70918E-02, -6.96429E-02
-4.1668206E-07, -1.51786E-02, -7.21939E-02
-4.1661956E-07, -1.42857E-02, -7.80612E-02
-4.1655706E-07, -1.50510E-02, -8.57143E-02
-4.1649456E-07, -1.78571E-02, -9.15816E-02
-4.1643206E-07, -2.16837E-02, -9.34949E-02
-4.1636956E-07, -2.55102E-02, -9.09439E-02
-4.1630706E-07, -2.85714E-02, -8.52041E-02
-4.1624456E-07, -2.99745E-02, -7.99745E-02
-4.1618206E-07, -2.88265E-02, -7.67857E-02
-4.1611956E-07, -2.74235E-02, -7.65306E-02
-4.1605706E-07, -2.50000E-02, -7.99745E-02
-4.1599456E-07, -2.28316E-02, -8.32908E-02
-4.1593206E-07, -2.43622E-02, -8.46939E-02
-4.1586956E-07, -2.79337E-02, -8.57143E-02
-4.1580706E-07, -3.23980E-02, -8.50765E-02
-4.1574456E-07, -3.71173E-02, -8.36735E-02
-4.1568206E-07, -3.77551E-02, -8.40561E-02
-4.1561956E-07, -3.38010E-02, -8.39286E-02
-4.1555706E-07, -2.71684E-02, -8.39286E-02
-4.1549456E-07, -1.92602E-02, -8.43112E-02
-4.1543206E-07, -1.41582E-02, -8.44388E-02
-4.1536956E-07, -1.22449E-02, -8.62245E-02
-4.1530706E-07, -1.44133E-02, -8.86480E-02
-4.1524456E-07, -1.92602E-02, -9.26020E-02
-4.1518206E-07, -2.38520E-02, -9.75765E-02
-4.1511956E-07, -2.69133E-02, -1.014031E-01
-4.1505706E-07, -2.74235E-02, -1.031888E-01
-4.1499456E-07, -2.60204E-02, -1.022959E-01
-4.1493206E-07, -2.41071E-02, -9.85969E-02
-4.1486956E-07, -2.29592E-02, -9.36224E-02
-4.1480706E-07, -2.15561E-02, -8.86480E-02
-4.1474456E-07, -2.04082E-02, -8.29082E-02
-4.1468206E-07, -1.92602E-02, -7.71684E-02
-4.1461956E-07, -1.63265E-02, -7.16837E-02
-4.1455706E-07, -1.33929E-02, -6.55612E-02
-4.1449456E-07, -1.23724E-02, -6.16071E-02
-4.1443206E-07, -1.26276E-02, -6.25000E-02
-4.1436956E-07, -1.59439E-02, -6.78571E-02
-4.1430706E-07, -2.23214E-02, -7.83163E-02
-4.1424456E-07, -2.93367E-02, -9.17092E-02
-4.1418206E-07, -3.68622E-02, -1.024235E-01
-4.1411956E-07, -4.24745E-02, -1.076531E-01
-4.1405706E-07, -4.51531E-02, -1.048469E-01
-4.1399456E-07, -4.56633E-02, -9.46429E-02
-4.1393206E-07, -4.40051E-02, -8.29082E-02
-4.1386956E-07, -4.00510E-02, -7.43622E-02
-4.1380706E-07, -3.54592E-02, -7.20663E-02
-4.1374456E-07, -3.08673E-02, -7.76786E-02
-4.1368206E-07, -2.53827E-02, -8.85204E-02
-4.1361956E-07, -2.04082E-02, -9.82143E-02
-4.1355706E-07, -1.67092E-02, -1.029337E-01
-4.1349456E-07, -1.54337E-02, -1.006378E-01
-4.1343206E-07, -1.59439E-02, -9.31122E-02
-4.1336956E-07, -1.78571E-02, -8.35459E-02
-4.1330706E-07, -2.14286E-02, -7.62755E-02
-4.1324456E-07, -2.39796E-02, -7.51275E-02
-4.1318206E-07, -2.57653E-02, -7.88265E-02
-4.1311956E-07, -2.65306E-02, -8.55867E-02
-4.1305706E-07, -2.74235E-02, -9.20918E-02
-4.1299456E-07, -2.99745E-02, -9.59184E-02
-4.1293206E-07, -3.17602E-02, -9.77041E-02
-4.1286956E-07, -3.20153E-02, -9.68112E-02
-4.1280706E-07, -3.06122E-02, -9.40051E-02
-4.1274456E-07, -2.72959E-02, -9.10714E-02
-4.1268206E-07, -2.33418E-02, -8.73725E-02
-4.1261956E-07, -2.02806E-02, -8.22704E-02
-4.1255706E-07, -1.97704E-02, -7.51275E-02
-4.1249456E-07, -2.33418E-02, -6.69643E-02
-4.1243206E-07, -2.70408E-02, -6.12245E-02
-4.1236956E-07, -2.84439E-02, -5.81633E-02
-4.1230706E-07, -2.75510E-02, -5.86735E-02
-4.1224456E-07, -2.25765E-02, -6.41582E-02
-4.1218206E-07, -1.67092E-02, -7.02806E-02
-4.1211956E-07, -1.17347E-02, -7.53826E-02
-4.1205706E-07, -9.5663E-03, -7.65306E-02
-4.1199456E-07, -1.21173E-02, -7.32143E-02
-4.1193206E-07, -1.56888E-02, -6.84949E-02
-4.1186956E-07, -1.87500E-02, -6.35204E-02
-4.1180706E-07, -1.86224E-02, -6.10969E-02
-4.1174456E-07, -1.45408E-02, -6.09694E-02
-4.1168206E-07, -9.9490E-03, -6.19898E-02
-4.1161956E-07, -6.6327E-03, -6.44133E-02
-4.1155706E-07, -6.6327E-03, -6.74745E-02
-4.1149456E-07, -9.0561E-03, -7.19388E-02
-4.1143206E-07, -1.22449E-02, -7.83163E-02
-4.1136956E-07, -1.31378E-02, -8.80102E-02
-4.1130706E-07, -9.4388E-03, -9.93622E-02
-4.1124456E-07, -2.4235E-03, -1.095663E-01
-4.1118206E-07, 5.2296E-03, -1.163265E-01
-4.1111956E-07, 9.5663E-03, -1.181122E-01
-4.1105706E-07, 7.9082E-03, -1.163265E-01
-4.1099456E-07, 1.6582E-03, -1.136480E-01
-4.1093206E-07, -6.2500E-03, -1.128827E-01
-4.1086956E-07, -1.26276E-02, -1.149235E-01
-4.1080706E-07, -1.50510E-02, -1.204082E-01
-4.1074456E-07, -1.28827E-02, -1.258929E-01
-4.1068206E-07, -1.00765E-02, -1.278061E-01
-4.1061956E-07, -8.6735E-03, -1.247449E-01
-4.1055706E-07, -1.23724E-02, -1.146684E-01
-4.1049456E-07, -2.21939E-02, -1.005102E-01
-4.1043206E-07, -3.34184E-02, -8.62245E-02
-4.1036956E-07, -4.45153E-02, -7.21939E-02
-4.1030706E-07, -5.21684E-02, -6.18622E-02
-4.1024456E-07, -5.51020E-02, -5.39541E-02
-4.1018206E-07, -5.53571E-02, -4.47704E-02
-4.1011956E-07, -5.70153E-02, -3.16327E-02
-4.1005706E-07, -6.25000E-02, -1.25000E-02
-4.0999456E-07, -7.21939E-02, 1.36480E-02
-4.0993206E-07, -8.48214E-02, 4.65561E-02
-4.0986956E-07, -9.47704E-02, 8.35459E-02
-4.0980706E-07, -9.88520E-02, 1.237245E-01
-4.0974456E-07, -9.63010E-02, 1.645408E-01
-4.0968206E-07, -8.68622E-02, 2.043367E-01
-4.0961956E-07, -7.53826E-02, 2.434949E-01
-4.0955706E-07, -6.46684E-02, 2.806122E-01
-4.0949456E-07, -5.63776E-02, 3.169643E-01
-4.0943206E-07, -5.03827E-02, 3.529337E-01
-4.0936956E-07, -4.42602E-02, 3.883929E-01
-4.0930706E-07, -3.55867E-02, 4.230867E-01
-4.0924456E-07, -2.13010E-02, 4.561225E-01
-4.0918206E-07, 2.551E-04, 4.881378E-01
-4.0911956E-07, 2.79337E-02, 5.202806E-01
-4.0905706E-07, 5.82908E-02, 5.531888E-01
-4.0899456E-07, 9.13265E-02, 5.859694E-01
-4.0893206E-07, 1.252551E-01, 6.196429E-01
-4.0886956E-07, 1.600765E-01, 6.519133E-01
-4.0880706E-07, 1.982143E-01, 6.811224E-01
-4.0874456E-07, 2.385204E-01, 7.075255E-01
-4.0868206E-07, 2.807398E-01, 7.288265E-01
-4.0861956E-07, 3.241071E-01, 7.457908E-01
-4.0855706E-07, 3.677296E-01, 7.598214E-01
-4.0849456E-07, 4.110969E-01, 7.719388E-01
-4.0843206E-07, 4.548469E-01, 7.830357E-01
-4.0836956E-07, 5.005102E-01, 7.937500E-01
-4.0830706E-07, 5.464286E-01, 8.043367E-01
-4.0824456E-07, 5.929847E-01, 8.133929E-01
-4.0818206E-07, 6.383929E-01, 8.214286E-01
-4.0811956E-07, 6.795918E-01, 8.274235E-01
-4.0805706E-07, 7.174745E-01, 8.295918E-01
-4.0799456E-07, 7.517857E-01, 8.285714E-01
-4.0793206E-07, 7.829081E-01, 8.244898E-01
-4.0786956E-07, 8.119898E-01, 8.176020E-01
-4.0780706E-07, 8.405612E-01, 8.107143E-01
-4.0774456E-07, 8.667092E-01, 8.075255E-01
-4.0768206E-07, 8.909439E-01, 8.079082E-01
-4.0761956E-07, 9.135204E-01, 8.128827E-01
-4.0755706E-07, 9.330357E-01, 8.204082E-01
-4.0749456E-07, 9.526786E-01, 8.253826E-01
-4.0743206E-07, 9.711735E-01, 8.283163E-01
-4.0736956E-07, 9.849490E-01, 8.272959E-01
-4.0730706E-07, 9.938775E-01, 8.228316E-01
-4.0724456E-07, 9.956633E-01, 8.202806E-01
-4.0718206E-07, 9.903061E-01, 8.211735E-01
-4.0711956E-07, 9.822704E-01, 8.260204E-01
-4.0705706E-07, 9.758928E-01, 8.330357E-01
-4.0699456E-07, 9.753826E-01, 8.386480E-01
-4.0693206E-07, 9.812500E-01, 8.410714E-01
-4.0686956E-07, 9.900510E-01, 8.385204E-01
-4.0680706E-07, 9.982143E-01, 8.323979E-01
-4.0674456E-07, 1.0003827E+00, 8.267857E-01
-4.0668206E-07, 9.954082E-01, 8.241072E-01
-4.0661956E-07, 9.849490E-01, 8.261480E-01
-4.0655706E-07, 9.719388E-01, 8.326530E-01
-4.0649456E-07, 9.605867E-01, 8.403061E-01
-4.0643206E-07, 9.525510E-01, 8.473215E-01
-4.0636956E-07, 9.482143E-01, 8.517857E-01
-4.0630706E-07, 9.448979E-01, 8.544643E-01
-4.0624456E-07, 9.406888E-01, 8.548470E-01
-4.0618206E-07, 9.373724E-01, 8.540816E-01
-4.0611956E-07, 9.350765E-01, 8.545918E-01
-4.0605706E-07, 9.353316E-01, 8.558673E-01
-4.0599456E-07, 9.395408E-01, 8.580357E-01
-4.0593206E-07, 9.452806E-01, 8.613520E-01
-4.0586956E-07, 9.503826E-01, 8.645408E-01
-4.0580706E-07, 9.524235E-01, 8.672194E-01
-4.0574456E-07, 9.526786E-01, 8.679847E-01
-4.0568206E-07, 9.524235E-01, 8.683674E-01
-4.0561956E-07, 9.522959E-01, 8.682398E-01
-4.0555706E-07, 9.552296E-01, 8.663265E-01
-4.0549456E-07, 9.585459E-01, 8.647959E-01
-4.0543206E-07, 9.613521E-01, 8.614796E-01
-4.0536956E-07, 9.637755E-01, 8.573980E-01
-4.0530706E-07, 9.632653E-01, 8.547194E-01
-4.0524456E-07, 9.627551E-01, 8.520408E-01
-4.0518206E-07, 9.651785E-01, 8.519133E-01
-4.0511956E-07, 9.704081E-01, 8.558673E-01
-4.0505706E-07, 9.778062E-01, 8.626276E-01
-4.0499456E-07, 9.845663E-01, 8.711734E-01
-4.0493206E-07, 9.881378E-01, 8.797194E-01
-4.0486956E-07, 9.862245E-01, 8.868622E-01
-4.0480706E-07, 9.793367E-01, 8.905612E-01
-4.0474456E-07, 9.721939E-01, 8.906888E-01
-4.0468206E-07, 9.673470E-01, 8.897959E-01
-4.0461956E-07, 9.674745E-01, 8.877551E-01
-4.0455706E-07, 9.739796E-01, 8.854592E-01
-4.0449456E-07, 9.830357E-01, 8.845663E-01
-4.0443206E-07, 9.905612E-01, 8.838010E-01
-4.0436956E-07, 9.941326E-01, 8.832908E-01
-4.0430706E-07, 9.906888E-01, 8.844388E-01
-4.0424456E-07, 9.832908E-01, 8.859694E-01
-4.0418206E-07, 9.758928E-01, 8.889031E-01
-4.0411956E-07, 9.713010E-01, 8.937500E-01
-4.0405706E-07, 9.725766E-01, 8.977041E-01
-4.0399456E-07, 9.792092E-01, 9.001275E-01
-4.0393206E-07, 9.871174E-01, 8.996174E-01
-4.0386956E-07, 9.941326E-01, 8.942602E-01
-4.0380706E-07, 9.988520E-01, 8.871173E-01
-4.0374456E-07, 9.993622E-01, 8.813776E-01
-4.0368206E-07, 9.982143E-01, 8.780612E-01
-4.0361956E-07, 9.968112E-01, 8.798469E-01
-4.0355706E-07, 9.965561E-01, 8.850765E-01
-4.0349456E-07, 9.970663E-01, 8.910714E-01
-4.0343206E-07, 9.970663E-01, 8.947704E-01
-4.0336956E-07, 9.968112E-01, 8.937500E-01
-4.0330706E-07, 9.966837E-01, 8.890306E-01
-4.0324456E-07, 9.969388E-01, 8.835459E-01
-4.0318206E-07, 9.984694E-01, 8.790816E-01
-4.0311956E-07, 1.0019133E+00, 8.789541E-01
-4.0305706E-07, 1.0054847E+00, 8.841836E-01
-4.0299456E-07, 1.0072705E+00, 8.926020E-01
-4.0293206E-07, 1.0054847E+00, 9.014031E-01
-4.0286956E-07, 1.0003827E+00, 9.073980E-01
-4.0280706E-07, 9.934949E-01, 9.090561E-01
-4.0274456E-07, 9.878827E-01, 9.059949E-01
-4.0268206E-07, 9.852041E-01, 9.002551E-01
-4.0261956E-07, 9.845663E-01, 8.936225E-01
-4.0255706E-07, 9.860969E-01, 8.873724E-01
-4.0249456E-07, 9.867347E-01, 8.840562E-01
-4.0243206E-07, 9.849490E-01, 8.826531E-01
-4.0236956E-07, 9.827806E-01, 8.825255E-01
-4.0230706E-07, 9.808673E-01, 8.845663E-01
-4.0224456E-07, 9.820153E-01, 8.873724E-01
-4.0218206E-07, 9.873725E-01, 8.913265E-01
-4.0211956E-07, 9.946429E-01, 8.965561E-01
-4.0205706E-07, 1.0029336E+00, 9.015306E-01
-4.0199456E-07, 1.0090561E+00, 9.065051E-01
-4.0193206E-07, 1.0114796E+00, 9.102041E-01
-4.0186956E-07, 1.0107143E+00, 9.121174E-01
-4.0180706E-07, 1.0071429E+00, 9.123725E-01
-4.0174456E-07, 1.0035714E+00, 9.104592E-01
-4.0168206E-07, 1.0020409E+00, 9.084184E-01
-4.0161956E-07, 1.0014031E+00, 9.079081E-01
-4.0155706E-07, 1.0026785E+00, 9.073980E-01
-4.0149456E-07, 1.0056123E+00, 9.082908E-01
-4.0143206E-07, 1.0077807E+00, 9.100766E-01
-4.0136956E-07, 1.0102041E+00, 9.107143E-01
-4.0130706E-07, 1.0122449E+00, 9.119898E-01
-4.0124456E-07, 1.0122449E+00, 9.135204E-01
-4.0118206E-07, 1.0113521E+00, 9.147959E-01
-4.0111956E-07, 1.0080357E+00, 9.176021E-01
-4.0105706E-07, 1.0025511E+00, 9.195153E-01
-4.0099456E-07, 9.980868E-01, 9.192602E-01
-4.0093206E-07, 9.948980E-01, 9.178572E-01
-4.0086956E-07, 9.938775E-01, 9.144133E-01
-4.0080706E-07, 9.960459E-01, 9.095663E-01
-4.0074456E-07, 9.993622E-01, 9.058673E-01
-4.0068206E-07, 1.0026785E+00, 9.038265E-01
-4.0061956E-07, 1.0053571E+00, 9.047194E-01
-4.0055706E-07, 1.0057398E+00, 9.089286E-01
-4.0049456E-07, 1.0034438E+00, 9.144133E-01
-4.0043206E-07, 9.998724E-01, 9.190051E-01
-4.0036956E-07, 9.956633E-01, 9.218112E-01
-4.0030706E-07, 9.938775E-01, 9.211735E-01
-4.0024456E-07, 9.947704E-01, 9.191326E-01
-4.0018206E-07, 9.968112E-01, 9.167092E-01
-4.0011956E-07, 9.996173E-01, 9.144133E-01
-4.0005706E-07, 1.0020409E+00, 9.142857E-01
-3.9999456E-07, 1.0030612E+00, 9.170918E-01
-3.9993206E-07, 1.0014031E+00, 9.220663E-01
-3.9986956E-07, 9.973214E-01, 9.269133E-01
-3.9980706E-07, 9.933674E-01, 9.290816E-01
-3.9974456E-07, 9.923469E-01, 9.279337E-01
-3.9968206E-07, 9.940051E-01, 9.239796E-01
-3.9961956E-07, 9.985970E-01, 9.174745E-01
-3.9955706E-07, 1.0044643E+00, 9.119898E-01
-3.9949456E-07, 1.0084183E+00, 9.098215E-01
-3.9943206E-07, 1.0085459E+00, 9.108418E-01
-3.9936956E-07, 1.0052296E+00, 9.140306E-01
-3.9930706E-07, 9.994898E-01, 9.174745E-01
-3.9924456E-07, 9.941326E-01, 9.183673E-01
-3.9918206E-07, 9.918367E-01, 9.159439E-01
-3.9911956E-07, 9.929847E-01, 9.123725E-01
-3.9905706E-07, 9.964285E-01, 9.096939E-01
-3.9899456E-07, 1.0008929E+00, 9.107143E-01
-3.9893206E-07, 1.0022960E+00, 9.167092E-01
-3.9886956E-07, 1.0002551E+00, 9.238520E-01
-3.9880706E-07, 9.977041E-01, 9.292092E-01
-3.9874456E-07, 9.940051E-01, 9.316326E-01
-3.9868206E-07, 9.928572E-01, 9.278061E-01
-3.9861956E-07, 9.957908E-01, 9.215561E-01
-3.9855706E-07, 9.985970E-01, 9.181122E-01
-3.9849456E-07, 1.0008929E+00, 9.173470E-01
-3.9843206E-07, 1.0016582E+00, 9.214286E-01
-3.9836956E-07, 9.994898E-01, 9.289541E-01
-3.9830706E-07, 9.974490E-01, 9.344388E-01
-3.9824456E-07, 9.963010E-01, 9.363520E-01
-3.9818206E-07, 9.983419E-01, 9.317602E-01
-3.9811956E-07, 1.0042092E+00, 9.232143E-01
-3.9805706E-07, 1.0102041E+00, 9.147959E-01
-3.9799456E-07, 1.0149235E+00, 9.084184E-01
-3.9793206E-07, 1.0164541E+00, 9.065051E-01
-3.9786956E-07, 1.0135204E+00, 9.086735E-01
-3.9780706E-07, 1.0082908E+00, 9.117347E-01
-3.9774456E-07, 1.0042092E+00, 9.137755E-01
-3.9768206E-07, 1.0028061E+00, 9.146684E-01
-3.9761956E-07, 1.0042092E+00, 9.142857E-01
-3.9755706E-07, 1.0072705E+00, 9.137755E-01
-3.9749456E-07, 1.0084183E+00, 9.136479E-01
-3.9743206E-07, 1.0068878E+00, 9.132653E-01
-3.9736956E-07, 1.0021684E+00, 9.126276E-01
-3.9730706E-07, 9.959184E-01, 9.112245E-01
-3.9724456E-07, 9.919643E-01, 9.089286E-01
-3.9718206E-07, 9.927296E-01, 9.076530E-01
-3.9711956E-07, 9.978316E-01, 9.090561E-01
-3.9705706E-07, 1.0051020E+00, 9.128826E-01
-3.9699456E-07, 1.0116072E+00, 9.181122E-01
-3.9693206E-07, 1.0139030E+00, 9.234694E-01
-3.9686956E-07, 1.0117347E+00, 9.256378E-01
-3.9680706E-07, 1.0080357E+00, 9.239796E-01
-3.9674456E-07, 1.0057398E+00, 9.200255E-01
-3.9668206E-07, 1.0058674E+00, 9.155612E-01
-3.9661956E-07, 1.0102041E+00, 9.114796E-01
-3.9655706E-07, 1.0173470E+00, 9.104592E-01
-3.9649456E-07, 1.0241071E+00, 9.127551E-01
-3.9643206E-07, 1.0280613E+00, 9.168367E-01
-3.9636956E-07, 1.0284439E+00, 9.207908E-01
-3.9630706E-07, 1.0275511E+00, 9.230868E-01
-3.9624456E-07, 1.0243622E+00, 9.242347E-01
-3.9618206E-07, 1.0196428E+00, 9.220663E-01
-3.9611956E-07, 1.0154337E+00, 9.172194E-01
-3.9605706E-07, 1.0093112E+00, 9.125000E-01
-3.9599456E-07, 1.0020409E+00, 9.072704E-01
-3.9593206E-07, 9.964285E-01, 9.033163E-01
-3.9586956E-07, 9.936224E-01, 9.029337E-01
-3.9580706E-07, 9.951531E-01, 9.058673E-01
-3.9574456E-07, 1.0006378E+00, 9.114796E-01
-3.9568206E-07, 1.0089285E+00, 9.179847E-01
-3.9561956E-07, 1.0159439E+00, 9.253827E-01
-3.9555706E-07, 1.0192602E+00, 9.306123E-01
-3.9549456E-07, 1.0192602E+00, 9.330357E-01
-3.9543206E-07, 1.0156888E+00, 9.336734E-01
-3.9536956E-07, 1.0110970E+00, 9.315051E-01
-3.9530706E-07, 1.0080357E+00, 9.275510E-01
-3.9524456E-07, 1.0068878E+00, 9.228317E-01
-3.9518206E-07, 1.0068878E+00, 9.184949E-01
-3.9511956E-07, 1.0067602E+00, 9.153062E-01
-3.9505706E-07, 1.0051020E+00, 9.146684E-01
-3.9499456E-07, 1.0024235E+00, 9.170918E-01
-3.9493206E-07, 1.0006378E+00, 9.221939E-01
-3.9486956E-07, 1.0003827E+00, 9.297194E-01
-3.9480706E-07, 1.0017858E+00, 9.363520E-01
-3.9474456E-07, 1.0047194E+00, 9.396684E-01
-3.9468206E-07, 1.0079081E+00, 9.390306E-01
-3.9461956E-07, 1.0110970E+00, 9.352041E-01
-3.9455706E-07, 1.0123725E+00, 9.315051E-01
-3.9449456E-07, 1.0123725E+00, 9.292092E-01
-3.9443206E-07, 1.0128827E+00, 9.298469E-01
-3.9436956E-07, 1.0141581E+00, 9.339285E-01
-3.9430706E-07, 1.0154337E+00, 9.387755E-01
-3.9424456E-07, 1.0178572E+00, 9.404337E-01
-3.9418206E-07, 1.0206633E+00, 9.390306E-01
-3.9411956E-07, 1.0223215E+00, 9.344388E-01
-3.9405706E-07, 1.0227041E+00, 9.281888E-01
-3.9399456E-07, 1.0230868E+00, 9.238520E-01
-3.9393206E-07, 1.0230868E+00, 9.246174E-01
-3.9386956E-07, 1.0227041E+00, 9.303572E-01
-3.9380706E-07, 1.0224490E+00, 9.385204E-01
-3.9374456E-07, 1.0211735E+00, 9.468112E-01
-3.9368206E-07, 1.0188775E+00, 9.511480E-01
-3.9361956E-07, 1.0159439E+00, 9.502551E-01
-3.9355706E-07, 1.0127552E+00, 9.454082E-01
-3.9349456E-07, 1.0089285E+00, 9.389030E-01
-3.9343206E-07, 1.0048469E+00, 9.327806E-01
-3.9336956E-07, 1.0012755E+00, 9.288265E-01
-3.9330706E-07, 9.993622E-01, 9.270408E-01
-3.9324456E-07, 9.996173E-01, 9.274235E-01
-3.9318206E-07, 1.0008929E+00, 9.280612E-01
-3.9311956E-07, 1.0026785E+00, 9.267857E-01
-3.9305706E-07, 1.0044643E+00, 9.238520E-01
-3.9299456E-07, 1.0049745E+00, 9.205357E-01
-3.9293206E-07, 1.0051020E+00, 9.183673E-01
-3.9286956E-07, 1.0044643E+00, 9.201531E-01
-3.9280706E-07, 1.0031887E+00, 9.256378E-01
-3.9274456E-07, 1.0022960E+00, 9.327806E-01
-3.9268206E-07, 1.0030612E+00, 9.395408E-01
-3.9261956E-07, 1.0054847E+00, 9.442602E-01
-3.9255706E-07, 1.0090561E+00, 9.452806E-01
-3.9249456E-07, 1.0123725E+00, 9.432398E-01
-3.9243206E-07, 1.0145408E+00, 9.394132E-01
-3.9236956E-07, 1.0150510E+00, 9.353316E-01
-3.9230706E-07, 1.0153061E+00, 9.326531E-01
-3.9224456E-07, 1.0159439E+00, 9.322704E-01
-3.9218206E-07, 1.0168368E+00, 9.340561E-01
-3.9211956E-07, 1.0191326E+00, 9.363520E-01
-3.9205706E-07, 1.0221939E+00, 9.389030E-01
-3.9199456E-07, 1.0247449E+00, 9.414541E-01
-3.9193206E-07, 1.0246173E+00, 9.432398E-01
-3.9186956E-07, 1.0237244E+00, 9.427296E-01
-3.9180706E-07, 1.0228317E+00, 9.410715E-01
-3.9174456E-07, 1.0214286E+00, 9.385204E-01
-3.9168206E-07, 1.0209184E+00, 9.335459E-01
-3.9161956E-07, 1.0218112E+00, 9.271684E-01
-3.9155706E-07, 1.0239795E+00, 9.213010E-01
-3.9149456E-07, 1.0255102E+00, 9.182398E-01
-3.9143206E-07, 1.0262755E+00, 9.178572E-01
-3.9136956E-07, 1.0267857E+00, 9.207908E-01
-3.9130706E-07, 1.0270408E+00, 9.269133E-01
-3.9124456E-07, 1.0264031E+00, 9.339285E-01
-3.9118206E-07, 1.0250000E+00, 9.387755E-01
-3.9111956E-07, 1.0235969E+00, 9.399235E-01
-3.9105706E-07, 1.0207908E+00, 9.380102E-01
-3.9099456E-07, 1.0179847E+00, 9.330357E-01
-3.9093206E-07, 1.0165817E+00, 9.283164E-01
-3.9086956E-07, 1.0154337E+00, 9.264030E-01
-3.9080706E-07, 1.0167092E+00, 9.258928E-01
-3.9074456E-07, 1.0193877E+00, 9.279337E-01
-3.9068206E-07, 1.0221939E+00, 9.299745E-01
-3.9061956E-07, 1.0239795E+00, 9.304847E-01
-3.9055706E-07, 1.0232143E+00, 9.304847E-01
-3.9049456E-07, 1.0196428E+00, 9.309949E-01
-3.9043206E-07, 1.0142857E+00, 9.335459E-01
-3.9036956E-07, 1.0100765E+00, 9.382653E-01
-3.9030706E-07, 1.0077807E+00, 9.445153E-01
-3.9024456E-07, 1.0082908E+00, 9.483418E-01
-3.9018206E-07, 1.0133928E+00, 9.463010E-01
-3.9011956E-07, 1.0221939E+00, 9.397959E-01
-3.9005706E-07, 1.0303571E+00, 9.316326E-01
-3.8999456E-07, 1.0364796E+00, 9.242347E-01
-3.8993206E-07, 1.0381378E+00, 9.223214E-01
-3.8986956E-07, 1.0348214E+00, 9.262755E-01
-3.8980706E-07, 1.0294642E+00, 9.340561E-01
-3.8974456E-07, 1.0227041E+00, 9.423469E-01
-3.8968206E-07, 1.0184948E+00, 9.461735E-01
-3.8961956E-07, 1.0174745E+00, 9.451531E-01
-3.8955706E-07, 1.0196428E+00, 9.409439E-01
-3.8949456E-07, 1.0237244E+00, 9.376276E-01
-3.8943206E-07, 1.0261480E+00, 9.386480E-01
-3.8936956E-07, 1.0247449E+00, 9.437500E-01
-3.8930706E-07, 1.0200255E+00, 9.497449E-01
-3.8924456E-07, 1.0123725E+00, 9.530612E-01
-3.8918206E-07, 1.0042092E+00, 9.497449E-01
-3.8911956E-07, 9.998724E-01, 9.391581E-01
-3.8905706E-07, 1.0002551E+00, 9.266582E-01
-3.8899456E-07, 1.0045918E+00, 9.168367E-01
-3.8893206E-07, 1.0104592E+00, 9.137755E-01
-3.8886956E-07, 1.0154337E+00, 9.184949E-01
-3.8880706E-07, 1.0158163E+00, 9.284438E-01
-3.8874456E-07, 1.0127552E+00, 9.368622E-01
-3.8868206E-07, 1.0091836E+00, 9.406888E-01
-3.8861956E-07, 1.0066327E+00, 9.392857E-01
-3.8855706E-07, 1.0079081E+00, 9.326531E-01
-3.8849456E-07, 1.0121174E+00, 9.253827E-01
-3.8843206E-07, 1.0177296E+00, 9.206632E-01
-3.8836956E-07, 1.0227041E+00, 9.210459E-01
-3.8830706E-07, 1.0248724E+00, 9.261479E-01
-3.8824456E-07, 1.0235969E+00, 9.338010E-01
-3.8818206E-07, 1.0187500E+00, 9.403061E-01
-3.8811956E-07, 1.0142857E+00, 9.415816E-01
-3.8805706E-07, 1.0116072E+00, 9.387755E-01
-3.8799456E-07, 1.0093112E+00, 9.322704E-01
-3.8793206E-07, 1.0080357E+00, 9.235969E-01
-3.8786956E-07, 1.0053571E+00, 9.169643E-01
-3.8780706E-07, 1.0021684E+00, 9.136479E-01
-3.8774456E-07, 9.991071E-01, 9.158163E-01
-3.8768206E-07, 9.987245E-01, 9.213010E-01
-3.8761956E-07, 1.0056123E+00, 9.284438E-01
-3.8755706E-07, 1.0173470E+00, 9.368622E-01
-3.8749456E-07, 1.0312500E+00, 9.419643E-01
-3.8743206E-07, 1.0441327E+00, 9.431123E-01
-3.8736956E-07, 1.0493623E+00, 9.420918E-01
-3.8730706E-07, 1.0461735E+00, 9.389030E-01
-3.8724456E-07, 1.0353316E+00, 9.366071E-01
-3.8718206E-07, 1.0210459E+00, 9.358419E-01
-3.8711956E-07, 1.0108418E+00, 9.368622E-01
-3.8705706E-07, 1.0058674E+00, 9.408163E-01
-3.8699456E-07, 1.0073980E+00, 9.442602E-01
-3.8693206E-07, 1.0126276E+00, 9.465562E-01
-3.8686956E-07, 1.0164541E+00, 9.471939E-01
-3.8680706E-07, 1.0158163E+00, 9.443877E-01
-3.8674456E-07, 1.0117347E+00, 9.387755E-01
-3.8668206E-07, 1.0077807E+00, 9.327806E-01
-3.8661956E-07, 1.0058674E+00, 9.288265E-01
-3.8655706E-07, 1.0091836E+00, 9.266582E-01
-3.8649456E-07, 1.0176021E+00, 9.271684E-01
-3.8643206E-07, 1.0267857E+00, 9.299745E-01
-3.8636956E-07, 1.0340561E+00, 9.323980E-01
-3.8630706E-07, 1.0362245E+00, 9.335459E-01
-3.8624456E-07, 1.0335460E+00, 9.329082E-01
-3.8618206E-07, 1.0286989E+00, 9.315051E-01
-3.8611956E-07, 1.0243622E+00, 9.318877E-01
-3.8605706E-07, 1.0214286E+00, 9.354592E-01
-3.8599456E-07, 1.0191326E+00, 9.409439E-01
-3.8593206E-07, 1.0170919E+00, 9.450255E-01
-3.8586956E-07, 1.0139030E+00, 9.457908E-01
-3.8580706E-07, 1.0098214E+00, 9.410715E-01
-3.8574456E-07, 1.0057398E+00, 9.325255E-01
-3.8568206E-07, 1.0043367E+00, 9.238520E-01
-3.8561956E-07, 1.0066327E+00, 9.200255E-01
-3.8555706E-07, 1.0125000E+00, 9.232143E-01
-3.8549456E-07, 1.0206633E+00, 9.329082E-01
-3.8543206E-07, 1.0267857E+00, 9.442602E-01
-3.8536956E-07, 1.0308673E+00, 9.500000E-01
-3.8530706E-07, 1.0301020E+00, 9.489796E-01
-3.8524456E-07, 1.0252551E+00, 9.397959E-01
-3.8518206E-07, 1.0188775E+00, 9.276786E-01
-3.8511956E-07, 1.0117347E+00, 9.192602E-01
-3.8505706E-07, 1.0068878E+00, 9.178572E-01
-3.8499456E-07, 1.0043367E+00, 9.248725E-01
-3.8493206E-07, 1.0048469E+00, 9.355868E-01
-3.8486956E-07, 1.0071429E+00, 9.454082E-01
-3.8480706E-07, 1.0098214E+00, 9.500000E-01
-3.8474456E-07, 1.0122449E+00, 9.482143E-01
-3.8468206E-07, 1.0126276E+00, 9.433674E-01
-3.8461956E-07, 1.0119898E+00, 9.378827E-01
-3.8455706E-07, 1.0113521E+00, 9.357143E-01
-3.8449456E-07, 1.0128827E+00, 9.377551E-01
-3.8443206E-07, 1.0161990E+00, 9.432398E-01
-3.8436956E-07, 1.0205357E+00, 9.485970E-01
-3.8430706E-07, 1.0243622E+00, 9.511480E-01
-3.8424456E-07, 1.0257653E+00, 9.503826E-01
-3.8418206E-07, 1.0243622E+00, 9.471939E-01
-3.8411956E-07, 1.0188775E+00, 9.441326E-01
-3.8405706E-07, 1.0113521E+00, 9.415816E-01
-3.8399456E-07, 1.0029336E+00, 9.413266E-01
-3.8393206E-07, 9.956633E-01, 9.426020E-01
-3.8386956E-07, 9.933674E-01, 9.445153E-01
-3.8380706E-07, 9.951531E-01, 9.487245E-01
-3.8374456E-07, 1.0007653E+00, 9.531888E-01
-3.8368206E-07, 1.0088010E+00, 9.577806E-01
-3.8361956E-07, 1.0159439E+00, 9.623724E-01
-3.8355706E-07, 1.0214286E+00, 9.651785E-01
-3.8349456E-07, 1.0238520E+00, 9.664541E-01
-3.8343206E-07, 1.0233419E+00, 9.663265E-01
-3.8336956E-07, 1.0206633E+00, 9.651785E-01
-3.8330706E-07, 1.0169643E+00, 9.632653E-01
-3.8324456E-07, 1.0144132E+00, 9.603316E-01
-3.8318206E-07, 1.0141581E+00, 9.570153E-01
-3.8311956E-07, 1.0150510E+00, 9.534439E-01
-3.8305706E-07, 1.0165817E+00, 9.483418E-01
-3.8299456E-07, 1.0177296E+00, 9.434949E-01
-3.8293206E-07, 1.0172194E+00, 9.395408E-01
-3.8286956E-07, 1.0159439E+00, 9.369898E-01
-3.8280706E-07, 1.0140306E+00, 9.367347E-01
-3.8274456E-07, 1.0131377E+00, 9.368622E-01
-3.8268206E-07, 1.0161990E+00, 9.357143E-01
-3.8261956E-07, 1.0221939E+00, 9.345663E-01
-3.8255706E-07, 1.0292091E+00, 9.320153E-01
-3.8249456E-07, 1.0353316E+00, 9.292092E-01
-3.8243206E-07, 1.0364796E+00, 9.286990E-01
-3.8236956E-07, 1.0331633E+00, 9.304847E-01
-3.8230706E-07, 1.0257653E+00, 9.357143E-01
-3.8224456E-07, 1.0160714E+00, 9.419643E-01
-3.8218206E-07, 1.0103316E+00, 9.455357E-01
-3.8211956E-07, 1.0102041E+00, 9.477041E-01
-3.8205706E-07, 1.0149235E+00, 9.469388E-01
-3.8199456E-07, 1.0229592E+00, 9.440051E-01
-3.8193206E-07, 1.0293367E+00, 9.422194E-01
-3.8186956E-07, 1.0306122E+00, 9.414541E-01
-3.8180706E-07, 1.0261480E+00, 9.418367E-01
-3.8174456E-07, 1.0170919E+00, 9.429847E-01
-3.8168206E-07, 1.0073980E+00, 9.426020E-01
-3.8161956E-07, 1.0022960E+00, 9.409439E-01
-3.8155706E-07, 1.0044643E+00, 9.391581E-01
-3.8149456E-07, 1.0125000E+00, 9.390306E-01
-3.8143206E-07, 1.0233419E+00, 9.406888E-01
-3.8136956E-07, 1.0348214E+00, 9.440051E-01
-3.8130706E-07, 1.0414541E+00, 9.493622E-01
-3.8124456E-07, 1.0423470E+00, 9.528061E-01
-3.8118206E-07, 1.0392857E+00, 9.533163E-01
-3.8111956E-07, 1.0344387E+00, 9.512755E-01
-3.8105706E-07, 1.0301020E+00, 9.475765E-01
-3.8099456E-07, 1.0278062E+00, 9.434949E-01
-3.8093206E-07, 1.0292091E+00, 9.404337E-01
-3.8086956E-07, 1.0335460E+00, 9.399235E-01
-3.8080706E-07, 1.0382653E+00, 9.410715E-01
-3.8074456E-07, 1.0418367E+00, 9.420918E-01
-3.8068206E-07, 1.0428572E+00, 9.419643E-01
-3.8061956E-07, 1.0411990E+00, 9.409439E-01
-3.8055706E-07, 1.0352041E+00, 9.400510E-01
-3.8049456E-07, 1.0272959E+00, 9.385204E-01
-3.8043206E-07, 1.0198979E+00, 9.377551E-01
-3.8036956E-07, 1.0141581E+00, 9.376276E-01
-3.8030706E-07, 1.0125000E+00, 9.357143E-01
-3.8024456E-07, 1.0146683E+00, 9.331633E-01
-3.8018206E-07, 1.0187500E+00, 9.301021E-01
-3.8011956E-07, 1.0228317E+00, 9.283164E-01
-3.8005706E-07, 1.0238520E+00, 9.303572E-01
-3.7999456E-07, 1.0206633E+00, 9.367347E-01
-3.7993206E-07, 1.0135204E+00, 9.459184E-01
-3.7986956E-07, 1.0068878E+00, 9.542092E-01
-3.7980706E-07, 1.0048469E+00, 9.595664E-01
-3.7974456E-07, 1.0079081E+00, 9.608418E-01
-3.7968206E-07, 1.0153061E+00, 9.568878E-01
-3.7961956E-07, 1.0237244E+00, 9.502551E-01
-3.7955706E-07, 1.0286989E+00, 9.443877E-01
-3.7949456E-07, 1.0269133E+00, 9.408163E-01
-3.7943206E-07, 1.0192602E+00, 9.395408E-01
-3.7936956E-07, 1.0100765E+00, 9.392857E-01
-3.7930706E-07, 1.0034438E+00, 9.395408E-01
-3.7924456E-07, 1.0019133E+00, 9.385204E-01
-3.7918206E-07, 1.0056123E+00, 9.359694E-01
-3.7911956E-07, 1.0116072E+00, 9.329082E-01
-3.7905706E-07, 1.0160714E+00, 9.306123E-01
-3.7899456E-07, 1.0168368E+00, 9.299745E-01
-3.7893206E-07, 1.0133928E+00, 9.311224E-01
-3.7886956E-07, 1.0086734E+00, 9.320153E-01
-3.7880706E-07, 1.0063776E+00, 9.326531E-01
-3.7874456E-07, 1.0071429E+00, 9.331633E-01
-3.7868206E-07, 1.0104592E+00, 9.330357E-01
-3.7861956E-07, 1.0141581E+00, 9.336734E-01
-3.7855706E-07, 1.0146683E+00, 9.359694E-01
-3.7849456E-07, 1.0104592E+00, 9.397959E-01
-3.7843206E-07, 1.0034438E+00, 9.437500E-01
-3.7836956E-07, 9.968112E-01, 9.466836E-01
-3.7830706E-07, 9.956633E-01, 9.469388E-01
-3.7824456E-07, 1.0017858E+00, 9.460459E-01
-3.7818206E-07, 1.0133928E+00, 9.446428E-01
-3.7811956E-07, 1.0276786E+00, 9.433674E-01
-3.7805706E-07, 1.0391581E+00, 9.438776E-01
-3.7799456E-07, 1.0436225E+00, 9.443877E-01
-3.7793206E-07, 1.0411990E+00, 9.434949E-01
-3.7786956E-07, 1.0344387E+00, 9.404337E-01
-3.7780706E-07, 1.0270408E+00, 9.355868E-01
-3.7774456E-07, 1.0224490E+00, 9.307398E-01
-3.7768206E-07, 1.0225766E+00, 9.292092E-01
-3.7761956E-07, 1.0248724E+00, 9.330357E-01
-3.7755706E-07, 1.0269133E+00, 9.415816E-01
-3.7749456E-07, 1.0286989E+00, 9.517857E-01
-3.7743206E-07, 1.0284439E+00, 9.617347E-01
-3.7736956E-07, 1.0271684E+00, 9.667092E-01
-3.7730706E-07, 1.0270408E+00, 9.649234E-01
-3.7724456E-07, 1.0269133E+00, 9.577806E-01
-3.7718206E-07, 1.0275511E+00, 9.464286E-01
-3.7711956E-07, 1.0281888E+00, 9.359694E-01
-3.7705706E-07, 1.0269133E+00, 9.295918E-01
-3.7699456E-07, 1.0239795E+00, 9.279337E-01
-3.7693206E-07, 1.0200255E+00, 9.304847E-01
-3.7686956E-07, 1.0179847E+00, 9.354592E-01
-3.7680706E-07, 1.0195153E+00, 9.418367E-01
-3.7674456E-07, 1.0250000E+00, 9.482143E-01
-3.7668206E-07, 1.0326531E+00, 9.543368E-01
-3.7661956E-07, 1.0396683E+00, 9.594388E-01
-3.7655706E-07, 1.0438776E+00, 9.626275E-01
-3.7649456E-07, 1.0440052E+00, 9.635204E-01
-3.7643206E-07, 1.0413265E+00, 9.610969E-01
-3.7636956E-07, 1.0372449E+00, 9.561225E-01
-3.7630706E-07, 1.0322704E+00, 9.496173E-01
-3.7624456E-07, 1.0295918E+00, 9.422194E-01
-3.7618206E-07, 1.0283164E+00, 9.380102E-01
-3.7611956E-07, 1.0264031E+00, 9.377551E-01
-3.7605706E-07, 1.0242347E+00, 9.400510E-01
-3.7599456E-07, 1.0206633E+00, 9.442602E-01
-3.7593206E-07, 1.0165817E+00, 9.468112E-01
-3.7586956E-07, 1.0137755E+00, 9.464286E-01
-3.7580706E-07, 1.0135204E+00, 9.431123E-01
-3.7574456E-07, 1.0153061E+00, 9.380102E-01
-3.7568206E-07, 1.0182397E+00, 9.335459E-01
-3.7561956E-07, 1.0207908E+00, 9.316326E-01
-3.7555706E-07, 1.0211735E+00, 9.325255E-01
-3.7549456E-07, 1.0205357E+00, 9.344388E-01
-3.7543206E-07, 1.0188775E+00, 9.364796E-01
-3.7536956E-07, 1.0183673E+00, 9.359694E-01
-3.7530706E-07, 1.0205357E+00, 9.330357E-01
-3.7524456E-07, 1.0238520E+00, 9.301021E-01
-3.7518206E-07, 1.0267857E+00, 9.280612E-01
-3.7511956E-07, 1.0288265E+00, 9.279337E-01
-3.7505706E-07, 1.0286989E+00, 9.308674E-01
-3.7499456E-07, 1.0276786E+00, 9.348214E-01
-3.7493206E-07, 1.0270408E+00, 9.385204E-01
-3.7486956E-07, 1.0260204E+00, 9.404337E-01
-3.7480706E-07, 1.0247449E+00, 9.394132E-01
-3.7474456E-07, 1.0232143E+00, 9.369898E-01
-3.7468206E-07, 1.0200255E+00, 9.362245E-01
-3.7461956E-07, 1.0151786E+00, 9.378827E-01
-3.7455706E-07, 1.0119898E+00, 9.413266E-01
-3.7449456E-07, 1.0119898E+00, 9.464286E-01
-3.7443206E-07, 1.0168368E+00, 9.498724E-01
-3.7436956E-07, 1.0265306E+00, 9.505102E-01
-3.7430706E-07, 1.0362245E+00, 9.489796E-01
-3.7424456E-07, 1.0427296E+00, 9.445153E-01
-3.7418206E-07, 1.0431123E+00, 9.403061E-01
-3.7411956E-07, 1.0366071E+00, 9.386480E-01
-3.7405706E-07, 1.0260204E+00, 9.396684E-01
-3.7399456E-07, 1.0159439E+00, 9.422194E-01
-3.7393206E-07, 1.0113521E+00, 9.445153E-01
-3.7386956E-07, 1.0122449E+00, 9.457908E-01
-3.7380706E-07, 1.0174745E+00, 9.437500E-01
-3.7374456E-07, 1.0223215E+00, 9.394132E-01
-3.7368206E-07, 1.0246173E+00, 9.334184E-01
-3.7361956E-07, 1.0229592E+00, 9.283164E-01
-3.7355706E-07, 1.0186224E+00, 9.256378E-01
-3.7349456E-07, 1.0155612E+00, 9.256378E-01
-3.7343206E-07, 1.0154337E+00, 9.292092E-01
-3.7336956E-07, 1.0191326E+00, 9.345663E-01
-3.7330706E-07, 1.0241071E+00, 9.408163E-01
-3.7324456E-07, 1.0280613E+00, 9.461735E-01
-3.7318206E-07, 1.0281888E+00, 9.503826E-01
-3.7311956E-07, 1.0238520E+00, 9.519132E-01
-3.7305706E-07, 1.0174745E+00, 9.503826E-01
-3.7299456E-07, 1.0121174E+00, 9.465562E-01
-3.7293206E-07, 1.0104592E+00, 9.414541E-01
-3.7286956E-07, 1.0114796E+00, 9.369898E-01
-3.7280706E-07, 1.0140306E+00, 9.332908E-01
-3.7274456E-07, 1.0165817E+00, 9.312500E-01
-3.7268206E-07, 1.0155612E+00, 9.316326E-01
-3.7261956E-07, 1.0123725E+00, 9.317602E-01
-3.7255706E-07, 1.0094388E+00, 9.316326E-01
-3.7249456E-07, 1.0084183E+00, 9.312500E-01
-3.7243206E-07, 1.0110970E+00, 9.302296E-01
-3.7236956E-07, 1.0159439E+00, 9.303572E-01
-3.7230706E-07, 1.0214286E+00, 9.317602E-01
-3.7224456E-07, 1.0248724E+00, 9.358419E-01
-3.7218206E-07, 1.0246173E+00, 9.415816E-01
-3.7211956E-07, 1.0205357E+00, 9.469388E-01
-3.7205706E-07, 1.0151786E+00, 9.500000E-01
-3.7199456E-07, 1.0113521E+00, 9.498724E-01
-3.7193206E-07, 1.0103316E+00, 9.471939E-01
-3.7186956E-07, 1.0136479E+00, 9.433674E-01
-3.7180706E-07, 1.0193877E+00, 9.414541E-01
-3.7174456E-07, 1.0239795E+00, 9.424745E-01
-3.7168206E-07, 1.0270408E+00, 9.450255E-01
-3.7161956E-07, 1.0274235E+00, 9.494898E-01
-3.7155706E-07, 1.0244898E+00, 9.534439E-01
-3.7149456E-07, 1.0211735E+00, 9.540817E-01
-3.7143206E-07, 1.0192602E+00, 9.525510E-01
-3.7136956E-07, 1.0176021E+00, 9.498724E-01
-3.7130706E-07, 1.0154337E+00, 9.459184E-01
-3.7124456E-07, 1.0136479E+00, 9.419643E-01
-3.7118206E-07, 1.0110970E+00, 9.399235E-01
-3.7111956E-07, 1.0070153E+00, 9.395408E-01
-3.7105706E-07, 1.0044643E+00, 9.394132E-01
-3.7099456E-07, 1.0045918E+00, 9.408163E-01
-3.7093206E-07, 1.0065051E+00, 9.427296E-01
-3.7086956E-07, 1.0117347E+00, 9.432398E-01
-3.7080706E-07, 1.0181123E+00, 9.438776E-01
-3.7074456E-07, 1.0229592E+00, 9.440051E-01
-3.7068206E-07, 1.0251275E+00, 9.428571E-01
-3.7061956E-07, 1.0221939E+00, 9.414541E-01
-3.7055706E-07, 1.0172194E+00, 9.390306E-01
-3.7049456E-07, 1.0109694E+00, 9.386480E-01
-3.7043206E-07, 1.0056123E+00, 9.390306E-01
-3.7036956E-07, 1.0051020E+00, 9.397959E-01
-3.7030706E-07, 1.0090561E+00, 9.427296E-01
-3.7024456E-07, 1.0167092E+00, 9.465562E-01
-3.7018206E-07, 1.0247449E+00, 9.510204E-01
-3.7011956E-07, 1.0303571E+00, 9.547194E-01
-3.7005706E-07, 1.0320153E+00, 9.573979E-01
-3.6999456E-07, 1.0281888E+00, 9.590561E-01
-3.6993206E-07, 1.0219388E+00, 9.582908E-01
-3.6986956E-07, 1.0155612E+00, 9.568878E-01
-3.6980706E-07, 1.0116072E+00, 9.551020E-01
-3.6974456E-07, 1.0119898E+00, 9.536990E-01
-3.6968206E-07, 1.0158163E+00, 9.533163E-01
-3.6961956E-07, 1.0209184E+00, 9.536990E-01
-3.6955706E-07, 1.0247449E+00, 9.538265E-01
-3.6949456E-07, 1.0265306E+00, 9.528061E-01
-3.6943206E-07, 1.0261480E+00, 9.517857E-01
-3.6936956E-07, 1.0237244E+00, 9.505102E-01
-3.6930706E-07, 1.0214286E+00, 9.500000E-01
-3.6924456E-07, 1.0204082E+00, 9.512755E-01
-3.6918206E-07, 1.0206633E+00, 9.545918E-01
-3.6911956E-07, 1.0223215E+00, 9.585459E-01
-3.6905706E-07, 1.0237244E+00, 9.626275E-01
-3.6899456E-07, 1.0242347E+00, 9.645408E-01
-3.6893206E-07, 1.0233419E+00, 9.637755E-01
-3.6886956E-07, 1.0210459E+00, 9.605867E-01
-3.6880706E-07, 1.0192602E+00, 9.552296E-01
-3.6874456E-07, 1.0191326E+00, 9.507653E-01
-3.6868206E-07, 1.0205357E+00, 9.484694E-01
-3.6861956E-07, 1.0234693E+00, 9.482143E-01
-3.6855706E-07, 1.0257653E+00, 9.501275E-01
-3.6849456E-07, 1.0265306E+00, 9.519132E-01
-3.6843206E-07, 1.0261480E+00, 9.528061E-01
-3.6836956E-07, 1.0243622E+00, 9.533163E-01
-3.6830706E-07, 1.0224490E+00, 9.528061E-01
-3.6824456E-07, 1.0219388E+00, 9.517857E-01
-3.6818206E-07, 1.0241071E+00, 9.507653E-01
-3.6811956E-07, 1.0276786E+00, 9.503826E-01
-3.6805706E-07, 1.0320153E+00, 9.497449E-01
-3.6799456E-07, 1.0349489E+00, 9.491072E-01
-3.6793206E-07, 1.0352041E+00, 9.474490E-01
-3.6786956E-07, 1.0334184E+00, 9.445153E-01
-3.6780706E-07, 1.0306122E+00, 9.409439E-01
-3.6774456E-07, 1.0276786E+00, 9.371173E-01
-3.6768206E-07, 1.0248724E+00, 9.331633E-01
-3.6761956E-07, 1.0229592E+00, 9.298469E-01
-3.6755706E-07, 1.0211735E+00, 9.293367E-01
-3.6749456E-07, 1.0186224E+00, 9.329082E-01
-3.6743206E-07, 1.0156888E+00, 9.404337E-01
-3.6736956E-07, 1.0136479E+00, 9.508929E-01
-3.6730706E-07, 1.0141581E+00, 9.616072E-01
-3.6724456E-07, 1.0176021E+00, 9.695153E-01
-3.6718206E-07, 1.0239795E+00, 9.714286E-01
-3.6711956E-07, 1.0322704E+00, 9.677296E-01
-3.6705706E-07, 1.0390307E+00, 9.612245E-01
-3.6699456E-07, 1.0418367E+00, 9.544643E-01
-3.6693206E-07, 1.0389031E+00, 9.502551E-01
-3.6686956E-07, 1.0311224E+00, 9.487245E-01
-3.6680706E-07, 1.0218112E+00, 9.480867E-01
-3.6674456E-07, 1.0149235E+00, 9.466836E-01
-3.6668206E-07, 1.0127552E+00, 9.437500E-01
-3.6661956E-07, 1.0155612E+00, 9.390306E-01
-3.6655706E-07, 1.0218112E+00, 9.343112E-01
-3.6649456E-07, 1.0278062E+00, 9.325255E-01
-3.6643206E-07, 1.0306122E+00, 9.343112E-01
-3.6636956E-07, 1.0293367E+00, 9.390306E-01
-3.6630706E-07, 1.0246173E+00, 9.455357E-01
-3.6624456E-07, 1.0174745E+00, 9.514031E-01
-3.6618206E-07, 1.0100765E+00, 9.536990E-01
-3.6611956E-07, 1.0057398E+00, 9.525510E-01
-3.6605706E-07, 1.0042092E+00, 9.501275E-01
-3.6599456E-07, 1.0048469E+00, 9.474490E-01
-3.6593206E-07, 1.0070153E+00, 9.451531E-01
-3.6586956E-07, 1.0082908E+00, 9.442602E-01
-3.6580706E-07, 1.0086734E+00, 9.427296E-01
-3.6574456E-07, 1.0102041E+00, 9.408163E-01
-3.6568206E-07, 1.0121174E+00, 9.406888E-01
-3.6561956E-07, 1.0149235E+00, 9.420918E-01
-3.6555706E-07, 1.0182397E+00, 9.460459E-01
-3.6549456E-07, 1.0187500E+00, 9.526786E-01
-3.6543206E-07, 1.0170919E+00, 9.581633E-01
-3.6536956E-07, 1.0131377E+00, 9.619898E-01
-3.6530706E-07, 1.0072705E+00, 9.623724E-01
-3.6524456E-07, 1.0040816E+00, 9.577806E-01
-3.6518206E-07, 1.0048469E+00, 9.516582E-01
-3.6511956E-07, 1.0099490E+00, 9.456633E-01
-3.6505706E-07, 1.0174745E+00, 9.415816E-01
-3.6499456E-07, 1.0230868E+00, 9.401786E-01
-3.6493206E-07, 1.0244898E+00, 9.403061E-01
-3.6486956E-07, 1.0200255E+00, 9.423469E-01
-3.6480706E-07, 1.0108418E+00, 9.447704E-01
-3.6474456E-07, 1.0031887E+00, 9.468112E-01
-3.6468206E-07, 1.0014031E+00, 9.506378E-01
-3.6461956E-07, 1.0065051E+00, 9.557398E-01
-3.6455706E-07, 1.0169643E+00, 9.600765E-01
-3.6449456E-07, 1.0292091E+00, 9.622449E-01
-3.6443206E-07, 1.0376276E+00, 9.619898E-01
-3.6436956E-07, 1.0368623E+00, 9.602041E-01
-3.6430706E-07, 1.0275511E+00, 9.570153E-01
-3.6424456E-07, 1.0126276E+00, 9.549745E-01
-3.6418206E-07, 9.980868E-01, 9.543368E-01
-3.6411956E-07, 9.903061E-01, 9.547194E-01
-3.6405706E-07, 9.919643E-01, 9.554847E-01
-3.6399456E-07, 1.0016582E+00, 9.547194E-01
-3.6393206E-07, 1.0151786E+00, 9.512755E-01
-3.6386956E-07, 1.0271684E+00, 9.465562E-01
-3.6380706E-07, 1.0325255E+00, 9.431123E-01
-3.6374456E-07, 1.0302296E+00, 9.423469E-01
-3.6368206E-07, 1.0210459E+00, 9.450255E-01
-3.6361956E-07, 1.0090561E+00, 9.488521E-01
-3.6355706E-07, 9.997449E-01, 9.517857E-01
-3.6349456E-07, 9.946429E-01, 9.525510E-01
-3.6343206E-07, 9.960459E-01, 9.491072E-01
-3.6336956E-07, 1.0025511E+00, 9.445153E-01
-3.6330706E-07, 1.0110970E+00, 9.409439E-01
-3.6324456E-07, 1.0183673E+00, 9.403061E-01
-3.6318206E-07, 1.0227041E+00, 9.420918E-01
-3.6311956E-07, 1.0238520E+00, 9.451531E-01
-3.6305706E-07, 1.0220664E+00, 9.471939E-01
-3.6299456E-07, 1.0205357E+00, 9.466836E-01
-3.6293206E-07, 1.0184948E+00, 9.456633E-01
-3.6286956E-07, 1.0169643E+00, 9.440051E-01
-3.6280706E-07, 1.0164541E+00, 9.434949E-01
-3.6274456E-07, 1.0159439E+00, 9.450255E-01
-3.6268206E-07, 1.0159439E+00, 9.470663E-01
-3.6261956E-07, 1.0168368E+00, 9.487245E-01
-3.6255706E-07, 1.0182397E+00, 9.496173E-01
-3.6249456E-07, 1.0196428E+00, 9.494898E-01
-3.6243206E-07, 1.0216837E+00, 9.494898E-01
-3.6236956E-07, 1.0233419E+00, 9.521683E-01
-3.6230706E-07, 1.0250000E+00, 9.565051E-01
-3.6224456E-07, 1.0257653E+00, 9.612245E-01
-3.6218206E-07, 1.0258929E+00, 9.628826E-01
-3.6211956E-07, 1.0269133E+00, 9.594388E-01
-3.6205706E-07, 1.0283164E+00, 9.522959E-01
-3.6199456E-07, 1.0313776E+00, 9.433674E-01
-3.6193206E-07, 1.0350765E+00, 9.378827E-01
-3.6186956E-07, 1.0376276E+00, 9.381378E-01
-3.6180706E-07, 1.0397959E+00, 9.432398E-01
-3.6174456E-07, 1.0394132E+00, 9.521683E-01
-3.6168206E-07, 1.0346938E+00, 9.594388E-01
-3.6161956E-07, 1.0272959E+00, 9.609694E-01
-3.6155706E-07, 1.0186224E+00, 9.579082E-01
-3.6149456E-07, 1.0098214E+00, 9.525510E-01
-3.6143206E-07, 1.0034438E+00, 9.483418E-01
-3.6136956E-07, 1.0021684E+00, 9.483418E-01
-3.6130706E-07, 1.0052296E+00, 9.538265E-01
-3.6124456E-07, 1.0113521E+00, 9.616072E-01
-3.6118206E-07, 1.0182397E+00, 9.677296E-01
-3.6111956E-07, 1.0227041E+00, 9.691327E-01
-3.6105706E-07, 1.0247449E+00, 9.649234E-01
-3.6099456E-07, 1.0230868E+00, 9.581633E-01
-3.6093206E-07, 1.0190051E+00, 9.507653E-01
-3.6086956E-07, 1.0154337E+00, 9.448979E-01
-3.6080706E-07, 1.0145408E+00, 9.420918E-01
-3.6074456E-07, 1.0174745E+00, 9.413266E-01
-3.6068206E-07, 1.0227041E+00, 9.415816E-01
-3.6061956E-07, 1.0290816E+00, 9.406888E-01
-3.6055706E-07, 1.0334184E+00, 9.395408E-01
-3.6049456E-07, 1.0348214E+00, 9.376276E-01
-3.6043206E-07, 1.0338011E+00, 9.366071E-01
-3.6036956E-07, 1.0301020E+00, 9.383929E-01
-3.6030706E-07, 1.0274235E+00, 9.406888E-01
-3.6024456E-07, 1.0255102E+00, 9.446428E-01
-3.6018206E-07, 1.0242347E+00, 9.483418E-01
-3.6011956E-07, 1.0238520E+00, 9.507653E-01
-3.6005706E-07, 1.0220664E+00, 9.534439E-01
-3.5999456E-07, 1.0184948E+00, 9.561225E-01
-3.5993206E-07, 1.0137755E+00, 9.596938E-01
-3.5986956E-07, 1.0102041E+00, 9.631377E-01
-3.5980706E-07, 1.0094388E+00, 9.660714E-01
-3.5974456E-07, 1.0110970E+00, 9.663265E-01
-3.5968206E-07, 1.0158163E+00, 9.617347E-01
-3.5961956E-07, 1.0224490E+00, 9.543368E-01
-3.5955706E-07, 1.0275511E+00, 9.468112E-01
-3.5949456E-07, 1.0290816E+00, 9.414541E-01
-3.5943206E-07, 1.0270408E+00, 9.404337E-01
-3.5936956E-07, 1.0216837E+00, 9.443877E-01
-3.5930706E-07, 1.0158163E+00, 9.510204E-01
-3.5924456E-07, 1.0113521E+00, 9.581633E-01
-3.5918206E-07, 1.0091836E+00, 9.626275E-01
-3.5911956E-07, 1.0099490E+00, 9.630102E-01
-3.5905706E-07, 1.0133928E+00, 9.596938E-01
-3.5899456E-07, 1.0165817E+00, 9.556122E-01
-3.5893206E-07, 1.0174745E+00, 9.521683E-01
-3.5886956E-07, 1.0161990E+00, 9.497449E-01
-3.5880706E-07, 1.0118623E+00, 9.505102E-01
-3.5874456E-07, 1.0057398E+00, 9.524235E-01
-3.5868206E-07, 1.0003827E+00, 9.539541E-01
-3.5861956E-07, 9.978316E-01, 9.545918E-01
-3.5855706E-07, 9.998724E-01, 9.540817E-01
-3.5849456E-07, 1.0047194E+00, 9.529337E-01
-3.5843206E-07, 1.0116072E+00, 9.503826E-01
-3.5836956E-07, 1.0182397E+00, 9.483418E-01
-3.5830706E-07, 1.0216837E+00, 9.471939E-01
-3.5824456E-07, 1.0218112E+00, 9.471939E-01
-3.5818206E-07, 1.0188775E+00, 9.488521E-01
-3.5811956E-07, 1.0154337E+00, 9.508929E-01
-3.5805706E-07, 1.0137755E+00, 9.535714E-01
-3.5799456E-07, 1.0140306E+00, 9.556122E-01
-3.5793206E-07, 1.0163265E+00, 9.554847E-01
-3.5786956E-07, 1.0179847E+00, 9.538265E-01
-3.5780706E-07, 1.0183673E+00, 9.500000E-01
-3.5774456E-07, 1.0170919E+00, 9.460459E-01
-3.5768206E-07, 1.0141581E+00, 9.431123E-01
-3.5761956E-07, 1.0127552E+00, 9.405612E-01
-3.5755706E-07, 1.0128827E+00, 9.401786E-01
-3.5749456E-07, 1.0154337E+00, 9.404337E-01
-3.5743206E-07, 1.0197704E+00, 9.418367E-01
-3.5736956E-07, 1.0244898E+00, 9.445153E-01
-3.5730706E-07, 1.0278062E+00, 9.484694E-01
-3.5724456E-07, 1.0284439E+00, 9.530612E-01
-3.5718206E-07, 1.0276786E+00, 9.561225E-01
-3.5711956E-07, 1.0260204E+00, 9.575255E-01
-3.5705706E-07, 1.0243622E+00, 9.565051E-01
-3.5699456E-07, 1.0225766E+00, 9.542092E-01
-3.5693206E-07, 1.0207908E+00, 9.524235E-01
-3.5686956E-07, 1.0190051E+00, 9.536990E-01
-3.5680706E-07, 1.0169643E+00, 9.591837E-01
-3.5674456E-07, 1.0156888E+00, 9.664541E-01
-3.5668206E-07, 1.0159439E+00, 9.723215E-01
-3.5661956E-07, 1.0184948E+00, 9.733418E-01
-3.5655706E-07, 1.0225766E+00, 9.681122E-01
-3.5649456E-07, 1.0265306E+00, 9.582908E-01
-3.5643206E-07, 1.0288265E+00, 9.479592E-01
-3.5636956E-07, 1.0283164E+00, 9.424745E-01
-3.5630706E-07, 1.0252551E+00, 9.448979E-01
-3.5624456E-07, 1.0192602E+00, 9.545918E-01
-3.5618206E-07, 1.0141581E+00, 9.646684E-01
-3.5611956E-07, 1.0125000E+00, 9.709184E-01
-3.5605706E-07, 1.0145408E+00, 9.695153E-01
-3.5599456E-07, 1.0204082E+00, 9.598214E-01
-3.5593206E-07, 1.0265306E+00, 9.475765E-01
-3.5586956E-07, 1.0306122E+00, 9.368622E-01
-3.5580706E-07, 1.0298469E+00, 9.336734E-01
-3.5574456E-07, 1.0246173E+00, 9.378827E-01
-3.5568206E-07, 1.0177296E+00, 9.470663E-01
-3.5561956E-07, 1.0109694E+00, 9.567602E-01
-3.5555706E-07, 1.0086734E+00, 9.614796E-01
-3.5549456E-07, 1.0123725E+00, 9.607143E-01
-3.5543206E-07, 1.0202806E+00, 9.563776E-01
-3.5536956E-07, 1.0274235E+00, 9.516582E-01
-3.5530706E-07, 1.0311224E+00, 9.473214E-01
-3.5524456E-07, 1.0295918E+00, 9.447704E-01
-3.5518206E-07, 1.0229592E+00, 9.441326E-01
-3.5511956E-07, 1.0159439E+00, 9.423469E-01
-3.5505706E-07, 1.0127552E+00, 9.394132E-01
-3.5499456E-07, 1.0160714E+00, 9.364796E-01
-3.5493206E-07, 1.0250000E+00, 9.352041E-01
-3.5486956E-07, 1.0349489E+00, 9.378827E-01
-3.5480706E-07, 1.0391581E+00, 9.441326E-01
-3.5474456E-07, 1.0345663E+00, 9.512755E-01
-3.5468206E-07, 1.0241071E+00, 9.572704E-01
-3.5461956E-07, 1.0128827E+00, 9.618623E-01
-3.5455706E-07, 1.0065051E+00, 9.641582E-01
-3.5449456E-07, 1.0095663E+00, 9.639031E-01
-3.5443206E-07, 1.0205357E+00, 9.623724E-01
-3.5436956E-07, 1.0338011E+00, 9.603316E-01
-3.5430706E-07, 1.0432398E+00, 9.581633E-01
-3.5424456E-07, 1.0434949E+00, 9.566327E-01
-3.5418206E-07, 1.0352041E+00, 9.553571E-01
-3.5411956E-07, 1.0228317E+00, 9.551020E-01
-3.5405706E-07, 1.0114796E+00, 9.556122E-01
-3.5399456E-07, 1.0062500E+00, 9.559949E-01
-3.5393206E-07, 1.0071429E+00, 9.562500E-01
-3.5386956E-07, 1.0110970E+00, 9.558674E-01
-3.5380706E-07, 1.0141581E+00, 9.547194E-01
-3.5374456E-07, 1.0139030E+00, 9.529337E-01
-3.5368206E-07, 1.0125000E+00, 9.505102E-01
-3.5361956E-07, 1.0127552E+00, 9.488521E-01
-3.5355706E-07, 1.0168368E+00, 9.471939E-01
-3.5349456E-07, 1.0257653E+00, 9.442602E-01
-3.5343206E-07, 1.0364796E+00, 9.406888E-01
-3.5336956E-07, 1.0433674E+00, 9.363520E-01
-3.5330706E-07, 1.0428572E+00, 9.318877E-01
-3.5324456E-07, 1.0359694E+00, 9.290816E-01
-3.5318206E-07, 1.0265306E+00, 9.298469E-01
-3.5311956E-07, 1.0193877E+00, 9.350765E-01
-3.5305706E-07, 1.0192602E+00, 9.429847E-01
-3.5299456E-07, 1.0267857E+00, 9.519132E-01
-3.5293206E-07, 1.0362245E+00, 9.594388E-01
-3.5286956E-07, 1.0436225E+00, 9.616072E-01
-3.5280706E-07, 1.0442603E+00, 9.584184E-01
-3.5274456E-07, 1.0382653E+00, 9.505102E-01
-3.5268206E-07, 1.0298469E+00, 9.406888E-01
-3.5261956E-07, 1.0234693E+00, 9.321429E-01
-3.5255706E-07, 1.0235969E+00, 9.275510E-01
-3.5249456E-07, 1.0306122E+00, 9.292092E-01
-3.5243206E-07, 1.0395408E+00, 9.369898E-01
-3.5236956E-07, 1.0452806E+00, 9.470663E-01
-3.5230706E-07, 1.0455357E+00, 9.565051E-01
-3.5224456E-07, 1.0391581E+00, 9.640306E-01
-3.5218206E-07, 1.0295918E+00, 9.668368E-01
-3.5211956E-07, 1.0206633E+00, 9.658163E-01
-3.5205706E-07, 1.0151786E+00, 9.616072E-01
-3.5199456E-07, 1.0165817E+00, 9.556122E-01
-3.5193206E-07, 1.0227041E+00, 9.522959E-01
-3.5186956E-07, 1.0290816E+00, 9.511480E-01
-3.5180706E-07, 1.0338011E+00, 9.514031E-01
-3.5174456E-07, 1.0352041E+00, 9.529337E-01
-3.5168206E-07, 1.0325255E+00, 9.539541E-01
-3.5161956E-07, 1.0283164E+00, 9.525510E-01
-3.5155706E-07, 1.0246173E+00, 9.505102E-01
-3.5149456E-07, 1.0211735E+00, 9.483418E-01
-3.5143206E-07, 1.0195153E+00, 9.459184E-01
-3.5136956E-07, 1.0205357E+00, 9.456633E-01
-3.5130706E-07, 1.0228317E+00, 9.487245E-01
-3.5124456E-07, 1.0244898E+00, 9.544643E-01
-3.5118206E-07, 1.0262755E+00, 9.595664E-01
-3.5111956E-07, 1.0280613E+00, 9.635204E-01
-3.5105706E-07, 1.0279337E+00, 9.653061E-01
-3.5099456E-07, 1.0266582E+00, 9.622449E-01
-3.5093206E-07, 1.0255102E+00, 9.567602E-01
-3.5086956E-07, 1.0251275E+00, 9.514031E-01
-3.5080706E-07, 1.0266582E+00, 9.480867E-01
-3.5074456E-07, 1.0292091E+00, 9.482143E-01
-3.5068206E-07, 1.0321429E+00, 9.511480E-01
-3.5061956E-07, 1.0343112E+00, 9.547194E-01
-3.5055706E-07, 1.0349489E+00, 9.566327E-01
-3.5049456E-07, 1.0336735E+00, 9.566327E-01
-3.5043206E-07, 1.0299745E+00, 9.540817E-01
-3.5036956E-07, 1.0258929E+00, 9.498724E-01
-3.5030706E-07, 1.0232143E+00, 9.469388E-01
-3.5024456E-07, 1.0221939E+00, 9.464286E-01
-3.5018206E-07, 1.0230868E+00, 9.480867E-01
-3.5011956E-07, 1.0256377E+00, 9.506378E-01
-3.5005706E-07, 1.0280613E+00, 9.540817E-01
-3.4999456E-07, 1.0286989E+00, 9.565051E-01
-3.4993206E-07, 1.0278062E+00, 9.571428E-01
-3.4986956E-07, 1.0262755E+00, 9.567602E-01
-3.4980706E-07, 1.0248724E+00, 9.557398E-01
-3.4974456E-07, 1.0251275E+00, 9.538265E-01
-3.4968206E-07, 1.0278062E+00, 9.512755E-01
-3.4961956E-07, 1.0320153E+00, 9.488521E-01
-3.4955706E-07, 1.0359694E+00, 9.469388E-01
-3.4949456E-07, 1.0382653E+00, 9.463010E-01
-3.4943206E-07, 1.0372449E+00, 9.479592E-01
-3.4936956E-07, 1.0323980E+00, 9.512755E-01
-3.4930706E-07, 1.0267857E+00, 9.548469E-01
-3.4924456E-07, 1.0221939E+00, 9.588010E-01
-3.4918206E-07, 1.0206633E+00, 9.609694E-01
-3.4911956E-07, 1.0234693E+00, 9.609694E-01
-3.4905706E-07, 1.0306122E+00, 9.589286E-01
-3.4899456E-07, 1.0399234E+00, 9.562500E-01
-3.4893206E-07, 1.0470663E+00, 9.538265E-01
-3.4886956E-07, 1.0494897E+00, 9.506378E-01
-3.4880706E-07, 1.0461735E+00, 9.477041E-01
-3.4874456E-07, 1.0386480E+00, 9.451531E-01
-3.4868206E-07, 1.0298469E+00, 9.443877E-01
-3.4861956E-07, 1.0233419E+00, 9.460459E-01
-3.4855706E-07, 1.0220664E+00, 9.500000E-01
-3.4849456E-07, 1.0264031E+00, 9.552296E-01
-3.4843206E-07, 1.0346938E+00, 9.595664E-01
-3.4836956E-07, 1.0422194E+00, 9.616072E-01
-3.4830706E-07, 1.0464286E+00, 9.590561E-01
-3.4824456E-07, 1.0452806E+00, 9.539541E-01
-3.4818206E-07, 1.0389031E+00, 9.485970E-01
-3.4811956E-07, 1.0308673E+00, 9.447704E-01
-3.4805706E-07, 1.0246173E+00, 9.451531E-01
-3.4799456E-07, 1.0237244E+00, 9.487245E-01
-3.4793206E-07, 1.0275511E+00, 9.545918E-01
-3.4786956E-07, 1.0335460E+00, 9.596938E-01
-3.4780706E-07, 1.0382653E+00, 9.617347E-01
-3.4774456E-07, 1.0372449E+00, 9.604592E-01
-3.4768206E-07, 1.0315051E+00, 9.556122E-01
-3.4761956E-07, 1.0235969E+00, 9.515306E-01
-3.4755706E-07, 1.0149235E+00, 9.502551E-01
-3.4749456E-07, 1.0094388E+00, 9.501275E-01
-3.4743206E-07, 1.0098214E+00, 9.507653E-01
-3.4736956E-07, 1.0147959E+00, 9.510204E-01
-3.4730706E-07, 1.0223215E+00, 9.492347E-01
-3.4724456E-07, 1.0290816E+00, 9.459184E-01
-3.4718206E-07, 1.0335460E+00, 9.418367E-01
-3.4711956E-07, 1.0350765E+00, 9.399235E-01
-3.4705706E-07, 1.0340561E+00, 9.411990E-01
-3.4699456E-07, 1.0317602E+00, 9.455357E-01
-3.4693206E-07, 1.0292091E+00, 9.511480E-01
-3.4686956E-07, 1.0260204E+00, 9.556122E-01
-3.4680706E-07, 1.0227041E+00, 9.567602E-01
-3.4674456E-07, 1.0200255E+00, 9.540817E-01
-3.4668206E-07, 1.0190051E+00, 9.496173E-01
-3.4661956E-07, 1.0206633E+00, 9.464286E-01
-3.4655706E-07, 1.0228317E+00, 9.466836E-01
-3.4649456E-07, 1.0253826E+00, 9.493622E-01
-3.4643206E-07, 1.0262755E+00, 9.545918E-01
-3.4636956E-07, 1.0224490E+00, 9.588010E-01
-3.4630706E-07, 1.0170919E+00, 9.585459E-01
-3.4624456E-07, 1.0114796E+00, 9.557398E-01
-3.4618206E-07, 1.0079081E+00, 9.506378E-01
-3.4611956E-07, 1.0102041E+00, 9.450255E-01
-3.4605706E-07, 1.0169643E+00, 9.419643E-01
-3.4599456E-07, 1.0270408E+00, 9.414541E-01
-3.4593206E-07, 1.0363520E+00, 9.434949E-01
-3.4586956E-07, 1.0404336E+00, 9.460459E-01
-3.4580706E-07, 1.0389031E+00, 9.474490E-01
-3.4574456E-07, 1.0321429E+00, 9.487245E-01
-3.4568206E-07, 1.0228317E+00, 9.497449E-01
-3.4561956E-07, 1.0146683E+00, 9.525510E-01
-3.4555706E-07, 1.0096939E+00, 9.576530E-01
-3.4549456E-07, 1.0112245E+00, 9.631377E-01
-3.4543206E-07, 1.0176021E+00, 9.693878E-01
-3.4536956E-07, 1.0265306E+00, 9.728316E-01
-3.4530706E-07, 1.0363520E+00, 9.718112E-01
-3.4524456E-07, 1.0437500E+00, 9.672194E-01
-3.4518206E-07, 1.0474490E+00, 9.602041E-01
-3.4511956E-07, 1.0456632E+00, 9.536990E-01
-3.4505706E-07, 1.0415816E+00, 9.480867E-01
-3.4499456E-07, 1.0382653E+00, 9.464286E-01
-3.4493206E-07, 1.0359694E+00, 9.492347E-01
-3.4486956E-07, 1.0371174E+00, 9.531888E-01
-3.4480706E-07, 1.0410714E+00, 9.577806E-01
-3.4474456E-07, 1.0443877E+00, 9.610969E-01
-3.4468206E-07, 1.0464286E+00, 9.605867E-01
-3.4461956E-07, 1.0469388E+00, 9.572704E-01
-3.4455706E-07, 1.0452806E+00, 9.528061E-01
-3.4449456E-07, 1.0423470E+00, 9.483418E-01
-3.4443206E-07, 1.0399234E+00, 9.454082E-01
-3.4436956E-07, 1.0381378E+00, 9.456633E-01
-3.4430706E-07, 1.0355867E+00, 9.488521E-01
-3.4424456E-07, 1.0318878E+00, 9.525510E-01
-3.4418206E-07, 1.0270408E+00, 9.549745E-01
-3.4411956E-07, 1.0232143E+00, 9.540817E-01
-3.4405706E-07, 1.0219388E+00, 9.501275E-01
-3.4399456E-07, 1.0237244E+00, 9.445153E-01
-3.4393206E-07, 1.0289540E+00, 9.391581E-01
-3.4386956E-07, 1.0362245E+00, 9.377551E-01
-3.4380706E-07, 1.0403061E+00, 9.426020E-01
-3.4374456E-07, 1.0390307E+00, 9.505102E-01
-3.4368206E-07, 1.0332909E+00, 9.591837E-01
-3.4361956E-07, 1.0241071E+00, 9.663265E-01
-3.4355706E-07, 1.0158163E+00, 9.676020E-01
-3.4349456E-07, 1.0118623E+00, 9.639031E-01
-3.4343206E-07, 1.0132653E+00, 9.572704E-01
-3.4336956E-07, 1.0182397E+00, 9.507653E-01
-3.4330706E-07, 1.0224490E+00, 9.463010E-01
-3.4324456E-07, 1.0260204E+00, 9.441326E-01
-3.4318206E-07, 1.0256377E+00, 9.465562E-01
-3.4311956E-07, 1.0219388E+00, 9.492347E-01
-3.4305706E-07, 1.0190051E+00, 9.510204E-01
-3.4299456E-07, 1.0165817E+00, 9.522959E-01
-3.4293206E-07, 1.0165817E+00, 9.515306E-01
-3.4286956E-07, 1.0172194E+00, 9.508929E-01
-3.4280706E-07, 1.0178572E+00, 9.502551E-01
-3.4274456E-07, 1.0182397E+00, 9.510204E-01
-3.4268206E-07, 1.0170919E+00, 9.535714E-01
-3.4261956E-07, 1.0168368E+00, 9.565051E-01
-3.4255706E-07, 1.0190051E+00, 9.603316E-01
-3.4249456E-07, 1.0225766E+00, 9.647959E-01
-3.4243206E-07, 1.0276786E+00, 9.684949E-01
-3.4236956E-07, 1.0334184E+00, 9.713010E-01
-3.4230706E-07, 1.0362245E+00, 9.734694E-01
-3.4224456E-07, 1.0359694E+00, 9.725766E-01
-3.4218206E-07, 1.0332909E+00, 9.687500E-01
-3.4211956E-07, 1.0290816E+00, 9.631377E-01
-3.4205706E-07, 1.0262755E+00, 9.561225E-01
-3.4199456E-07, 1.0261480E+00, 9.502551E-01
-3.4193206E-07, 1.0290816E+00, 9.463010E-01
-3.4186956E-07, 1.0338011E+00, 9.448979E-01
-3.4180706E-07, 1.0387756E+00, 9.461735E-01
-3.4174456E-07, 1.0415816E+00, 9.498724E-01
-3.4168206E-07, 1.0411990E+00, 9.547194E-01
-3.4161956E-07, 1.0369898E+00, 9.610969E-01
-3.4155706E-07, 1.0303571E+00, 9.670919E-01
-3.4149456E-07, 1.0247449E+00, 9.711735E-01
-3.4143206E-07, 1.0220664E+00, 9.727041E-01
-3.4136956E-07, 1.0238520E+00, 9.697704E-01
-3.4130706E-07, 1.0285715E+00, 9.632653E-01
-3.4124456E-07, 1.0331633E+00, 9.544643E-01
-3.4118206E-07, 1.0360969E+00, 9.465562E-01
-3.4111956E-07, 1.0353316E+00, 9.440051E-01
-3.4105706E-07, 1.0299745E+00, 9.482143E-01
-3.4099456E-07, 1.0235969E+00, 9.567602E-01
-3.4093206E-07, 1.0191326E+00, 9.669643E-01
-3.4086956E-07, 1.0178572E+00, 9.737245E-01
-3.4080706E-07, 1.0201530E+00, 9.733418E-01
-3.4074456E-07, 1.0233419E+00, 9.659439E-01
-3.4068206E-07, 1.0250000E+00, 9.542092E-01
-3.4061956E-07, 1.0234693E+00, 9.436225E-01
-3.4055706E-07, 1.0196428E+00, 9.392857E-01
-3.4049456E-07, 1.0151786E+00, 9.427296E-01
-3.4043206E-07, 1.0126276E+00, 9.514031E-01
-3.4036956E-07, 1.0144132E+00, 9.602041E-01
-3.4030706E-07, 1.0192602E+00, 9.654337E-01
-3.4024456E-07, 1.0244898E+00, 9.639031E-01
-3.4018206E-07, 1.0284439E+00, 9.563776E-01
-3.4011956E-07, 1.0283164E+00, 9.479592E-01
-3.4005706E-07, 1.0248724E+00, 9.414541E-01
-3.3999456E-07, 1.0201530E+00, 9.396684E-01
-3.3993206E-07, 1.0163265E+00, 9.426020E-01
-3.3986956E-07, 1.0156888E+00, 9.469388E-01
-3.3980706E-07, 1.0167092E+00, 9.506378E-01
-3.3974456E-07, 1.0201530E+00, 9.503826E-01
-3.3968206E-07, 1.0238520E+00, 9.488521E-01
-3.3961956E-07, 1.0253826E+00, 9.475765E-01
-3.3955706E-07, 1.0264031E+00, 9.480867E-01
-3.3949456E-07, 1.0258929E+00, 9.530612E-01
-3.3943206E-07, 1.0256377E+00, 9.593112E-01
-3.3936956E-07, 1.0258929E+00, 9.649234E-01
-3.3930706E-07, 1.0271684E+00, 9.672194E-01
-3.3924456E-07, 1.0283164E+00, 9.664541E-01
-3.3918206E-07, 1.0278062E+00, 9.630102E-01
-3.3911956E-07, 1.0276786E+00, 9.582908E-01
-3.3905706E-07, 1.0279337E+00, 9.563776E-01
-3.3899456E-07, 1.0284439E+00, 9.567602E-01
-3.3893206E-07, 1.0303571E+00, 9.579082E-01
-3.3886956E-07, 1.0331633E+00, 9.584184E-01
-3.3880706E-07, 1.0352041E+00, 9.572704E-01
-3.3874456E-07, 1.0348214E+00, 9.542092E-01
-3.3868206E-07, 1.0304847E+00, 9.502551E-01
-3.3861956E-07, 1.0238520E+00, 9.469388E-01
-3.3855706E-07, 1.0169643E+00, 9.465562E-01
-3.3849456E-07, 1.0130103E+00, 9.492347E-01
-3.3843206E-07, 1.0133928E+00, 9.552296E-01
-3.3836956E-07, 1.0169643E+00, 9.619898E-01
-3.3830706E-07, 1.0228317E+00, 9.663265E-01
-3.3824456E-07, 1.0281888E+00, 9.681122E-01
-3.3818206E-07, 1.0297194E+00, 9.668368E-01
-3.3811956E-07, 1.0286989E+00, 9.617347E-01
-3.3805706E-07, 1.0261480E+00, 9.562500E-01
-3.3799456E-07, 1.0234693E+00, 9.511480E-01
-3.3793206E-07, 1.0241071E+00, 9.468112E-01
-3.3786956E-07, 1.0269133E+00, 9.454082E-01
-3.3780706E-07, 1.0315051E+00, 9.454082E-01
-3.3774456E-07, 1.0355867E+00, 9.469388E-01
-3.3768206E-07, 1.0354592E+00, 9.491072E-01
-3.3761956E-07, 1.0326531E+00, 9.487245E-01
-3.3755706E-07, 1.0280613E+00, 9.477041E-01
-3.3749456E-07, 1.0228317E+00, 9.457908E-01
-3.3743206E-07, 1.0215561E+00, 9.431123E-01
-3.3736956E-07, 1.0237244E+00, 9.433674E-01
-3.3730706E-07, 1.0281888E+00, 9.461735E-01
-3.3724456E-07, 1.0331633E+00, 9.507653E-01
-3.3718206E-07, 1.0358418E+00, 9.558674E-01
-3.3711956E-07, 1.0360969E+00, 9.585459E-01
-3.3705706E-07, 1.0332909E+00, 9.585459E-01
-3.3699456E-07, 1.0281888E+00, 9.554847E-01
-3.3693206E-07, 1.0233419E+00, 9.505102E-01
-3.3686956E-07, 1.0209184E+00, 9.470663E-01
-3.3680706E-07, 1.0211735E+00, 9.474490E-01
-3.3674456E-07, 1.0238520E+00, 9.508929E-01
-3.3668206E-07, 1.0279337E+00, 9.553571E-01
-3.3661956E-07, 1.0322704E+00, 9.579082E-01
-3.3655706E-07, 1.0355867E+00, 9.561225E-01
-3.3649456E-07, 1.0360969E+00, 9.502551E-01
-3.3643206E-07, 1.0343112E+00, 9.417092E-01
-3.3636956E-07, 1.0307398E+00, 9.352041E-01
-3.3630706E-07, 1.0266582E+00, 9.340561E-01
-3.3624456E-07, 1.0232143E+00, 9.391581E-01
-3.3618206E-07, 1.0213010E+00, 9.482143E-01
-3.3611956E-07, 1.0229592E+00, 9.570153E-01
-3.3605706E-07, 1.0269133E+00, 9.631377E-01
-3.3599456E-07, 1.0322704E+00, 9.632653E-01
-3.3593206E-07, 1.0377551E+00, 9.582908E-01
-3.3586956E-07, 1.0417092E+00, 9.512755E-01
-3.3580706E-07, 1.0424745E+00, 9.450255E-01
-3.3574456E-07, 1.0401785E+00, 9.415816E-01
-3.3568206E-07, 1.0357143E+00, 9.415816E-01
-3.3561956E-07, 1.0298469E+00, 9.443877E-01
-3.3555706E-07, 1.0248724E+00, 9.478316E-01
-3.3549456E-07, 1.0219388E+00, 9.511480E-01
-3.3543206E-07, 1.0198979E+00, 9.534439E-01
-3.3536956E-07, 1.0191326E+00, 9.531888E-01
-3.3530706E-07, 1.0198979E+00, 9.512755E-01
-3.3524456E-07, 1.0209184E+00, 9.492347E-01
-3.3518206E-07, 1.0224490E+00, 9.465562E-01
-3.3511956E-07, 1.0255102E+00, 9.440051E-01
-3.3505706E-07, 1.0292091E+00, 9.423469E-01
-3.3499456E-07, 1.0322704E+00, 9.409439E-01
-3.3493206E-07, 1.0334184E+00, 9.387755E-01
-3.3486956E-07, 1.0330358E+00, 9.352041E-01
-3.3480706E-07, 1.0323980E+00, 9.317602E-01
-3.3474456E-07, 1.0312500E+00, 9.306123E-01
-3.3468206E-07, 1.0303571E+00, 9.320153E-01
-3.3461956E-07, 1.0316327E+00, 9.366071E-01
-3.3455706E-07, 1.0346938E+00, 9.445153E-01
-3.3449456E-07, 1.0376276E+00, 9.540817E-01
-3.3443206E-07, 1.0382653E+00, 9.616072E-01
-3.3436956E-07, 1.0371174E+00, 9.642857E-01
-3.3430706E-07, 1.0345663E+00, 9.631377E-01
-3.3424456E-07, 1.0315051E+00, 9.596938E-01
-3.3418206E-07, 1.0308673E+00, 9.563776E-01
-3.3411956E-07, 1.0331633E+00, 9.561225E-01
-3.3405706E-07, 1.0368623E+00, 9.585459E-01
-3.3399456E-07, 1.0408163E+00, 9.604592E-01
-3.3393206E-07, 1.0431123E+00, 9.595664E-01
-3.3386956E-07, 1.0411990E+00, 9.551020E-01
-3.3380706E-07, 1.0360969E+00, 9.465562E-01
-3.3374456E-07, 1.0286989E+00, 9.390306E-01
-3.3368206E-07, 1.0210459E+00, 9.350765E-01
-3.3361956E-07, 1.0159439E+00, 9.362245E-01
-3.3355706E-07, 1.0146683E+00, 9.418367E-01
-3.3349456E-07, 1.0174745E+00, 9.471939E-01
-3.3343206E-07, 1.0233419E+00, 9.492347E-01
-3.3336956E-07, 1.0294642E+00, 9.461735E-01
-3.3330706E-07, 1.0331633E+00, 9.385204E-01
-3.3324456E-07, 1.0344387E+00, 9.297194E-01
-3.3318206E-07, 1.0334184E+00, 9.253827E-01
-3.3311956E-07, 1.0311224E+00, 9.280612E-01
-3.3305706E-07, 1.0272959E+00, 9.368622E-01
-3.3299456E-07, 1.0238520E+00, 9.461735E-01
-3.3293206E-07, 1.0224490E+00, 9.517857E-01
-3.3286956E-07, 1.0225766E+00, 9.514031E-01
-3.3280706E-07, 1.0244898E+00, 9.443877E-01
-3.3274456E-07, 1.0262755E+00, 9.343112E-01
-3.3268206E-07, 1.0286989E+00, 9.246174E-01
-3.3261956E-07, 1.0312500E+00, 9.198980E-01
-3.3255706E-07, 1.0322704E+00, 9.211735E-01
-3.3249456E-07, 1.0320153E+00, 9.257653E-01
-3.3243206E-07, 1.0309949E+00, 9.312500E-01
-3.3236956E-07, 1.0293367E+00, 9.352041E-01
-3.3230706E-07, 1.0271684E+00, 9.368622E-01
-3.3224456E-07, 1.0252551E+00, 9.368622E-01
-3.3218206E-07, 1.0234693E+00, 9.367347E-01
-3.3211956E-07, 1.0235969E+00, 9.367347E-01
-3.3205706E-07, 1.0255102E+00, 9.380102E-01
-3.3199456E-07, 1.0274235E+00, 9.381378E-01
-3.3193206E-07, 1.0301020E+00, 9.345663E-01
-3.3186956E-07, 1.0321429E+00, 9.288265E-01
-3.3180706E-07, 1.0327806E+00, 9.223214E-01
-3.3174456E-07, 1.0302296E+00, 9.191326E-01
-3.3168206E-07, 1.0237244E+00, 9.210459E-01
-3.3161956E-07, 1.0149235E+00, 9.283164E-01
-3.3155706E-07, 1.0066327E+00, 9.389030E-01
-3.3149456E-07, 1.0014031E+00, 9.493622E-01
-3.3143206E-07, 1.0015306E+00, 9.566327E-01
-3.3136956E-07, 1.0058674E+00, 9.602041E-01
-3.3130706E-07, 1.0109694E+00, 9.613521E-01
-3.3124456E-07, 1.0136479E+00, 9.622449E-01
-3.3118206E-07, 1.0113521E+00, 9.663265E-01
-3.3111956E-07, 1.0033163E+00, 9.737245E-01
-3.3105706E-07, 9.923469E-01, 9.817602E-01
-3.3099456E-07, 9.838010E-01, 9.876276E-01
-3.3093206E-07, 9.818878E-01, 9.899235E-01
-3.3086956E-07, 9.878827E-01, 9.889030E-01
-3.3080706E-07, 9.983419E-01, 9.863520E-01
-3.3074456E-07, 1.0082908E+00, 9.834183E-01
-3.3068206E-07, 1.0149235E+00, 9.802296E-01
-3.3061956E-07, 1.0153061E+00, 9.779336E-01
-3.3055706E-07, 1.0123725E+00, 9.732143E-01
-3.3049456E-07, 1.0109694E+00, 9.665816E-01
-3.3043206E-07, 1.0127552E+00, 9.590561E-01
-3.3036956E-07, 1.0192602E+00, 9.491072E-01
-3.3030706E-07, 1.0288265E+00, 9.378827E-01
-3.3024456E-07, 1.0392857E+00, 9.243622E-01
-3.3018206E-07, 1.0488521E+00, 9.071429E-01
-3.3011956E-07, 1.0571429E+00, 8.849490E-01
-3.3005706E-07, 1.0654336E+00, 8.573980E-01
-3.2999456E-07, 1.0747449E+00, 8.260204E-01
-3.2993206E-07, 1.0858419E+00, 7.933673E-01
-3.2986956E-07, 1.0959184E+00, 7.633929E-01
-3.2980706E-07, 1.1006378E+00, 7.357143E-01
-3.2974456E-07, 1.0987245E+00, 7.081633E-01
-3.2968206E-07, 1.0897959E+00, 6.790816E-01
-3.2961956E-07, 1.0779337E+00, 6.452806E-01
-3.2955706E-07, 1.0668367E+00, 6.070153E-01
-3.2949456E-07, 1.0590562E+00, 5.655612E-01
-3.2943206E-07, 1.0553571E+00, 5.234694E-01
-3.2936956E-07, 1.0508928E+00, 4.843112E-01
-3.2930706E-07, 1.0406888E+00, 4.471939E-01
-3.2924456E-07, 1.0216837E+00, 4.114796E-01
-3.2918206E-07, 9.924745E-01, 3.764031E-01
-3.2911956E-07, 9.563776E-01, 3.399235E-01
-3.2905706E-07, 9.190051E-01, 3.028061E-01
-3.2899456E-07, 8.850765E-01, 2.676020E-01
-3.2893206E-07, 8.561224E-01, 2.360969E-01
-3.2886956E-07, 8.315051E-01, 2.096939E-01
-3.2880706E-07, 8.062500E-01, 1.897959E-01
-3.2874456E-07, 7.746174E-01, 1.742347E-01
-3.2868206E-07, 7.341837E-01, 1.586735E-01
-3.2861956E-07, 6.854592E-01, 1.410714E-01
-3.2855706E-07, 6.326531E-01, 1.198980E-01
-3.2849456E-07, 5.807398E-01, 9.66837E-02
-3.2843206E-07, 5.323980E-01, 7.39796E-02
-3.2836956E-07, 4.901786E-01, 5.34439E-02
-3.2830706E-07, 4.524235E-01, 3.77551E-02
-3.2824456E-07, 4.165816E-01, 2.78061E-02
-3.2818206E-07, 3.799745E-01, 2.34694E-02
-3.2811956E-07, 3.408163E-01, 2.33418E-02
-3.2805706E-07, 3.008929E-01, 2.56378E-02
-3.2799456E-07, 2.605867E-01, 2.98469E-02
-3.2793206E-07, 2.219388E-01, 3.38010E-02
-3.2786956E-07, 1.873724E-01, 3.59694E-02
-3.2780706E-07, 1.573980E-01, 3.60969E-02
-3.2774456E-07, 1.311225E-01, 3.44388E-02
-3.2768206E-07, 1.065051E-01, 3.12500E-02
-3.2761956E-07, 8.43112E-02, 2.65306E-02
-3.2755706E-07, 6.49235E-02, 2.38520E-02
-3.2749456E-07, 4.85969E-02, 2.42347E-02
-3.2743206E-07, 3.62245E-02, 2.81888E-02
-3.2736956E-07, 2.90816E-02, 3.49490E-02
-3.2730706E-07, 2.61480E-02, 4.32398E-02
-3.2724456E-07, 2.52551E-02, 5.01276E-02
-3.2718206E-07, 2.71684E-02, 5.28061E-02
-3.2711956E-07, 2.80612E-02, 5.22959E-02
-3.2705706E-07, 2.79337E-02, 4.66837E-02
-3.2699456E-07, 2.83163E-02, 3.82653E-02
-3.2693206E-07, 2.78061E-02, 3.13776E-02
-3.2686956E-07, 2.70408E-02, 2.74235E-02
-3.2680706E-07, 2.53827E-02, 2.78061E-02
-3.2674456E-07, 2.27041E-02, 3.17602E-02
-3.2668206E-07, 2.01531E-02, 3.60969E-02
-3.2661956E-07, 1.86224E-02, 3.78827E-02
-3.2655706E-07, 1.93878E-02, 3.44388E-02
-3.2649456E-07, 2.43622E-02, 2.51276E-02
-3.2643206E-07, 3.20153E-02, 1.35204E-02
-3.2636956E-07, 4.11990E-02, 3.4439E-03
-3.2630706E-07, 4.84694E-02, 0.0E+00
-3.2624456E-07, 5.12755E-02, 4.3367E-03
-3.2618206E-07, 4.91071E-02, 1.39031E-02
-3.2611956E-07, 4.37500E-02, 2.34694E-02
-3.2605706E-07, 3.89031E-02, 2.75510E-02
-3.2599456E-07, 3.73724E-02, 2.34694E-02
-3.2593206E-07, 4.00510E-02, 1.21173E-02
-3.2586956E-07, 4.60459E-02, -2.0408E-03
-3.2580706E-07, 5.22959E-02, -1.27551E-02
-3.2574456E-07, 5.53571E-02, -1.67092E-02
-3.2568206E-07, 5.48469E-02, -1.35204E-02
-3.2561956E-07, 5.01276E-02, -6.1224E-03
-3.2555706E-07, 4.38775E-02, 0.0E+00
-3.2549456E-07, 3.85204E-02, 1.9133E-03
-3.2543206E-07, 3.45663E-02, -3.827E-04
-3.2536956E-07, 3.23980E-02, -4.7194E-03
-3.2530706E-07, 3.01020E-02, -7.0153E-03
-3.2524456E-07, 2.70408E-02, -6.2500E-03
-3.2518206E-07, 2.38520E-02, -3.0612E-03
-3.2511956E-07, 2.14286E-02, -1.276E-04
-3.2505706E-07, 2.10459E-02, -1.2755E-03
-3.2499456E-07, 2.21939E-02, -7.2704E-03
-3.2493206E-07, 2.44898E-02, -1.76020E-02
-3.2486956E-07, 2.67857E-02, -2.71684E-02
-3.2480706E-07, 2.64031E-02, -3.16327E-02
-3.2474456E-07, 2.44898E-02, -2.99745E-02
-3.2468206E-07, 2.11735E-02, -2.23214E-02
-3.2461956E-07, 1.93878E-02, -1.31378E-02
-3.2455706E-07, 1.93878E-02, -5.1020E-03
-3.2449456E-07, 2.02806E-02, -1.0204E-03
-3.2443206E-07, 2.23214E-02, -1.2755E-03
-3.2436956E-07, 2.20663E-02, -2.1684E-03
-3.2430706E-07, 1.97704E-02, -2.8061E-03
-3.2424456E-07, 1.68367E-02, -1.6582E-03
-3.2418206E-07, 1.35204E-02, 7.653E-04
-3.2411956E-07, 1.08418E-02, 1.1480E-03
-3.2405706E-07, 9.9490E-03, -3.3163E-03
-3.2399456E-07, 9.6939E-03, -1.13520E-02
-3.2393206E-07, 7.9082E-03, -2.02806E-02
-3.2386956E-07, 3.9541E-03, -2.81888E-02
-3.2380706E-07, -8.929E-04, -3.18878E-02
-3.2374456E-07, -5.7398E-03, -3.03571E-02
-3.2368206E-07, -8.2908E-03, -2.70408E-02
-3.2361956E-07, -6.6327E-03, -2.46173E-02
-3.2355706E-07, -1.9133E-03, -2.48724E-02
-3.2349456E-07, 2.1684E-03, -2.83163E-02
-3.2343206E-07, 4.3367E-03, -3.39286E-02
-3.2336956E-07, 3.9541E-03, -3.78827E-02
-3.2330706E-07, 7.653E-04, -3.68622E-02
-3.2324456E-07, -2.6786E-03, -3.13776E-02
-3.2318206E-07, -3.8265E-03, -2.34694E-02
-3.2311956E-07, -1.5306E-03, -1.63265E-02
-3.2305706E-07, 3.5714E-03, -1.33929E-02
-3.2299456E-07, 7.9082E-03, -1.58163E-02
-3.2293206E-07, 8.8010E-03, -2.38520E-02
-3.2286956E-07, 5.1020E-03, -3.40561E-02
-3.2280706E-07, -2.5510E-03, -4.31122E-02
-3.2274456E-07, -1.00765E-02, -4.82143E-02
-3.2268206E-07, -1.45408E-02, -4.70663E-02
-3.2261956E-07, -1.50510E-02, -4.18367E-02
-3.2255706E-07, -9.5663E-03, -3.64796E-02
-3.2249456E-07, -1.9133E-03, -3.13776E-02
-3.2243206E-07, 4.3367E-03, -3.01020E-02
-3.2236956E-07, 8.0357E-03, -3.27806E-02
-3.2230706E-07, 5.8673E-03, -3.60969E-02
-3.2224456E-07, -3.827E-04, -4.01786E-02
-3.2218206E-07, -7.7806E-03, -4.22194E-02
-3.2211956E-07, -1.33929E-02, -4.14541E-02
-3.2205706E-07, -1.46684E-02, -3.90306E-02
-3.2199456E-07, -1.21173E-02, -3.62245E-02
-3.2193206E-07, -6.3776E-03, -3.58418E-02
-3.2186956E-07, 1.5306E-03, -3.76276E-02
-3.2180706E-07, 8.8010E-03, -3.99235E-02
-3.2174456E-07, 1.30102E-02, -4.11990E-02
-3.2168206E-07, 1.41582E-02, -4.00510E-02
-3.2161956E-07, 1.22449E-02, -3.55867E-02
-3.2155706E-07, 8.5459E-03, -2.94643E-02
-3.2149456E-07, 4.9745E-03, -2.44898E-02
-3.2143206E-07, 1.5306E-03, -2.30867E-02
-3.2136956E-07, -1.1480E-03, -2.71684E-02
-3.2130706E-07, -1.9133E-03, -3.54592E-02
-3.2124456E-07, -2.6786E-03, -4.29847E-02
-3.2118206E-07, -3.3163E-03, -4.78316E-02
-3.2111956E-07, -3.3163E-03, -4.65561E-02
-3.2105706E-07, -3.9541E-03, -3.95408E-02
-3.2099456E-07, -3.6990E-03, -3.09949E-02
-3.2093206E-07, -3.0612E-03, -2.37245E-02
-3.2086956E-07, -2.1684E-03, -2.13010E-02
-3.2080706E-07, -1.6582E-03, -2.43622E-02
-3.2074456E-07, -2.0408E-03, -3.08673E-02
-3.2068206E-07, -2.0408E-03, -3.76276E-02
-3.2061956E-07, -1.6582E-03, -4.05612E-02
-3.2055706E-07, -7.653E-04, -3.86480E-02
-3.2049456E-07, -8.929E-04, -3.30357E-02
-3.2043206E-07, -2.8061E-03, -2.81888E-02
-3.2036956E-07, -4.9745E-03, -2.67857E-02
-3.2030706E-07, -1.00765E-02, -2.89541E-02
-3.2024456E-07, -1.55612E-02, -3.67347E-02
-3.2018206E-07, -1.98980E-02, -4.61735E-02
-3.2011956E-07, -2.29592E-02, -5.47194E-02
-3.2005706E-07, -2.19388E-02, -6.03316E-02
-3.1999456E-07, -1.95153E-02, -5.95663E-02
-3.1993206E-07, -1.54337E-02, -5.47194E-02
-3.1986956E-07, -1.14796E-02, -4.61735E-02
-3.1980706E-07, -9.3112E-03, -3.71173E-02
-3.1974456E-07, -7.1429E-03, -3.12500E-02
-3.1968206E-07, -6.1224E-03, -2.93367E-02
-3.1961956E-07, -5.3571E-03, -3.38010E-02
-3.1955706E-07, -5.9949E-03, -4.28571E-02
-3.1949456E-07, -8.6735E-03, -5.42092E-02
-3.1943206E-07, -1.16071E-02, -6.37755E-02
-3.1936956E-07, -1.55612E-02, -6.64541E-02
-3.1930706E-07, -1.88776E-02, -6.17347E-02
-3.1924456E-07, -2.05357E-02, -5.12755E-02
-3.1918206E-07, -1.97704E-02, -3.92857E-02
-3.1911956E-07, -1.65816E-02, -3.12500E-02
-3.1905706E-07, -1.35204E-02, -3.04847E-02
-3.1899456E-07, -1.14796E-02, -3.90306E-02
-3.1893206E-07, -9.9490E-03, -5.33163E-02
-3.1886956E-07, -9.9490E-03, -6.74745E-02
-3.1880706E-07, -9.9490E-03, -7.75510E-02
-3.1874456E-07, -9.3112E-03, -8.03571E-02
-3.1868206E-07, -6.8878E-03, -7.69133E-02
-3.1861956E-07, -2.8061E-03, -6.92602E-02
-3.1855706E-07, -1.0204E-03, -6.07143E-02
-3.1849456E-07, -2.2959E-03, -5.58673E-02
-3.1843206E-07, -6.1224E-03, -5.48469E-02
-3.1836956E-07, -1.13520E-02, -5.54847E-02
-3.1830706E-07, -1.56888E-02, -5.58673E-02
-3.1824456E-07, -1.74745E-02, -5.48469E-02
-3.1818206E-07, -1.55612E-02, -5.26786E-02
-3.1811956E-07, -1.16071E-02, -5.02551E-02
-3.1805706E-07, -7.7806E-03, -4.91071E-02
-3.1799456E-07, -6.1224E-03, -4.89796E-02
-3.1793206E-07, -8.5459E-03, -4.92347E-02
-3.1786956E-07, -1.55612E-02, -4.92347E-02
-3.1780706E-07, -2.39796E-02, -4.98725E-02
-3.1774456E-07, -3.04847E-02, -5.07653E-02
-3.1768206E-07, -3.30357E-02, -5.20408E-02
-3.1761956E-07, -2.94643E-02, -5.51020E-02
-3.1755706E-07, -2.25765E-02, -5.85459E-02
-3.1749456E-07, -1.39031E-02, -6.28827E-02
-3.1743206E-07, -7.9082E-03, -6.56888E-02
-3.1736956E-07, -6.3776E-03, -6.74745E-02
-3.1730706E-07, -7.2704E-03, -6.79847E-02
-3.1724456E-07, -9.3112E-03, -6.60714E-02
-3.1718206E-07, -9.0561E-03, -6.27551E-02
-3.1711956E-07, -5.9949E-03, -5.81633E-02
-3.1705706E-07, 0.0E+00, -5.43367E-02
-3.1699456E-07, 6.5051E-03, -5.12755E-02
-3.1693206E-07, 9.3112E-03, -4.98725E-02
-3.1686956E-07, 8.0357E-03, -5.10204E-02
-3.1680706E-07, 1.9133E-03, -5.26786E-02
-3.1674456E-07, -6.8878E-03, -5.48469E-02
-3.1668206E-07, -1.46684E-02, -5.59949E-02
-3.1661956E-07, -1.92602E-02, -5.49745E-02
-3.1655706E-07, -1.98980E-02, -5.25510E-02
-3.1649456E-07, -1.70918E-02, -4.96173E-02
-3.1643206E-07, -1.36480E-02, -4.71939E-02
-3.1636956E-07, -1.22449E-02, -4.68112E-02
-3.1630706E-07, -1.32653E-02, -4.96173E-02
-3.1624456E-07, -1.63265E-02, -5.40816E-02
-3.1618206E-07, -2.09184E-02, -5.88010E-02
-3.1611956E-07, -2.34694E-02, -6.33929E-02
-3.1605706E-07, -2.35969E-02, -6.40306E-02
-3.1599456E-07, -2.23214E-02, -6.08418E-02
-3.1593206E-07, -2.01531E-02, -5.49745E-02
-3.1586956E-07, -1.93878E-02, -4.71939E-02
-3.1580706E-07, -2.02806E-02, -4.10714E-02
-3.1574456E-07, -2.19388E-02, -3.85204E-02
-3.1568206E-07, -2.29592E-02, -4.05612E-02
-3.1561956E-07, -2.29592E-02, -4.70663E-02
-3.1555706E-07, -2.13010E-02, -5.70153E-02
-3.1549456E-07, -1.82398E-02, -6.73469E-02
-3.1543206E-07, -1.42857E-02, -7.48724E-02
-3.1536956E-07, -1.03316E-02, -7.67857E-02
-3.1530706E-07, -7.6531E-03, -7.25765E-02
-3.1524456E-07, -7.5255E-03, -6.46684E-02
-3.1518206E-07, -8.6735E-03, -5.76531E-02
-3.1511956E-07, -9.8214E-03, -5.39541E-02
-3.1505706E-07, -1.10969E-02, -5.39541E-02
-3.1499456E-07, -1.05867E-02, -5.75255E-02
-3.1493206E-07, -9.3112E-03, -5.98214E-02
-3.1486956E-07, -8.1633E-03, -5.86735E-02
-3.1480706E-07, -6.2500E-03, -5.29337E-02
-3.1474456E-07, -5.9949E-03, -4.20918E-02
-3.1468206E-07, -7.3980E-03, -3.21429E-02
-3.1461956E-07, -9.1837E-03, -2.75510E-02
-3.1455706E-07, -1.17347E-02, -2.95918E-02
-3.1449456E-07, -1.40306E-02, -3.89031E-02
-3.1443206E-07, -1.56888E-02, -5.17857E-02
-3.1436956E-07, -1.56888E-02, -6.26276E-02
-3.1430706E-07, -1.58163E-02, -6.72194E-02
-3.1424456E-07, -1.70918E-02, -6.56888E-02
-3.1418206E-07, -1.82398E-02, -6.09694E-02
-3.1411956E-07, -1.93878E-02, -5.58673E-02
-3.1405706E-07, -2.07908E-02, -5.45918E-02
-3.1399456E-07, -2.06633E-02, -5.94388E-02
-3.1393206E-07, -1.84949E-02, -6.78571E-02
-3.1386956E-07, -1.61990E-02, -7.64031E-02
-3.1380706E-07, -1.33929E-02, -8.18878E-02
-3.1374456E-07, -1.26276E-02, -8.07398E-02
-3.1368206E-07, -1.54337E-02, -7.46173E-02
-3.1361956E-07, -1.98980E-02, -6.73469E-02
-3.1355706E-07, -2.41071E-02, -6.05867E-02
-3.1349456E-07, -2.66582E-02, -5.71429E-02
-3.1343206E-07, -2.55102E-02, -5.89286E-02
-3.1336956E-07, -2.11735E-02, -6.37755E-02
-3.1330706E-07, -1.54337E-02, -6.98980E-02
-3.1324456E-07, -8.4184E-03, -7.51275E-02
-3.1318206E-07, -4.3367E-03, -7.56378E-02
-3.1311956E-07, -4.4643E-03, -7.29592E-02
-3.1305706E-07, -7.9082E-03, -6.87500E-02
-3.1299456E-07, -1.30102E-02, -6.40306E-02
-3.1293206E-07, -1.67092E-02, -6.07143E-02
-3.1286956E-07, -1.87500E-02, -5.88010E-02
-3.1280706E-07, -1.83673E-02, -5.95663E-02
-3.1274456E-07, -1.63265E-02, -6.22449E-02
-3.1268206E-07, -1.40306E-02, -6.51786E-02
-3.1261956E-07, -1.26276E-02, -6.79847E-02
-3.1255706E-07, -1.26276E-02, -7.05357E-02
-3.1249456E-07, -1.22449E-02, -7.32143E-02
-3.1243206E-07, -1.10969E-02, -7.42347E-02
-3.1236956E-07, -9.6939E-03, -7.35969E-02
-3.1230706E-07, -8.6735E-03, -7.14286E-02
-3.1224456E-07, -8.8010E-03, -6.78571E-02
-3.1218206E-07, -1.02041E-02, -6.26276E-02
-3.1211956E-07, -1.39031E-02, -5.58673E-02
-3.1205706E-07, -1.84949E-02, -5.01276E-02
-3.1199456E-07, -2.13010E-02, -4.65561E-02
-3.1193206E-07, -2.02806E-02, -4.54082E-02
-3.1186956E-07, -1.56888E-02, -4.65561E-02
-3.1180706E-07, -9.0561E-03, -4.98725E-02
-3.1174456E-07, -2.6786E-03, -5.39541E-02
-3.1168206E-07, -6.378E-04, -5.70153E-02
-3.1161956E-07, -4.9745E-03, -5.88010E-02
-3.1155706E-07, -1.31378E-02, -5.93112E-02
-3.1149456E-07, -2.18112E-02, -5.79082E-02
-3.1143206E-07, -2.89541E-02, -5.51020E-02
-3.1136956E-07, -3.03571E-02, -5.44643E-02
-3.1130706E-07, -2.60204E-02, -5.59949E-02
-3.1124456E-07, -1.98980E-02, -6.04592E-02
-3.1118206E-07, -1.40306E-02, -6.83673E-02
-3.1111956E-07, -1.07143E-02, -7.65306E-02
-3.1105706E-07, -1.10969E-02, -8.13776E-02
-3.1099456E-07, -1.42857E-02, -8.09949E-02
-3.1093206E-07, -1.87500E-02, -7.57653E-02
-3.1086956E-07, -2.30867E-02, -6.78571E-02
-3.1080706E-07, -2.57653E-02, -6.16071E-02
-3.1074456E-07, -2.78061E-02, -5.95663E-02
-3.1068206E-07, -2.93367E-02, -6.36480E-02
-3.1061956E-07, -2.90816E-02, -7.19388E-02
-3.1055706E-07, -2.74235E-02, -8.01020E-02
-3.1049456E-07, -2.34694E-02, -8.52041E-02
-3.1043206E-07, -1.92602E-02, -8.49490E-02
-3.1036956E-07, -1.61990E-02, -8.21429E-02
-3.1030706E-07, -1.45408E-02, -7.97194E-02
-3.1024456E-07, -1.58163E-02, -7.93367E-02
-3.1018206E-07, -1.96429E-02, -8.22704E-02
-3.1011956E-07, -2.30867E-02, -8.67347E-02
-3.1005706E-07, -2.39796E-02, -8.87755E-02
-3.0999456E-07, -2.25765E-02, -8.43112E-02
-3.0993206E-07, -1.91327E-02, -7.42347E-02
-3.0986956E-07, -1.59439E-02, -6.00765E-02
-3.0980706E-07, -1.59439E-02, -4.66837E-02
-3.0974456E-07, -1.95153E-02, -3.92857E-02
-3.0968206E-07, -2.42347E-02, -4.03061E-02
-3.0961956E-07, -2.71684E-02, -4.88520E-02
-3.0955706E-07, -2.58929E-02, -6.17347E-02
-3.0949456E-07, -1.87500E-02, -7.44898E-02
-3.0943206E-07, -8.5459E-03, -8.23980E-02
-3.0936956E-07, 1.276E-04, -8.44388E-02
-3.0930706E-07, 3.8265E-03, -8.22704E-02
-3.0924456E-07, 8.929E-04, -7.71684E-02
-3.0918206E-07, -8.2908E-03, -7.20663E-02
-3.0911956E-07, -1.87500E-02, -6.93878E-02
-3.0905706E-07, -2.64031E-02, -6.77296E-02
-3.0899456E-07, -2.98469E-02, -6.69643E-02
-3.0893206E-07, -2.71684E-02, -6.67092E-02
-3.0886956E-07, -2.34694E-02, -6.42857E-02
-3.0880706E-07, -2.14286E-02, -6.22449E-02
-3.0874456E-07, -2.18112E-02, -6.02041E-02
-3.0868206E-07, -2.67857E-02, -5.73980E-02
-3.0861956E-07, -3.21429E-02, -5.62500E-02
-3.0855706E-07, -3.46939E-02, -5.58673E-02
-3.0849456E-07, -3.29082E-02, -5.68878E-02
-3.0843206E-07, -2.72959E-02, -6.04592E-02
-3.0836956E-07, -1.87500E-02, -6.64541E-02
-3.0830706E-07, -1.09694E-02, -7.33418E-02
-3.0824456E-07, -7.6531E-03, -7.93367E-02
-3.0818206E-07, -9.5663E-03, -8.27806E-02
-3.0811956E-07, -1.41582E-02, -8.25255E-02
-3.0805706E-07, -1.86224E-02, -7.74235E-02
-3.0799456E-07, -2.07908E-02, -6.96429E-02
-3.0793206E-07, -1.83673E-02, -6.32653E-02
-3.0786956E-07, -1.30102E-02, -5.99490E-02
-3.0780706E-07, -5.9949E-03, -6.19898E-02
-3.0774456E-07, -1.0204E-03, -6.69643E-02
-3.0768206E-07, -1.0204E-03, -7.28316E-02
-3.0761956E-07, -4.7194E-03, -7.71684E-02
-3.0755706E-07, -9.8214E-03, -7.69133E-02
-3.0749456E-07, -1.50510E-02, -7.13010E-02
-3.0743206E-07, -1.84949E-02, -6.41582E-02
-3.0736956E-07, -1.76020E-02, -5.73980E-02
-3.0730706E-07, -1.60714E-02, -5.15306E-02
-3.0724456E-07, -1.42857E-02, -4.94898E-02
-3.0718206E-07, -1.30102E-02, -4.92347E-02
-3.0711956E-07, -1.35204E-02, -4.93622E-02
-3.0705706E-07, -1.47959E-02, -5.07653E-02
-3.0699456E-07, -1.56888E-02, -5.35714E-02
-3.0693206E-07, -1.47959E-02, -5.81633E-02
-3.0686956E-07, -1.37755E-02, -6.33929E-02
-3.0680706E-07, -1.49235E-02, -6.88775E-02
-3.0674456E-07, -1.78571E-02, -7.28316E-02
-3.0668206E-07, -2.29592E-02, -7.25765E-02
-3.0661956E-07, -2.83163E-02, -6.88775E-02
-3.0655706E-07, -3.01020E-02, -6.40306E-02
-3.0649456E-07, -2.66582E-02, -6.02041E-02
-3.0643206E-07, -1.72194E-02, -5.98214E-02
-3.0636956E-07, -6.3776E-03, -6.35204E-02
-3.0630706E-07, 2.5510E-03, -7.09184E-02
-3.0624456E-07, 6.3776E-03, -7.75510E-02
-3.0618206E-07, 2.9337E-03, -8.01020E-02
-3.0611956E-07, -4.9745E-03, -7.79337E-02
-3.0605706E-07, -1.33929E-02, -7.13010E-02
-3.0599456E-07, -1.96429E-02, -6.28827E-02
-3.0593206E-07, -2.23214E-02, -5.68878E-02
-3.0586956E-07, -2.35969E-02, -5.54847E-02
-3.0580706E-07, -2.56378E-02, -5.98214E-02
-3.0574456E-07, -2.98469E-02, -6.79847E-02
-3.0568206E-07, -3.52041E-02, -7.66582E-02
-3.0561956E-07, -3.91582E-02, -8.22704E-02
-3.0555706E-07, -3.94133E-02, -8.35459E-02
-3.0549456E-07, -3.35459E-02, -8.13776E-02
-3.0543206E-07, -2.37245E-02, -7.64031E-02
-3.0536956E-07, -1.30102E-02, -7.13010E-02
-3.0530706E-07, -6.3776E-03, -6.72194E-02
-3.0524456E-07, -6.6327E-03, -6.51786E-02
-3.0518206E-07, -1.25000E-02, -6.51786E-02
-3.0511956E-07, -2.13010E-02, -6.53061E-02
-3.0505706E-07, -2.99745E-02, -6.54337E-02
-3.0499456E-07, -3.46939E-02, -6.63265E-02
-3.0493206E-07, -3.43112E-02, -6.76020E-02
-3.0486956E-07, -3.09949E-02, -6.91327E-02
-3.0480706E-07, -2.56378E-02, -7.18112E-02
-3.0474456E-07, -2.09184E-02, -7.43622E-02
-3.0468206E-07, -1.92602E-02, -7.61480E-02
-3.0461956E-07, -1.90051E-02, -7.85714E-02
-3.0455706E-07, -1.78571E-02, -8.06122E-02
-3.0449456E-07, -1.54337E-02, -8.07398E-02
-3.0443206E-07, -1.21173E-02, -7.93367E-02
-3.0436956E-07, -8.4184E-03, -7.70408E-02
-3.0430706E-07, -4.5918E-03, -7.38520E-02
-3.0424456E-07, -2.6786E-03, -6.95153E-02
-3.0418206E-07, -3.3163E-03, -6.60714E-02
-3.0411956E-07, -5.1020E-03, -6.47959E-02
-3.0405706E-07, -8.9286E-03, -6.53061E-02
-3.0399456E-07, -1.25000E-02, -6.86224E-02
-3.0393206E-07, -1.53061E-02, -7.18112E-02
-3.0386956E-07, -1.76020E-02, -7.33418E-02
-3.0380706E-07, -1.82398E-02, -7.30867E-02
-3.0374456E-07, -1.67092E-02, -7.07908E-02
-3.0368206E-07, -1.45408E-02, -6.69643E-02
-3.0361956E-07, -1.32653E-02, -6.46684E-02
-3.0355706E-07, -1.32653E-02, -6.59439E-02
-3.0349456E-07, -1.47959E-02, -7.01531E-02
-3.0343206E-07, -1.78571E-02, -7.51275E-02
-3.0336956E-07, -2.19388E-02, -7.92092E-02
-3.0330706E-07, -2.43622E-02, -8.18878E-02
-3.0324456E-07, -2.37245E-02, -8.13776E-02
-3.0318206E-07, -1.96429E-02, -7.90816E-02
-3.0311956E-07, -1.37755E-02, -7.61480E-02
-3.0305706E-07, -9.6939E-03, -7.46173E-02
-3.0299456E-07, -7.5255E-03, -7.65306E-02
-3.0293206E-07, -9.4388E-03, -7.92092E-02
-3.0286956E-07, -1.39031E-02, -8.29082E-02
-3.0280706E-07, -1.70918E-02, -8.57143E-02
-3.0274456E-07, -1.90051E-02, -8.48214E-02
-3.0268206E-07, -1.79847E-02, -8.18878E-02
-3.0261956E-07, -1.58163E-02, -7.61480E-02
-3.0255706E-07, -1.40306E-02, -6.95153E-02
-3.0249456E-07, -1.39031E-02, -6.28827E-02
-3.0243206E-07, -1.59439E-02, -5.68878E-02
-3.0236956E-07, -1.83673E-02, -5.29337E-02
-3.0230706E-07, -1.95153E-02, -5.19133E-02
-3.0224456E-07, -1.82398E-02, -5.43367E-02
-3.0218206E-07, -1.46684E-02, -6.00765E-02
-3.0211956E-07, -1.02041E-02, -6.82398E-02
-3.0205706E-07, -7.5255E-03, -7.61480E-02
-3.0199456E-07, -9.0561E-03, -8.26531E-02
-3.0193206E-07, -1.31378E-02, -8.64796E-02
-3.0186956E-07, -1.82398E-02, -8.58418E-02
-3.0180706E-07, -2.21939E-02, -8.15051E-02
-3.0174456E-07, -2.32143E-02, -7.57653E-02
-3.0168206E-07, -2.13010E-02, -7.06633E-02
-3.0161956E-07, -1.78571E-02, -6.87500E-02
-3.0155706E-07, -1.47959E-02, -7.04082E-02
-3.0149456E-07, -1.46684E-02, -7.52551E-02
-3.0143206E-07, -1.73469E-02, -8.18878E-02
-3.0136956E-07, -2.25765E-02, -8.73725E-02
-3.0130706E-07, -2.80612E-02, -9.08163E-02
-3.0124456E-07, -2.93367E-02, -9.10714E-02
-3.0118206E-07, -2.55102E-02, -8.68622E-02
-3.0111956E-07, -1.77296E-02, -8.06122E-02
-3.0105706E-07, -8.2908E-03, -7.51275E-02
-3.0099456E-07, 2.551E-04, -7.28316E-02
-3.0093206E-07, 3.8265E-03, -7.41071E-02
-3.0086956E-07, 1.4031E-03, -7.88265E-02
-3.0080706E-07, -5.1020E-03, -8.52041E-02
-3.0074456E-07, -1.32653E-02, -9.00510E-02
-3.0068206E-07, -1.96429E-02, -9.15816E-02
-3.0061956E-07, -2.27041E-02, -8.94133E-02
-3.0055706E-07, -2.19388E-02, -8.52041E-02
-3.0049456E-07, -1.84949E-02, -8.02296E-02
-3.0043206E-07, -1.45408E-02, -7.52551E-02
-3.0036956E-07, -1.33929E-02, -7.09184E-02
-3.0030706E-07, -1.55612E-02, -6.82398E-02
-3.0024456E-07, -1.93878E-02, -6.67092E-02
-3.0018206E-07, -2.28316E-02, -6.59439E-02
-3.0011956E-07, -2.37245E-02, -6.64541E-02
-3.0005706E-07, -2.20663E-02, -6.82398E-02
-2.9999456E-07, -1.76020E-02, -7.25765E-02
-2.9993206E-07, -1.21173E-02, -7.74235E-02
-2.9986956E-07, -8.4184E-03, -8.13776E-02
-2.9980706E-07, -6.2500E-03, -8.41837E-02
-2.9974456E-07, -5.9949E-03, -8.39286E-02
-2.9968206E-07, -8.0357E-03, -8.11225E-02
-2.9961956E-07, -9.6939E-03, -7.80612E-02
-2.9955706E-07, -1.23724E-02, -7.42347E-02
-2.9949456E-07, -1.64541E-02, -7.25765E-02
-2.9943206E-07, -2.01531E-02, -7.37245E-02
-2.9936956E-07, -2.35969E-02, -7.56378E-02
-2.9930706E-07, -2.48724E-02, -7.76786E-02
-2.9924456E-07, -2.35969E-02, -7.88265E-02
-2.9918206E-07, -1.82398E-02, -7.97194E-02
-2.9911956E-07, -8.9286E-03, -7.98469E-02
-2.9905706E-07, 0.0E+00, -7.86990E-02
-2.9899456E-07, 5.6122E-03, -7.81888E-02
-2.9893206E-07, 6.8878E-03, -7.80612E-02
-2.9886956E-07, 2.4235E-03, -7.66582E-02
-2.9880706E-07, -4.7194E-03, -7.50000E-02
-2.9874456E-07, -1.21173E-02, -7.23214E-02
-2.9868206E-07, -1.69643E-02, -7.05357E-02
-2.9861956E-07, -1.56888E-02, -7.10459E-02
-2.9855706E-07, -1.07143E-02, -7.21939E-02
-2.9849456E-07, -5.1020E-03, -7.47449E-02
-2.9843206E-07, -2.2959E-03, -7.72959E-02
-2.9836956E-07, -5.7398E-03, -7.83163E-02
-2.9830706E-07, -1.42857E-02, -7.83163E-02
-2.9824456E-07, -2.48724E-02, -7.64031E-02
-2.9818206E-07, -3.45663E-02, -7.33418E-02
-2.9811956E-07, -3.90306E-02, -7.13010E-02
-2.9805706E-07, -3.63520E-02, -7.04082E-02
-2.9799456E-07, -2.89541E-02, -7.01531E-02
-2.9793206E-07, -2.02806E-02, -7.14286E-02
-2.9786956E-07, -1.44133E-02, -7.41071E-02
-2.9780706E-07, -1.32653E-02, -7.81888E-02
-2.9774456E-07, -1.65816E-02, -8.34184E-02
-2.9768206E-07, -2.24490E-02, -8.92857E-02
-2.9761956E-07, -2.65306E-02, -9.47704E-02
-2.9755706E-07, -2.56378E-02, -9.69388E-02
-2.9749456E-07, -2.15561E-02, -9.34949E-02
-2.9743206E-07, -1.72194E-02, -8.64796E-02
-2.9736956E-07, -1.27551E-02, -7.85714E-02
-2.9730706E-07, -1.08418E-02, -7.09184E-02
-2.9724456E-07, -1.26276E-02, -6.73469E-02
-2.9718206E-07, -1.46684E-02, -7.02806E-02
-2.9711956E-07, -1.59439E-02, -7.64031E-02
-2.9705706E-07, -1.55612E-02, -8.29082E-02
-2.9699456E-07, -1.37755E-02, -8.62245E-02
-2.9693206E-07, -1.36480E-02, -8.41837E-02
-2.9686956E-07, -1.55612E-02, -7.86990E-02
-2.9680706E-07, -1.88776E-02, -7.13010E-02
-2.9674456E-07, -2.37245E-02, -6.53061E-02
-2.9668206E-07, -2.64031E-02, -6.44133E-02
-2.9661956E-07, -2.47449E-02, -6.74745E-02
-2.9655706E-07, -1.93878E-02, -7.20663E-02
-2.9649456E-07, -1.16071E-02, -7.61480E-02
-2.9643206E-07, -5.1020E-03, -7.78061E-02
-2.9636956E-07, -3.4439E-03, -7.74235E-02
-2.9630706E-07, -6.3776E-03, -7.76786E-02
-2.9624456E-07, -1.36480E-02, -7.88265E-02
-2.9618206E-07, -2.24490E-02, -8.21429E-02
-2.9611956E-07, -2.84439E-02, -8.72449E-02
-2.9605706E-07, -3.04847E-02, -9.13265E-02
-2.9599456E-07, -2.79337E-02, -9.40051E-02
-2.9593206E-07, -2.06633E-02, -9.50255E-02
-2.9586956E-07, -1.35204E-02, -9.29847E-02
-2.9580706E-07, -7.5255E-03, -9.14541E-02
-2.9574456E-07, -4.3367E-03, -8.99235E-02
-2.9568206E-07, -5.6122E-03, -8.78827E-02
-2.9561956E-07, -9.5663E-03, -8.64796E-02
-2.9555706E-07, -1.61990E-02, -8.39286E-02
-2.9549456E-07, -2.21939E-02, -8.22704E-02
-2.9543206E-07, -2.62755E-02, -8.09949E-02
-2.9536956E-07, -2.88265E-02, -8.06122E-02
-2.9530706E-07, -2.84439E-02, -8.23980E-02
-2.9524456E-07, -2.69133E-02, -8.39286E-02
-2.9518206E-07, -2.53827E-02, -8.49490E-02
-2.9511956E-07, -2.35969E-02, -8.49490E-02
-2.9505706E-07, -2.20663E-02, -8.30357E-02
-2.9499456E-07, -2.10459E-02, -7.99745E-02
-2.9493206E-07, -1.92602E-02, -7.76786E-02
-2.9486956E-07, -1.76020E-02, -7.62755E-02
-2.9480706E-07, -1.63265E-02, -7.66582E-02
-2.9474456E-07, -1.39031E-02, -7.88265E-02
-2.9468206E-07, -1.26276E-02, -7.97194E-02
-2.9461956E-07, -1.14796E-02, -7.99745E-02
-2.9455706E-07, -1.12245E-02, -7.78061E-02
-2.9449456E-07, -1.18622E-02, -7.42347E-02
-2.9443206E-07, -1.10969E-02, -7.05357E-02
-2.9436956E-07, -1.12245E-02, -6.65816E-02
-2.9430706E-07, -1.13520E-02, -6.59439E-02
-2.9424456E-07, -1.14796E-02, -6.82398E-02
-2.9418206E-07, -1.28827E-02, -7.34694E-02
-2.9411956E-07, -1.44133E-02, -8.11225E-02
-2.9405706E-07, -1.74745E-02, -8.86480E-02
-2.9399456E-07, -2.04082E-02, -9.61735E-02
-2.9393206E-07, -2.14286E-02, -1.014031E-01
-2.9386956E-07, -2.24490E-02, -1.028061E-01
-2.9380706E-07, -2.24490E-02, -1.021684E-01
-2.9374456E-07, -2.11735E-02, -9.91071E-02
-2.9368206E-07, -2.11735E-02, -9.36224E-02
-2.9361956E-07, -2.27041E-02, -8.85204E-02
-2.9355706E-07, -2.38520E-02, -8.53316E-02
-2.9349456E-07, -2.46173E-02, -8.30357E-02
-2.9343206E-07, -2.52551E-02, -8.31633E-02
-2.9336956E-07, -2.37245E-02, -8.63520E-02
-2.9330706E-07, -2.15561E-02, -8.95408E-02
-2.9324456E-07, -2.01531E-02, -9.27296E-02
-2.9318206E-07, -1.98980E-02, -9.48980E-02
-2.9311956E-07, -2.25765E-02, -9.48980E-02
-2.9305706E-07, -2.64031E-02, -9.36224E-02
-2.9299456E-07, -2.99745E-02, -9.13265E-02
-2.9293206E-07, -3.13776E-02, -8.86480E-02
-2.9286956E-07, -3.08673E-02, -8.57143E-02
-2.9280706E-07, -2.92092E-02, -8.41837E-02
-2.9274456E-07, -2.67857E-02, -8.38010E-02
-2.9268206E-07, -2.56378E-02, -8.35459E-02
-2.9261956E-07, -2.55102E-02, -8.38010E-02
-2.9255706E-07, -2.60204E-02, -8.29082E-02
-2.9249456E-07, -2.62755E-02, -8.08674E-02
-2.9243206E-07, -2.50000E-02, -7.74235E-02
-2.9236956E-07, -2.27041E-02, -7.32143E-02
-2.9230706E-07, -2.05357E-02, -6.96429E-02
-2.9224456E-07, -1.88776E-02, -6.81122E-02
-2.9218206E-07, -1.81122E-02, -6.86224E-02
-2.9211956E-07, -1.78571E-02, -7.04082E-02
-2.9205706E-07, -1.83673E-02, -7.23214E-02
-2.9199456E-07, -2.06633E-02, -7.32143E-02
-2.9193206E-07, -2.29592E-02, -7.33418E-02
-2.9186956E-07, -2.60204E-02, -7.09184E-02
-2.9180706E-07, -3.08673E-02, -6.72194E-02
-2.9174456E-07, -3.44388E-02, -6.51786E-02
-2.9168206E-07, -3.67347E-02, -6.44133E-02
-2.9161956E-07, -3.54592E-02, -6.76020E-02
-2.9155706E-07, -2.94643E-02, -7.41071E-02
-2.9149456E-07, -2.11735E-02, -8.15051E-02
-2.9143206E-07, -1.30102E-02, -8.83929E-02
-2.9136956E-07, -7.3980E-03, -9.23469E-02
-2.9130706E-07, -7.6531E-03, -9.15816E-02
-2.9124456E-07, -1.22449E-02, -8.71173E-02
-2.9118206E-07, -1.91327E-02, -7.97194E-02
-2.9111956E-07, -2.44898E-02, -7.23214E-02
-2.9105706E-07, -2.43622E-02, -6.65816E-02
-2.9099456E-07, -2.02806E-02, -6.30102E-02
-2.9093206E-07, -1.39031E-02, -6.33929E-02
-2.9086956E-07, -9.4388E-03, -6.65816E-02
-2.9080706E-07, -9.0561E-03, -7.23214E-02
-2.9074456E-07, -1.40306E-02, -7.90816E-02
-2.9068206E-07, -2.19388E-02, -8.63520E-02
-2.9061956E-07, -2.95918E-02, -9.19643E-02
-2.9055706E-07, -3.30357E-02, -9.45153E-02
-2.9049456E-07, -3.08673E-02, -9.23469E-02
-2.9043206E-07, -2.56378E-02, -8.50765E-02
-2.9036956E-07, -1.91327E-02, -7.64031E-02
-2.9030706E-07, -1.50510E-02, -6.84949E-02
-2.9024456E-07, -1.45408E-02, -6.54337E-02
-2.9018206E-07, -1.65816E-02, -6.82398E-02
-2.9011956E-07, -2.10459E-02, -7.51275E-02
-2.9005706E-07, -2.42347E-02, -8.41837E-02
-2.8999456E-07, -2.53827E-02, -9.01786E-02
-2.8993206E-07, -2.46173E-02, -9.10714E-02
-2.8986956E-07, -2.24490E-02, -8.75000E-02
-2.8980706E-07, -2.07908E-02, -8.22704E-02
-2.8974456E-07, -1.96429E-02, -8.01020E-02
-2.8968206E-07, -1.96429E-02, -8.25255E-02
-2.8961956E-07, -2.10459E-02, -9.00510E-02
-2.8955706E-07, -2.15561E-02, -1.000000E-01
-2.8949456E-07, -2.05357E-02, -1.062500E-01
-2.8943206E-07, -1.87500E-02, -1.053571E-01
-2.8936956E-07, -1.68367E-02, -9.78316E-02
-2.8930706E-07, -1.56888E-02, -8.62245E-02
-2.8924456E-07, -1.58163E-02, -7.51275E-02
-2.8918206E-07, -1.84949E-02, -6.78571E-02
-2.8911956E-07, -2.24490E-02, -6.67092E-02
-2.8905706E-07, -2.67857E-02, -6.95153E-02
-2.8899456E-07, -3.08673E-02, -7.35969E-02
-2.8893206E-07, -3.13776E-02, -7.69133E-02
-2.8886956E-07, -2.90816E-02, -7.64031E-02
-2.8880706E-07, -2.51276E-02, -7.41071E-02
-2.8874456E-07, -2.05357E-02, -7.28316E-02
-2.8868206E-07, -1.74745E-02, -7.42347E-02
-2.8861956E-07, -1.88776E-02, -7.92092E-02
-2.8855706E-07, -2.28316E-02, -8.81378E-02
-2.8849456E-07, -2.72959E-02, -9.65561E-02
-2.8843206E-07, -3.22704E-02, -1.012755E-01
-2.8836956E-07, -3.40561E-02, -1.030612E-01
-2.8830706E-07, -3.30357E-02, -1.005102E-01
-2.8824456E-07, -3.12500E-02, -9.68112E-02
-2.8818206E-07, -2.94643E-02, -9.50255E-02
-2.8811956E-07, -2.97194E-02, -9.48980E-02
-2.8805706E-07, -3.29082E-02, -9.64286E-02
-2.8799456E-07, -3.60969E-02, -9.79592E-02
-2.8793206E-07, -3.80102E-02, -9.54082E-02
-2.8786956E-07, -3.82653E-02, -8.92857E-02
-2.8780706E-07, -3.48214E-02, -8.20153E-02
-2.8774456E-07, -3.02296E-02, -7.51275E-02
-2.8768206E-07, -2.65306E-02, -7.27041E-02
-2.8761956E-07, -2.48724E-02, -7.55102E-02
-2.8755706E-07, -2.48724E-02, -8.12500E-02
-2.8749456E-07, -2.55102E-02, -8.52041E-02
-2.8743206E-07, -2.64031E-02, -8.44388E-02
-2.8736956E-07, -2.65306E-02, -7.93367E-02
-2.8730706E-07, -2.50000E-02, -7.21939E-02
-2.8724456E-07, -2.28316E-02, -6.58163E-02
-2.8718206E-07, -2.15561E-02, -6.39031E-02
-2.8711956E-07, -2.10459E-02, -6.77296E-02
-2.8705706E-07, -2.19388E-02, -7.37245E-02
-2.8699456E-07, -2.34694E-02, -7.93367E-02
-2.8693206E-07, -2.41071E-02, -8.20153E-02
-2.8686956E-07, -2.42347E-02, -7.99745E-02
-2.8680706E-07, -2.29592E-02, -7.64031E-02
-2.8674456E-07, -2.06633E-02, -7.29592E-02
-2.8668206E-07, -1.86224E-02, -7.19388E-02
-2.8661956E-07, -1.65816E-02, -7.35969E-02
-2.8655706E-07, -1.64541E-02, -7.53826E-02
-2.8649456E-07, -1.90051E-02, -7.65306E-02
-2.8643206E-07, -2.16837E-02, -7.70408E-02
-2.8636956E-07, -2.30867E-02, -7.58929E-02
-2.8630706E-07, -2.47449E-02, -7.53826E-02
-2.8624456E-07, -2.38520E-02, -7.99745E-02
-2.8618206E-07, -2.02806E-02, -8.77551E-02
-2.8611956E-07, -1.81122E-02, -9.64286E-02
-2.8605706E-07, -1.73469E-02, -1.047194E-01
-2.8599456E-07, -1.88776E-02, -1.077806E-01
-2.8593206E-07, -2.41071E-02, -1.034439E-01
-2.8586956E-07, -3.02296E-02, -9.47704E-02
-2.8580706E-07, -3.44388E-02, -8.44388E-02
-2.8574456E-07, -3.53316E-02, -7.62755E-02
-2.8568206E-07, -3.16327E-02, -7.42347E-02
-2.8561956E-07, -2.50000E-02, -7.75510E-02
-2.8555706E-07, -1.92602E-02, -8.36735E-02
-2.8549456E-07, -1.67092E-02, -8.92857E-02
-2.8543206E-07, -1.95153E-02, -9.11990E-02
-2.8536956E-07, -2.53827E-02, -8.94133E-02
-2.8530706E-07, -3.11224E-02, -8.49490E-02
-2.8524456E-07, -3.52041E-02, -8.12500E-02
-2.8518206E-07, -3.48214E-02, -8.30357E-02
-2.8511956E-07, -3.04847E-02, -8.99235E-02
-2.8505706E-07, -2.30867E-02, -1.002551E-01
-2.8499456E-07, -1.51786E-02, -1.093112E-01
-2.8493206E-07, -1.05867E-02, -1.125000E-01
-2.8486956E-07, -9.3112E-03, -1.099490E-01
-2.8480706E-07, -1.13520E-02, -1.015306E-01
-2.8474456E-07, -1.59439E-02, -9.05612E-02
-2.8468206E-07, -2.25765E-02, -8.15051E-02
-2.8461956E-07, -2.95918E-02, -7.76786E-02
-2.8455706E-07, -3.46939E-02, -7.93367E-02
-2.8449456E-07, -3.78827E-02, -8.35459E-02
-2.8443206E-07, -3.76276E-02, -8.86480E-02
-2.8436956E-07, -3.46939E-02, -9.11990E-02
-2.8430706E-07, -3.18878E-02, -9.05612E-02
-2.8424456E-07, -2.93367E-02, -8.83929E-02
-2.8418206E-07, -2.97194E-02, -8.46939E-02
-2.8411956E-07, -3.23980E-02, -8.21429E-02
-2.8405706E-07, -3.43112E-02, -8.04847E-02
-2.8399456E-07, -3.48214E-02, -7.89541E-02
-2.8393206E-07, -3.20153E-02, -7.81888E-02
-2.8386956E-07, -2.60204E-02, -7.81888E-02
-2.8380706E-07, -1.83673E-02, -7.92092E-02
-2.8374456E-07, -1.25000E-02, -8.08674E-02
-2.8368206E-07, -1.09694E-02, -8.35459E-02
-2.8361956E-07, -1.41582E-02, -8.68622E-02
-2.8355706E-07, -1.92602E-02, -8.97959E-02
-2.8349456E-07, -2.32143E-02, -9.08163E-02
-2.8343206E-07, -2.38520E-02, -8.97959E-02
-2.8336956E-07, -2.15561E-02, -8.82653E-02
-2.8330706E-07, -1.68367E-02, -8.86480E-02
-2.8324456E-07, -1.16071E-02, -9.06888E-02
-2.8318206E-07, -1.02041E-02, -9.34949E-02
-2.8311956E-07, -1.19898E-02, -9.74490E-02
-2.8305706E-07, -1.64541E-02, -9.94898E-02
-2.8299456E-07, -2.09184E-02, -9.88520E-02
-2.8293206E-07, -2.29592E-02, -9.57908E-02
-2.8286956E-07, -2.10459E-02, -9.17092E-02
-2.8280706E-07, -1.56888E-02, -8.83929E-02
-2.8274456E-07, -1.03316E-02, -8.75000E-02
-2.8268206E-07, -6.5051E-03, -8.96684E-02
-2.8261956E-07, -5.8673E-03, -9.24745E-02
-2.8255706E-07, -9.3112E-03, -9.34949E-02
-2.8249456E-07, -1.46684E-02, -9.17092E-02
-2.8243206E-07, -1.93878E-02, -8.64796E-02
-2.8236956E-07, -2.29592E-02, -7.95918E-02
-2.8230706E-07, -2.41071E-02, -7.48724E-02
-2.8224456E-07, -2.28316E-02, -7.41071E-02
-2.8218206E-07, -2.16837E-02, -7.70408E-02
-2.8211956E-07, -2.16837E-02, -8.25255E-02
-2.8205706E-07, -2.24490E-02, -8.76276E-02
-2.8199456E-07, -2.43622E-02, -8.86480E-02
-2.8193206E-07, -2.44898E-02, -8.68622E-02
-2.8186956E-07, -2.06633E-02, -8.25255E-02
-2.8180706E-07, -1.32653E-02, -7.83163E-02
-2.8174456E-07, -3.4439E-03, -7.71684E-02
-2.8168206E-07, 3.4439E-03, -7.89541E-02
-2.8161956E-07, 4.9745E-03, -8.48214E-02
-2.8155706E-07, -2.551E-04, -9.06888E-02
-2.8149456E-07, -1.30102E-02, -9.37500E-02
-2.8143206E-07, -2.75510E-02, -9.43878E-02
-2.8136956E-07, -3.96684E-02, -9.11990E-02
-2.8130706E-07, -4.48980E-02, -8.66071E-02
-2.8124456E-07, -4.20918E-02, -8.17602E-02
-2.8118206E-07, -3.46939E-02, -7.80612E-02
-2.8111956E-07, -2.61480E-02, -7.71684E-02
-2.8105706E-07, -2.07908E-02, -7.85714E-02
-2.8099456E-07, -1.97704E-02, -8.29082E-02
-2.8093206E-07, -2.10459E-02, -8.92857E-02
-2.8086956E-07, -2.29592E-02, -9.56633E-02
-2.8080706E-07, -2.28316E-02, -1.008929E-01
-2.8074456E-07, -2.10459E-02, -1.033163E-01
-2.8068206E-07, -1.82398E-02, -1.022959E-01
-2.8061956E-07, -1.59439E-02, -9.73214E-02
-2.8055706E-07, -1.63265E-02, -9.00510E-02
-2.8049456E-07, -1.78571E-02, -8.39286E-02
-2.8043206E-07, -1.96429E-02, -8.02296E-02
-2.8036956E-07, -2.02806E-02, -8.04847E-02
-2.8030706E-07, -1.86224E-02, -8.44388E-02
-2.8024456E-07, -1.54337E-02, -8.91582E-02
-2.8018206E-07, -1.17347E-02, -9.24745E-02
-2.8011956E-07, -9.3112E-03, -9.14541E-02
-2.8005706E-07, -9.6939E-03, -8.63520E-02
-2.7999456E-07, -1.23724E-02, -7.95918E-02
-2.7993206E-07, -1.73469E-02, -7.30867E-02
-2.7986956E-07, -2.14286E-02, -6.98980E-02
-2.7980706E-07, -2.27041E-02, -6.93878E-02
-2.7974456E-07, -2.16837E-02, -7.04082E-02
-2.7968206E-07, -1.69643E-02, -7.29592E-02
-2.7961956E-07, -1.05867E-02, -7.53826E-02
-2.7955706E-07, -4.0816E-03, -7.79337E-02
-2.7949456E-07, 5.102E-04, -8.11225E-02
-2.7943206E-07, 1.0204E-03, -8.54592E-02
-2.7936956E-07, -5.102E-04, -9.18367E-02
-2.7930706E-07, -3.9541E-03, -9.69388E-02
-2.7924456E-07, -7.2704E-03, -9.97449E-02
-2.7918206E-07, -7.7806E-03, -9.91071E-02
-2.7911956E-07, -6.1224E-03, -9.40051E-02
-2.7905706E-07, -2.8061E-03, -8.78827E-02
-2.7899456E-07, 1.1480E-03, -8.31633E-02
-2.7893206E-07, 2.5510E-03, -8.11225E-02
-2.7886956E-07, -2.551E-04, -8.34184E-02
-2.7880706E-07, -5.6122E-03, -8.87755E-02
-2.7874456E-07, -1.36480E-02, -9.26020E-02
-2.7868206E-07, -2.37245E-02, -9.38776E-02
-2.7861956E-07, -3.29082E-02, -9.26020E-02
-2.7855706E-07, -3.92857E-02, -8.91582E-02
-2.7849456E-07, -4.19643E-02, -8.54592E-02
-2.7843206E-07, -4.13265E-02, -8.35459E-02
-2.7836956E-07, -3.78827E-02, -8.43112E-02
-2.7830706E-07, -3.35459E-02, -8.62245E-02
-2.7824456E-07, -2.94643E-02, -8.82653E-02
-2.7818206E-07, -2.65306E-02, -8.85204E-02
-2.7811956E-07, -2.46173E-02, -8.59694E-02
-2.7805706E-07, -2.37245E-02, -8.17602E-02
-2.7799456E-07, -2.46173E-02, -7.76786E-02
-2.7793206E-07, -2.53827E-02, -7.65306E-02
-2.7786956E-07, -2.64031E-02, -7.79337E-02
-2.7780706E-07, -2.70408E-02, -8.23980E-02
-2.7774456E-07, -2.62755E-02, -8.76276E-02
-2.7768206E-07, -2.52551E-02, -9.15816E-02
-2.7761956E-07, -2.42347E-02, -9.38776E-02
-2.7755706E-07, -2.47449E-02, -9.34949E-02
-2.7749456E-07, -2.81888E-02, -9.23469E-02
-2.7743206E-07, -3.43112E-02, -9.17092E-02
-2.7736956E-07, -4.03061E-02, -9.22194E-02
-2.7730706E-07, -4.51531E-02, -9.26020E-02
-2.7724456E-07, -4.60459E-02, -9.41327E-02
-2.7718206E-07, -4.09439E-02, -9.57908E-02
-2.7711956E-07, -3.17602E-02, -9.56633E-02
-2.7705706E-07, -2.06633E-02, -9.47704E-02
-2.7699456E-07, -1.17347E-02, -9.24745E-02
-2.7693206E-07, -7.6531E-03, -8.96684E-02
-2.7686956E-07, -8.8010E-03, -8.67347E-02
-2.7680706E-07, -1.31378E-02, -8.40561E-02
-2.7674456E-07, -1.72194E-02, -8.29082E-02
-2.7668206E-07, -1.84949E-02, -8.31633E-02
-2.7661956E-07, -1.56888E-02, -8.54592E-02
-2.7655706E-07, -9.5663E-03, -8.94133E-02
-2.7649456E-07, -3.5714E-03, -9.36224E-02
-2.7643206E-07, -8.929E-04, -9.73214E-02
-2.7636956E-07, -2.2959E-03, -9.98724E-02
-2.7630706E-07, -7.3980E-03, -1.002551E-01
-2.7624456E-07, -1.33929E-02, -9.88520E-02
-2.7618206E-07, -1.84949E-02, -9.59184E-02
-2.7611956E-07, -2.02806E-02, -9.32398E-02
-2.7605706E-07, -1.93878E-02, -9.06888E-02
-2.7599456E-07, -1.73469E-02, -8.86480E-02
-2.7593206E-07, -1.39031E-02, -8.71173E-02
-2.7586956E-07, -1.25000E-02, -8.41837E-02
-2.7580706E-07, -1.14796E-02, -8.17602E-02
-2.7574456E-07, -9.9490E-03, -7.88265E-02
-2.7568206E-07, -1.04592E-02, -7.53826E-02
-2.7561956E-07, -1.07143E-02, -7.55102E-02
-2.7555706E-07, -9.9490E-03, -7.79337E-02
-2.7549456E-07, -1.05867E-02, -8.15051E-02
-2.7543206E-07, -1.12245E-02, -8.75000E-02
-2.7536956E-07, -1.10969E-02, -9.26020E-02
-2.7530706E-07, -1.21173E-02, -9.45153E-02
-2.7524456E-07, -1.42857E-02, -9.37500E-02
-2.7518206E-07, -1.76020E-02, -9.00510E-02
-2.7511956E-07, -2.21939E-02, -8.44388E-02
-2.7505706E-07, -2.72959E-02, -7.90816E-02
-2.7499456E-07, -3.16327E-02, -7.56378E-02
-2.7493206E-07, -3.49490E-02, -7.52551E-02
-2.7486956E-07, -3.54592E-02, -7.85714E-02
-2.7480706E-07, -3.15051E-02, -8.35459E-02
-2.7474456E-07, -2.69133E-02, -8.71173E-02
-2.7468206E-07, -2.19388E-02, -9.03061E-02
-2.7461956E-07, -1.69643E-02, -9.09439E-02
-2.7455706E-07, -1.42857E-02, -8.86480E-02
-2.7449456E-07, -1.25000E-02, -8.58418E-02
-2.7443206E-07, -1.16071E-02, -8.21429E-02
-2.7436956E-07, -1.17347E-02, -7.88265E-02
-2.7430706E-07, -1.18622E-02, -7.64031E-02
-2.7424456E-07, -1.26276E-02, -7.35969E-02
-2.7418206E-07, -1.50510E-02, -7.04082E-02
-2.7411956E-07, -1.84949E-02, -6.81122E-02
-2.7405706E-07, -2.01531E-02, -6.73469E-02
-2.7399456E-07, -1.98980E-02, -6.70918E-02
-2.7393206E-07, -1.68367E-02, -6.88775E-02
-2.7386956E-07, -1.31378E-02, -7.21939E-02
-2.7380706E-07, -1.12245E-02, -7.64031E-02
-2.7374456E-07, -1.14796E-02, -8.08674E-02
-2.7368206E-07, -1.64541E-02, -8.30357E-02
-2.7361956E-07, -2.51276E-02, -8.38010E-02
-2.7355706E-07, -3.41837E-02, -8.41837E-02
-2.7349456E-07, -4.09439E-02, -8.49490E-02
-2.7343206E-07, -4.20918E-02, -8.80102E-02
-2.7336956E-07, -3.66071E-02, -9.20918E-02
-2.7330706E-07, -2.78061E-02, -9.51531E-02
-2.7324456E-07, -1.91327E-02, -9.66837E-02
-2.7318206E-07, -1.27551E-02, -9.55357E-02
-2.7311956E-07, -1.17347E-02, -9.06888E-02
-2.7305706E-07, -1.42857E-02, -8.57143E-02
-2.7299456E-07, -1.84949E-02, -8.20153E-02
-2.7293206E-07, -2.24490E-02, -8.09949E-02
-2.7286956E-07, -2.38520E-02, -8.35459E-02
-2.7280706E-07, -2.35969E-02, -8.67347E-02
-2.7274456E-07, -2.21939E-02, -8.97959E-02
-2.7268206E-07, -2.05357E-02, -9.04337E-02
-2.7261956E-07, -1.97704E-02, -8.82653E-02
-2.7255706E-07, -2.04082E-02, -8.59694E-02
-2.7249456E-07, -2.11735E-02, -8.54592E-02
-2.7243206E-07, -2.15561E-02, -8.68622E-02
-2.7236956E-07, -2.06633E-02, -8.87755E-02
-2.7230706E-07, -1.87500E-02, -8.78827E-02
-2.7224456E-07, -1.65816E-02, -8.26531E-02
-2.7218206E-07, -1.49235E-02, -7.34694E-02
-2.7211956E-07, -1.50510E-02, -6.36480E-02
-2.7205706E-07, -1.67092E-02, -5.82908E-02
-2.7199456E-07, -1.98980E-02, -5.98214E-02
-2.7193206E-07, -2.19388E-02, -6.88775E-02
-2.7186956E-07, -2.25765E-02, -8.02296E-02
-2.7180706E-07, -2.19388E-02, -8.91582E-02
-2.7174456E-07, -1.86224E-02, -9.19643E-02
-2.7168206E-07, -1.47959E-02, -8.68622E-02
-2.7161956E-07, -1.28827E-02, -7.81888E-02
-2.7155706E-07, -1.44133E-02, -7.20663E-02
-2.7149456E-07, -1.98980E-02, -7.34694E-02
-2.7143206E-07, -2.72959E-02, -8.35459E-02
-2.7136956E-07, -3.41837E-02, -9.77041E-02
-2.7130706E-07, -3.82653E-02, -1.100765E-01
-2.7124456E-07, -3.95408E-02, -1.151786E-01
-2.7118206E-07, -3.81378E-02, -1.121174E-01
-2.7111956E-07, -3.44388E-02, -1.028061E-01
-2.7105706E-07, -3.11224E-02, -9.08163E-02
-2.7099456E-07, -2.75510E-02, -8.22704E-02
-2.7093206E-07, -2.37245E-02, -7.84439E-02
-2.7086956E-07, -1.98980E-02, -7.90816E-02
-2.7080706E-07, -1.49235E-02, -8.23980E-02
-2.7074456E-07, -1.02041E-02, -8.50765E-02
-2.7068206E-07, -7.6531E-03, -8.67347E-02
-2.7061956E-07, -8.0357E-03, -8.83929E-02
-2.7055706E-07, -1.14796E-02, -9.05612E-02
-2.7049456E-07, -1.82398E-02, -9.33673E-02
-2.7043206E-07, -2.60204E-02, -9.70663E-02
-2.7036956E-07, -3.17602E-02, -9.93622E-02
-2.7030706E-07, -3.34184E-02, -9.75765E-02
-2.7024456E-07, -3.15051E-02, -9.11990E-02
-2.7018206E-07, -2.60204E-02, -8.23980E-02
-2.7011956E-07, -1.95153E-02, -7.38520E-02
-2.7005706E-07, -1.42857E-02, -6.91327E-02
-2.6999456E-07, -1.08418E-02, -7.02806E-02
-2.6993206E-07, -1.07143E-02, -7.55102E-02
-2.6986956E-07, -1.37755E-02, -8.26531E-02
-2.6980706E-07, -1.83673E-02, -8.82653E-02
-2.6974456E-07, -2.37245E-02, -8.92857E-02
-2.6968206E-07, -2.80612E-02, -8.54592E-02
-2.6961956E-07, -3.09949E-02, -7.85714E-02
-2.6955706E-07, -3.15051E-02, -7.30867E-02
-2.6949456E-07, -2.94643E-02, -7.11735E-02
-2.6943206E-07, -2.56378E-02, -7.43622E-02
-2.6936956E-07, -2.13010E-02, -8.25255E-02
-2.6930706E-07, -1.84949E-02, -9.27296E-02
-2.6924456E-07, -1.65816E-02, -1.029337E-01
-2.6918206E-07, -1.59439E-02, -1.088010E-01
-2.6911956E-07, -1.69643E-02, -1.088010E-01
-2.6905706E-07, -1.73469E-02, -1.044643E-01
-2.6899456E-07, -1.69643E-02, -9.68112E-02
-2.6893206E-07, -1.47959E-02, -8.83929E-02
-2.6886956E-07, -1.17347E-02, -8.16327E-02
-2.6880706E-07, -1.00765E-02, -7.80612E-02
-2.6874456E-07, -1.08418E-02, -7.83163E-02
-2.6868206E-07, -1.41582E-02, -8.11225E-02
-2.6861956E-07, -2.06633E-02, -8.46939E-02
-2.6855706E-07, -2.78061E-02, -8.80102E-02
-2.6849456E-07, -3.39286E-02, -8.95408E-02
-2.6843206E-07, -3.73724E-02, -8.92857E-02
-2.6836956E-07, -3.54592E-02, -8.85204E-02
-2.6830706E-07, -2.90816E-02, -8.62245E-02
-2.6824456E-07, -2.13010E-02, -8.41837E-02
-2.6818206E-07, -1.35204E-02, -8.39286E-02
-2.6811956E-07, -9.0561E-03, -8.46939E-02
-2.6805706E-07, -8.5459E-03, -8.72449E-02
-2.6799456E-07, -1.16071E-02, -9.03061E-02
-2.6793206E-07, -1.61990E-02, -9.23469E-02
-2.6786956E-07, -1.93878E-02, -9.19643E-02
-2.6780706E-07, -2.13010E-02, -8.78827E-02
-2.6774456E-07, -2.09184E-02, -8.20153E-02
-2.6768206E-07, -1.83673E-02, -7.55102E-02
-2.6761956E-07, -1.65816E-02, -6.92602E-02
-2.6755706E-07, -1.67092E-02, -6.64541E-02
-2.6749456E-07, -1.81122E-02, -6.69643E-02
-2.6743206E-07, -2.04082E-02, -6.92602E-02
-2.6736956E-07, -2.16837E-02, -7.14286E-02
-2.6730706E-07, -2.04082E-02, -7.14286E-02
-2.6724456E-07, -1.77296E-02, -6.81122E-02
-2.6718206E-07, -1.46684E-02, -6.41582E-02
-2.6711956E-07, -1.26276E-02, -6.16071E-02
-2.6705706E-07, -1.28827E-02, -6.27551E-02
-2.6699456E-07, -1.33929E-02, -6.90051E-02
-2.6693206E-07, -1.36480E-02, -7.72959E-02
-2.6686956E-07, -1.26276E-02, -8.62245E-02
-2.6680706E-07, -8.9286E-03, -9.27296E-02
-2.6674456E-07, -5.1020E-03, -9.40051E-02
-2.6668206E-07, -3.6990E-03, -9.18367E-02
-2.6661956E-07, -6.1224E-03, -8.77551E-02
-2.6655706E-07, -1.32653E-02, -8.39286E-02
-2.6649456E-07, -2.33418E-02, -8.27806E-02
-2.6643206E-07, -3.25255E-02, -8.50765E-02
-2.6636956E-07, -3.62245E-02, -8.97959E-02
-2.6630706E-07, -3.45663E-02, -9.45153E-02
-2.6624456E-07, -2.84439E-02, -9.93622E-02
-2.6618206E-07, -2.04082E-02, -1.029337E-01
-2.6611956E-07, -1.60714E-02, -1.044643E-01
-2.6605706E-07, -1.60714E-02, -1.051020E-01
-2.6599456E-07, -2.01531E-02, -1.038265E-01
-2.6593206E-07, -2.66582E-02, -1.010204E-01
-2.6586956E-07, -3.12500E-02, -9.71939E-02
-2.6580706E-07, -3.23980E-02, -9.22194E-02
-2.6574456E-07, -3.08673E-02, -8.71173E-02
-2.6568206E-07, -2.86990E-02, -8.32908E-02
-2.6561956E-07, -2.74235E-02, -8.21429E-02
-2.6555706E-07, -2.79337E-02, -8.31633E-02
-2.6549456E-07, -2.84439E-02, -8.58418E-02
-2.6543206E-07, -2.64031E-02, -8.87755E-02
-2.6536956E-07, -2.23214E-02, -9.01786E-02
-2.6530706E-07, -1.63265E-02, -9.15816E-02
-2.6524456E-07, -9.0561E-03, -9.32398E-02
-2.6518206E-07, -5.7398E-03, -9.33673E-02
-2.6511956E-07, -6.3776E-03, -9.43878E-02
-2.6505706E-07, -1.07143E-02, -9.45153E-02
-2.6499456E-07, -1.65816E-02, -9.31122E-02
-2.6493206E-07, -2.06633E-02, -9.06888E-02
-2.6486956E-07, -2.18112E-02, -8.78827E-02
-2.6480706E-07, -1.93878E-02, -8.63520E-02
-2.6474456E-07, -1.68367E-02, -8.66071E-02
-2.6468206E-07, -1.50510E-02, -9.03061E-02
-2.6461956E-07, -1.59439E-02, -9.46429E-02
-2.6455706E-07, -1.95153E-02, -9.82143E-02
-2.6449456E-07, -2.20663E-02, -1.000000E-01
-2.6443206E-07, -2.21939E-02, -9.68112E-02
-2.6436956E-07, -1.97704E-02, -9.01786E-02
-2.6430706E-07, -1.50510E-02, -8.27806E-02
-2.6424456E-07, -1.10969E-02, -7.62755E-02
-2.6418206E-07, -1.07143E-02, -7.39796E-02
-2.6411956E-07, -1.21173E-02, -7.66582E-02
-2.6405706E-07, -1.49235E-02, -8.12500E-02
-2.6399456E-07, -1.81122E-02, -8.54592E-02
-2.6393206E-07, -1.97704E-02, -8.76276E-02
-2.6386956E-07, -2.00255E-02, -8.63520E-02
-2.6380706E-07, -2.06633E-02, -8.12500E-02
-2.6374456E-07, -2.34694E-02, -7.50000E-02
-2.6368206E-07, -2.75510E-02, -7.09184E-02
-2.6361956E-07, -3.21429E-02, -7.00255E-02
-2.6355706E-07, -3.40561E-02, -7.34694E-02
-2.6349456E-07, -3.13776E-02, -7.94643E-02
-2.6343206E-07, -2.47449E-02, -8.59694E-02
-2.6336956E-07, -1.61990E-02, -9.08163E-02
-2.6330706E-07, -9.4388E-03, -9.28571E-02
-2.6324456E-07, -7.1429E-03, -9.27296E-02
-2.6318206E-07, -9.3112E-03, -9.10714E-02
-2.6311956E-07, -1.32653E-02, -8.91582E-02
-2.6305706E-07, -1.64541E-02, -8.71173E-02
-2.6299456E-07, -1.81122E-02, -8.54592E-02
-2.6293206E-07, -1.77296E-02, -8.53316E-02
-2.6286956E-07, -1.63265E-02, -8.60969E-02
-2.6280706E-07, -1.77296E-02, -8.73725E-02
-2.6274456E-07, -2.13010E-02, -9.04337E-02
-2.6268206E-07, -2.70408E-02, -9.36224E-02
-2.6261956E-07, -3.25255E-02, -9.77041E-02
-2.6255706E-07, -3.39286E-02, -1.015306E-01
-2.6249456E-07, -3.16327E-02, -1.025510E-01
-2.6243206E-07, -2.60204E-02, -1.016582E-01
-2.6236956E-07, -1.92602E-02, -9.80867E-02
-2.6230706E-07, -1.41582E-02, -9.23469E-02
-2.6224456E-07, -1.28827E-02, -8.54592E-02
-2.6218206E-07, -1.53061E-02, -7.97194E-02
-2.6211956E-07, -2.02806E-02, -7.60204E-02
-2.6205706E-07, -2.51276E-02, -7.55102E-02
-2.6199456E-07, -2.79337E-02, -7.79337E-02
-2.6193206E-07, -2.83163E-02, -8.21429E-02
-2.6186956E-07, -2.53827E-02, -8.76276E-02
-2.6180706E-07, -2.09184E-02, -9.17092E-02
-2.6174456E-07, -1.68367E-02, -9.36224E-02
-2.6168206E-07, -1.42857E-02, -9.38776E-02
-2.6161956E-07, -1.53061E-02, -9.26020E-02
-2.6155706E-07, -1.83673E-02, -9.22194E-02
-2.6149456E-07, -2.27041E-02, -9.27296E-02
-2.6143206E-07, -2.79337E-02, -9.46429E-02
-2.6136956E-07, -3.04847E-02, -9.83418E-02
-2.6130706E-07, -2.97194E-02, -1.007653E-01
-2.6124456E-07, -2.74235E-02, -1.005102E-01
-2.6118206E-07, -2.44898E-02, -9.83418E-02
-2.6111956E-07, -2.15561E-02, -9.37500E-02
-2.6105706E-07, -2.09184E-02, -8.68622E-02
-2.6099456E-07, -2.33418E-02, -7.94643E-02
-2.6093206E-07, -2.75510E-02, -7.33418E-02
-2.6086956E-07, -3.13776E-02, -6.96429E-02
-2.6080706E-07, -3.43112E-02, -6.82398E-02
-2.6074456E-07, -3.49490E-02, -7.09184E-02
-2.6068206E-07, -3.25255E-02, -7.70408E-02
-2.6061956E-07, -2.79337E-02, -8.45663E-02
-2.6055706E-07, -2.29592E-02, -9.13265E-02
-2.6049456E-07, -2.00255E-02, -9.48980E-02
-2.6043206E-07, -2.16837E-02, -9.47704E-02
-2.6036956E-07, -2.65306E-02, -9.23469E-02
-2.6030706E-07, -3.29082E-02, -8.81378E-02
-2.6024456E-07, -3.94133E-02, -8.44388E-02
-2.6018206E-07, -4.37500E-02, -8.40561E-02
-2.6011956E-07, -4.48980E-02, -8.78827E-02
-2.6005706E-07, -4.17092E-02, -9.50255E-02
-2.5999456E-07, -3.49490E-02, -1.016582E-01
-2.5993206E-07, -2.74235E-02, -1.043367E-01
-2.5986956E-07, -2.20663E-02, -1.019133E-01
-2.5980706E-07, -1.92602E-02, -9.57908E-02
-2.5974456E-07, -1.92602E-02, -8.73725E-02
-2.5968206E-07, -2.19388E-02, -8.02296E-02
-2.5961956E-07, -2.41071E-02, -7.81888E-02
-2.5955706E-07, -2.51276E-02, -7.98469E-02
-2.5949456E-07, -2.44898E-02, -8.40561E-02
-2.5943206E-07, -2.33418E-02, -8.83929E-02
-2.5936956E-07, -2.21939E-02, -9.01786E-02
-2.5930706E-07, -2.25765E-02, -8.78827E-02
-2.5924456E-07, -2.62755E-02, -8.36735E-02
-2.5918206E-07, -3.16327E-02, -8.08674E-02
-2.5911956E-07, -3.68622E-02, -8.08674E-02
-2.5905706E-07, -4.00510E-02, -8.38010E-02
-2.5899456E-07, -4.08163E-02, -8.77551E-02
-2.5893206E-07, -3.99235E-02, -9.05612E-02
-2.5886956E-07, -3.76276E-02, -9.08163E-02
-2.5880706E-07, -3.49490E-02, -8.75000E-02
-2.5874456E-07, -3.32908E-02, -8.17602E-02
-2.5868206E-07, -3.23980E-02, -7.64031E-02
-2.5861956E-07, -3.11224E-02, -7.42347E-02
-2.5855706E-07, -2.93367E-02, -7.53826E-02
-2.5849456E-07, -2.64031E-02, -8.01020E-02
-2.5843206E-07, -2.23214E-02, -8.67347E-02
-2.5836956E-07, -1.92602E-02, -9.19643E-02
-2.5830706E-07, -1.86224E-02, -9.59184E-02
-2.5824456E-07, -1.86224E-02, -9.79592E-02
-2.5818206E-07, -1.91327E-02, -9.64286E-02
-2.5811956E-07, -2.04082E-02, -9.18367E-02
-2.5805706E-07, -2.15561E-02, -8.60969E-02
-2.5799456E-07, -2.21939E-02, -8.02296E-02
-2.5793206E-07, -2.32143E-02, -7.51275E-02
-2.5786956E-07, -2.46173E-02, -7.19388E-02
-2.5780706E-07, -2.72959E-02, -7.10459E-02
-2.5774456E-07, -3.06122E-02, -7.27041E-02
-2.5768206E-07, -3.26531E-02, -7.56378E-02
-2.5761956E-07, -3.34184E-02, -7.75510E-02
-2.5755706E-07, -3.36735E-02, -7.85714E-02
-2.5749456E-07, -3.22704E-02, -7.89541E-02
-2.5743206E-07, -2.94643E-02, -7.83163E-02
-2.5736956E-07, -2.66582E-02, -7.66582E-02
-2.5730706E-07, -2.20663E-02, -7.56378E-02
-2.5724456E-07, -1.64541E-02, -7.33418E-02
-2.5718206E-07, -1.12245E-02, -7.04082E-02
-2.5711956E-07, -6.8878E-03, -6.74745E-02
-2.5705706E-07, -4.5918E-03, -6.55612E-02
-2.5699456E-07, -5.8673E-03, -6.55612E-02
-2.5693206E-07, -1.21173E-02, -6.87500E-02
-2.5686956E-07, -2.07908E-02, -7.55102E-02
-2.5680706E-07, -2.94643E-02, -8.18878E-02
-2.5674456E-07, -3.69898E-02, -8.50765E-02
-2.5668206E-07, -4.09439E-02, -8.40561E-02
-2.5661956E-07, -4.06888E-02, -7.83163E-02
-2.5655706E-07, -3.81378E-02, -7.04082E-02
-2.5649456E-07, -3.41837E-02, -6.58163E-02
-2.5643206E-07, -2.99745E-02, -6.70918E-02
-2.5636956E-07, -2.60204E-02, -7.43622E-02
-2.5630706E-07, -2.25765E-02, -8.52041E-02
-2.5624456E-07, -2.06633E-02, -9.48980E-02
-2.5618206E-07, -2.04082E-02, -1.000000E-01
-2.5611956E-07, -2.34694E-02, -9.83418E-02
-2.5605706E-07, -2.93367E-02, -9.23469E-02
-2.5599456E-07, -3.60969E-02, -8.48214E-02
-2.5593206E-07, -4.11990E-02, -7.83163E-02
-2.5586956E-07, -4.17092E-02, -7.47449E-02
-2.5580706E-07, -3.64796E-02, -7.41071E-02
-2.5574456E-07, -2.64031E-02, -7.53826E-02
-2.5568206E-07, -1.50510E-02, -7.86990E-02
-2.5561956E-07, -6.2500E-03, -8.39286E-02
-2.5555706E-07, -4.8469E-03, -9.05612E-02
-2.5549456E-07, -1.08418E-02, -9.98724E-02
-2.5543206E-07, -2.16837E-02, -1.089286E-01
-2.5536956E-07, -3.38010E-02, -1.147959E-01
-2.5530706E-07, -4.11990E-02, -1.154337E-01
-2.5524456E-07, -4.19643E-02, -1.082908E-01
-2.5518206E-07, -3.71173E-02, -9.56633E-02
-2.5511956E-07, -2.88265E-02, -8.16327E-02
-2.5505706E-07, -2.21939E-02, -6.98980E-02
-2.5499456E-07, -1.98980E-02, -6.40306E-02
-2.5493206E-07, -2.35969E-02, -6.44133E-02
-2.5486956E-07, -3.11224E-02, -7.00255E-02
-2.5480706E-07, -3.73724E-02, -7.75510E-02
-2.5474456E-07, -3.97959E-02, -8.27806E-02
-2.5468206E-07, -3.66071E-02, -8.58418E-02
-2.5461956E-07, -2.93367E-02, -8.69898E-02
-2.5455706E-07, -1.97704E-02, -8.82653E-02
-2.5449456E-07, -1.26276E-02, -9.00510E-02
-2.5443206E-07, -1.13520E-02, -9.34949E-02
-2.5436956E-07, -1.41582E-02, -9.84694E-02
-2.5430706E-07, -1.93878E-02, -1.015306E-01
-2.5424456E-07, -2.44898E-02, -1.015306E-01
-2.5418206E-07, -2.66582E-02, -9.83418E-02
-2.5411956E-07, -2.52551E-02, -9.33673E-02
-2.5405706E-07, -2.18112E-02, -8.86480E-02
-2.5399456E-07, -1.84949E-02, -8.62245E-02
-2.5393206E-07, -1.67092E-02, -8.69898E-02
-2.5386956E-07, -1.84949E-02, -8.92857E-02
-2.5380706E-07, -2.24490E-02, -9.27296E-02
-2.5374456E-07, -2.57653E-02, -9.43878E-02
-2.5368206E-07, -2.93367E-02, -9.32398E-02
-2.5361956E-07, -3.04847E-02, -9.23469E-02
-2.5355706E-07, -2.92092E-02, -9.10714E-02
-2.5349456E-07, -2.83163E-02, -9.09439E-02
-2.5343206E-07, -2.57653E-02, -9.42602E-02
-2.5336956E-07, -2.32143E-02, -9.74490E-02
-2.5330706E-07, -1.96429E-02, -1.002551E-01
-2.5324456E-07, -1.37755E-02, -1.001275E-01
-2.5318206E-07, -8.8010E-03, -9.61735E-02
-2.5311956E-07, -4.7194E-03, -9.15816E-02
-2.5305706E-07, -4.9745E-03, -8.68622E-02
-2.5299456E-07, -1.04592E-02, -8.53316E-02
-2.5293206E-07, -1.91327E-02, -8.69898E-02
-2.5286956E-07, -2.97194E-02, -8.92857E-02
-2.5280706E-07, -3.71173E-02, -9.10714E-02
-2.5274456E-07, -3.89031E-02, -8.89031E-02
-2.5268206E-07, -3.62245E-02, -8.32908E-02
-2.5261956E-07, -2.99745E-02, -7.80612E-02
-2.5255706E-07, -2.41071E-02, -7.50000E-02
-2.5249456E-07, -2.06633E-02, -7.74235E-02
-2.5243206E-07, -2.09184E-02, -8.49490E-02
-2.5236956E-07, -2.32143E-02, -9.59184E-02
-2.5230706E-07, -2.42347E-02, -1.057398E-01
-2.5224456E-07, -2.33418E-02, -1.102041E-01
-2.5218206E-07, -1.95153E-02, -1.090561E-01
-2.5211956E-07, -1.45408E-02, -1.028061E-01
-2.5205706E-07, -1.19898E-02, -9.41327E-02
-2.5199456E-07, -1.41582E-02, -8.71173E-02
-2.5193206E-07, -2.10459E-02, -8.43112E-02
-2.5186956E-07, -2.88265E-02, -8.55867E-02
-2.5180706E-07, -3.53316E-02, -8.77551E-02
-2.5174456E-07, -3.81378E-02, -8.96684E-02
-2.5168206E-07, -3.52041E-02, -8.99235E-02
-2.5161956E-07, -2.97194E-02, -8.72449E-02
-2.5155706E-07, -2.29592E-02, -8.45663E-02
-2.5149456E-07, -1.79847E-02, -8.25255E-02
-2.5143206E-07, -1.67092E-02, -8.29082E-02
-2.5136956E-07, -1.74745E-02, -8.59694E-02
-2.5130706E-07, -2.11735E-02, -8.94133E-02
-2.5124456E-07, -2.61480E-02, -9.29847E-02
-2.5118206E-07, -2.97194E-02, -9.55357E-02
-2.5111956E-07, -3.17602E-02, -9.55357E-02
-2.5105706E-07, -3.17602E-02, -9.40051E-02
-2.5099456E-07, -2.93367E-02, -9.28571E-02
-2.5093206E-07, -2.50000E-02, -9.28571E-02
-2.5086956E-07, -2.01531E-02, -9.46429E-02
-2.5080706E-07, -1.65816E-02, -9.82143E-02
-2.5074456E-07, -1.51786E-02, -1.025510E-01
-2.5068206E-07, -1.69643E-02, -1.053571E-01
-2.5061956E-07, -2.10459E-02, -1.062500E-01
-2.5055706E-07, -2.56378E-02, -1.045918E-01
-2.5049456E-07, -2.89541E-02, -1.007653E-01
-2.5043206E-07, -2.92092E-02, -9.59184E-02
-2.5036956E-07, -2.74235E-02, -9.11990E-02
-2.5030706E-07, -2.38520E-02, -8.82653E-02
-2.5024456E-07, -2.13010E-02, -8.67347E-02
-2.5018206E-07, -2.06633E-02, -8.73725E-02
-2.5011956E-07, -2.18112E-02, -8.90306E-02
-2.5005706E-07, -2.43622E-02, -9.03061E-02
-2.4999456E-07, -2.57653E-02, -9.05612E-02
-2.4993206E-07, -2.69133E-02, -8.82653E-02
-2.4986956E-07, -2.76786E-02, -8.50765E-02
-2.4980706E-07, -2.78061E-02, -8.26531E-02
-2.4974456E-07, -2.80612E-02, -8.15051E-02
-2.4968206E-07, -2.74235E-02, -8.26531E-02
-2.4961956E-07, -2.52551E-02, -8.53316E-02
-2.4955706E-07, -2.16837E-02, -8.80102E-02
-2.4949456E-07, -1.59439E-02, -8.97959E-02
-2.4943206E-07, -9.0561E-03, -8.85204E-02
-2.4936956E-07, -4.5918E-03, -8.40561E-02
-2.4930706E-07, -3.8265E-03, -7.94643E-02
-2.4924456E-07, -6.2500E-03, -7.57653E-02
-2.4918206E-07, -1.25000E-02, -7.32143E-02
-2.4911956E-07, -2.05357E-02, -7.34694E-02
-2.4905706E-07, -2.69133E-02, -7.51275E-02
-2.4899456E-07, -3.02296E-02, -7.55102E-02
-2.4893206E-07, -3.16327E-02, -7.41071E-02
-2.4886956E-07, -3.02296E-02, -7.24490E-02
-2.4880706E-07, -2.78061E-02, -7.04082E-02
-2.4874456E-07, -2.75510E-02, -6.95153E-02
-2.4868206E-07, -2.75510E-02, -7.20663E-02
-2.4861956E-07, -2.88265E-02, -7.55102E-02
-2.4855706E-07, -2.93367E-02, -7.99745E-02
-2.4849456E-07, -2.74235E-02, -8.29082E-02
-2.4843206E-07, -2.41071E-02, -8.35459E-02
-2.4836956E-07, -1.81122E-02, -8.39286E-02
-2.4830706E-07, -1.25000E-02, -8.31633E-02
-2.4824456E-07, -9.3112E-03, -8.36735E-02
-2.4818206E-07, -9.6939E-03, -8.53316E-02
-2.4811956E-07, -1.46684E-02, -8.66071E-02
-2.4805706E-07, -2.24490E-02, -8.76276E-02
-2.4799456E-07, -3.01020E-02, -8.75000E-02
-2.4793206E-07, -3.49490E-02, -8.63520E-02
-2.4786956E-07, -3.66071E-02, -8.55867E-02
-2.4780706E-07, -3.41837E-02, -8.76276E-02
-2.4774456E-07, -2.89541E-02, -9.10714E-02
-2.4768206E-07, -2.42347E-02, -9.42602E-02
-2.4761956E-07, -2.13010E-02, -9.63010E-02
-2.4755706E-07, -2.06633E-02, -9.55357E-02
-2.4749456E-07, -1.95153E-02, -9.22194E-02
-2.4743206E-07, -1.86224E-02, -8.57143E-02
-2.4736956E-07, -1.77296E-02, -8.04847E-02
-2.4730706E-07, -1.53061E-02, -7.83163E-02
-2.4724456E-07, -1.41582E-02, -7.76786E-02
-2.4718206E-07, -1.33929E-02, -8.01020E-02
-2.4711956E-07, -1.32653E-02, -8.22704E-02
-2.4705706E-07, -1.28827E-02, -8.38010E-02
-2.4699456E-07, -1.08418E-02, -8.53316E-02
-2.4693206E-07, -7.0153E-03, -8.72449E-02
-2.4686956E-07, -2.4235E-03, -9.08163E-02
-2.4680706E-07, 1.0204E-03, -9.60459E-02
-2.4674456E-07, 2.4235E-03, -1.019133E-01
-2.4668206E-07, 2.551E-04, -1.059949E-01
-2.4661956E-07, -3.9541E-03, -1.071429E-01
-2.4655706E-07, -9.4388E-03, -1.042092E-01
-2.4649456E-07, -1.44133E-02, -9.96173E-02
-2.4643206E-07, -1.72194E-02, -9.55357E-02
-2.4636956E-07, -1.88776E-02, -9.32398E-02
-2.4630706E-07, -1.81122E-02, -9.40051E-02
-2.4624456E-07, -1.72194E-02, -9.50255E-02
-2.4618206E-07, -1.72194E-02, -9.59184E-02
-2.4611956E-07, -1.65816E-02, -9.60459E-02
-2.4605706E-07, -1.70918E-02, -9.38776E-02
-2.4599456E-07, -1.84949E-02, -9.23469E-02
-2.4593206E-07, -1.91327E-02, -9.31122E-02
-2.4586956E-07, -1.98980E-02, -9.50255E-02
-2.4580706E-07, -1.90051E-02, -9.88520E-02
-2.4574456E-07, -1.72194E-02, -1.014031E-01
-2.4568206E-07, -1.46684E-02, -1.015306E-01
-2.4561956E-07, -1.16071E-02, -9.89796E-02
-2.4555706E-07, -9.8214E-03, -9.41327E-02
-2.4549456E-07, -9.9490E-03, -8.94133E-02
-2.4543206E-07, -1.30102E-02, -8.62245E-02
-2.4536956E-07, -1.76020E-02, -8.54592E-02
-2.4530706E-07, -2.32143E-02, -8.55867E-02
-2.4524456E-07, -2.74235E-02, -8.62245E-02
-2.4518206E-07, -2.95918E-02, -8.55867E-02
-2.4511956E-07, -2.89541E-02, -8.45663E-02
-2.4505706E-07, -2.65306E-02, -8.39286E-02
-2.4499456E-07, -2.34694E-02, -8.49490E-02
-2.4493206E-07, -1.96429E-02, -8.81378E-02
-2.4486956E-07, -1.78571E-02, -9.13265E-02
-2.4480706E-07, -1.64541E-02, -9.51531E-02
-2.4474456E-07, -1.50510E-02, -9.65561E-02
-2.4468206E-07, -1.46684E-02, -9.54082E-02
-2.4461956E-07, -1.32653E-02, -9.41327E-02
-2.4455706E-07, -1.18622E-02, -9.27296E-02
-2.4449456E-07, -1.16071E-02, -9.32398E-02
-2.4443206E-07, -1.22449E-02, -9.64286E-02
-2.4436956E-07, -1.37755E-02, -9.93622E-02
-2.4430706E-07, -1.70918E-02, -1.000000E-01
-2.4424456E-07, -2.13010E-02, -9.78316E-02
-2.4418206E-07, -2.57653E-02, -9.33673E-02
-2.4411956E-07, -2.85714E-02, -8.91582E-02
-2.4405706E-07, -2.93367E-02, -8.69898E-02
-2.4399456E-07, -2.81888E-02, -8.94133E-02
-2.4393206E-07, -2.43622E-02, -9.65561E-02
-2.4386956E-07, -1.98980E-02, -1.045918E-01
-2.4380706E-07, -1.64541E-02, -1.108418E-01
-2.4374456E-07, -1.47959E-02, -1.123725E-01
-2.4368206E-07, -1.51786E-02, -1.075255E-01
-2.4361956E-07, -1.98980E-02, -9.69388E-02
-2.4355706E-07, -2.72959E-02, -8.63520E-02
-2.4349456E-07, -3.41837E-02, -7.83163E-02
-2.4343206E-07, -4.04337E-02, -7.42347E-02
-2.4336956E-07, -4.23469E-02, -7.58929E-02
-2.4330706E-07, -3.97959E-02, -7.95918E-02
-2.4324456E-07, -3.48214E-02, -8.29082E-02
-2.4318206E-07, -2.88265E-02, -8.45663E-02
-2.4311956E-07, -2.47449E-02, -8.25255E-02
-2.4305706E-07, -2.44898E-02, -7.88265E-02
-2.4299456E-07, -2.57653E-02, -7.56378E-02
-2.4293206E-07, -2.65306E-02, -7.37245E-02
-2.4286956E-07, -2.53827E-02, -7.41071E-02
-2.4280706E-07, -2.19388E-02, -7.71684E-02
-2.4274456E-07, -1.60714E-02, -8.22704E-02
-2.4268206E-07, -1.21173E-02, -8.66071E-02
-2.4261956E-07, -1.36480E-02, -9.01786E-02
-2.4255706E-07, -1.95153E-02, -9.33673E-02
-2.4249456E-07, -2.93367E-02, -9.37500E-02
-2.4243206E-07, -3.77551E-02, -9.36224E-02
-2.4236956E-07, -3.99235E-02, -9.26020E-02
-2.4230706E-07, -3.55867E-02, -9.05612E-02
-2.4224456E-07, -2.53827E-02, -9.01786E-02
-2.4218206E-07, -1.21173E-02, -9.03061E-02
-2.4211956E-07, -1.4031E-03, -8.86480E-02
-2.4205706E-07, 2.8061E-03, -8.49490E-02
-2.4199456E-07, 3.827E-04, -7.94643E-02
-2.4193206E-07, -6.2500E-03, -7.34694E-02
-2.4186956E-07, -1.42857E-02, -6.92602E-02
-2.4180706E-07, -2.14286E-02, -6.96429E-02
-2.4174456E-07, -2.57653E-02, -7.65306E-02
-2.4168206E-07, -2.76786E-02, -8.75000E-02
-2.4161956E-07, -2.93367E-02, -9.82143E-02
-2.4155706E-07, -3.07398E-02, -1.048469E-01
-2.4149456E-07, -3.18878E-02, -1.033163E-01
-2.4143206E-07, -3.23980E-02, -9.40051E-02
-2.4136956E-07, -3.01020E-02, -8.08674E-02
-2.4130706E-07, -2.61480E-02, -6.83673E-02
-2.4124456E-07, -2.24490E-02, -6.18622E-02
-2.4118206E-07, -2.07908E-02, -6.31378E-02
-2.4111956E-07, -2.30867E-02, -7.00255E-02
-2.4105706E-07, -2.83163E-02, -7.88265E-02
-2.4099456E-07, -3.48214E-02, -8.53316E-02
-2.4093206E-07, -3.78827E-02, -8.86480E-02
-2.4086956E-07, -3.53316E-02, -8.82653E-02
-2.4080706E-07, -2.89541E-02, -8.64796E-02
-2.4074456E-07, -2.14286E-02, -8.72449E-02
-2.4068206E-07, -1.68367E-02, -9.13265E-02
-2.4061956E-07, -1.63265E-02, -9.75765E-02
-2.4055706E-07, -1.93878E-02, -1.024235E-01
-2.4049456E-07, -2.44898E-02, -1.038265E-01
-2.4043206E-07, -2.70408E-02, -1.024235E-01
-2.4036956E-07, -2.48724E-02, -9.83418E-02
-2.4030706E-07, -1.97704E-02, -9.41327E-02
-2.4024456E-07, -1.37755E-02, -9.20918E-02
-2.4018206E-07, -1.13520E-02, -9.20918E-02
-2.4011956E-07, -1.50510E-02, -9.32398E-02
-2.4005706E-07, -2.35969E-02, -9.38776E-02
-2.3999456E-07, -3.18878E-02, -9.24745E-02
-2.3993206E-07, -3.59694E-02, -8.72449E-02
-2.3986956E-07, -3.44388E-02, -7.99745E-02
-2.3980706E-07, -2.71684E-02, -7.41071E-02
-2.3974456E-07, -1.81122E-02, -7.07908E-02
-2.3968206E-07, -1.18622E-02, -7.13010E-02
-2.3961956E-07, -1.02041E-02, -7.55102E-02
-2.3955706E-07, -1.22449E-02, -8.08674E-02
-2.3949456E-07, -1.46684E-02, -8.45663E-02
-2.3943206E-07, -1.60714E-02, -8.41837E-02
-2.3936956E-07, -1.30102E-02, -8.17602E-02
-2.3930706E-07, -8.1633E-03, -7.65306E-02
-2.3924456E-07, -5.7398E-03, -7.24490E-02
-2.3918206E-07, -6.7602E-03, -7.23214E-02
-2.3911956E-07, -1.32653E-02, -7.51275E-02
-2.3905706E-07, -2.21939E-02, -8.04847E-02
-2.3899456E-07, -3.11224E-02, -8.52041E-02
-2.3893206E-07, -3.58418E-02, -8.89031E-02
-2.3886956E-07, -3.45663E-02, -9.00510E-02
-2.3880706E-07, -2.86990E-02, -8.96684E-02
-2.3874456E-07, -1.98980E-02, -8.95408E-02
-2.3868206E-07, -1.31378E-02, -8.96684E-02
-2.3861956E-07, -9.3112E-03, -9.18367E-02
-2.3855706E-07, -8.2908E-03, -9.38776E-02
-2.3849456E-07, -1.13520E-02, -9.34949E-02
-2.3843206E-07, -1.58163E-02, -9.18367E-02
-2.3836956E-07, -2.02806E-02, -8.81378E-02
-2.3830706E-07, -2.41071E-02, -8.38010E-02
-2.3824456E-07, -2.67857E-02, -8.08674E-02
-2.3818206E-07, -2.71684E-02, -8.01020E-02
-2.3811956E-07, -2.56378E-02, -8.07398E-02
-2.3805706E-07, -2.27041E-02, -8.21429E-02
-2.3799456E-07, -1.90051E-02, -8.35459E-02
-2.3793206E-07, -1.63265E-02, -8.38010E-02
-2.3786956E-07, -1.49235E-02, -8.40561E-02
-2.3780706E-07, -1.46684E-02, -8.40561E-02
-2.3774456E-07, -1.56888E-02, -8.38010E-02
-2.3768206E-07, -1.72194E-02, -8.40561E-02
-2.3761956E-07, -1.78571E-02, -8.41837E-02
-2.3755706E-07, -1.76020E-02, -8.27806E-02
-2.3749456E-07, -1.83673E-02, -7.97194E-02
-2.3743206E-07, -2.11735E-02, -7.69133E-02
-2.3736956E-07, -2.38520E-02, -7.57653E-02
-2.3730706E-07, -2.56378E-02, -7.53826E-02
-2.3724456E-07, -2.67857E-02, -7.64031E-02
-2.3718206E-07, -2.48724E-02, -7.94643E-02
-2.3711956E-07, -2.10459E-02, -8.21429E-02
-2.3705706E-07, -1.63265E-02, -8.39286E-02
-2.3699456E-07, -1.33929E-02, -8.36735E-02
-2.3693206E-07, -1.50510E-02, -8.20153E-02
-2.3686956E-07, -1.93878E-02, -8.13776E-02
-2.3680706E-07, -2.55102E-02, -8.02296E-02
-2.3674456E-07, -3.11224E-02, -7.97194E-02
-2.3668206E-07, -3.38010E-02, -7.94643E-02
-2.3661956E-07, -3.30357E-02, -7.78061E-02
-2.3655706E-07, -2.97194E-02, -7.44898E-02
-2.3649456E-07, -2.56378E-02, -7.02806E-02
-2.3643206E-07, -2.32143E-02, -6.67092E-02
-2.3636956E-07, -2.27041E-02, -6.61990E-02
-2.3630706E-07, -2.48724E-02, -6.86224E-02
-2.3624456E-07, -2.95918E-02, -7.37245E-02
-2.3618206E-07, -3.44388E-02, -8.06122E-02
-2.3611956E-07, -3.81378E-02, -8.59694E-02
-2.3605706E-07, -3.99235E-02, -8.83929E-02
-2.3599456E-07, -3.77551E-02, -8.86480E-02
-2.3593206E-07, -3.18878E-02, -8.72449E-02
-2.3586956E-07, -2.41071E-02, -8.60969E-02
-2.3580706E-07, -1.60714E-02, -8.76276E-02
-2.3574456E-07, -9.4388E-03, -9.10714E-02
-2.3568206E-07, -5.9949E-03, -9.46429E-02
-2.3561956E-07, -7.6531E-03, -9.73214E-02
-2.3555706E-07, -1.18622E-02, -9.89796E-02
-2.3549456E-07, -1.67092E-02, -9.80867E-02
-2.3543206E-07, -2.16837E-02, -9.54082E-02
-2.3536956E-07, -2.33418E-02, -9.33673E-02
-2.3530706E-07, -2.23214E-02, -9.11990E-02
-2.3524456E-07, -1.90051E-02, -9.00510E-02
-2.3518206E-07, -1.56888E-02, -8.99235E-02
-2.3511956E-07, -1.31378E-02, -9.08163E-02
-2.3505706E-07, -1.19898E-02, -9.20918E-02
-2.3499456E-07, -1.32653E-02, -9.29847E-02
-2.3493206E-07, -1.44133E-02, -9.40051E-02
-2.3486956E-07, -1.60714E-02, -9.33673E-02
-2.3480706E-07, -1.74745E-02, -9.24745E-02
-2.3474456E-07, -1.76020E-02, -9.23469E-02
-2.3468206E-07, -1.65816E-02, -9.26020E-02
-2.3461956E-07, -1.56888E-02, -9.34949E-02
-2.3455706E-07, -1.58163E-02, -9.57908E-02
-2.3449456E-07, -1.70918E-02, -9.83418E-02
-2.3443206E-07, -1.87500E-02, -9.96173E-02
-2.3436956E-07, -1.97704E-02, -9.85969E-02
-2.3430706E-07, -2.09184E-02, -9.43878E-02
-2.3424456E-07, -2.06633E-02, -9.06888E-02
-2.3418206E-07, -1.88776E-02, -8.75000E-02
-2.3411956E-07, -1.72194E-02, -8.54592E-02
-2.3405706E-07, -1.65816E-02, -8.57143E-02
-2.3399456E-07, -1.76020E-02, -8.71173E-02
-2.3393206E-07, -1.96429E-02, -8.86480E-02
-2.3386956E-07, -2.34694E-02, -8.91582E-02
-2.3380706E-07, -2.79337E-02, -8.95408E-02
-2.3374456E-07, -3.18878E-02, -9.04337E-02
-2.3368206E-07, -3.36735E-02, -9.20918E-02
-2.3361956E-07, -3.18878E-02, -9.40051E-02
-2.3355706E-07, -2.76786E-02, -9.47704E-02
-2.3349456E-07, -2.19388E-02, -9.50255E-02
-2.3343206E-07, -1.51786E-02, -9.50255E-02
-2.3336956E-07, -8.6735E-03, -9.45153E-02
-2.3330706E-07, -4.8469E-03, -9.38776E-02
-2.3324456E-07, -5.7398E-03, -9.43878E-02
-2.3318206E-07, -8.9286E-03, -9.65561E-02
-2.3311956E-07, -1.51786E-02, -9.73214E-02
-2.3305706E-07, -2.23214E-02, -9.75765E-02
-2.3299456E-07, -2.66582E-02, -9.70663E-02
-2.3293206E-07, -2.79337E-02, -9.42602E-02
-2.3286956E-07, -2.55102E-02, -9.10714E-02
-2.3280706E-07, -2.23214E-02, -8.69898E-02
-2.3274456E-07, -2.00255E-02, -8.44388E-02
-2.3268206E-07, -1.92602E-02, -8.32908E-02
-2.3261956E-07, -2.19388E-02, -8.25255E-02
-2.3255706E-07, -2.42347E-02, -8.38010E-02
-2.3249456E-07, -2.51276E-02, -8.43112E-02
-2.3243206E-07, -2.48724E-02, -8.48214E-02
-2.3236956E-07, -2.16837E-02, -8.64796E-02
-2.3230706E-07, -1.81122E-02, -8.68622E-02
-2.3224456E-07, -1.68367E-02, -8.73725E-02
-2.3218206E-07, -1.86224E-02, -8.82653E-02
-2.3211956E-07, -2.25765E-02, -8.97959E-02
-2.3205706E-07, -2.67857E-02, -9.13265E-02
-2.3199456E-07, -2.86990E-02, -9.24745E-02
-2.3193206E-07, -2.74235E-02, -9.29847E-02
-2.3186956E-07, -2.38520E-02, -9.26020E-02
-2.3180706E-07, -2.01531E-02, -9.15816E-02
-2.3174456E-07, -1.86224E-02, -9.01786E-02
-2.3168206E-07, -2.10459E-02, -8.89031E-02
-2.3161956E-07, -2.71684E-02, -8.92857E-02
-2.3155706E-07, -3.36735E-02, -9.17092E-02
-2.3149456E-07, -3.77551E-02, -9.54082E-02
-2.3143206E-07, -3.62245E-02, -9.93622E-02
-2.3136956E-07, -2.89541E-02, -1.007653E-01
-2.3130706E-07, -1.95153E-02, -9.85969E-02
-2.3124456E-07, -1.07143E-02, -9.40051E-02
-2.3118206E-07, -6.3776E-03, -8.75000E-02
-2.3111956E-07, -8.8010E-03, -8.11225E-02
-2.3105706E-07, -1.64541E-02, -7.74235E-02
-2.3099456E-07, -2.52551E-02, -7.71684E-02
-2.3093206E-07, -3.34184E-02, -7.84439E-02
-2.3086956E-07, -3.68622E-02, -8.20153E-02
-2.3080706E-07, -3.57143E-02, -8.52041E-02
-2.3074456E-07, -3.26531E-02, -8.78827E-02
-2.3068206E-07, -2.75510E-02, -9.10714E-02
-2.3061956E-07, -2.50000E-02, -9.23469E-02
-2.3055706E-07, -2.58929E-02, -9.37500E-02
-2.3049456E-07, -2.93367E-02, -9.47704E-02
-2.3043206E-07, -3.38010E-02, -9.52806E-02
-2.3036956E-07, -3.63520E-02, -9.51531E-02
-2.3030706E-07, -3.57143E-02, -9.41327E-02
-2.3024456E-07, -3.12500E-02, -9.36224E-02
-2.3018206E-07, -2.46173E-02, -9.27296E-02
-2.3011956E-07, -1.91327E-02, -9.17092E-02
-2.3005706E-07, -1.64541E-02, -9.05612E-02
-2.2999456E-07, -1.74745E-02, -8.77551E-02
-2.2993206E-07, -2.24490E-02, -8.27806E-02
-2.2986956E-07, -2.95918E-02, -7.75510E-02
-2.2980706E-07, -3.46939E-02, -7.37245E-02
-2.2974456E-07, -3.57143E-02, -7.13010E-02
-2.2968206E-07, -3.26531E-02, -7.06633E-02
-2.2961956E-07, -2.81888E-02, -7.18112E-02
-2.2955706E-07, -2.33418E-02, -7.46173E-02
-2.2949456E-07, -1.97704E-02, -7.65306E-02
-2.2943206E-07, -1.87500E-02, -7.71684E-02
-2.2936956E-07, -1.84949E-02, -7.75510E-02
-2.2930706E-07, -1.86224E-02, -7.79337E-02
-2.2924456E-07, -1.88776E-02, -8.01020E-02
-2.2918206E-07, -1.93878E-02, -8.43112E-02
-2.2911956E-07, -2.05357E-02, -8.95408E-02
-2.2905706E-07, -2.35969E-02, -9.37500E-02
-2.2899456E-07, -2.86990E-02, -9.61735E-02
-2.2893206E-07, -3.44388E-02, -9.75765E-02
-2.2886956E-07, -3.94133E-02, -9.82143E-02
-2.2880706E-07, -4.17092E-02, -9.96173E-02
-2.2874456E-07, -3.97959E-02, -1.019133E-01
-2.2868206E-07, -3.53316E-02, -1.033163E-01
-2.2861956E-07, -2.94643E-02, -1.026786E-01
-2.2855706E-07, -2.39796E-02, -9.87245E-02
-2.2849456E-07, -2.00255E-02, -9.19643E-02
-2.2843206E-07, -1.77296E-02, -8.44388E-02
-2.2836956E-07, -1.79847E-02, -7.85714E-02
-2.2830706E-07, -1.82398E-02, -7.75510E-02
-2.2824456E-07, -1.97704E-02, -7.93367E-02
-2.2818206E-07, -2.42347E-02, -8.35459E-02
-2.2811956E-07, -2.83163E-02, -8.91582E-02
-2.2805706E-07, -3.32908E-02, -9.11990E-02
-2.2799456E-07, -3.78827E-02, -9.15816E-02
-2.2793206E-07, -3.86480E-02, -9.15816E-02
-2.2786956E-07, -3.71173E-02, -9.09439E-02
-2.2780706E-07, -3.32908E-02, -9.29847E-02
-2.2774456E-07, -2.93367E-02, -9.66837E-02
-2.2768206E-07, -2.72959E-02, -1.007653E-01
-2.2761956E-07, -2.78061E-02, -1.034439E-01
-2.2755706E-07, -3.06122E-02, -1.029337E-01
-2.2749456E-07, -3.22704E-02, -9.97449E-02
-2.2743206E-07, -3.17602E-02, -9.34949E-02
-2.2736956E-07, -2.83163E-02, -8.73725E-02
-2.2730706E-07, -2.24490E-02, -8.36735E-02
-2.2724456E-07, -1.60714E-02, -8.27806E-02
-2.2718206E-07, -1.16071E-02, -8.43112E-02
-2.2711956E-07, -1.10969E-02, -8.77551E-02
-2.2705706E-07, -1.26276E-02, -9.17092E-02
-2.2699456E-07, -1.53061E-02, -9.34949E-02
-2.2693206E-07, -1.83673E-02, -9.31122E-02
-2.2686956E-07, -1.97704E-02, -9.15816E-02
-2.2680706E-07, -2.18112E-02, -8.86480E-02
-2.2674456E-07, -2.38520E-02, -8.72449E-02
-2.2668206E-07, -2.64031E-02, -8.75000E-02
-2.2661956E-07, -2.98469E-02, -8.90306E-02
-2.2655706E-07, -3.16327E-02, -9.20918E-02
-2.2649456E-07, -3.07398E-02, -9.45153E-02
-2.2643206E-07, -2.56378E-02, -9.55357E-02
-2.2636956E-07, -1.81122E-02, -9.36224E-02
-2.2630706E-07, -1.07143E-02, -9.00510E-02
-2.2624456E-07, -7.6531E-03, -8.62245E-02
-2.2618206E-07, -1.04592E-02, -8.43112E-02
-2.2611956E-07, -1.83673E-02, -8.46939E-02
-2.2605706E-07, -3.04847E-02, -8.66071E-02
-2.2599456E-07, -4.15816E-02, -9.10714E-02
-2.2593206E-07, -4.75765E-02, -9.48980E-02
-2.2586956E-07, -4.63010E-02, -9.66837E-02
-2.2580706E-07, -3.82653E-02, -9.63010E-02
-2.2574456E-07, -2.69133E-02, -9.37500E-02
-2.2568206E-07, -1.67092E-02, -9.01786E-02
-2.2561956E-07, -1.17347E-02, -8.68622E-02
-2.2555706E-07, -1.39031E-02, -8.38010E-02
-2.2549456E-07, -2.13010E-02, -8.21429E-02
-2.2543206E-07, -3.03571E-02, -8.08674E-02
-2.2536956E-07, -3.68622E-02, -8.03571E-02
-2.2530706E-07, -3.77551E-02, -8.08674E-02
-2.2524456E-07, -3.27806E-02, -8.23980E-02
-2.2518206E-07, -2.50000E-02, -8.48214E-02
-2.2511956E-07, -1.78571E-02, -8.80102E-02
-2.2505706E-07, -1.46684E-02, -9.01786E-02
-2.2499456E-07, -1.64541E-02, -9.03061E-02
-2.2493206E-07, -2.23214E-02, -8.80102E-02
-2.2486956E-07, -2.94643E-02, -8.45663E-02
-2.2480706E-07, -3.36735E-02, -8.18878E-02
-2.2474456E-07, -3.32908E-02, -7.99745E-02
-2.2468206E-07, -2.98469E-02, -7.97194E-02
-2.2461956E-07, -2.44898E-02, -8.17602E-02
-2.2455706E-07, -1.96429E-02, -8.38010E-02
-2.2449456E-07, -1.70918E-02, -8.48214E-02
-2.2443206E-07, -1.55612E-02, -8.41837E-02
-2.2436956E-07, -1.65816E-02, -8.09949E-02
-2.2430706E-07, -1.93878E-02, -7.88265E-02
-2.2424456E-07, -2.25765E-02, -7.92092E-02
-2.2418206E-07, -2.60204E-02, -8.22704E-02
-2.2411956E-07, -2.89541E-02, -8.83929E-02
-2.2405706E-07, -3.04847E-02, -9.64286E-02
-2.2399456E-07, -2.90816E-02, -1.042092E-01
-2.2393206E-07, -2.51276E-02, -1.089286E-01
-2.2386956E-07, -1.93878E-02, -1.094388E-01
-2.2380706E-07, -1.45408E-02, -1.051020E-01
-2.2374456E-07, -1.25000E-02, -9.71939E-02
-2.2368206E-07, -1.36480E-02, -8.76276E-02
-2.2361956E-07, -1.72194E-02, -7.85714E-02
-2.2355706E-07, -2.01531E-02, -7.28316E-02
-2.2349456E-07, -2.10459E-02, -7.10459E-02
-2.2343206E-07, -1.90051E-02, -7.37245E-02
-2.2336956E-07, -1.42857E-02, -8.01020E-02
-2.2330706E-07, -1.05867E-02, -8.67347E-02
-2.2324456E-07, -7.7806E-03, -9.27296E-02
-2.2318206E-07, -8.1633E-03, -9.43878E-02
-2.2311956E-07, -1.32653E-02, -9.29847E-02
-2.2305706E-07, -1.87500E-02, -9.19643E-02
-2.2299456E-07, -2.42347E-02, -9.06888E-02
-2.2293206E-07, -2.81888E-02, -9.24745E-02
-2.2286956E-07, -2.75510E-02, -9.69388E-02
-2.2280706E-07, -2.34694E-02, -1.007653E-01
-2.2274456E-07, -1.78571E-02, -1.016582E-01
-2.2268206E-07, -1.26276E-02, -9.89796E-02
-2.2261956E-07, -9.1837E-03, -9.32398E-02
-2.2255706E-07, -1.00765E-02, -8.53316E-02
-2.2249456E-07, -1.46684E-02, -7.98469E-02
-2.2243206E-07, -2.14286E-02, -7.83163E-02
-2.2236956E-07, -2.78061E-02, -8.09949E-02
-2.2230706E-07, -3.09949E-02, -8.63520E-02
-2.2224456E-07, -3.03571E-02, -9.14541E-02
-2.2218206E-07, -2.65306E-02, -9.47704E-02
-2.2211956E-07, -2.11735E-02, -9.54082E-02
-2.2205706E-07, -1.70918E-02, -9.33673E-02
-2.2199456E-07, -1.74745E-02, -9.10714E-02
-2.2193206E-07, -2.23214E-02, -9.14541E-02
-2.2186956E-07, -2.83163E-02, -9.55357E-02
-2.2180706E-07, -3.17602E-02, -1.022959E-01
-2.2174456E-07, -3.02296E-02, -1.084184E-01
-2.2168206E-07, -2.42347E-02, -1.112245E-01
-2.2161956E-07, -1.58163E-02, -1.093112E-01
-2.2155706E-07, -8.9286E-03, -1.015306E-01
-2.2149456E-07, -7.6531E-03, -8.96684E-02
-2.2143206E-07, -1.25000E-02, -7.79337E-02
-2.2136956E-07, -2.15561E-02, -6.98980E-02
-2.2130706E-07, -3.07398E-02, -6.76020E-02
-2.2124456E-07, -3.59694E-02, -7.09184E-02
-2.2118206E-07, -3.68622E-02, -7.69133E-02
-2.2111956E-07, -3.34184E-02, -8.32908E-02
-2.2105706E-07, -2.81888E-02, -8.68622E-02
-2.2099456E-07, -2.43622E-02, -8.66071E-02
-2.2093206E-07, -2.32143E-02, -8.49490E-02
-2.2086956E-07, -2.41071E-02, -8.48214E-02
-2.2080706E-07, -2.55102E-02, -8.81378E-02
-2.2074456E-07, -2.55102E-02, -9.47704E-02
-2.2068206E-07, -2.41071E-02, -1.020408E-01
-2.2061956E-07, -2.15561E-02, -1.065051E-01
-2.2055706E-07, -1.96429E-02, -1.054847E-01
-2.2049456E-07, -2.00255E-02, -9.93622E-02
-2.2043206E-07, -2.19388E-02, -9.15816E-02
-2.2036956E-07, -2.32143E-02, -8.54592E-02
-2.2030706E-07, -2.28316E-02, -8.23980E-02
-2.2024456E-07, -2.13010E-02, -8.29082E-02
-2.2018206E-07, -1.82398E-02, -8.48214E-02
-2.2011956E-07, -1.65816E-02, -8.36735E-02
-2.2005706E-07, -1.68367E-02, -7.90816E-02
-2.1999456E-07, -1.97704E-02, -7.06633E-02
-2.1993206E-07, -2.47449E-02, -6.30102E-02
-2.1986956E-07, -2.80612E-02, -6.03316E-02
-2.1980706E-07, -2.94643E-02, -6.37755E-02
-2.1974456E-07, -2.85714E-02, -7.39796E-02
-2.1968206E-07, -2.52551E-02, -8.72449E-02
-2.1961956E-07, -2.05357E-02, -9.83418E-02
-2.1955706E-07, -1.64541E-02, -1.026786E-01
-2.1949456E-07, -1.42857E-02, -1.006378E-01
-2.1943206E-07, -1.32653E-02, -9.42602E-02
-2.1936956E-07, -1.36480E-02, -8.67347E-02
-2.1930706E-07, -1.50510E-02, -8.20153E-02
-2.1924456E-07, -1.76020E-02, -8.17602E-02
-2.1918206E-07, -2.11735E-02, -8.53316E-02
-2.1911956E-07, -2.46173E-02, -9.04337E-02
-2.1905706E-07, -2.70408E-02, -9.45153E-02
-2.1899456E-07, -2.74235E-02, -9.63010E-02
-2.1893206E-07, -2.39796E-02, -9.61735E-02
-2.1886956E-07, -1.93878E-02, -9.38776E-02
-2.1880706E-07, -1.63265E-02, -9.22194E-02
-2.1874456E-07, -1.45408E-02, -9.20918E-02
-2.1868206E-07, -1.69643E-02, -9.04337E-02
-2.1861956E-07, -2.32143E-02, -8.87755E-02
-2.1855706E-07, -2.89541E-02, -8.77551E-02
-2.1849456E-07, -3.21429E-02, -8.64796E-02
-2.1843206E-07, -3.08673E-02, -8.66071E-02
-2.1836956E-07, -2.66582E-02, -8.82653E-02
-2.1830706E-07, -2.20663E-02, -9.10714E-02
-2.1824456E-07, -2.01531E-02, -9.31122E-02
-2.1818206E-07, -2.30867E-02, -9.23469E-02
-2.1811956E-07, -2.95918E-02, -8.86480E-02
-2.1805706E-07, -3.58418E-02, -8.38010E-02
-2.1799456E-07, -3.89031E-02, -8.01020E-02
-2.1793206E-07, -3.72449E-02, -8.08674E-02
-2.1786956E-07, -3.03571E-02, -8.72449E-02
-2.1780706E-07, -2.27041E-02, -9.59184E-02
-2.1774456E-07, -1.77296E-02, -1.039541E-01
-2.1768206E-07, -1.76020E-02, -1.071429E-01
-2.1761956E-07, -2.25765E-02, -1.042092E-01
-2.1755706E-07, -2.69133E-02, -9.79592E-02
-2.1749456E-07, -2.79337E-02, -9.00510E-02
-2.1743206E-07, -2.52551E-02, -8.53316E-02
-2.1736956E-07, -1.91327E-02, -8.63520E-02
-2.1730706E-07, -1.42857E-02, -9.00510E-02
-2.1724456E-07, -1.47959E-02, -9.38776E-02
-2.1718206E-07, -2.15561E-02, -9.50255E-02
-2.1711956E-07, -3.13776E-02, -9.22194E-02
-2.1705706E-07, -3.97959E-02, -8.60969E-02
-2.1699456E-07, -4.18367E-02, -8.02296E-02
-2.1693206E-07, -3.54592E-02, -7.67857E-02
-2.1686956E-07, -2.39796E-02, -7.62755E-02
-2.1680706E-07, -1.07143E-02, -7.76786E-02
-2.1674456E-07, -2.5510E-03, -7.80612E-02
-2.1668206E-07, -1.2755E-03, -7.76786E-02
-2.1661956E-07, -5.6122E-03, -7.62755E-02
-2.1655706E-07, -1.27551E-02, -7.60204E-02
-2.1649456E-07, -1.76020E-02, -7.95918E-02
-2.1643206E-07, -1.88776E-02, -8.60969E-02
-2.1636956E-07, -1.64541E-02, -9.42602E-02
-2.1630706E-07, -1.19898E-02, -1.002551E-01
-2.1624456E-07, -9.1837E-03, -1.001275E-01
-2.1618206E-07, -1.00765E-02, -9.41327E-02
-2.1611956E-07, -1.31378E-02, -8.53316E-02
-2.1605706E-07, -1.86224E-02, -7.69133E-02
-2.1599456E-07, -2.33418E-02, -7.44898E-02
-2.1593206E-07, -2.64031E-02, -7.81888E-02
-2.1586956E-07, -2.79337E-02, -8.59694E-02
-2.1580706E-07, -2.66582E-02, -9.37500E-02
-2.1574456E-07, -2.50000E-02, -9.59184E-02
-2.1568206E-07, -2.20663E-02, -9.27296E-02
-2.1561956E-07, -1.91327E-02, -8.53316E-02
-2.1555706E-07, -1.51786E-02, -7.97194E-02
-2.1549456E-07, -1.02041E-02, -7.90816E-02
-2.1543206E-07, -7.6531E-03, -8.40561E-02
-2.1536956E-07, -7.5255E-03, -9.41327E-02
-2.1530706E-07, -1.12245E-02, -1.020408E-01
-2.1524456E-07, -1.86224E-02, -1.036990E-01
-2.1518206E-07, -2.72959E-02, -9.73214E-02
-2.1511956E-07, -3.53316E-02, -8.57143E-02
-2.1505706E-07, -3.91582E-02, -7.61480E-02
-2.1499456E-07, -3.80102E-02, -7.30867E-02
-2.1493206E-07, -3.23980E-02, -7.92092E-02
-2.1486956E-07, -2.37245E-02, -9.20918E-02
-2.1480706E-07, -1.58163E-02, -1.038265E-01
-2.1474456E-07, -1.17347E-02, -1.090561E-01
-2.1468206E-07, -1.17347E-02, -1.051020E-01
-2.1461956E-07, -1.58163E-02, -9.20918E-02
-2.1455706E-07, -2.19388E-02, -7.65306E-02
-2.1449456E-07, -2.66582E-02, -6.44133E-02
-2.1443206E-07, -2.72959E-02, -5.86735E-02
-2.1436956E-07, -2.43622E-02, -5.96939E-02
-2.1430706E-07, -1.86224E-02, -6.50510E-02
-2.1424456E-07, -1.21173E-02, -7.15561E-02
-2.1418206E-07, -7.3980E-03, -7.64031E-02
-2.1411956E-07, -5.9949E-03, -7.92092E-02
-2.1405706E-07, -7.7806E-03, -8.15051E-02
-2.1399456E-07, -1.10969E-02, -8.39286E-02
-2.1393206E-07, -1.47959E-02, -8.68622E-02
-2.1386956E-07, -1.72194E-02, -8.96684E-02
-2.1380706E-07, -1.86224E-02, -9.08163E-02
-2.1374456E-07, -1.93878E-02, -9.01786E-02
-2.1368206E-07, -1.97704E-02, -8.72449E-02
-2.1361956E-07, -2.09184E-02, -8.26531E-02
-2.1355706E-07, -2.35969E-02, -7.88265E-02
-2.1349456E-07, -2.50000E-02, -7.79337E-02
-2.1343206E-07, -2.39796E-02, -7.98469E-02
-2.1336956E-07, -2.20663E-02, -8.34184E-02
-2.1330706E-07, -1.93878E-02, -8.95408E-02
-2.1324456E-07, -1.67092E-02, -9.63010E-02
-2.1318206E-07, -1.56888E-02, -1.008929E-01
-2.1311956E-07, -1.67092E-02, -1.025510E-01
-2.1305706E-07, -1.96429E-02, -1.005102E-01
-2.1299456E-07, -2.28316E-02, -9.60459E-02
-2.1293206E-07, -2.57653E-02, -9.08163E-02
-2.1286956E-07, -2.84439E-02, -8.69898E-02
-2.1280706E-07, -3.02296E-02, -8.67347E-02
-2.1274456E-07, -3.22704E-02, -8.94133E-02
-2.1268206E-07, -3.55867E-02, -9.36224E-02
-2.1261956E-07, -3.75000E-02, -9.83418E-02
-2.1255706E-07, -3.76276E-02, -1.001275E-01
-2.1249456E-07, -3.60969E-02, -9.94898E-02
-2.1243206E-07, -3.07398E-02, -9.84694E-02
-2.1236956E-07, -2.43622E-02, -9.66837E-02
-2.1230706E-07, -1.95153E-02, -9.70663E-02
-2.1224456E-07, -1.77296E-02, -9.98724E-02
-2.1218206E-07, -2.01531E-02, -1.033163E-01
-2.1211956E-07, -2.46173E-02, -1.062500E-01
-2.1205706E-07, -2.86990E-02, -1.063775E-01
-2.1199456E-07, -2.88265E-02, -1.042092E-01
-2.1193206E-07, -2.42347E-02, -9.91071E-02
-2.1186956E-07, -1.72194E-02, -9.36224E-02
-2.1180706E-07, -9.8214E-03, -8.99235E-02
-2.1174456E-07, -5.8673E-03, -8.75000E-02
-2.1168206E-07, -7.6531E-03, -8.68622E-02
-2.1161956E-07, -1.33929E-02, -8.69898E-02
-2.1155706E-07, -2.05357E-02, -8.57143E-02
-2.1149456E-07, -2.51276E-02, -8.27806E-02
-2.1143206E-07, -2.46173E-02, -7.88265E-02
-2.1136956E-07, -2.07908E-02, -7.48724E-02
-2.1130706E-07, -1.51786E-02, -7.44898E-02
-2.1124456E-07, -9.9490E-03, -7.83163E-02
-2.1118206E-07, -8.1633E-03, -8.43112E-02
-2.1111956E-07, -9.8214E-03, -9.17092E-02
-2.1105706E-07, -1.37755E-02, -9.66837E-02
-2.1099456E-07, -1.86224E-02, -9.73214E-02
-2.1093206E-07, -2.25765E-02, -9.32398E-02
-2.1086956E-07, -2.50000E-02, -8.60969E-02
-2.1080706E-07, -2.62755E-02, -7.88265E-02
-2.1074456E-07, -2.65306E-02, -7.48724E-02
-2.1068206E-07, -2.50000E-02, -7.53826E-02
-2.1061956E-07, -2.23214E-02, -7.83163E-02
-2.1055706E-07, -1.97704E-02, -8.21429E-02
-2.1049456E-07, -1.72194E-02, -8.52041E-02
-2.1043206E-07, -1.74745E-02, -8.48214E-02
-2.1036956E-07, -2.16837E-02, -8.29082E-02
-2.1030706E-07, -2.80612E-02, -8.07398E-02
-2.1024456E-07, -3.73724E-02, -7.93367E-02
-2.1018206E-07, -4.47704E-02, -8.15051E-02
-2.1011956E-07, -4.69388E-02, -8.45663E-02
-2.1005706E-07, -4.41327E-02, -8.62245E-02
-2.0999456E-07, -3.55867E-02, -8.64796E-02
-2.0993206E-07, -2.67857E-02, -8.30357E-02
-2.0986956E-07, -2.05357E-02, -7.99745E-02
-2.0980706E-07, -1.83673E-02, -7.89541E-02
-2.0974456E-07, -2.24490E-02, -8.13776E-02
-2.0968206E-07, -2.83163E-02, -8.86480E-02
-2.0961956E-07, -3.41837E-02, -9.68112E-02
-2.0955706E-07, -3.60969E-02, -1.044643E-01
-2.0949456E-07, -3.12500E-02, -1.072704E-01
-2.0943206E-07, -2.39796E-02, -1.030612E-01
-2.0936956E-07, -1.51786E-02, -9.57908E-02
-2.0930706E-07, -9.1837E-03, -8.62245E-02
-2.0924456E-07, -8.9286E-03, -7.85714E-02
-2.0918206E-07, -1.23724E-02, -7.50000E-02
-2.0911956E-07, -1.91327E-02, -7.37245E-02
-2.0905706E-07, -2.48724E-02, -7.47449E-02
-2.0899456E-07, -2.69133E-02, -7.48724E-02
-2.0893206E-07, -2.55102E-02, -7.35969E-02
-2.0886956E-07, -2.05357E-02, -7.23214E-02
-2.0880706E-07, -1.63265E-02, -7.13010E-02
-2.0874456E-07, -1.55612E-02, -7.37245E-02
-2.0868206E-07, -1.68367E-02, -7.94643E-02
-2.0861956E-07, -2.15561E-02, -8.43112E-02
-2.0855706E-07, -2.74235E-02, -8.80102E-02
-2.0849456E-07, -3.06122E-02, -8.81378E-02
-2.0843206E-07, -3.01020E-02, -8.26531E-02
-2.0836956E-07, -2.69133E-02, -7.35969E-02
-2.0830706E-07, -2.29592E-02, -6.49235E-02
-2.0824456E-07, -2.01531E-02, -5.98214E-02
-2.0818206E-07, -1.91327E-02, -6.00765E-02
-2.0811956E-07, -2.00255E-02, -6.49235E-02
-2.0805706E-07, -2.34694E-02, -7.11735E-02
-2.0799456E-07, -2.57653E-02, -7.76786E-02
-2.0793206E-07, -2.64031E-02, -7.97194E-02
-2.0786956E-07, -2.72959E-02, -7.70408E-02
-2.0780706E-07, -2.75510E-02, -7.25765E-02
-2.0774456E-07, -2.83163E-02, -6.77296E-02
-2.0768206E-07, -2.98469E-02, -6.59439E-02
-2.0761956E-07, -3.03571E-02, -6.82398E-02
-2.0755706E-07, -2.84439E-02, -7.29592E-02
-2.0749456E-07, -2.33418E-02, -7.78061E-02
-2.0743206E-07, -1.58163E-02, -8.07398E-02
-2.0736956E-07, -6.7602E-03, -8.15051E-02
-2.0730706E-07, 1.9133E-03, -8.04847E-02
-2.0724456E-07, 7.2704E-03, -8.03571E-02
-2.0718206E-07, 9.0561E-03, -8.46939E-02
-2.0711956E-07, 6.7602E-03, -9.42602E-02
-2.0705706E-07, 2.8061E-03, -1.095663E-01
-2.0699456E-07, -7.653E-04, -1.261480E-01
-2.0693206E-07, -3.6990E-03, -1.400510E-01
-2.0686956E-07, -4.5918E-03, -1.485969E-01
-2.0680706E-07, -4.5918E-03, -1.484694E-01
-2.0674456E-07, -4.7194E-03, -1.414541E-01
-2.0668206E-07, -6.6327E-03, -1.299745E-01
-2.0661956E-07, -1.10969E-02, -1.178571E-01
-2.0655706E-07, -1.77296E-02, -1.088010E-01
-2.0649456E-07, -2.52551E-02, -1.033163E-01
-2.0643206E-07, -3.20153E-02, -1.000000E-01
-2.0636956E-07, -3.77551E-02, -9.55357E-02
-2.0630706E-07, -4.17092E-02, -8.80102E-02
-2.0624456E-07, -4.54082E-02, -7.48724E-02
-2.0618206E-07, -5.10204E-02, -5.65051E-02
-2.0611956E-07, -5.73980E-02, -3.57143E-02
-2.0605706E-07, -6.47959E-02, -1.25000E-02
-2.0599456E-07, -7.19388E-02, 1.21173E-02
-2.0593206E-07, -7.66582E-02, 3.81378E-02
-2.0586956E-07, -7.89541E-02, 6.81122E-02
-2.0580706E-07, -7.84439E-02, 1.033163E-01
-2.0574456E-07, -7.60204E-02, 1.445153E-01
-2.0568206E-07, -7.48724E-02, 1.906888E-01
-2.0561956E-07, -7.51275E-02, 2.373724E-01
-2.0555706E-07, -7.57653E-02, 2.815051E-01
-2.0549456E-07, -7.53826E-02, 3.200255E-01
-2.0543206E-07, -7.15561E-02, 3.531888E-01
-2.0536956E-07, -6.17347E-02, 3.830357E-01
-2.0530706E-07, -4.40051E-02, 4.133929E-01
-2.0524456E-07, -1.93878E-02, 4.483418E-01
-2.0518206E-07, 9.8214E-03, 4.878826E-01
-2.0511956E-07, 4.09439E-02, 5.293368E-01
-2.0505706E-07, 7.29592E-02, 5.683674E-01
-2.0499456E-07, 1.036990E-01, 6.019133E-01
-2.0493206E-07, 1.353316E-01, 6.265306E-01
-2.0486956E-07, 1.695153E-01, 6.446428E-01
-2.0480706E-07, 2.070153E-01, 6.589286E-01
-2.0474456E-07, 2.500000E-01, 6.725765E-01
-2.0468206E-07, 2.977041E-01, 6.891581E-01
-2.0461956E-07, 3.483418E-01, 7.100765E-01
-2.0455706E-07, 3.974490E-01, 7.341837E-01
-2.0449456E-07, 4.438775E-01, 7.582908E-01
-2.0443206E-07, 4.866071E-01, 7.811224E-01
-2.0436956E-07, 5.262755E-01, 8.011479E-01
-2.0430706E-07, 5.667092E-01, 8.161990E-01
-2.0424456E-07, 6.088010E-01, 8.269132E-01
-2.0418206E-07, 6.525510E-01, 8.322704E-01
-2.0411956E-07, 6.964286E-01, 8.320153E-01
-2.0405706E-07, 7.366071E-01, 8.278061E-01
-2.0399456E-07, 7.710459E-01, 8.209184E-01
-2.0393206E-07, 7.994898E-01, 8.146684E-01
-2.0386956E-07, 8.229592E-01, 8.118622E-01
-2.0380706E-07, 8.437500E-01, 8.132653E-01
-2.0374456E-07, 8.651786E-01, 8.177296E-01
-2.0368206E-07, 8.883929E-01, 8.234694E-01
-2.0361956E-07, 9.135204E-01, 8.279337E-01
-2.0355706E-07, 9.389030E-01, 8.298469E-01
-2.0349456E-07, 9.616072E-01, 8.288265E-01
-2.0343206E-07, 9.789541E-01, 8.250000E-01
-2.0336956E-07, 9.906888E-01, 8.196428E-01
-2.0330706E-07, 9.985970E-01, 8.147959E-01
-2.0324456E-07, 1.0015306E+00, 8.132653E-01
-2.0318206E-07, 1.0014031E+00, 8.140306E-01
-2.0311956E-07, 1.0007653E+00, 8.168367E-01
-2.0305706E-07, 9.992347E-01, 8.224490E-01
-2.0299456E-07, 9.978316E-01, 8.278061E-01
-2.0293206E-07, 9.959184E-01, 8.315051E-01
-2.0286956E-07, 9.938775E-01, 8.315051E-01
-2.0280706E-07, 9.919643E-01, 8.283163E-01
-2.0274456E-07, 9.887755E-01, 8.235970E-01
-2.0268206E-07, 9.859694E-01, 8.181123E-01
-2.0261956E-07, 9.826531E-01, 8.156888E-01
-2.0255706E-07, 9.795918E-01, 8.160715E-01
-2.0249456E-07, 9.788265E-01, 8.195153E-01
-2.0243206E-07, 9.793367E-01, 8.264031E-01
-2.0236956E-07, 9.803572E-01, 8.339286E-01
-2.0230706E-07, 9.794643E-01, 8.410714E-01
-2.0224456E-07, 9.756377E-01, 8.456632E-01
-2.0218206E-07, 9.700255E-01, 8.482143E-01
-2.0211956E-07, 9.636480E-01, 8.497449E-01
-2.0205706E-07, 9.599490E-01, 8.505102E-01
-2.0199456E-07, 9.605867E-01, 8.514031E-01
-2.0193206E-07, 9.653061E-01, 8.517857E-01
-2.0186956E-07, 9.730867E-01, 8.508928E-01
-2.0180706E-07, 9.816326E-01, 8.492347E-01
-2.0174456E-07, 9.850765E-01, 8.479592E-01
-2.0168206E-07, 9.825255E-01, 8.456632E-01
-2.0161956E-07, 9.746174E-01, 8.436224E-01
-2.0155706E-07, 9.637755E-01, 8.426020E-01
-2.0149456E-07, 9.566327E-01, 8.426020E-01
-2.0143206E-07, 9.551020E-01, 8.464286E-01
-2.0136956E-07, 9.608418E-01, 8.521684E-01
-2.0130706E-07, 9.723215E-01, 8.594388E-01
-2.0124456E-07, 9.843112E-01, 8.667092E-01
-2.0118206E-07, 9.941326E-01, 8.707908E-01
-2.0111956E-07, 9.974490E-01, 8.715561E-01
-2.0105706E-07, 9.931123E-01, 8.682398E-01
-2.0099456E-07, 9.852041E-01, 8.619898E-01
-2.0093206E-07, 9.757653E-01, 8.579082E-01
-2.0086956E-07, 9.673470E-01, 8.570153E-01
-2.0080706E-07, 9.631377E-01, 8.593112E-01
-2.0074456E-07, 9.631377E-01, 8.653061E-01
-2.0068206E-07, 9.674745E-01, 8.724490E-01
-2.0061956E-07, 9.729592E-01, 8.801020E-01
-2.0055706E-07, 9.780612E-01, 8.857143E-01
-2.0049456E-07, 9.817602E-01, 8.896683E-01
-2.0043206E-07, 9.827806E-01, 8.926020E-01
-2.0036956E-07, 9.825255E-01, 8.933674E-01
-2.0030706E-07, 9.817602E-01, 8.932398E-01
-2.0024456E-07, 9.811224E-01, 8.918368E-01
-2.0018206E-07, 9.813775E-01, 8.891582E-01
-2.0011956E-07, 9.830357E-01, 8.869898E-01
-2.0005706E-07, 9.849490E-01, 8.869898E-01
-1.9999456E-07, 9.859694E-01, 8.883929E-01
-1.9993206E-07, 9.868622E-01, 8.905612E-01
-1.9986956E-07, 9.881378E-01, 8.918368E-01
-1.9980706E-07, 9.910714E-01, 8.908163E-01
-1.9974456E-07, 9.954082E-01, 8.880102E-01
-1.9968206E-07, 1.0007653E+00, 8.836735E-01
-1.9961956E-07, 1.0042092E+00, 8.799745E-01
-1.9955706E-07, 1.0047194E+00, 8.771684E-01
-1.9949456E-07, 1.0024235E+00, 8.764030E-01
-1.9943206E-07, 9.963010E-01, 8.776786E-01
-1.9936956E-07, 9.896684E-01, 8.783163E-01
-1.9930706E-07, 9.840561E-01, 8.793367E-01
-1.9924456E-07, 9.817602E-01, 8.804847E-01
-1.9918206E-07, 9.836735E-01, 8.834184E-01
-1.9911956E-07, 9.878827E-01, 8.889031E-01
-1.9905706E-07, 9.936224E-01, 8.951530E-01
-1.9899456E-07, 9.987245E-01, 9.010204E-01
-1.9893206E-07, 1.0020409E+00, 9.036990E-01
-1.9886956E-07, 1.0053571E+00, 9.011480E-01
-1.9880706E-07, 1.0080357E+00, 8.959184E-01
-1.9874456E-07, 1.0096939E+00, 8.891582E-01
-1.9868206E-07, 1.0114796E+00, 8.825255E-01
-1.9861956E-07, 1.0117347E+00, 8.792092E-01
-1.9855706E-07, 1.0098214E+00, 8.784439E-01
-1.9849456E-07, 1.0075256E+00, 8.790816E-01
-1.9843206E-07, 1.0045918E+00, 8.816326E-01
-1.9836956E-07, 1.0020409E+00, 8.841836E-01
-1.9830706E-07, 1.0012755E+00, 8.871173E-01
-1.9824456E-07, 1.0021684E+00, 8.909439E-01
-1.9818206E-07, 1.0031887E+00, 8.955357E-01
-1.9811956E-07, 1.0043367E+00, 8.982143E-01
-1.9805706E-07, 1.0044643E+00, 8.988521E-01
-1.9799456E-07, 1.0016582E+00, 8.964286E-01
-1.9793206E-07, 9.982143E-01, 8.903061E-01
-1.9786956E-07, 9.947704E-01, 8.843112E-01
-1.9780706E-07, 9.918367E-01, 8.809949E-01
-1.9774456E-07, 9.914541E-01, 8.815051E-01
-1.9768206E-07, 9.922194E-01, 8.871173E-01
-1.9761956E-07, 9.947704E-01, 8.946428E-01
-1.9755706E-07, 9.988520E-01, 9.022959E-01
-1.9749456E-07, 1.0017858E+00, 9.084184E-01
-1.9743206E-07, 1.0035714E+00, 9.102041E-01
-1.9736956E-07, 1.0049745E+00, 9.091837E-01
-1.9730706E-07, 1.0039541E+00, 9.077806E-01
-1.9724456E-07, 1.0015306E+00, 9.053571E-01
-1.9718206E-07, 1.0001276E+00, 9.029337E-01
-1.9711956E-07, 9.992347E-01, 9.019133E-01
-1.9705706E-07, 9.996173E-01, 9.007653E-01
-1.9699456E-07, 1.0030612E+00, 9.000000E-01
-1.9693206E-07, 1.0089285E+00, 9.011480E-01
-1.9686956E-07, 1.0145408E+00, 9.048470E-01
-1.9680706E-07, 1.0179847E+00, 9.094388E-01
-1.9674456E-07, 1.0182397E+00, 9.133928E-01
-1.9668206E-07, 1.0144132E+00, 9.153062E-01
-1.9661956E-07, 1.0070153E+00, 9.135204E-01
-1.9655706E-07, 9.993622E-01, 9.082908E-01
-1.9649456E-07, 9.957908E-01, 9.025510E-01
-1.9643206E-07, 9.951531E-01, 9.003826E-01
-1.9636956E-07, 9.975765E-01, 9.014031E-01
-1.9630706E-07, 1.0021684E+00, 9.057398E-01
-1.9624456E-07, 1.0036989E+00, 9.132653E-01
-1.9618206E-07, 1.0022960E+00, 9.190051E-01
-1.9611956E-07, 9.974490E-01, 9.227041E-01
-1.9605706E-07, 9.913265E-01, 9.234694E-01
-1.9599456E-07, 9.878827E-01, 9.216837E-01
-1.9593206E-07, 9.878827E-01, 9.193878E-01
-1.9586956E-07, 9.915816E-01, 9.159439E-01
-1.9580706E-07, 9.971939E-01, 9.117347E-01
-1.9574456E-07, 1.0028061E+00, 9.068878E-01
-1.9568206E-07, 1.0052296E+00, 9.025510E-01
-1.9561956E-07, 1.0049745E+00, 8.988521E-01
-1.9555706E-07, 1.0048469E+00, 8.974490E-01
-1.9549456E-07, 1.0054847E+00, 9.003826E-01
-1.9543206E-07, 1.0089285E+00, 9.056122E-01
-1.9536956E-07, 1.0140306E+00, 9.112245E-01
-1.9530706E-07, 1.0178572E+00, 9.140306E-01
-1.9524456E-07, 1.0197704E+00, 9.112245E-01
-1.9518206E-07, 1.0187500E+00, 9.044643E-01
-1.9511956E-07, 1.0158163E+00, 8.970664E-01
-1.9505706E-07, 1.0131377E+00, 8.929847E-01
-1.9499456E-07, 1.0109694E+00, 8.955357E-01
-1.9493206E-07, 1.0098214E+00, 9.033163E-01
-1.9486956E-07, 1.0094388E+00, 9.135204E-01
-1.9480706E-07, 1.0072705E+00, 9.218112E-01
-1.9474456E-07, 1.0034438E+00, 9.232143E-01
-1.9468206E-07, 1.0003827E+00, 9.176021E-01
-1.9461956E-07, 9.982143E-01, 9.094388E-01
-1.9455706E-07, 1.0002551E+00, 9.019133E-01
-1.9449456E-07, 1.0062500E+00, 9.010204E-01
-1.9443206E-07, 1.0125000E+00, 9.076530E-01
-1.9436956E-07, 1.0184948E+00, 9.173470E-01
-1.9430706E-07, 1.0202806E+00, 9.274235E-01
-1.9424456E-07, 1.0174745E+00, 9.318877E-01
-1.9418206E-07, 1.0128827E+00, 9.290816E-01
-1.9411956E-07, 1.0076531E+00, 9.219388E-01
-1.9405706E-07, 1.0045918E+00, 9.126276E-01
-1.9399456E-07, 1.0052296E+00, 9.052296E-01
-1.9393206E-07, 1.0081632E+00, 9.031888E-01
-1.9386956E-07, 1.0113521E+00, 9.054847E-01
-1.9380706E-07, 1.0133928E+00, 9.102041E-01
-1.9374456E-07, 1.0119898E+00, 9.156888E-01
-1.9368206E-07, 1.0098214E+00, 9.183673E-01
-1.9361956E-07, 1.0073980E+00, 9.193878E-01
-1.9355706E-07, 1.0063776E+00, 9.173470E-01
-1.9349456E-07, 1.0080357E+00, 9.127551E-01
-1.9343206E-07, 1.0099490E+00, 9.081632E-01
-1.9336956E-07, 1.0121174E+00, 9.028061E-01
-1.9330706E-07, 1.0119898E+00, 9.001275E-01
-1.9324456E-07, 1.0095663E+00, 9.008929E-01
-1.9318206E-07, 1.0061225E+00, 9.058673E-01
-1.9311956E-07, 1.0015306E+00, 9.136479E-01
-1.9305706E-07, 9.987245E-01, 9.196429E-01
-1.9299456E-07, 9.992347E-01, 9.213010E-01
-1.9293206E-07, 1.0015306E+00, 9.178572E-01
-1.9286956E-07, 1.0036989E+00, 9.094388E-01
-1.9280706E-07, 1.0063776E+00, 8.994898E-01
-1.9274456E-07, 1.0070153E+00, 8.946428E-01
-1.9268206E-07, 1.0059949E+00, 8.959184E-01
-1.9261956E-07, 1.0061225E+00, 9.025510E-01
-1.9255706E-07, 1.0080357E+00, 9.127551E-01
-1.9249456E-07, 1.0121174E+00, 9.209183E-01
-1.9243206E-07, 1.0154337E+00, 9.233418E-01
-1.9236956E-07, 1.0176021E+00, 9.184949E-01
-1.9230706E-07, 1.0174745E+00, 9.109694E-01
-1.9224456E-07, 1.0137755E+00, 9.059949E-01
-1.9218206E-07, 1.0089285E+00, 9.056122E-01
-1.9211956E-07, 1.0062500E+00, 9.113520E-01
-1.9205706E-07, 1.0070153E+00, 9.209183E-01
-1.9199456E-07, 1.0117347E+00, 9.294643E-01
-1.9193206E-07, 1.0182397E+00, 9.334184E-01
-1.9186956E-07, 1.0225766E+00, 9.318877E-01
-1.9180706E-07, 1.0224490E+00, 9.251276E-01
-1.9174456E-07, 1.0164541E+00, 9.169643E-01
-1.9168206E-07, 1.0075256E+00, 9.095663E-01
-1.9161956E-07, 9.998724E-01, 9.056122E-01
-1.9155706E-07, 9.968112E-01, 9.059949E-01
-1.9149456E-07, 9.998724E-01, 9.090561E-01
-1.9143206E-07, 1.0068878E+00, 9.136479E-01
-1.9136956E-07, 1.0144132E+00, 9.178572E-01
-1.9130706E-07, 1.0183673E+00, 9.207908E-01
-1.9124456E-07, 1.0165817E+00, 9.216837E-01
-1.9118206E-07, 1.0099490E+00, 9.195153E-01
-1.9111956E-07, 1.0025511E+00, 9.146684E-01
-1.9105706E-07, 9.982143E-01, 9.089286E-01
-1.9099456E-07, 9.988520E-01, 9.039541E-01
-1.9093206E-07, 1.0056123E+00, 9.017857E-01
-1.9086956E-07, 1.0145408E+00, 9.045919E-01
-1.9080706E-07, 1.0204082E+00, 9.117347E-01
-1.9074456E-07, 1.0224490E+00, 9.190051E-01
-1.9068206E-07, 1.0201530E+00, 9.256378E-01
-1.9061956E-07, 1.0137755E+00, 9.288265E-01
-1.9055706E-07, 1.0085459E+00, 9.258928E-01
-1.9049456E-07, 1.0057398E+00, 9.201531E-01
-1.9043206E-07, 1.0043367E+00, 9.131377E-01
-1.9036956E-07, 1.0048469E+00, 9.065051E-01
-1.9030706E-07, 1.0061225E+00, 9.038265E-01
-1.9024456E-07, 1.0058674E+00, 9.063776E-01
-1.9018206E-07, 1.0052296E+00, 9.116071E-01
-1.9011956E-07, 1.0067602E+00, 9.186224E-01
-1.9005706E-07, 1.0090561E+00, 9.262755E-01
-1.8999456E-07, 1.0119898E+00, 9.302296E-01
-1.8993206E-07, 1.0161990E+00, 9.295918E-01
-1.8986956E-07, 1.0173470E+00, 9.264030E-01
-1.8980706E-07, 1.0153061E+00, 9.198980E-01
-1.8974456E-07, 1.0122449E+00, 9.131377E-01
-1.8968206E-07, 1.0093112E+00, 9.100766E-01
-1.8961956E-07, 1.0085459E+00, 9.109694E-01
-1.8955706E-07, 1.0119898E+00, 9.158163E-01
-1.8949456E-07, 1.0187500E+00, 9.237245E-01
-1.8943206E-07, 1.0252551E+00, 9.321429E-01
-1.8936956E-07, 1.0279337E+00, 9.375000E-01
-1.8930706E-07, 1.0253826E+00, 9.376276E-01
-1.8924456E-07, 1.0192602E+00, 9.327806E-01
-1.8918206E-07, 1.0118623E+00, 9.255102E-01
-1.8911956E-07, 1.0053571E+00, 9.184949E-01
-1.8905706E-07, 1.0031887E+00, 9.128826E-01
-1.8899456E-07, 1.0056123E+00, 9.116071E-01
-1.8893206E-07, 1.0091836E+00, 9.145408E-01
-1.8886956E-07, 1.0122449E+00, 9.190051E-01
-1.8880706E-07, 1.0126276E+00, 9.238520E-01
-1.8874456E-07, 1.0116072E+00, 9.270408E-01
-1.8868206E-07, 1.0105867E+00, 9.293367E-01
-1.8861956E-07, 1.0104592E+00, 9.302296E-01
-1.8855706E-07, 1.0130103E+00, 9.292092E-01
-1.8849456E-07, 1.0176021E+00, 9.269133E-01
-1.8843206E-07, 1.0209184E+00, 9.238520E-01
-1.8836956E-07, 1.0215561E+00, 9.191326E-01
-1.8830706E-07, 1.0197704E+00, 9.142857E-01
-1.8824456E-07, 1.0158163E+00, 9.118623E-01
-1.8818206E-07, 1.0117347E+00, 9.123725E-01
-1.8811956E-07, 1.0079081E+00, 9.163265E-01
-1.8805706E-07, 1.0065051E+00, 9.204082E-01
-1.8799456E-07, 1.0073980E+00, 9.227041E-01
-1.8793206E-07, 1.0081632E+00, 9.220663E-01
-1.8786956E-07, 1.0081632E+00, 9.164541E-01
-1.8780706E-07, 1.0088010E+00, 9.076530E-01
-1.8774456E-07, 1.0096939E+00, 9.010204E-01
-1.8768206E-07, 1.0110970E+00, 8.988521E-01
-1.8761956E-07, 1.0144132E+00, 9.020408E-01
-1.8755706E-07, 1.0174745E+00, 9.107143E-01
-1.8749456E-07, 1.0195153E+00, 9.204082E-01
-1.8743206E-07, 1.0195153E+00, 9.279337E-01
-1.8736956E-07, 1.0170919E+00, 9.309949E-01
-1.8730706E-07, 1.0145408E+00, 9.295918E-01
-1.8724456E-07, 1.0135204E+00, 9.261479E-01
-1.8718206E-07, 1.0151786E+00, 9.227041E-01
-1.8711956E-07, 1.0186224E+00, 9.210459E-01
-1.8705706E-07, 1.0243622E+00, 9.211735E-01
-1.8699456E-07, 1.0298469E+00, 9.237245E-01
-1.8693206E-07, 1.0308673E+00, 9.275510E-01
-1.8686956E-07, 1.0280613E+00, 9.297194E-01
-1.8680706E-07, 1.0221939E+00, 9.315051E-01
-1.8674456E-07, 1.0147959E+00, 9.329082E-01
-1.8668206E-07, 1.0107143E+00, 9.326531E-01
-1.8661956E-07, 1.0109694E+00, 9.329082E-01
-1.8655706E-07, 1.0150510E+00, 9.323980E-01
-1.8649456E-07, 1.0220664E+00, 9.302296E-01
-1.8643206E-07, 1.0265306E+00, 9.279337E-01
-1.8636956E-07, 1.0274235E+00, 9.241071E-01
-1.8630706E-07, 1.0233419E+00, 9.214286E-01
-1.8624456E-07, 1.0151786E+00, 9.206632E-01
-1.8618206E-07, 1.0079081E+00, 9.214286E-01
-1.8611956E-07, 1.0025511E+00, 9.250000E-01
-1.8605706E-07, 1.0024235E+00, 9.280612E-01
-1.8599456E-07, 1.0073980E+00, 9.309949E-01
-1.8593206E-07, 1.0127552E+00, 9.331633E-01
-1.8586956E-07, 1.0164541E+00, 9.321429E-01
-1.8580706E-07, 1.0158163E+00, 9.295918E-01
-1.8574456E-07, 1.0113521E+00, 9.257653E-01
-1.8568206E-07, 1.0058674E+00, 9.216837E-01
-1.8561956E-07, 1.0014031E+00, 9.187500E-01
-1.8555706E-07, 1.0011480E+00, 9.164541E-01
-1.8549456E-07, 1.0043367E+00, 9.161990E-01
-1.8543206E-07, 1.0085459E+00, 9.168367E-01
-1.8536956E-07, 1.0131377E+00, 9.179847E-01
-1.8530706E-07, 1.0158163E+00, 9.210459E-01
-1.8524456E-07, 1.0170919E+00, 9.247449E-01
-1.8518206E-07, 1.0179847E+00, 9.297194E-01
-1.8511956E-07, 1.0191326E+00, 9.344388E-01
-1.8505706E-07, 1.0218112E+00, 9.375000E-01
-1.8499456E-07, 1.0239795E+00, 9.387755E-01
-1.8493206E-07, 1.0239795E+00, 9.367347E-01
-1.8486956E-07, 1.0214286E+00, 9.320153E-01
-1.8480706E-07, 1.0155612E+00, 9.269133E-01
-1.8474456E-07, 1.0089285E+00, 9.225765E-01
-1.8468206E-07, 1.0035714E+00, 9.213010E-01
-1.8461956E-07, 9.994898E-01, 9.229592E-01
-1.8455706E-07, 9.992347E-01, 9.242347E-01
-1.8449456E-07, 1.0017858E+00, 9.250000E-01
-1.8443206E-07, 1.0059949E+00, 9.232143E-01
-1.8436956E-07, 1.0125000E+00, 9.192602E-01
-1.8430706E-07, 1.0182397E+00, 9.170918E-01
-1.8424456E-07, 1.0232143E+00, 9.173470E-01
-1.8418206E-07, 1.0256377E+00, 9.223214E-01
-1.8411956E-07, 1.0251275E+00, 9.303572E-01
-1.8405706E-07, 1.0232143E+00, 9.381378E-01
-1.8399456E-07, 1.0200255E+00, 9.428571E-01
-1.8393206E-07, 1.0186224E+00, 9.414541E-01
-1.8386956E-07, 1.0184948E+00, 9.354592E-01
-1.8380706E-07, 1.0187500E+00, 9.264030E-01
-1.8374456E-07, 1.0188775E+00, 9.173470E-01
-1.8368206E-07, 1.0168368E+00, 9.121174E-01
-1.8361956E-07, 1.0127552E+00, 9.113520E-01
-1.8355706E-07, 1.0079081E+00, 9.146684E-01
-1.8349456E-07, 1.0048469E+00, 9.197704E-01
-1.8343206E-07, 1.0042092E+00, 9.248725E-01
-1.8336956E-07, 1.0066327E+00, 9.278061E-01
-1.8330706E-07, 1.0114796E+00, 9.286990E-01
-1.8324456E-07, 1.0160714E+00, 9.295918E-01
-1.8318206E-07, 1.0178572E+00, 9.315051E-01
-1.8311956E-07, 1.0163265E+00, 9.341837E-01
-1.8305706E-07, 1.0139030E+00, 9.369898E-01
-1.8299456E-07, 1.0118623E+00, 9.399235E-01
-1.8293206E-07, 1.0122449E+00, 9.410715E-01
-1.8286956E-07, 1.0149235E+00, 9.405612E-01
-1.8280706E-07, 1.0181123E+00, 9.383929E-01
-1.8274456E-07, 1.0198979E+00, 9.350765E-01
-1.8268206E-07, 1.0183673E+00, 9.318877E-01
-1.8261956E-07, 1.0142857E+00, 9.289541E-01
-1.8255706E-07, 1.0091836E+00, 9.267857E-01
-1.8249456E-07, 1.0057398E+00, 9.255102E-01
-1.8243206E-07, 1.0036989E+00, 9.257653E-01
-1.8236956E-07, 1.0030612E+00, 9.262755E-01
-1.8230706E-07, 1.0044643E+00, 9.275510E-01
-1.8224456E-07, 1.0056123E+00, 9.311224E-01
-1.8218206E-07, 1.0058674E+00, 9.350765E-01
-1.8211956E-07, 1.0066327E+00, 9.380102E-01
-1.8205706E-07, 1.0086734E+00, 9.391581E-01
-1.8199456E-07, 1.0126276E+00, 9.372449E-01
-1.8193206E-07, 1.0177296E+00, 9.326531E-01
-1.8186956E-07, 1.0225766E+00, 9.272959E-01
-1.8180706E-07, 1.0247449E+00, 9.237245E-01
-1.8174456E-07, 1.0225766E+00, 9.232143E-01
-1.8168206E-07, 1.0174745E+00, 9.253827E-01
-1.8161956E-07, 1.0113521E+00, 9.293367E-01
-1.8155706E-07, 1.0073980E+00, 9.325255E-01
-1.8149456E-07, 1.0073980E+00, 9.331633E-01
-1.8143206E-07, 1.0122449E+00, 9.303572E-01
-1.8136956E-07, 1.0204082E+00, 9.261479E-01
-1.8130706E-07, 1.0280613E+00, 9.227041E-01
-1.8124456E-07, 1.0327806E+00, 9.209183E-01
-1.8118206E-07, 1.0335460E+00, 9.220663E-01
-1.8111956E-07, 1.0293367E+00, 9.248725E-01
-1.8105706E-07, 1.0233419E+00, 9.265306E-01
-1.8099456E-07, 1.0173470E+00, 9.270408E-01
-1.8093206E-07, 1.0118623E+00, 9.257653E-01
-1.8086956E-07, 1.0094388E+00, 9.234694E-01
-1.8080706E-07, 1.0094388E+00, 9.237245E-01
-1.8074456E-07, 1.0114796E+00, 9.272959E-01
-1.8068206E-07, 1.0147959E+00, 9.339285E-01
-1.8061956E-07, 1.0172194E+00, 9.410715E-01
-1.8055706E-07, 1.0195153E+00, 9.448979E-01
-1.8049456E-07, 1.0204082E+00, 9.447704E-01
-1.8043206E-07, 1.0190051E+00, 9.403061E-01
-1.8036956E-07, 1.0172194E+00, 9.329082E-01
-1.8030706E-07, 1.0155612E+00, 9.267857E-01
-1.8024456E-07, 1.0154337E+00, 9.243622E-01
-1.8018206E-07, 1.0158163E+00, 9.270408E-01
-1.8011956E-07, 1.0172194E+00, 9.321429E-01
-1.8005706E-07, 1.0192602E+00, 9.385204E-01
-1.7999456E-07, 1.0187500E+00, 9.448979E-01
-1.7993206E-07, 1.0179847E+00, 9.475765E-01
-1.7986956E-07, 1.0172194E+00, 9.487245E-01
-1.7980706E-07, 1.0173470E+00, 9.483418E-01
-1.7974456E-07, 1.0205357E+00, 9.468112E-01
-1.7968206E-07, 1.0248724E+00, 9.460459E-01
-1.7961956E-07, 1.0298469E+00, 9.442602E-01
-1.7955706E-07, 1.0341836E+00, 9.422194E-01
-1.7949456E-07, 1.0349489E+00, 9.409439E-01
-1.7943206E-07, 1.0317602E+00, 9.391581E-01
-1.7936956E-07, 1.0253826E+00, 9.372449E-01
-1.7930706E-07, 1.0176021E+00, 9.348214E-01
-1.7924456E-07, 1.0123725E+00, 9.315051E-01
-1.7918206E-07, 1.0096939E+00, 9.289541E-01
-1.7911956E-07, 1.0113521E+00, 9.257653E-01
-1.7905706E-07, 1.0176021E+00, 9.242347E-01
-1.7899456E-07, 1.0248724E+00, 9.260204E-01
-1.7893206E-07, 1.0316327E+00, 9.295918E-01
-1.7886956E-07, 1.0344387E+00, 9.348214E-01
-1.7880706E-07, 1.0330358E+00, 9.383929E-01
-1.7874456E-07, 1.0278062E+00, 9.395408E-01
-1.7868206E-07, 1.0197704E+00, 9.372449E-01
-1.7861956E-07, 1.0136479E+00, 9.311224E-01
-1.7855706E-07, 1.0103316E+00, 9.257653E-01
-1.7849456E-07, 1.0103316E+00, 9.221939E-01
-1.7843206E-07, 1.0133928E+00, 9.220663E-01
-1.7836956E-07, 1.0159439E+00, 9.256378E-01
-1.7830706E-07, 1.0170919E+00, 9.298469E-01
-1.7824456E-07, 1.0172194E+00, 9.332908E-01
-1.7818206E-07, 1.0149235E+00, 9.353316E-01
-1.7811956E-07, 1.0116072E+00, 9.334184E-01
-1.7805706E-07, 1.0096939E+00, 9.297194E-01
-1.7799456E-07, 1.0081632E+00, 9.272959E-01
-1.7793206E-07, 1.0071429E+00, 9.269133E-01
-1.7786956E-07, 1.0067602E+00, 9.297194E-01
-1.7780706E-07, 1.0061225E+00, 9.343112E-01
-1.7774456E-07, 1.0056123E+00, 9.376276E-01
-1.7768206E-07, 1.0066327E+00, 9.375000E-01
-1.7761956E-07, 1.0099490E+00, 9.340561E-01
-1.7755706E-07, 1.0144132E+00, 9.294643E-01
-1.7749456E-07, 1.0195153E+00, 9.252551E-01
-1.7743206E-07, 1.0241071E+00, 9.248725E-01
-1.7736956E-07, 1.0262755E+00, 9.288265E-01
-1.7730706E-07, 1.0272959E+00, 9.345663E-01
-1.7724456E-07, 1.0270408E+00, 9.401786E-01
-1.7718206E-07, 1.0261480E+00, 9.418367E-01
-1.7711956E-07, 1.0267857E+00, 9.383929E-01
-1.7705706E-07, 1.0274235E+00, 9.327806E-01
-1.7699456E-07, 1.0278062E+00, 9.265306E-01
-1.7693206E-07, 1.0292091E+00, 9.228317E-01
-1.7686956E-07, 1.0294642E+00, 9.251276E-01
-1.7680706E-07, 1.0284439E+00, 9.306123E-01
-1.7674456E-07, 1.0270408E+00, 9.371173E-01
-1.7668206E-07, 1.0244898E+00, 9.422194E-01
-1.7661956E-07, 1.0210459E+00, 9.434949E-01
-1.7655706E-07, 1.0178572E+00, 9.406888E-01
-1.7649456E-07, 1.0163265E+00, 9.362245E-01
-1.7643206E-07, 1.0159439E+00, 9.336734E-01
-1.7636956E-07, 1.0164541E+00, 9.332908E-01
-1.7630706E-07, 1.0163265E+00, 9.357143E-01
-1.7624456E-07, 1.0149235E+00, 9.383929E-01
-1.7618206E-07, 1.0128827E+00, 9.400510E-01
-1.7611956E-07, 1.0112245E+00, 9.400510E-01
-1.7605706E-07, 1.0123725E+00, 9.383929E-01
-1.7599456E-07, 1.0168368E+00, 9.364796E-01
-1.7593206E-07, 1.0251275E+00, 9.343112E-01
-1.7586956E-07, 1.0348214E+00, 9.331633E-01
-1.7580706E-07, 1.0437500E+00, 9.326531E-01
-1.7574456E-07, 1.0475765E+00, 9.338010E-01
-1.7568206E-07, 1.0452806E+00, 9.357143E-01
-1.7561956E-07, 1.0396683E+00, 9.385204E-01
-1.7555706E-07, 1.0325255E+00, 9.434949E-01
-1.7549456E-07, 1.0271684E+00, 9.485970E-01
-1.7543206E-07, 1.0250000E+00, 9.520408E-01
-1.7536956E-07, 1.0265306E+00, 9.508929E-01
-1.7530706E-07, 1.0306122E+00, 9.452806E-01
-1.7524456E-07, 1.0338011E+00, 9.363520E-01
-1.7518206E-07, 1.0354592E+00, 9.261479E-01
-1.7511956E-07, 1.0344387E+00, 9.200255E-01
-1.7505706E-07, 1.0308673E+00, 9.195153E-01
-1.7499456E-07, 1.0264031E+00, 9.242347E-01
-1.7493206E-07, 1.0227041E+00, 9.325255E-01
-1.7486956E-07, 1.0204082E+00, 9.405612E-01
-1.7480706E-07, 1.0195153E+00, 9.451531E-01
-1.7474456E-07, 1.0196428E+00, 9.454082E-01
-1.7468206E-07, 1.0191326E+00, 9.428571E-01
-1.7461956E-07, 1.0187500E+00, 9.391581E-01
-1.7455706E-07, 1.0172194E+00, 9.375000E-01
-1.7449456E-07, 1.0156888E+00, 9.377551E-01
-1.7443206E-07, 1.0156888E+00, 9.392857E-01
-1.7436956E-07, 1.0164541E+00, 9.405612E-01
-1.7430706E-07, 1.0183673E+00, 9.392857E-01
-1.7424456E-07, 1.0214286E+00, 9.359694E-01
-1.7418206E-07, 1.0239795E+00, 9.327806E-01
-1.7411956E-07, 1.0253826E+00, 9.313775E-01
-1.7405706E-07, 1.0246173E+00, 9.339285E-01
-1.7399456E-07, 1.0214286E+00, 9.394132E-01
-1.7393206E-07, 1.0186224E+00, 9.450255E-01
-1.7386956E-07, 1.0155612E+00, 9.493622E-01
-1.7380706E-07, 1.0135204E+00, 9.482143E-01
-1.7374456E-07, 1.0125000E+00, 9.417092E-01
-1.7368206E-07, 1.0117347E+00, 9.313775E-01
-1.7361956E-07, 1.0123725E+00, 9.207908E-01
-1.7355706E-07, 1.0140306E+00, 9.146684E-01
-1.7349456E-07, 1.0170919E+00, 9.142857E-01
-1.7343206E-07, 1.0221939E+00, 9.200255E-01
-1.7336956E-07, 1.0269133E+00, 9.288265E-01
-1.7330706E-07, 1.0307398E+00, 9.354592E-01
-1.7324456E-07, 1.0320153E+00, 9.377551E-01
-1.7318206E-07, 1.0285715E+00, 9.343112E-01
-1.7311956E-07, 1.0224490E+00, 9.265306E-01
-1.7305706E-07, 1.0146683E+00, 9.190051E-01
-1.7299456E-07, 1.0086734E+00, 9.147959E-01
-1.7293206E-07, 1.0065051E+00, 9.164541E-01
-1.7286956E-07, 1.0068878E+00, 9.235969E-01
-1.7280706E-07, 1.0090561E+00, 9.313775E-01
-1.7274456E-07, 1.0116072E+00, 9.376276E-01
-1.7268206E-07, 1.0127552E+00, 9.406888E-01
-1.7261956E-07, 1.0128827E+00, 9.404337E-01
-1.7255706E-07, 1.0114796E+00, 9.387755E-01
-1.7249456E-07, 1.0110970E+00, 9.366071E-01
-1.7243206E-07, 1.0116072E+00, 9.358419E-01
-1.7236956E-07, 1.0121174E+00, 9.360970E-01
-1.7230706E-07, 1.0125000E+00, 9.359694E-01
-1.7224456E-07, 1.0105867E+00, 9.360970E-01
-1.7218206E-07, 1.0079081E+00, 9.359694E-01
-1.7211956E-07, 1.0044643E+00, 9.376276E-01
-1.7205706E-07, 1.0034438E+00, 9.400510E-01
-1.7199456E-07, 1.0062500E+00, 9.441326E-01
-1.7193206E-07, 1.0125000E+00, 9.479592E-01
-1.7186956E-07, 1.0218112E+00, 9.491072E-01
-1.7180706E-07, 1.0290816E+00, 9.489796E-01
-1.7174456E-07, 1.0329082E+00, 9.460459E-01
-1.7168206E-07, 1.0311224E+00, 9.433674E-01
-1.7161956E-07, 1.0241071E+00, 9.417092E-01
-1.7155706E-07, 1.0167092E+00, 9.413266E-01
-1.7149456E-07, 1.0104592E+00, 9.434949E-01
-1.7143206E-07, 1.0073980E+00, 9.454082E-01
-1.7136956E-07, 1.0076531E+00, 9.457908E-01
-1.7130706E-07, 1.0086734E+00, 9.431123E-01
-1.7124456E-07, 1.0103316E+00, 9.375000E-01
-1.7118206E-07, 1.0094388E+00, 9.317602E-01
-1.7111956E-07, 1.0063776E+00, 9.262755E-01
-1.7105706E-07, 1.0035714E+00, 9.224490E-01
-1.7099456E-07, 1.0028061E+00, 9.213010E-01
-1.7093206E-07, 1.0051020E+00, 9.225765E-01
-1.7086956E-07, 1.0094388E+00, 9.252551E-01
-1.7080706E-07, 1.0146683E+00, 9.275510E-01
-1.7074456E-07, 1.0183673E+00, 9.290816E-01
-1.7068206E-07, 1.0192602E+00, 9.294643E-01
-1.7061956E-07, 1.0169643E+00, 9.280612E-01
-1.7055706E-07, 1.0149235E+00, 9.253827E-01
-1.7049456E-07, 1.0144132E+00, 9.242347E-01
-1.7043206E-07, 1.0156888E+00, 9.250000E-01
-1.7036956E-07, 1.0200255E+00, 9.270408E-01
-1.7030706E-07, 1.0241071E+00, 9.311224E-01
-1.7024456E-07, 1.0275511E+00, 9.346939E-01
-1.7018206E-07, 1.0281888E+00, 9.369898E-01
-1.7011956E-07, 1.0256377E+00, 9.367347E-01
-1.7005706E-07, 1.0230868E+00, 9.336734E-01
-1.6999456E-07, 1.0191326E+00, 9.309949E-01
-1.6993206E-07, 1.0165817E+00, 9.281888E-01
-1.6986956E-07, 1.0159439E+00, 9.278061E-01
-1.6980706E-07, 1.0146683E+00, 9.304847E-01
-1.6974456E-07, 1.0141581E+00, 9.331633E-01
-1.6968206E-07, 1.0139030E+00, 9.360970E-01
-1.6961956E-07, 1.0137755E+00, 9.386480E-01
-1.6955706E-07, 1.0153061E+00, 9.397959E-01
-1.6949456E-07, 1.0165817E+00, 9.414541E-01
-1.6943206E-07, 1.0178572E+00, 9.429847E-01
-1.6936956E-07, 1.0188775E+00, 9.445153E-01
-1.6930706E-07, 1.0184948E+00, 9.454082E-01
-1.6924456E-07, 1.0167092E+00, 9.434949E-01
-1.6918206E-07, 1.0139030E+00, 9.382653E-01
-1.6911956E-07, 1.0119898E+00, 9.301021E-01
-1.6905706E-07, 1.0109694E+00, 9.228317E-01
-1.6899456E-07, 1.0107143E+00, 9.183673E-01
-1.6893206E-07, 1.0117347E+00, 9.181122E-01
-1.6886956E-07, 1.0133928E+00, 9.221939E-01
-1.6880706E-07, 1.0153061E+00, 9.284438E-01
-1.6874456E-07, 1.0182397E+00, 9.344388E-01
-1.6868206E-07, 1.0214286E+00, 9.392857E-01
-1.6861956E-07, 1.0234693E+00, 9.424745E-01
-1.6855706E-07, 1.0238520E+00, 9.440051E-01
-1.6849456E-07, 1.0218112E+00, 9.442602E-01
-1.6843206E-07, 1.0179847E+00, 9.431123E-01
-1.6836956E-07, 1.0126276E+00, 9.397959E-01
-1.6830706E-07, 1.0085459E+00, 9.332908E-01
-1.6824456E-07, 1.0077807E+00, 9.252551E-01
-1.6818206E-07, 1.0100765E+00, 9.179847E-01
-1.6811956E-07, 1.0141581E+00, 9.137755E-01
-1.6805706E-07, 1.0190051E+00, 9.142857E-01
-1.6799456E-07, 1.0227041E+00, 9.201531E-01
-1.6793206E-07, 1.0237244E+00, 9.288265E-01
-1.6786956E-07, 1.0229592E+00, 9.362245E-01
-1.6780706E-07, 1.0214286E+00, 9.397959E-01
-1.6774456E-07, 1.0209184E+00, 9.390306E-01
-1.6768206E-07, 1.0211735E+00, 9.354592E-01
-1.6761956E-07, 1.0216837E+00, 9.313775E-01
-1.6755706E-07, 1.0214286E+00, 9.288265E-01
-1.6749456E-07, 1.0206633E+00, 9.288265E-01
-1.6743206E-07, 1.0179847E+00, 9.316326E-01
-1.6736956E-07, 1.0145408E+00, 9.343112E-01
-1.6730706E-07, 1.0128827E+00, 9.359694E-01
-1.6724456E-07, 1.0133928E+00, 9.372449E-01
-1.6718206E-07, 1.0167092E+00, 9.381378E-01
-1.6711956E-07, 1.0223215E+00, 9.403061E-01
-1.6705706E-07, 1.0281888E+00, 9.437500E-01
-1.6699456E-07, 1.0338011E+00, 9.468112E-01
-1.6693206E-07, 1.0373725E+00, 9.485970E-01
-1.6686956E-07, 1.0375000E+00, 9.479592E-01
-1.6680706E-07, 1.0353316E+00, 9.441326E-01
-1.6674456E-07, 1.0298469E+00, 9.395408E-01
-1.6668206E-07, 1.0227041E+00, 9.345663E-01
-1.6661956E-07, 1.0163265E+00, 9.315051E-01
-1.6655706E-07, 1.0121174E+00, 9.311224E-01
-1.6649456E-07, 1.0113521E+00, 9.326531E-01
-1.6643206E-07, 1.0128827E+00, 9.350765E-01
-1.6636956E-07, 1.0158163E+00, 9.363520E-01
-1.6630706E-07, 1.0173470E+00, 9.362245E-01
-1.6624456E-07, 1.0168368E+00, 9.346939E-01
-1.6618206E-07, 1.0146683E+00, 9.339285E-01
-1.6611956E-07, 1.0109694E+00, 9.355868E-01
-1.6605706E-07, 1.0099490E+00, 9.387755E-01
-1.6599456E-07, 1.0122449E+00, 9.450255E-01
-1.6593206E-07, 1.0170919E+00, 9.517857E-01
-1.6586956E-07, 1.0239795E+00, 9.568878E-01
-1.6580706E-07, 1.0293367E+00, 9.599490E-01
-1.6574456E-07, 1.0304847E+00, 9.599490E-01
-1.6568206E-07, 1.0276786E+00, 9.581633E-01
-1.6561956E-07, 1.0229592E+00, 9.558674E-01
-1.6555706E-07, 1.0183673E+00, 9.545918E-01
-1.6549456E-07, 1.0172194E+00, 9.538265E-01
-1.6543206E-07, 1.0188775E+00, 9.534439E-01
-1.6536956E-07, 1.0218112E+00, 9.511480E-01
-1.6530706E-07, 1.0250000E+00, 9.456633E-01
-1.6524456E-07, 1.0244898E+00, 9.391581E-01
-1.6518206E-07, 1.0209184E+00, 9.313775E-01
-1.6511956E-07, 1.0153061E+00, 9.258928E-01
-1.6505706E-07, 1.0093112E+00, 9.247449E-01
-1.6499456E-07, 1.0067602E+00, 9.274235E-01
-1.6493206E-07, 1.0067602E+00, 9.355868E-01
-1.6486956E-07, 1.0088010E+00, 9.457908E-01
-1.6480706E-07, 1.0109694E+00, 9.552296E-01
-1.6474456E-07, 1.0109694E+00, 9.619898E-01
-1.6468206E-07, 1.0089285E+00, 9.632653E-01
-1.6461956E-07, 1.0067602E+00, 9.595664E-01
-1.6455706E-07, 1.0063776E+00, 9.526786E-01
-1.6449456E-07, 1.0094388E+00, 9.452806E-01
-1.6443206E-07, 1.0167092E+00, 9.397959E-01
-1.6436956E-07, 1.0265306E+00, 9.385204E-01
-1.6430706E-07, 1.0338011E+00, 9.415816E-01
-1.6424456E-07, 1.0367347E+00, 9.450255E-01
-1.6418206E-07, 1.0350765E+00, 9.475765E-01
-1.6411956E-07, 1.0286989E+00, 9.471939E-01
-1.6405706E-07, 1.0221939E+00, 9.424745E-01
-1.6399456E-07, 1.0184948E+00, 9.360970E-01
-1.6393206E-07, 1.0182397E+00, 9.301021E-01
-1.6386956E-07, 1.0205357E+00, 9.258928E-01
-1.6380706E-07, 1.0223215E+00, 9.243622E-01
-1.6374456E-07, 1.0201530E+00, 9.244898E-01
-1.6368206E-07, 1.0141581E+00, 9.247449E-01
-1.6361956E-07, 1.0065051E+00, 9.256378E-01
-1.6355706E-07, 9.997449E-01, 9.278061E-01
-1.6349456E-07, 9.982143E-01, 9.306123E-01
-1.6343206E-07, 1.0017858E+00, 9.353316E-01
-1.6336956E-07, 1.0085459E+00, 9.389030E-01
-1.6330706E-07, 1.0167092E+00, 9.390306E-01
-1.6324456E-07, 1.0214286E+00, 9.362245E-01
-1.6318206E-07, 1.0218112E+00, 9.295918E-01
-1.6311956E-07, 1.0193877E+00, 9.223214E-01
-1.6305706E-07, 1.0151786E+00, 9.186224E-01
-1.6299456E-07, 1.0123725E+00, 9.196429E-01
-1.6293206E-07, 1.0125000E+00, 9.255102E-01
-1.6286956E-07, 1.0153061E+00, 9.338010E-01
-1.6280706E-07, 1.0188775E+00, 9.403061E-01
-1.6274456E-07, 1.0209184E+00, 9.415816E-01
-1.6268206E-07, 1.0207908E+00, 9.371173E-01
-1.6261956E-07, 1.0187500E+00, 9.295918E-01
-1.6255706E-07, 1.0161990E+00, 9.235969E-01
-1.6249456E-07, 1.0141581E+00, 9.233418E-01
-1.6243206E-07, 1.0139030E+00, 9.293367E-01
-1.6236956E-07, 1.0154337E+00, 9.397959E-01
-1.6230706E-07, 1.0187500E+00, 9.500000E-01
-1.6224456E-07, 1.0233419E+00, 9.562500E-01
-1.6218206E-07, 1.0279337E+00, 9.561225E-01
-1.6211956E-07, 1.0313776E+00, 9.502551E-01
-1.6205706E-07, 1.0336735E+00, 9.422194E-01
-1.6199456E-07, 1.0334184E+00, 9.362245E-01
-1.6193206E-07, 1.0312500E+00, 9.334184E-01
-1.6186956E-07, 1.0294642E+00, 9.340561E-01
-1.6180706E-07, 1.0278062E+00, 9.373724E-01
-1.6174456E-07, 1.0272959E+00, 9.394132E-01
-1.6168206E-07, 1.0270408E+00, 9.392857E-01
-1.6161956E-07, 1.0248724E+00, 9.375000E-01
-1.6155706E-07, 1.0193877E+00, 9.348214E-01
-1.6149456E-07, 1.0112245E+00, 9.338010E-01
-1.6143206E-07, 1.0022960E+00, 9.357143E-01
-1.6136956E-07, 9.964285E-01, 9.395408E-01
-1.6130706E-07, 9.961734E-01, 9.440051E-01
-1.6124456E-07, 1.0010204E+00, 9.459184E-01
-1.6118206E-07, 1.0112245E+00, 9.428571E-01
-1.6111956E-07, 1.0220664E+00, 9.371173E-01
-1.6105706E-07, 1.0293367E+00, 9.306123E-01
-1.6099456E-07, 1.0311224E+00, 9.262755E-01
-1.6093206E-07, 1.0258929E+00, 9.270408E-01
-1.6086956E-07, 1.0183673E+00, 9.309949E-01
-1.6080706E-07, 1.0110970E+00, 9.387755E-01
-1.6074456E-07, 1.0065051E+00, 9.457908E-01
-1.6068206E-07, 1.0072705E+00, 9.483418E-01
-1.6061956E-07, 1.0116072E+00, 9.470663E-01
-1.6055706E-07, 1.0181123E+00, 9.419643E-01
-1.6049456E-07, 1.0225766E+00, 9.362245E-01
-1.6043206E-07, 1.0238520E+00, 9.307398E-01
-1.6036956E-07, 1.0224490E+00, 9.284438E-01
-1.6030706E-07, 1.0179847E+00, 9.301021E-01
-1.6024456E-07, 1.0135204E+00, 9.327806E-01
-1.6018206E-07, 1.0102041E+00, 9.357143E-01
-1.6011956E-07, 1.0100765E+00, 9.363520E-01
-1.6005706E-07, 1.0130103E+00, 9.348214E-01
-1.5999456E-07, 1.0165817E+00, 9.321429E-01
-1.5993206E-07, 1.0210459E+00, 9.292092E-01
-1.5986956E-07, 1.0227041E+00, 9.289541E-01
-1.5980706E-07, 1.0223215E+00, 9.306123E-01
-1.5974456E-07, 1.0193877E+00, 9.348214E-01
-1.5968206E-07, 1.0144132E+00, 9.391581E-01
-1.5961956E-07, 1.0112245E+00, 9.417092E-01
-1.5955706E-07, 1.0094388E+00, 9.437500E-01
-1.5949456E-07, 1.0099490E+00, 9.441326E-01
-1.5943206E-07, 1.0128827E+00, 9.445153E-01
-1.5936956E-07, 1.0159439E+00, 9.455357E-01
-1.5930706E-07, 1.0193877E+00, 9.459184E-01
-1.5924456E-07, 1.0205357E+00, 9.457908E-01
-1.5918206E-07, 1.0187500E+00, 9.426020E-01
-1.5911956E-07, 1.0151786E+00, 9.367347E-01
-1.5905706E-07, 1.0100765E+00, 9.308674E-01
-1.5899456E-07, 1.0054847E+00, 9.269133E-01
-1.5893206E-07, 1.0033163E+00, 9.276786E-01
-1.5886956E-07, 1.0048469E+00, 9.339285E-01
-1.5880706E-07, 1.0095663E+00, 9.437500E-01
-1.5874456E-07, 1.0169643E+00, 9.526786E-01
-1.5868206E-07, 1.0238520E+00, 9.573979E-01
-1.5861956E-07, 1.0279337E+00, 9.549745E-01
-1.5855706E-07, 1.0284439E+00, 9.452806E-01
-1.5849456E-07, 1.0256377E+00, 9.322704E-01
-1.5843206E-07, 1.0213010E+00, 9.204082E-01
-1.5836956E-07, 1.0167092E+00, 9.139031E-01
-1.5830706E-07, 1.0130103E+00, 9.140306E-01
-1.5824456E-07, 1.0102041E+00, 9.195153E-01
-1.5818206E-07, 1.0085459E+00, 9.270408E-01
-1.5811956E-07, 1.0067602E+00, 9.338010E-01
-1.5805706E-07, 1.0054847E+00, 9.369898E-01
-1.5799456E-07, 1.0045918E+00, 9.367347E-01
-1.5793206E-07, 1.0038265E+00, 9.339285E-01
-1.5786956E-07, 1.0045918E+00, 9.302296E-01
-1.5780706E-07, 1.0073980E+00, 9.279337E-01
-1.5774456E-07, 1.0116072E+00, 9.288265E-01
-1.5768206E-07, 1.0160714E+00, 9.325255E-01
-1.5761956E-07, 1.0207908E+00, 9.373724E-01
-1.5755706E-07, 1.0235969E+00, 9.436225E-01
-1.5749456E-07, 1.0242347E+00, 9.483418E-01
-1.5743206E-07, 1.0244898E+00, 9.505102E-01
-1.5736956E-07, 1.0223215E+00, 9.521683E-01
-1.5730706E-07, 1.0192602E+00, 9.507653E-01
-1.5724456E-07, 1.0178572E+00, 9.474490E-01
-1.5718206E-07, 1.0169643E+00, 9.441326E-01
-1.5711956E-07, 1.0177296E+00, 9.395408E-01
-1.5705706E-07, 1.0196428E+00, 9.353316E-01
-1.5699456E-07, 1.0205357E+00, 9.325255E-01
-1.5693206E-07, 1.0211735E+00, 9.303572E-01
-1.5686956E-07, 1.0204082E+00, 9.308674E-01
-1.5680706E-07, 1.0188775E+00, 9.326531E-01
-1.5674456E-07, 1.0187500E+00, 9.346939E-01
-1.5668206E-07, 1.0191326E+00, 9.369898E-01
-1.5661956E-07, 1.0204082E+00, 9.362245E-01
-1.5655706E-07, 1.0233419E+00, 9.327806E-01
-1.5649456E-07, 1.0256377E+00, 9.293367E-01
-1.5643206E-07, 1.0261480E+00, 9.262755E-01
-1.5636956E-07, 1.0253826E+00, 9.251276E-01
-1.5630706E-07, 1.0230868E+00, 9.271684E-01
-1.5624456E-07, 1.0204082E+00, 9.306123E-01
-1.5618206E-07, 1.0179847E+00, 9.339285E-01
-1.5611956E-07, 1.0163265E+00, 9.350765E-01
-1.5605706E-07, 1.0165817E+00, 9.340561E-01
-1.5599456E-07, 1.0172194E+00, 9.341837E-01
-1.5593206E-07, 1.0165817E+00, 9.360970E-01
-1.5586956E-07, 1.0160714E+00, 9.400510E-01
-1.5580706E-07, 1.0160714E+00, 9.460459E-01
-1.5574456E-07, 1.0165817E+00, 9.515306E-01
-1.5568206E-07, 1.0184948E+00, 9.529337E-01
-1.5561956E-07, 1.0216837E+00, 9.485970E-01
-1.5555706E-07, 1.0264031E+00, 9.399235E-01
-1.5549456E-07, 1.0308673E+00, 9.311224E-01
-1.5543206E-07, 1.0329082E+00, 9.262755E-01
-1.5536956E-07, 1.0316327E+00, 9.270408E-01
-1.5530706E-07, 1.0278062E+00, 9.331633E-01
-1.5524456E-07, 1.0233419E+00, 9.420918E-01
-1.5518206E-07, 1.0190051E+00, 9.506378E-01
-1.5511956E-07, 1.0158163E+00, 9.556122E-01
-1.5505706E-07, 1.0132653E+00, 9.561225E-01
-1.5499456E-07, 1.0109694E+00, 9.534439E-01
-1.5493206E-07, 1.0084183E+00, 9.508929E-01
-1.5486956E-07, 1.0039541E+00, 9.502551E-01
-1.5480706E-07, 9.998724E-01, 9.506378E-01
-1.5474456E-07, 9.985970E-01, 9.514031E-01
-1.5468206E-07, 1.0012755E+00, 9.514031E-01
-1.5461956E-07, 1.0080357E+00, 9.496173E-01
-1.5455706E-07, 1.0176021E+00, 9.466836E-01
-1.5449456E-07, 1.0272959E+00, 9.447704E-01
-1.5443206E-07, 1.0354592E+00, 9.456633E-01
-1.5436956E-07, 1.0397959E+00, 9.505102E-01
-1.5430706E-07, 1.0396683E+00, 9.571428E-01
-1.5424456E-07, 1.0380102E+00, 9.617347E-01
-1.5418206E-07, 1.0346938E+00, 9.631377E-01
-1.5411956E-07, 1.0297194E+00, 9.582908E-01
-1.5405706E-07, 1.0251275E+00, 9.478316E-01
-1.5399456E-07, 1.0192602E+00, 9.366071E-01
-1.5393206E-07, 1.0135204E+00, 9.274235E-01
-1.5386956E-07, 1.0103316E+00, 9.238520E-01
-1.5380706E-07, 1.0095663E+00, 9.276786E-01
-1.5374456E-07, 1.0128827E+00, 9.354592E-01
-1.5368206E-07, 1.0198979E+00, 9.450255E-01
-1.5361956E-07, 1.0267857E+00, 9.539541E-01
-1.5355706E-07, 1.0302296E+00, 9.585459E-01
-1.5349456E-07, 1.0297194E+00, 9.581633E-01
-1.5343206E-07, 1.0246173E+00, 9.552296E-01
-1.5336956E-07, 1.0183673E+00, 9.503826E-01
-1.5330706E-07, 1.0146683E+00, 9.463010E-01
-1.5324456E-07, 1.0142857E+00, 9.441326E-01
-1.5318206E-07, 1.0190051E+00, 9.428571E-01
-1.5311956E-07, 1.0252551E+00, 9.438776E-01
-1.5305706E-07, 1.0286989E+00, 9.456633E-01
-1.5299456E-07, 1.0276786E+00, 9.464286E-01
-1.5293206E-07, 1.0214286E+00, 9.459184E-01
-1.5286956E-07, 1.0144132E+00, 9.433674E-01
-1.5280706E-07, 1.0093112E+00, 9.408163E-01
-1.5274456E-07, 1.0084183E+00, 9.383929E-01
-1.5268206E-07, 1.0127552E+00, 9.366071E-01
-1.5261956E-07, 1.0190051E+00, 9.373724E-01
-1.5255706E-07, 1.0237244E+00, 9.396684E-01
-1.5249456E-07, 1.0256377E+00, 9.429847E-01
-1.5243206E-07, 1.0239795E+00, 9.473214E-01
-1.5236956E-07, 1.0209184E+00, 9.511480E-01
-1.5230706E-07, 1.0178572E+00, 9.540817E-01
-1.5224456E-07, 1.0167092E+00, 9.549745E-01
-1.5218206E-07, 1.0177296E+00, 9.538265E-01
-1.5211956E-07, 1.0182397E+00, 9.512755E-01
-1.5205706E-07, 1.0170919E+00, 9.470663E-01
-1.5199456E-07, 1.0149235E+00, 9.419643E-01
-1.5193206E-07, 1.0122449E+00, 9.377551E-01
-1.5186956E-07, 1.0100765E+00, 9.350765E-01
-1.5180706E-07, 1.0108418E+00, 9.341837E-01
-1.5174456E-07, 1.0130103E+00, 9.368622E-01
-1.5168206E-07, 1.0140306E+00, 9.415816E-01
-1.5161956E-07, 1.0135204E+00, 9.460459E-01
-1.5155706E-07, 1.0102041E+00, 9.496173E-01
-1.5149456E-07, 1.0056123E+00, 9.498724E-01
-1.5143206E-07, 1.0030612E+00, 9.456633E-01
-1.5136956E-07, 1.0054847E+00, 9.386480E-01
-1.5130706E-07, 1.0139030E+00, 9.316326E-01
-1.5124456E-07, 1.0248724E+00, 9.269133E-01
-1.5118206E-07, 1.0348214E+00, 9.250000E-01
-1.5111956E-07, 1.0400510E+00, 9.269133E-01
-1.5105706E-07, 1.0382653E+00, 9.311224E-01
-1.5099456E-07, 1.0298469E+00, 9.350765E-01
-1.5093206E-07, 1.0176021E+00, 9.373724E-01
-1.5086956E-07, 1.0066327E+00, 9.372449E-01
-1.5080706E-07, 9.989796E-01, 9.366071E-01
-1.5074456E-07, 9.956633E-01, 9.355868E-01
-1.5068206E-07, 9.970663E-01, 9.357143E-01
-1.5061956E-07, 1.0000000E+00, 9.376276E-01
-1.5055706E-07, 1.0022960E+00, 9.397959E-01
-1.5049456E-07, 1.0040816E+00, 9.406888E-01
-1.5043206E-07, 1.0054847E+00, 9.405612E-01
-1.5036956E-07, 1.0059949E+00, 9.399235E-01
-1.5030706E-07, 1.0062500E+00, 9.383929E-01
-1.5024456E-07, 1.0068878E+00, 9.372449E-01
-1.5018206E-07, 1.0082908E+00, 9.368622E-01
-1.5011956E-07, 1.0095663E+00, 9.376276E-01
-1.5005706E-07, 1.0090561E+00, 9.391581E-01
-1.4999456E-07, 1.0082908E+00, 9.394132E-01
-1.4993206E-07, 1.0066327E+00, 9.403061E-01
-1.4986956E-07, 1.0043367E+00, 9.413266E-01
-1.4980706E-07, 1.0049745E+00, 9.423469E-01
-1.4974456E-07, 1.0072705E+00, 9.459184E-01
-1.4968206E-07, 1.0121174E+00, 9.489796E-01
-1.4961956E-07, 1.0192602E+00, 9.511480E-01
-1.4955706E-07, 1.0256377E+00, 9.522959E-01
-1.4949456E-07, 1.0303571E+00, 9.503826E-01
-1.4943206E-07, 1.0320153E+00, 9.471939E-01
-1.4936956E-07, 1.0309949E+00, 9.440051E-01
-1.4930706E-07, 1.0286989E+00, 9.432398E-01
-1.4924456E-07, 1.0256377E+00, 9.456633E-01
-1.4918206E-07, 1.0229592E+00, 9.494898E-01
-1.4911956E-07, 1.0207908E+00, 9.530612E-01
-1.4905706E-07, 1.0202806E+00, 9.531888E-01
-1.4899456E-07, 1.0209184E+00, 9.498724E-01
-1.4893206E-07, 1.0218112E+00, 9.431123E-01
-1.4886956E-07, 1.0232143E+00, 9.343112E-01
-1.4880706E-07, 1.0251275E+00, 9.267857E-01
-1.4874456E-07, 1.0284439E+00, 9.228317E-01
-1.4868206E-07, 1.0307398E+00, 9.244898E-01
-1.4861956E-07, 1.0318878E+00, 9.292092E-01
-1.4855706E-07, 1.0315051E+00, 9.354592E-01
-1.4849456E-07, 1.0304847E+00, 9.406888E-01
-1.4843206E-07, 1.0298469E+00, 9.442602E-01
-1.4836956E-07, 1.0298469E+00, 9.460459E-01
-1.4830706E-07, 1.0320153E+00, 9.461735E-01
-1.4824456E-07, 1.0335460E+00, 9.466836E-01
-1.4818206E-07, 1.0334184E+00, 9.465562E-01
-1.4811956E-07, 1.0304847E+00, 9.465562E-01
-1.4805706E-07, 1.0241071E+00, 9.463010E-01
-1.4799456E-07, 1.0167092E+00, 9.454082E-01
-1.4793206E-07, 1.0091836E+00, 9.454082E-01
-1.4786956E-07, 1.0056123E+00, 9.448979E-01
-1.4780706E-07, 1.0066327E+00, 9.454082E-01
-1.4774456E-07, 1.0112245E+00, 9.459184E-01
-1.4768206E-07, 1.0197704E+00, 9.447704E-01
-1.4761956E-07, 1.0272959E+00, 9.437500E-01
-1.4755706E-07, 1.0313776E+00, 9.411990E-01
-1.4749456E-07, 1.0318878E+00, 9.377551E-01
-1.4743206E-07, 1.0278062E+00, 9.360970E-01
-1.4736956E-07, 1.0204082E+00, 9.352041E-01
-1.4730706E-07, 1.0145408E+00, 9.346939E-01
-1.4724456E-07, 1.0122449E+00, 9.358419E-01
-1.4718206E-07, 1.0133928E+00, 9.368622E-01
-1.4711956E-07, 1.0182397E+00, 9.366071E-01
-1.4705706E-07, 1.0248724E+00, 9.359694E-01
-1.4699456E-07, 1.0308673E+00, 9.355868E-01
-1.4693206E-07, 1.0340561E+00, 9.364796E-01
-1.4686956E-07, 1.0355867E+00, 9.378827E-01
-1.4680706E-07, 1.0350765E+00, 9.403061E-01
-1.4674456E-07, 1.0343112E+00, 9.413266E-01
-1.4668206E-07, 1.0325255E+00, 9.406888E-01
-1.4661956E-07, 1.0293367E+00, 9.372449E-01
-1.4655706E-07, 1.0256377E+00, 9.318877E-01
-1.4649456E-07, 1.0214286E+00, 9.272959E-01
-1.4643206E-07, 1.0178572E+00, 9.256378E-01
-1.4636956E-07, 1.0153061E+00, 9.278061E-01
-1.4630706E-07, 1.0163265E+00, 9.315051E-01
-1.4624456E-07, 1.0205357E+00, 9.367347E-01
-1.4618206E-07, 1.0252551E+00, 9.415816E-01
-1.4611956E-07, 1.0278062E+00, 9.441326E-01
-1.4605706E-07, 1.0260204E+00, 9.437500E-01
-1.4599456E-07, 1.0214286E+00, 9.414541E-01
-1.4593206E-07, 1.0159439E+00, 9.401786E-01
-1.4586956E-07, 1.0110970E+00, 9.405612E-01
-1.4580706E-07, 1.0086734E+00, 9.409439E-01
-1.4574456E-07, 1.0094388E+00, 9.403061E-01
-1.4568206E-07, 1.0126276E+00, 9.383929E-01
-1.4561956E-07, 1.0142857E+00, 9.363520E-01
-1.4555706E-07, 1.0125000E+00, 9.335459E-01
-1.4549456E-07, 1.0076531E+00, 9.317602E-01
-1.4543206E-07, 1.0010204E+00, 9.318877E-01
-1.4536956E-07, 9.970663E-01, 9.331633E-01
-1.4530706E-07, 9.974490E-01, 9.358419E-01
-1.4524456E-07, 1.0039541E+00, 9.377551E-01
-1.4518206E-07, 1.0158163E+00, 9.385204E-01
-1.4511956E-07, 1.0285715E+00, 9.390306E-01
-1.4505706E-07, 1.0387756E+00, 9.389030E-01
-1.4499456E-07, 1.0434949E+00, 9.392857E-01
-1.4493206E-07, 1.0420918E+00, 9.404337E-01
-1.4486956E-07, 1.0352041E+00, 9.422194E-01
-1.4480706E-07, 1.0262755E+00, 9.436225E-01
-1.4474456E-07, 1.0193877E+00, 9.442602E-01
-1.4468206E-07, 1.0159439E+00, 9.448979E-01
-1.4461956E-07, 1.0178572E+00, 9.450255E-01
-1.4455706E-07, 1.0230868E+00, 9.466836E-01
-1.4449456E-07, 1.0299745E+00, 9.497449E-01
-1.4443206E-07, 1.0348214E+00, 9.548469E-01
-1.4436956E-07, 1.0352041E+00, 9.603316E-01
-1.4430706E-07, 1.0332909E+00, 9.646684E-01
-1.4424456E-07, 1.0284439E+00, 9.679847E-01
-1.4418206E-07, 1.0229592E+00, 9.674745E-01
-1.4411956E-07, 1.0183673E+00, 9.627551E-01
-1.4405706E-07, 1.0158163E+00, 9.535714E-01
-1.4399456E-07, 1.0158163E+00, 9.415816E-01
-1.4393206E-07, 1.0164541E+00, 9.301021E-01
-1.4386956E-07, 1.0177296E+00, 9.215561E-01
-1.4380706E-07, 1.0188775E+00, 9.187500E-01
-1.4374456E-07, 1.0201530E+00, 9.224490E-01
-1.4368206E-07, 1.0213010E+00, 9.312500E-01
-1.4361956E-07, 1.0213010E+00, 9.413266E-01
-1.4355706E-07, 1.0209184E+00, 9.482143E-01
-1.4349456E-07, 1.0190051E+00, 9.508929E-01
-1.4343206E-07, 1.0158163E+00, 9.492347E-01
-1.4336956E-07, 1.0119898E+00, 9.460459E-01
-1.4330706E-07, 1.0082908E+00, 9.442602E-01
-1.4324456E-07, 1.0077807E+00, 9.455357E-01
-1.4318206E-07, 1.0093112E+00, 9.503826E-01
-1.4311956E-07, 1.0119898E+00, 9.540817E-01
-1.4305706E-07, 1.0159439E+00, 9.535714E-01
-1.4299456E-07, 1.0187500E+00, 9.485970E-01
-1.4293206E-07, 1.0197704E+00, 9.400510E-01
-1.4286956E-07, 1.0198979E+00, 9.323980E-01
-1.4280706E-07, 1.0192602E+00, 9.295918E-01
-1.4274456E-07, 1.0182397E+00, 9.323980E-01
-1.4268206E-07, 1.0186224E+00, 9.381378E-01
-1.4261956E-07, 1.0202806E+00, 9.438776E-01
-1.4255706E-07, 1.0219388E+00, 9.464286E-01
-1.4249456E-07, 1.0223215E+00, 9.450255E-01
-1.4243206E-07, 1.0218112E+00, 9.409439E-01
-1.4236956E-07, 1.0210459E+00, 9.381378E-01
-1.4230706E-07, 1.0202806E+00, 9.397959E-01
-1.4224456E-07, 1.0214286E+00, 9.443877E-01
-1.4218206E-07, 1.0247449E+00, 9.502551E-01
-1.4211956E-07, 1.0289540E+00, 9.536990E-01
-1.4205706E-07, 1.0327806E+00, 9.525510E-01
-1.4199456E-07, 1.0349489E+00, 9.483418E-01
-1.4193206E-07, 1.0355867E+00, 9.446428E-01
-1.4186956E-07, 1.0343112E+00, 9.456633E-01
-1.4180706E-07, 1.0321429E+00, 9.522959E-01
-1.4174456E-07, 1.0312500E+00, 9.618623E-01
-1.4168206E-07, 1.0315051E+00, 9.716837E-01
-1.4161956E-07, 1.0316327E+00, 9.765306E-01
-1.4155706E-07, 1.0304847E+00, 9.734694E-01
-1.4149456E-07, 1.0281888E+00, 9.641582E-01
-1.4143206E-07, 1.0253826E+00, 9.531888E-01
-1.4136956E-07, 1.0216837E+00, 9.459184E-01
-1.4130706E-07, 1.0190051E+00, 9.440051E-01
-1.4124456E-07, 1.0190051E+00, 9.475765E-01
-1.4118206E-07, 1.0197704E+00, 9.547194E-01
-1.4111956E-07, 1.0204082E+00, 9.599490E-01
-1.4105706E-07, 1.0209184E+00, 9.603316E-01
-1.4099456E-07, 1.0202806E+00, 9.572704E-01
-1.4093206E-07, 1.0191326E+00, 9.517857E-01
-1.4086956E-07, 1.0191326E+00, 9.471939E-01
-1.4080706E-07, 1.0196428E+00, 9.460459E-01
-1.4074456E-07, 1.0211735E+00, 9.475765E-01
-1.4068206E-07, 1.0230868E+00, 9.502551E-01
-1.4061956E-07, 1.0242347E+00, 9.519132E-01
-1.4055706E-07, 1.0252551E+00, 9.505102E-01
-1.4049456E-07, 1.0260204E+00, 9.470663E-01
-1.4043206E-07, 1.0267857E+00, 9.420918E-01
-1.4036956E-07, 1.0293367E+00, 9.372449E-01
-1.4030706E-07, 1.0323980E+00, 9.354592E-01
-1.4024456E-07, 1.0349489E+00, 9.357143E-01
-1.4018206E-07, 1.0371174E+00, 9.375000E-01
-1.4011956E-07, 1.0364796E+00, 9.413266E-01
-1.4005706E-07, 1.0332909E+00, 9.446428E-01
-1.3999456E-07, 1.0280613E+00, 9.469388E-01
-1.3993206E-07, 1.0234693E+00, 9.480867E-01
-1.3986956E-07, 1.0206633E+00, 9.482143E-01
-1.3980706E-07, 1.0195153E+00, 9.473214E-01
-1.3974456E-07, 1.0206633E+00, 9.451531E-01
-1.3968206E-07, 1.0228317E+00, 9.424745E-01
-1.3961956E-07, 1.0269133E+00, 9.399235E-01
-1.3955706E-07, 1.0309949E+00, 9.408163E-01
-1.3949456E-07, 1.0343112E+00, 9.441326E-01
-1.3943206E-07, 1.0387756E+00, 9.497449E-01
-1.3936956E-07, 1.0417092E+00, 9.582908E-01
-1.3930706E-07, 1.0426021E+00, 9.655612E-01
-1.3924456E-07, 1.0409439E+00, 9.696429E-01
-1.3918206E-07, 1.0367347E+00, 9.686224E-01
-1.3911956E-07, 1.0318878E+00, 9.628826E-01
-1.3905706E-07, 1.0269133E+00, 9.552296E-01
-1.3899456E-07, 1.0239795E+00, 9.469388E-01
-1.3893206E-07, 1.0235969E+00, 9.414541E-01
-1.3886956E-07, 1.0262755E+00, 9.392857E-01
-1.3880706E-07, 1.0301020E+00, 9.414541E-01
-1.3874456E-07, 1.0321429E+00, 9.461735E-01
-1.3868206E-07, 1.0315051E+00, 9.506378E-01
-1.3861956E-07, 1.0274235E+00, 9.538265E-01
-1.3855706E-07, 1.0227041E+00, 9.543368E-01
-1.3849456E-07, 1.0188775E+00, 9.539541E-01
-1.3843206E-07, 1.0172194E+00, 9.528061E-01
-1.3836956E-07, 1.0197704E+00, 9.511480E-01
-1.3830706E-07, 1.0250000E+00, 9.503826E-01
-1.3824456E-07, 1.0325255E+00, 9.496173E-01
-1.3818206E-07, 1.0401785E+00, 9.502551E-01
-1.3811956E-07, 1.0443877E+00, 9.524235E-01
-1.3805706E-07, 1.0466837E+00, 9.543368E-01
-1.3799456E-07, 1.0471939E+00, 9.581633E-01
-1.3793206E-07, 1.0446428E+00, 9.621174E-01
-1.3786956E-07, 1.0423470E+00, 9.626275E-01
-1.3780706E-07, 1.0400510E+00, 9.609694E-01
-1.3774456E-07, 1.0359694E+00, 9.554847E-01
-1.3768206E-07, 1.0322704E+00, 9.464286E-01
-1.3761956E-07, 1.0275511E+00, 9.389030E-01
-1.3755706E-07, 1.0223215E+00, 9.340561E-01
-1.3749456E-07, 1.0178572E+00, 9.344388E-01
-1.3743206E-07, 1.0136479E+00, 9.399235E-01
-1.3736956E-07, 1.0125000E+00, 9.463010E-01
-1.3730706E-07, 1.0135204E+00, 9.520408E-01
-1.3724456E-07, 1.0154337E+00, 9.536990E-01
-1.3718206E-07, 1.0183673E+00, 9.502551E-01
-1.3711956E-07, 1.0213010E+00, 9.448979E-01
-1.3705706E-07, 1.0239795E+00, 9.409439E-01
-1.3699456E-07, 1.0267857E+00, 9.414541E-01
-1.3693206E-07, 1.0297194E+00, 9.473214E-01
-1.3686956E-07, 1.0330358E+00, 9.557398E-01
-1.3680706E-07, 1.0363520E+00, 9.627551E-01
-1.3674456E-07, 1.0378827E+00, 9.649234E-01
-1.3668206E-07, 1.0375000E+00, 9.599490E-01
-1.3661956E-07, 1.0349489E+00, 9.498724E-01
-1.3655706E-07, 1.0321429E+00, 9.381378E-01
-1.3649456E-07, 1.0307398E+00, 9.295918E-01
-1.3643206E-07, 1.0312500E+00, 9.267857E-01
-1.3636956E-07, 1.0338011E+00, 9.289541E-01
-1.3630706E-07, 1.0357143E+00, 9.339285E-01
-1.3624456E-07, 1.0363520E+00, 9.373724E-01
-1.3618206E-07, 1.0326531E+00, 9.382653E-01
-1.3611956E-07, 1.0255102E+00, 9.353316E-01
-1.3605706E-07, 1.0177296E+00, 9.307398E-01
-1.3599456E-07, 1.0100765E+00, 9.280612E-01
-1.3593206E-07, 1.0063776E+00, 9.267857E-01
-1.3586956E-07, 1.0068878E+00, 9.283164E-01
-1.3580706E-07, 1.0112245E+00, 9.309949E-01
-1.3574456E-07, 1.0188775E+00, 9.336734E-01
-1.3568206E-07, 1.0256377E+00, 9.369898E-01
-1.3561956E-07, 1.0312500E+00, 9.392857E-01
-1.3555706E-07, 1.0346938E+00, 9.426020E-01
-1.3549456E-07, 1.0352041E+00, 9.469388E-01
-1.3543206E-07, 1.0338011E+00, 9.501275E-01
-1.3536956E-07, 1.0307398E+00, 9.515306E-01
-1.3530706E-07, 1.0270408E+00, 9.493622E-01
-1.3524456E-07, 1.0244898E+00, 9.440051E-01
-1.3518206E-07, 1.0233419E+00, 9.377551E-01
-1.3511956E-07, 1.0223215E+00, 9.334184E-01
-1.3505706E-07, 1.0234693E+00, 9.316326E-01
-1.3499456E-07, 1.0253826E+00, 9.353316E-01
-1.3493206E-07, 1.0261480E+00, 9.429847E-01
-1.3486956E-07, 1.0264031E+00, 9.507653E-01
-1.3480706E-07, 1.0252551E+00, 9.566327E-01
-1.3474456E-07, 1.0251275E+00, 9.575255E-01
-1.3468206E-07, 1.0262755E+00, 9.552296E-01
-1.3461956E-07, 1.0283164E+00, 9.506378E-01
-1.3455706E-07, 1.0315051E+00, 9.455357E-01
-1.3449456E-07, 1.0345663E+00, 9.432398E-01
-1.3443206E-07, 1.0363520E+00, 9.445153E-01
-1.3436956E-07, 1.0354592E+00, 9.484694E-01
-1.3430706E-07, 1.0335460E+00, 9.525510E-01
-1.3424456E-07, 1.0316327E+00, 9.563776E-01
-1.3418206E-07, 1.0292091E+00, 9.591837E-01
-1.3411956E-07, 1.0280613E+00, 9.595664E-01
-1.3405706E-07, 1.0285715E+00, 9.602041E-01
-1.3399456E-07, 1.0286989E+00, 9.622449E-01
-1.3393206E-07, 1.0294642E+00, 9.639031E-01
-1.3386956E-07, 1.0299745E+00, 9.658163E-01
-1.3380706E-07, 1.0307398E+00, 9.654337E-01
-1.3374456E-07, 1.0325255E+00, 9.618623E-01
-1.3368206E-07, 1.0343112E+00, 9.559949E-01
-1.3361956E-07, 1.0360969E+00, 9.484694E-01
-1.3355706E-07, 1.0378827E+00, 9.419643E-01
-1.3349456E-07, 1.0396683E+00, 9.381378E-01
-1.3343206E-07, 1.0413265E+00, 9.372449E-01
-1.3336956E-07, 1.0413265E+00, 9.376276E-01
-1.3330706E-07, 1.0406888E+00, 9.366071E-01
-1.3324456E-07, 1.0378827E+00, 9.343112E-01
-1.3318206E-07, 1.0339285E+00, 9.309949E-01
-1.3311956E-07, 1.0297194E+00, 9.297194E-01
-1.3305706E-07, 1.0252551E+00, 9.339285E-01
-1.3299456E-07, 1.0218112E+00, 9.417092E-01
-1.3293206E-07, 1.0211735E+00, 9.505102E-01
-1.3286956E-07, 1.0235969E+00, 9.568878E-01
-1.3280706E-07, 1.0272959E+00, 9.570153E-01
-1.3274456E-07, 1.0307398E+00, 9.501275E-01
-1.3268206E-07, 1.0320153E+00, 9.395408E-01
-1.3261956E-07, 1.0312500E+00, 9.301021E-01
-1.3255706E-07, 1.0285715E+00, 9.276786E-01
-1.3249456E-07, 1.0265306E+00, 9.326531E-01
-1.3243206E-07, 1.0258929E+00, 9.434949E-01
-1.3236956E-07, 1.0264031E+00, 9.542092E-01
-1.3230706E-07, 1.0294642E+00, 9.589286E-01
-1.3224456E-07, 1.0311224E+00, 9.575255E-01
-1.3218206E-07, 1.0315051E+00, 9.493622E-01
-1.3211956E-07, 1.0304847E+00, 9.401786E-01
-1.3205706E-07, 1.0274235E+00, 9.350765E-01
-1.3199456E-07, 1.0258929E+00, 9.355868E-01
-1.3193206E-07, 1.0256377E+00, 9.426020E-01
-1.3186956E-07, 1.0267857E+00, 9.517857E-01
-1.3180706E-07, 1.0292091E+00, 9.588010E-01
-1.3174456E-07, 1.0316327E+00, 9.617347E-01
-1.3168206E-07, 1.0326531E+00, 9.599490E-01
-1.3161956E-07, 1.0330358E+00, 9.548469E-01
-1.3155706E-07, 1.0340561E+00, 9.497449E-01
-1.3149456E-07, 1.0341836E+00, 9.473214E-01
-1.3143206E-07, 1.0339285E+00, 9.464286E-01
-1.3136956E-07, 1.0330358E+00, 9.471939E-01
-1.3130706E-07, 1.0315051E+00, 9.485970E-01
-1.3124456E-07, 1.0285715E+00, 9.502551E-01
-1.3118206E-07, 1.0251275E+00, 9.505102E-01
-1.3111956E-07, 1.0235969E+00, 9.491072E-01
-1.3105706E-07, 1.0230868E+00, 9.473214E-01
-1.3099456E-07, 1.0243622E+00, 9.434949E-01
-1.3093206E-07, 1.0250000E+00, 9.392857E-01
-1.3086956E-07, 1.0237244E+00, 9.349490E-01
-1.3080706E-07, 1.0209184E+00, 9.318877E-01
-1.3074456E-07, 1.0169643E+00, 9.323980E-01
-1.3068206E-07, 1.0145408E+00, 9.363520E-01
-1.3061956E-07, 1.0137755E+00, 9.437500E-01
-1.3055706E-07, 1.0147959E+00, 9.508929E-01
-1.3049456E-07, 1.0177296E+00, 9.553571E-01
-1.3043206E-07, 1.0198979E+00, 9.568878E-01
-1.3036956E-07, 1.0190051E+00, 9.547194E-01
-1.3030706E-07, 1.0167092E+00, 9.501275E-01
-1.3024456E-07, 1.0146683E+00, 9.470663E-01
-1.3018206E-07, 1.0136479E+00, 9.475765E-01
-1.3011956E-07, 1.0155612E+00, 9.502551E-01
-1.3005706E-07, 1.0202806E+00, 9.540817E-01
-1.2999456E-07, 1.0262755E+00, 9.563776E-01
-1.2993206E-07, 1.0318878E+00, 9.545918E-01
-1.2986956E-07, 1.0339285E+00, 9.488521E-01
-1.2980706E-07, 1.0335460E+00, 9.394132E-01
-1.2974456E-07, 1.0318878E+00, 9.309949E-01
-1.2968206E-07, 1.0288265E+00, 9.275510E-01
-1.2961956E-07, 1.0262755E+00, 9.298469E-01
-1.2955706E-07, 1.0234693E+00, 9.386480E-01
-1.2949456E-07, 1.0213010E+00, 9.505102E-01
-1.2943206E-07, 1.0197704E+00, 9.622449E-01
-1.2936956E-07, 1.0193877E+00, 9.707908E-01
-1.2930706E-07, 1.0207908E+00, 9.730867E-01
-1.2924456E-07, 1.0227041E+00, 9.697704E-01
-1.2918206E-07, 1.0248724E+00, 9.613521E-01
-1.2911956E-07, 1.0269133E+00, 9.508929E-01
-1.2905706E-07, 1.0266582E+00, 9.418367E-01
-1.2899456E-07, 1.0239795E+00, 9.355868E-01
-1.2893206E-07, 1.0211735E+00, 9.327806E-01
-1.2886956E-07, 1.0188775E+00, 9.348214E-01
-1.2880706E-07, 1.0176021E+00, 9.390306E-01
-1.2874456E-07, 1.0191326E+00, 9.426020E-01
-1.2868206E-07, 1.0211735E+00, 9.451531E-01
-1.2861956E-07, 1.0225766E+00, 9.438776E-01
-1.2855706E-07, 1.0234693E+00, 9.387755E-01
-1.2849456E-07, 1.0233419E+00, 9.317602E-01
-1.2843206E-07, 1.0242347E+00, 9.243622E-01
-1.2836956E-07, 1.0252551E+00, 9.193878E-01
-1.2830706E-07, 1.0281888E+00, 9.158163E-01
-1.2824456E-07, 1.0321429E+00, 9.153062E-01
-1.2818206E-07, 1.0346938E+00, 9.169643E-01
-1.2811956E-07, 1.0350765E+00, 9.191326E-01
-1.2805706E-07, 1.0315051E+00, 9.227041E-01
-1.2799456E-07, 1.0255102E+00, 9.261479E-01
-1.2793206E-07, 1.0192602E+00, 9.298469E-01
-1.2786956E-07, 1.0150510E+00, 9.332908E-01
-1.2780706E-07, 1.0141581E+00, 9.359694E-01
-1.2774456E-07, 1.0178572E+00, 9.364796E-01
-1.2768206E-07, 1.0242347E+00, 9.358419E-01
-1.2761956E-07, 1.0301020E+00, 9.348214E-01
-1.2755706E-07, 1.0322704E+00, 9.345663E-01
-1.2749456E-07, 1.0295918E+00, 9.359694E-01
-1.2743206E-07, 1.0223215E+00, 9.404337E-01
-1.2736956E-07, 1.0126276E+00, 9.475765E-01
-1.2730706E-07, 1.0036989E+00, 9.559949E-01
-1.2724456E-07, 9.977041E-01, 9.645408E-01
-1.2718206E-07, 9.955357E-01, 9.716837E-01
-1.2711956E-07, 9.970663E-01, 9.761479E-01
-1.2705706E-07, 1.0007653E+00, 9.792092E-01
-1.2699456E-07, 1.0045918E+00, 9.813775E-01
-1.2693206E-07, 1.0066327E+00, 9.838010E-01
-1.2686956E-07, 1.0063776E+00, 9.868622E-01
-1.2680706E-07, 1.0047194E+00, 9.896684E-01
-1.2674456E-07, 1.0038265E+00, 9.915816E-01
-1.2668206E-07, 1.0042092E+00, 9.920918E-01
-1.2661956E-07, 1.0067602E+00, 9.895408E-01
-1.2655706E-07, 1.0127552E+00, 9.835459E-01
-1.2649456E-07, 1.0196428E+00, 9.752551E-01
-1.2643206E-07, 1.0274235E+00, 9.632653E-01
-1.2636956E-07, 1.0349489E+00, 9.493622E-01
-1.2630706E-07, 1.0406888E+00, 9.335459E-01
-1.2624456E-07, 1.0464286E+00, 9.151786E-01
-1.2618206E-07, 1.0514030E+00, 8.963010E-01
-1.2611956E-07, 1.0558673E+00, 8.761480E-01
-1.2605706E-07, 1.0605867E+00, 8.545918E-01
-1.2599456E-07, 1.0633929E+00, 8.321428E-01
-1.2593206E-07, 1.0661989E+00, 8.058674E-01
-1.2586956E-07, 1.0698980E+00, 7.761480E-01
-1.2580706E-07, 1.0737245E+00, 7.431123E-01
-1.2574456E-07, 1.0786990E+00, 7.061225E-01
-1.2568206E-07, 1.0829082E+00, 6.678572E-01
-1.2561956E-07, 1.0841837E+00, 6.290816E-01
-1.2555706E-07, 1.0806123E+00, 5.909439E-01
-1.2549456E-07, 1.0721939E+00, 5.543367E-01
-1.2543206E-07, 1.0581633E+00, 5.204082E-01
-1.2536956E-07, 1.0403061E+00, 4.869898E-01
-1.2530706E-07, 1.0227041E+00, 4.526786E-01
-1.2524456E-07, 1.0048469E+00, 4.188775E-01
-1.2518206E-07, 9.872449E-01, 3.831633E-01
-1.2511956E-07, 9.667092E-01, 3.478316E-01
-1.2505706E-07, 9.392857E-01, 3.131378E-01
-1.2499456E-07, 9.044643E-01, 2.792092E-01
-1.2493206E-07, 8.623725E-01, 2.485969E-01
-1.2486956E-07, 8.159439E-01, 2.216837E-01
-1.2480706E-07, 7.695153E-01, 1.982143E-01
-1.2474456E-07, 7.279336E-01, 1.778061E-01
-1.2468206E-07, 6.913266E-01, 1.595663E-01
-1.2461956E-07, 6.593112E-01, 1.409439E-01
-1.2455706E-07, 6.278061E-01, 1.213010E-01
-1.2449456E-07, 5.929847E-01, 1.002551E-01
-1.2443206E-07, 5.529337E-01, 7.95918E-02
-1.2436956E-07, 5.061225E-01, 6.23724E-02
-1.2430706E-07, 4.547194E-01, 4.97449E-02
-1.2424456E-07, 4.022959E-01, 4.31122E-02
-1.2418206E-07, 3.530612E-01, 4.15816E-02
-1.2411956E-07, 3.081633E-01, 4.27296E-02
-1.2405706E-07, 2.687500E-01, 4.20918E-02
-1.2399456E-07, 2.341837E-01, 3.77551E-02
-1.2393206E-07, 2.025510E-01, 3.01020E-02
-1.2386956E-07, 1.732143E-01, 2.16837E-02
-1.2380706E-07, 1.442602E-01, 1.76020E-02
-1.2374456E-07, 1.172194E-01, 1.98980E-02
-1.2368206E-07, 9.26020E-02, 2.98469E-02
-1.2361956E-07, 7.05357E-02, 4.45153E-02
-1.2355706E-07, 5.24235E-02, 5.79082E-02
-1.2349456E-07, 3.83929E-02, 6.56888E-02
-1.2343206E-07, 2.81888E-02, 6.55612E-02
-1.2336956E-07, 2.00255E-02, 5.90561E-02
-1.2330706E-07, 1.41582E-02, 4.88520E-02
-1.2324456E-07, 9.4388E-03, 4.06888E-02
-1.2318206E-07, 4.9745E-03, 3.76276E-02
-1.2311956E-07, 1.0204E-03, 3.96684E-02
-1.2305706E-07, -1.2755E-03, 4.51531E-02
-1.2299456E-07, -1.2755E-03, 5.14031E-02
-1.2293206E-07, 1.0204E-03, 5.49745E-02
-1.2286956E-07, 5.6122E-03, 5.40816E-02
-1.2280706E-07, 1.14796E-02, 4.85969E-02
-1.2274456E-07, 1.72194E-02, 4.05612E-02
-1.2268206E-07, 2.16837E-02, 3.30357E-02
-1.2261956E-07, 2.41071E-02, 2.72959E-02
-1.2255706E-07, 2.55102E-02, 2.46173E-02
-1.2249456E-07, 2.80612E-02, 2.39796E-02
-1.2243206E-07, 3.20153E-02, 2.43622E-02
-1.2236956E-07, 3.77551E-02, 2.30867E-02
-1.2230706E-07, 4.51531E-02, 1.92602E-02
-1.2224456E-07, 5.26786E-02, 1.41582E-02
-1.2218206E-07, 5.82908E-02, 9.8214E-03
-1.2211956E-07, 6.05867E-02, 8.4184E-03
-1.2205706E-07, 5.93112E-02, 1.09694E-02
-1.2199456E-07, 5.51020E-02, 1.70918E-02
-1.2193206E-07, 5.07653E-02, 2.34694E-02
-1.2186956E-07, 4.68112E-02, 2.85714E-02
-1.2180706E-07, 4.34949E-02, 2.94643E-02
-1.2174456E-07, 4.14541E-02, 2.56378E-02
-1.2168206E-07, 3.96684E-02, 1.97704E-02
-1.2161956E-07, 3.75000E-02, 1.41582E-02
-1.2155706E-07, 3.54592E-02, 1.09694E-02
-1.2149456E-07, 3.39286E-02, 1.05867E-02
-1.2143206E-07, 3.29082E-02, 1.18622E-02
-1.2136956E-07, 3.23980E-02, 1.22449E-02
-1.2130706E-07, 3.13776E-02, 1.02041E-02
-1.2124456E-07, 2.89541E-02, 5.1020E-03
-1.2118206E-07, 2.55102E-02, -1.4031E-03
-1.2111956E-07, 2.01531E-02, -5.9949E-03
-1.2105706E-07, 1.50510E-02, -8.5459E-03
-1.2099456E-07, 1.18622E-02, -8.6735E-03
-1.2093206E-07, 9.9490E-03, -7.5255E-03
-1.2086956E-07, 1.19898E-02, -8.4184E-03
-1.2080706E-07, 1.65816E-02, -9.5663E-03
-1.2074456E-07, 2.14286E-02, -1.04592E-02
-1.2068206E-07, 2.57653E-02, -1.04592E-02
-1.2061956E-07, 2.74235E-02, -6.8878E-03
-1.2055706E-07, 2.57653E-02, -1.2755E-03
-1.2049456E-07, 2.10459E-02, 3.8265E-03
-1.2043206E-07, 1.51786E-02, 5.4847E-03
-1.2036956E-07, 9.6939E-03, 2.1684E-03
-1.2030706E-07, 6.6327E-03, -6.2500E-03
-1.2024456E-07, 6.8878E-03, -1.68367E-02
-1.2018206E-07, 9.0561E-03, -2.58929E-02
-1.2011956E-07, 1.33929E-02, -3.15051E-02
-1.2005706E-07, 1.82398E-02, -3.11224E-02
-1.1999456E-07, 2.07908E-02, -2.56378E-02
-1.1993206E-07, 2.07908E-02, -1.86224E-02
-1.1986956E-07, 1.77296E-02, -1.22449E-02
-1.1980706E-07, 1.25000E-02, -8.4184E-03
-1.1974456E-07, 7.3980E-03, -7.6531E-03
-1.1968206E-07, 2.9337E-03, -8.4184E-03
-1.1961956E-07, -2.551E-04, -9.9490E-03
-1.1955706E-07, -2.6786E-03, -1.21173E-02
-1.1949456E-07, -4.8469E-03, -1.51786E-02
-1.1943206E-07, -7.5255E-03, -1.95153E-02
-1.1936956E-07, -1.04592E-02, -2.52551E-02
-1.1930706E-07, -1.16071E-02, -3.11224E-02
-1.1924456E-07, -8.8010E-03, -3.40561E-02
-1.1918206E-07, -2.4235E-03, -3.16327E-02
-1.1911956E-07, 6.3776E-03, -2.48724E-02
-1.1905706E-07, 1.53061E-02, -1.63265E-02
-1.1899456E-07, 2.10459E-02, -1.04592E-02
-1.1893206E-07, 2.33418E-02, -1.12245E-02
-1.1886956E-07, 2.28316E-02, -1.77296E-02
-1.1880706E-07, 1.93878E-02, -2.67857E-02
-1.1874456E-07, 1.42857E-02, -3.50765E-02
-1.1868206E-07, 1.00765E-02, -3.82653E-02
-1.1861956E-07, 6.2500E-03, -3.40561E-02
-1.1855706E-07, 2.9337E-03, -2.60204E-02
-1.1849456E-07, -3.827E-04, -1.82398E-02
-1.1843206E-07, -4.3367E-03, -1.56888E-02
-1.1836956E-07, -6.8878E-03, -2.07908E-02
-1.1830706E-07, -7.5255E-03, -2.94643E-02
-1.1824456E-07, -6.1224E-03, -3.73724E-02
-1.1818206E-07, -4.0816E-03, -3.97959E-02
-1.1811956E-07, -2.5510E-03, -3.58418E-02
-1.1805706E-07, -2.0408E-03, -2.72959E-02
-1.1799456E-07, -3.0612E-03, -1.90051E-02
-1.1793206E-07, -4.5918E-03, -1.58163E-02
-1.1786956E-07, -5.2296E-03, -1.96429E-02
-1.1780706E-07, -4.8469E-03, -2.85714E-02
-1.1774456E-07, -2.4235E-03, -3.85204E-02
-1.1768206E-07, 3.827E-04, -4.38775E-02
-1.1761956E-07, 3.827E-04, -4.23469E-02
-1.1755706E-07, -3.1888E-03, -3.63520E-02
-1.1749456E-07, -9.5663E-03, -2.94643E-02
-1.1743206E-07, -1.67092E-02, -2.62755E-02
-1.1736956E-07, -2.10459E-02, -2.95918E-02
-1.1730706E-07, -1.92602E-02, -3.78827E-02
-1.1724456E-07, -1.10969E-02, -4.63010E-02
-1.1718206E-07, 2.551E-04, -5.01276E-02
-1.1711956E-07, 9.8214E-03, -4.80867E-02
-1.1705706E-07, 1.47959E-02, -4.20918E-02
-1.1699456E-07, 1.44133E-02, -3.53316E-02
-1.1693206E-07, 8.9286E-03, -3.18878E-02
-1.1686956E-07, 1.6582E-03, -3.49490E-02
-1.1680706E-07, -4.5918E-03, -4.29847E-02
-1.1674456E-07, -9.4388E-03, -5.17857E-02
-1.1668206E-07, -1.23724E-02, -5.73980E-02
-1.1661956E-07, -1.42857E-02, -5.63776E-02
-1.1655706E-07, -1.46684E-02, -4.94898E-02
-1.1649456E-07, -1.30102E-02, -3.90306E-02
-1.1643206E-07, -9.3112E-03, -2.95918E-02
-1.1636956E-07, -2.6786E-03, -2.53827E-02
-1.1630706E-07, 5.6122E-03, -2.60204E-02
-1.1624456E-07, 1.14796E-02, -2.88265E-02
-1.1618206E-07, 1.21173E-02, -3.23980E-02
-1.1611956E-07, 7.3980E-03, -3.46939E-02
-1.1605706E-07, 0.0E+00, -3.48214E-02
-1.1599456E-07, -5.9949E-03, -3.40561E-02
-1.1593206E-07, -9.0561E-03, -3.43112E-02
-1.1586956E-07, -6.8878E-03, -3.87755E-02
-1.1580706E-07, -2.2959E-03, -4.55357E-02
-1.1574456E-07, 6.378E-04, -5.36990E-02
-1.1568206E-07, 1.0204E-03, -6.12245E-02
-1.1561956E-07, -2.4235E-03, -6.41582E-02
-1.1555706E-07, -6.7602E-03, -6.25000E-02
-1.1549456E-07, -1.00765E-02, -5.75255E-02
-1.1543206E-07, -9.4388E-03, -5.20408E-02
-1.1536956E-07, -5.2296E-03, -4.70663E-02
-1.1530706E-07, -1.9133E-03, -4.37500E-02
-1.1524456E-07, -1.5306E-03, -4.37500E-02
-1.1518206E-07, -5.4847E-03, -4.47704E-02
-1.1511956E-07, -1.23724E-02, -4.55357E-02
-1.1505706E-07, -1.79847E-02, -4.52806E-02
-1.1499456E-07, -1.91327E-02, -4.29847E-02
-1.1493206E-07, -1.63265E-02, -3.87755E-02
-1.1486956E-07, -1.17347E-02, -3.58418E-02
-1.1480706E-07, -7.5255E-03, -3.53316E-02
-1.1474456E-07, -6.7602E-03, -3.60969E-02
-1.1468206E-07, -9.8214E-03, -3.87755E-02
-1.1461956E-07, -1.40306E-02, -4.17092E-02
-1.1455706E-07, -1.51786E-02, -4.36224E-02
-1.1449456E-07, -1.19898E-02, -4.28571E-02
-1.1443206E-07, -5.8673E-03, -3.99235E-02
-1.1436956E-07, 7.653E-04, -3.66071E-02
-1.1430706E-07, 2.4235E-03, -3.32908E-02
-1.1424456E-07, -1.1480E-03, -3.30357E-02
-1.1418206E-07, -7.3980E-03, -3.52041E-02
-1.1411956E-07, -1.44133E-02, -3.80102E-02
-1.1405706E-07, -1.70918E-02, -4.24745E-02
-1.1399456E-07, -1.35204E-02, -4.64286E-02
-1.1393206E-07, -6.5051E-03, -4.88520E-02
-1.1386956E-07, 7.653E-04, -5.06378E-02
-1.1380706E-07, 4.0816E-03, -5.10204E-02
-1.1374456E-07, 1.4031E-03, -5.10204E-02
-1.1368206E-07, -6.2500E-03, -5.11480E-02
-1.1361956E-07, -1.53061E-02, -5.24235E-02
-1.1355706E-07, -2.10459E-02, -5.48469E-02
-1.1349456E-07, -2.30867E-02, -5.72704E-02
-1.1343206E-07, -2.18112E-02, -6.03316E-02
-1.1336956E-07, -1.96429E-02, -6.26276E-02
-1.1330706E-07, -2.00255E-02, -6.28827E-02
-1.1324456E-07, -2.21939E-02, -6.13520E-02
-1.1318206E-07, -2.48724E-02, -5.73980E-02
-1.1311956E-07, -2.46173E-02, -5.26786E-02
-1.1305706E-07, -1.84949E-02, -4.80867E-02
-1.1299456E-07, -8.4184E-03, -4.48980E-02
-1.1293206E-07, 2.8061E-03, -4.48980E-02
-1.1286956E-07, 9.9490E-03, -4.79592E-02
-1.1280706E-07, 9.4388E-03, -5.35714E-02
-1.1274456E-07, 1.7857E-03, -6.04592E-02
-1.1268206E-07, -1.02041E-02, -6.67092E-02
-1.1261956E-07, -2.09184E-02, -7.11735E-02
-1.1255706E-07, -2.65306E-02, -7.23214E-02
-1.1249456E-07, -2.50000E-02, -6.96429E-02
-1.1243206E-07, -1.93878E-02, -6.27551E-02
-1.1236956E-07, -1.32653E-02, -5.34439E-02
-1.1230706E-07, -9.3112E-03, -4.31122E-02
-1.1224456E-07, -8.1633E-03, -3.43112E-02
-1.1218206E-07, -7.2704E-03, -2.94643E-02
-1.1211956E-07, -5.7398E-03, -2.88265E-02
-1.1205706E-07, -3.0612E-03, -3.35459E-02
-1.1199456E-07, 1.276E-04, -4.24745E-02
-1.1193206E-07, 1.5306E-03, -5.16582E-02
-1.1186956E-07, -1.9133E-03, -5.84184E-02
-1.1180706E-07, -8.6735E-03, -6.22449E-02
-1.1174456E-07, -1.60714E-02, -6.25000E-02
-1.1168206E-07, -2.18112E-02, -6.08418E-02
-1.1161956E-07, -2.32143E-02, -6.05867E-02
-1.1155706E-07, -1.97704E-02, -6.28827E-02
-1.1149456E-07, -1.44133E-02, -6.69643E-02
-1.1143206E-07, -1.10969E-02, -7.11735E-02
-1.1136956E-07, -1.14796E-02, -7.38520E-02
-1.1130706E-07, -1.44133E-02, -7.29592E-02
-1.1124456E-07, -1.83673E-02, -6.79847E-02
-1.1118206E-07, -1.91327E-02, -6.14796E-02
-1.1111956E-07, -1.65816E-02, -5.48469E-02
-1.1105706E-07, -1.16071E-02, -5.15306E-02
-1.1099456E-07, -5.2296E-03, -5.22959E-02
-1.1093206E-07, -2.2959E-03, -5.43367E-02
-1.1086956E-07, -2.9337E-03, -5.77806E-02
-1.1080706E-07, -5.9949E-03, -5.96939E-02
-1.1074456E-07, -1.08418E-02, -5.99490E-02
-1.1068206E-07, -1.45408E-02, -6.07143E-02
-1.1061956E-07, -1.58163E-02, -6.31378E-02
-1.1055706E-07, -1.46684E-02, -6.73469E-02
-1.1049456E-07, -1.40306E-02, -7.25765E-02
-1.1043206E-07, -1.54337E-02, -7.74235E-02
-1.1036956E-07, -1.96429E-02, -7.98469E-02
-1.1030706E-07, -2.53827E-02, -7.78061E-02
-1.1024456E-07, -2.95918E-02, -7.25765E-02
-1.1018206E-07, -3.08673E-02, -6.47959E-02
-1.1011956E-07, -2.84439E-02, -5.77806E-02
-1.1005706E-07, -2.38520E-02, -5.38265E-02
-1.0999456E-07, -1.95153E-02, -5.34439E-02
-1.0993206E-07, -1.63265E-02, -5.52296E-02
-1.0986956E-07, -1.72194E-02, -5.56122E-02
-1.0980706E-07, -2.14286E-02, -5.40816E-02
-1.0974456E-07, -2.60204E-02, -4.98725E-02
-1.0968206E-07, -2.97194E-02, -4.31122E-02
-1.0961956E-07, -3.01020E-02, -3.71173E-02
-1.0955706E-07, -2.67857E-02, -3.40561E-02
-1.0949456E-07, -1.96429E-02, -3.50765E-02
-1.0943206E-07, -1.14796E-02, -3.85204E-02
-1.0936956E-07, -5.7398E-03, -4.33673E-02
-1.0930706E-07, -3.3163E-03, -4.80867E-02
-1.0924456E-07, -6.1224E-03, -5.01276E-02
-1.0918206E-07, -1.27551E-02, -5.07653E-02
-1.0911956E-07, -2.10459E-02, -5.10204E-02
-1.0905706E-07, -2.92092E-02, -5.22959E-02
-1.0899456E-07, -3.44388E-02, -5.65051E-02
-1.0893206E-07, -3.57143E-02, -6.22449E-02
-1.0886956E-07, -3.44388E-02, -6.76020E-02
-1.0880706E-07, -3.22704E-02, -7.07908E-02
-1.0874456E-07, -2.93367E-02, -7.02806E-02
-1.0868206E-07, -2.81888E-02, -6.51786E-02
-1.0861956E-07, -2.78061E-02, -5.96939E-02
-1.0855706E-07, -2.62755E-02, -5.57398E-02
-1.0849456E-07, -2.37245E-02, -5.45918E-02
-1.0843206E-07, -2.05357E-02, -5.71429E-02
-1.0836956E-07, -1.79847E-02, -6.16071E-02
-1.0830706E-07, -1.67092E-02, -6.53061E-02
-1.0824456E-07, -1.86224E-02, -6.46684E-02
-1.0818206E-07, -2.27041E-02, -6.08418E-02
-1.0811956E-07, -2.60204E-02, -5.53571E-02
-1.0805706E-07, -2.67857E-02, -5.05102E-02
-1.0799456E-07, -2.33418E-02, -5.00000E-02
-1.0793206E-07, -1.63265E-02, -5.47194E-02
-1.0786956E-07, -8.4184E-03, -6.30102E-02
-1.0780706E-07, -3.5714E-03, -7.19388E-02
-1.0774456E-07, -2.9337E-03, -7.84439E-02
-1.0768206E-07, -7.5255E-03, -7.94643E-02
-1.0761956E-07, -1.61990E-02, -7.57653E-02
-1.0755706E-07, -2.62755E-02, -7.02806E-02
-1.0749456E-07, -3.53316E-02, -6.58163E-02
-1.0743206E-07, -4.09439E-02, -6.46684E-02
-1.0736956E-07, -4.42602E-02, -6.58163E-02
-1.0730706E-07, -4.48980E-02, -6.87500E-02
-1.0724456E-07, -4.19643E-02, -7.09184E-02
-1.0718206E-07, -3.69898E-02, -6.88775E-02
-1.0711956E-07, -3.08673E-02, -6.37755E-02
-1.0705706E-07, -2.51276E-02, -5.75255E-02
-1.0699456E-07, -2.09184E-02, -5.30612E-02
-1.0693206E-07, -1.81122E-02, -5.11480E-02
-1.0686956E-07, -1.84949E-02, -5.12755E-02
-1.0680706E-07, -1.97704E-02, -5.26786E-02
-1.0674456E-07, -2.24490E-02, -5.30612E-02
-1.0668206E-07, -2.41071E-02, -5.34439E-02
-1.0661956E-07, -2.21939E-02, -5.33163E-02
-1.0655706E-07, -1.98980E-02, -5.14031E-02
-1.0649456E-07, -1.65816E-02, -5.11480E-02
-1.0643206E-07, -1.45408E-02, -5.11480E-02
-1.0636956E-07, -1.54337E-02, -5.22959E-02
-1.0630706E-07, -1.72194E-02, -5.51020E-02
-1.0624456E-07, -2.09184E-02, -5.73980E-02
-1.0618206E-07, -2.34694E-02, -6.13520E-02
-1.0611956E-07, -2.46173E-02, -6.46684E-02
-1.0605706E-07, -2.43622E-02, -6.68367E-02
-1.0599456E-07, -2.29592E-02, -6.73469E-02
-1.0593206E-07, -2.27041E-02, -6.55612E-02
-1.0586956E-07, -2.34694E-02, -6.30102E-02
-1.0580706E-07, -2.52551E-02, -6.03316E-02
-1.0574456E-07, -2.74235E-02, -5.84184E-02
-1.0568206E-07, -2.99745E-02, -5.75255E-02
-1.0561956E-07, -3.21429E-02, -5.79082E-02
-1.0555706E-07, -3.29082E-02, -5.80357E-02
-1.0549456E-07, -3.35459E-02, -5.65051E-02
-1.0543206E-07, -3.35459E-02, -5.48469E-02
-1.0536956E-07, -3.34184E-02, -5.34439E-02
-1.0530706E-07, -3.26531E-02, -5.45918E-02
-1.0524456E-07, -2.98469E-02, -5.82908E-02
-1.0518206E-07, -2.69133E-02, -6.27551E-02
-1.0511956E-07, -2.47449E-02, -6.82398E-02
-1.0505706E-07, -2.32143E-02, -7.33418E-02
-1.0499456E-07, -2.16837E-02, -7.62755E-02
-1.0493206E-07, -2.05357E-02, -7.64031E-02
-1.0486956E-07, -1.96429E-02, -7.46173E-02
-1.0480706E-07, -1.84949E-02, -7.18112E-02
-1.0474456E-07, -1.73469E-02, -6.79847E-02
-1.0468206E-07, -1.61990E-02, -6.32653E-02
-1.0461956E-07, -1.54337E-02, -5.76531E-02
-1.0455706E-07, -1.61990E-02, -5.20408E-02
-1.0449456E-07, -1.79847E-02, -4.88520E-02
-1.0443206E-07, -1.98980E-02, -4.92347E-02
-1.0436956E-07, -2.20663E-02, -5.28061E-02
-1.0430706E-07, -2.32143E-02, -5.94388E-02
-1.0424456E-07, -2.15561E-02, -6.59439E-02
-1.0418206E-07, -1.79847E-02, -6.87500E-02
-1.0411956E-07, -1.40306E-02, -6.77296E-02
-1.0405706E-07, -1.03316E-02, -6.40306E-02
-1.0399456E-07, -9.3112E-03, -5.93112E-02
-1.0393206E-07, -1.14796E-02, -5.68878E-02
-1.0386956E-07, -1.55612E-02, -5.79082E-02
-1.0380706E-07, -1.97704E-02, -6.10969E-02
-1.0374456E-07, -2.30867E-02, -6.50510E-02
-1.0368206E-07, -2.46173E-02, -6.87500E-02
-1.0361956E-07, -2.24490E-02, -7.23214E-02
-1.0355706E-07, -1.97704E-02, -7.43622E-02
-1.0349456E-07, -1.81122E-02, -7.70408E-02
-1.0343206E-07, -1.76020E-02, -8.03571E-02
-1.0336956E-07, -1.96429E-02, -8.21429E-02
-1.0330706E-07, -2.16837E-02, -8.23980E-02
-1.0324456E-07, -2.19388E-02, -7.95918E-02
-1.0318206E-07, -1.82398E-02, -7.47449E-02
-1.0311956E-07, -1.03316E-02, -6.83673E-02
-1.0305706E-07, -2.0408E-03, -6.18622E-02
-1.0299456E-07, 3.1888E-03, -5.84184E-02
-1.0293206E-07, 2.5510E-03, -5.88010E-02
-1.0286956E-07, -3.9541E-03, -6.27551E-02
-1.0280706E-07, -1.36480E-02, -6.83673E-02
-1.0274456E-07, -2.28316E-02, -7.37245E-02
-1.0268206E-07, -2.76786E-02, -7.75510E-02
-1.0261956E-07, -2.61480E-02, -7.83163E-02
-1.0255706E-07, -2.13010E-02, -7.53826E-02
-1.0249456E-07, -1.59439E-02, -7.09184E-02
-1.0243206E-07, -1.25000E-02, -6.58163E-02
-1.0236956E-07, -1.27551E-02, -6.13520E-02
-1.0230706E-07, -1.45408E-02, -5.95663E-02
-1.0224456E-07, -1.73469E-02, -6.00765E-02
-1.0218206E-07, -1.84949E-02, -6.39031E-02
-1.0211956E-07, -1.78571E-02, -6.79847E-02
-1.0205706E-07, -1.76020E-02, -7.07908E-02
-1.0199456E-07, -1.82398E-02, -7.11735E-02
-1.0193206E-07, -2.13010E-02, -6.73469E-02
-1.0186956E-07, -2.52551E-02, -6.18622E-02
-1.0180706E-07, -2.69133E-02, -5.68878E-02
-1.0174456E-07, -2.41071E-02, -5.36990E-02
-1.0168206E-07, -1.74745E-02, -5.35714E-02
-1.0161956E-07, -9.5663E-03, -5.59949E-02
-1.0155706E-07, -1.7857E-03, -5.96939E-02
-1.0149456E-07, 1.4031E-03, -6.10969E-02
-1.0143206E-07, -2.1684E-03, -6.09694E-02
-1.0136956E-07, -9.9490E-03, -6.17347E-02
-1.0130706E-07, -1.83673E-02, -6.41582E-02
-1.0124456E-07, -2.30867E-02, -6.84949E-02
-1.0118206E-07, -2.16837E-02, -7.30867E-02
-1.0111956E-07, -1.69643E-02, -7.48724E-02
-1.0105706E-07, -1.16071E-02, -7.30867E-02
-1.0099456E-07, -9.1837E-03, -6.74745E-02
-1.0093206E-07, -1.14796E-02, -6.05867E-02
-1.0086956E-07, -1.77296E-02, -5.61224E-02
-1.0080706E-07, -2.58929E-02, -5.72704E-02
-1.0074456E-07, -3.11224E-02, -6.50510E-02
-1.0068206E-07, -3.09949E-02, -7.53826E-02
-1.0061956E-07, -2.60204E-02, -8.32908E-02
-1.0055706E-07, -1.81122E-02, -8.49490E-02
-1.0049456E-07, -1.32653E-02, -7.83163E-02
-1.0043206E-07, -1.40306E-02, -6.78571E-02
-1.0036956E-07, -1.87500E-02, -5.88010E-02
-1.0030706E-07, -2.55102E-02, -5.36990E-02
-1.0024456E-07, -2.93367E-02, -5.53571E-02
-1.0018206E-07, -2.65306E-02, -6.16071E-02
-1.0011956E-07, -1.87500E-02, -6.81122E-02
-1.0005706E-07, -8.2908E-03, -7.32143E-02
-9.999456E-08, -6.378E-04, -7.44898E-02
-9.993206E-08, 1.276E-04, -7.32143E-02
-9.986956E-08, -6.7602E-03, -7.21939E-02
-9.980706E-08, -1.81122E-02, -7.28316E-02
-9.974456E-08, -2.83163E-02, -7.47449E-02
-9.968206E-08, -3.40561E-02, -7.51275E-02
-9.961956E-08, -3.29082E-02, -7.27041E-02
-9.955706E-08, -2.81888E-02, -6.58163E-02
-9.949456E-08, -2.41071E-02, -5.72704E-02
-9.943206E-08, -2.18112E-02, -5.08929E-02
-9.936956E-08, -2.37245E-02, -4.79592E-02
-9.930706E-08, -2.69133E-02, -5.15306E-02
-9.924456E-08, -2.83163E-02, -5.91837E-02
-9.918206E-08, -2.65306E-02, -6.78571E-02
-9.911956E-08, -2.09184E-02, -7.51275E-02
-9.905706E-08, -1.32653E-02, -7.79337E-02
-9.899456E-08, -6.5051E-03, -7.61480E-02
-9.893206E-08, -3.3163E-03, -7.15561E-02
-9.886956E-08, -4.2092E-03, -6.72194E-02
-9.880706E-08, -7.6531E-03, -6.47959E-02
-9.874456E-08, -1.16071E-02, -6.45408E-02
-9.868206E-08, -1.47959E-02, -6.56888E-02
-9.861956E-08, -1.61990E-02, -6.72194E-02
-9.855706E-08, -1.70918E-02, -6.77296E-02
-9.849456E-08, -1.97704E-02, -6.70918E-02
-9.843206E-08, -2.30867E-02, -6.76020E-02
-9.836956E-08, -2.62755E-02, -6.81122E-02
-9.830706E-08, -2.90816E-02, -6.81122E-02
-9.824456E-08, -2.97194E-02, -6.86224E-02
-9.818206E-08, -2.78061E-02, -6.86224E-02
-9.811956E-08, -2.52551E-02, -6.81122E-02
-9.805706E-08, -2.16837E-02, -6.83673E-02
-9.799456E-08, -1.97704E-02, -6.87500E-02
-9.793206E-08, -2.14286E-02, -7.01531E-02
-9.786956E-08, -2.50000E-02, -7.30867E-02
-9.780706E-08, -2.93367E-02, -7.57653E-02
-9.774456E-08, -3.20153E-02, -7.74235E-02
-9.768206E-08, -3.25255E-02, -7.72959E-02
-9.761956E-08, -3.04847E-02, -7.69133E-02
-9.755706E-08, -2.65306E-02, -7.76786E-02
-9.749456E-08, -2.19388E-02, -8.02296E-02
-9.743206E-08, -1.83673E-02, -8.50765E-02
-9.736956E-08, -1.55612E-02, -9.08163E-02
-9.730706E-08, -1.36480E-02, -9.57908E-02
-9.724456E-08, -1.32653E-02, -9.74490E-02
-9.718206E-08, -1.45408E-02, -9.56633E-02
-9.711956E-08, -1.58163E-02, -9.11990E-02
-9.705706E-08, -1.77296E-02, -8.39286E-02
-9.699456E-08, -1.87500E-02, -7.61480E-02
-9.693206E-08, -1.70918E-02, -6.96429E-02
-9.686956E-08, -1.37755E-02, -6.36480E-02
-9.680706E-08, -8.4184E-03, -5.99490E-02
-9.674456E-08, -2.4235E-03, -5.79082E-02
-9.668206E-08, -1.276E-04, -5.67602E-02
-9.661956E-08, -1.9133E-03, -5.80357E-02
-9.655706E-08, -8.4184E-03, -6.09694E-02
-9.649456E-08, -1.84949E-02, -6.53061E-02
-9.643206E-08, -2.76786E-02, -7.18112E-02
-9.636956E-08, -3.41837E-02, -7.80612E-02
-9.630706E-08, -3.57143E-02, -8.41837E-02
-9.624456E-08, -3.18878E-02, -8.82653E-02
-9.618206E-08, -2.71684E-02, -8.85204E-02
-9.611956E-08, -2.32143E-02, -8.72449E-02
-9.605706E-08, -2.19388E-02, -8.38010E-02
-9.599456E-08, -2.29592E-02, -7.94643E-02
-9.593206E-08, -2.43622E-02, -7.46173E-02
-9.586956E-08, -2.50000E-02, -7.02806E-02
-9.580706E-08, -2.29592E-02, -6.81122E-02
-9.574456E-08, -1.72194E-02, -6.78571E-02
-9.568206E-08, -1.08418E-02, -6.91327E-02
-9.561956E-08, -6.8878E-03, -7.29592E-02
-9.555706E-08, -6.5051E-03, -7.90816E-02
-9.549456E-08, -1.03316E-02, -8.59694E-02
-9.543206E-08, -1.63265E-02, -9.24745E-02
-9.536956E-08, -2.13010E-02, -9.63010E-02
-9.530706E-08, -2.41071E-02, -9.60459E-02
-9.524456E-08, -2.32143E-02, -9.33673E-02
-9.518206E-08, -1.97704E-02, -8.85204E-02
-9.511956E-08, -1.77296E-02, -8.32908E-02
-9.505706E-08, -1.83673E-02, -8.04847E-02
-9.499456E-08, -2.28316E-02, -7.92092E-02
-9.493206E-08, -2.95918E-02, -7.94643E-02
-9.486956E-08, -3.53316E-02, -7.92092E-02
-9.480706E-08, -3.77551E-02, -7.70408E-02
-9.474456E-08, -3.50765E-02, -7.37245E-02
-9.468206E-08, -2.80612E-02, -6.98980E-02
-9.461956E-08, -2.13010E-02, -6.76020E-02
-9.455706E-08, -1.65816E-02, -6.98980E-02
-9.449456E-08, -1.45408E-02, -7.51275E-02
-9.443206E-08, -1.72194E-02, -7.95918E-02
-9.436956E-08, -2.10459E-02, -8.29082E-02
-9.430706E-08, -2.44898E-02, -8.18878E-02
-9.424456E-08, -2.64031E-02, -7.78061E-02
-9.418206E-08, -2.50000E-02, -7.37245E-02
-9.411956E-08, -2.30867E-02, -7.14286E-02
-9.405706E-08, -2.14286E-02, -7.43622E-02
-9.399456E-08, -2.04082E-02, -8.08674E-02
-9.393206E-08, -2.16837E-02, -8.68622E-02
-9.386956E-08, -2.38520E-02, -9.06888E-02
-9.380706E-08, -2.64031E-02, -8.96684E-02
-9.374456E-08, -2.64031E-02, -8.57143E-02
-9.368206E-08, -2.46173E-02, -8.04847E-02
-9.361956E-08, -2.23214E-02, -7.88265E-02
-9.355706E-08, -1.88776E-02, -8.35459E-02
-9.349456E-08, -1.65816E-02, -9.13265E-02
-9.343206E-08, -1.51786E-02, -9.94898E-02
-9.336956E-08, -1.51786E-02, -1.021684E-01
-9.330706E-08, -1.74745E-02, -9.73214E-02
-9.324456E-08, -2.06633E-02, -8.68622E-02
-9.318206E-08, -2.39796E-02, -7.46173E-02
-9.311956E-08, -2.75510E-02, -6.56888E-02
-9.305706E-08, -2.94643E-02, -6.46684E-02
-9.299456E-08, -2.95918E-02, -7.10459E-02
-9.293206E-08, -2.83163E-02, -8.11225E-02
-9.286956E-08, -2.53827E-02, -8.97959E-02
-9.280706E-08, -2.41071E-02, -9.17092E-02
-9.274456E-08, -2.46173E-02, -8.73725E-02
-9.268206E-08, -2.67857E-02, -7.79337E-02
-9.261956E-08, -3.12500E-02, -6.79847E-02
-9.255706E-08, -3.40561E-02, -6.32653E-02
-9.249456E-08, -3.36735E-02, -6.37755E-02
-9.243206E-08, -3.11224E-02, -6.93878E-02
-9.236956E-08, -2.58929E-02, -7.83163E-02
-9.230706E-08, -2.11735E-02, -8.50765E-02
-9.224456E-08, -1.91327E-02, -8.78827E-02
-9.218206E-08, -1.96429E-02, -8.57143E-02
-9.211956E-08, -2.42347E-02, -8.02296E-02
-9.205706E-08, -2.81888E-02, -7.65306E-02
-9.199456E-08, -2.89541E-02, -7.56378E-02
-9.193206E-08, -2.67857E-02, -7.85714E-02
-9.186956E-08, -2.23214E-02, -8.59694E-02
-9.180706E-08, -1.76020E-02, -9.46429E-02
-9.174456E-08, -1.56888E-02, -1.016582E-01
-9.168206E-08, -1.78571E-02, -1.051020E-01
-9.161956E-08, -2.16837E-02, -1.043367E-01
-9.155706E-08, -2.42347E-02, -9.92347E-02
-9.149456E-08, -2.41071E-02, -9.09439E-02
-9.143206E-08, -2.00255E-02, -8.20153E-02
-9.136956E-08, -1.32653E-02, -7.35969E-02
-9.130706E-08, -8.5459E-03, -6.61990E-02
-9.124456E-08, -7.1429E-03, -6.22449E-02
-9.118206E-08, -1.03316E-02, -5.96939E-02
-9.111956E-08, -1.79847E-02, -5.88010E-02
-9.105706E-08, -2.60204E-02, -5.95663E-02
-9.099456E-08, -3.16327E-02, -6.00765E-02
-9.093206E-08, -3.27806E-02, -6.02041E-02
-9.086956E-08, -2.93367E-02, -5.98214E-02
-9.080706E-08, -2.33418E-02, -5.91837E-02
-9.074456E-08, -1.74745E-02, -5.99490E-02
-9.068206E-08, -1.32653E-02, -6.23724E-02
-9.061956E-08, -1.30102E-02, -6.54337E-02
-9.055706E-08, -1.54337E-02, -6.91327E-02
-9.049456E-08, -2.02806E-02, -7.05357E-02
-9.043206E-08, -2.67857E-02, -6.96429E-02
-9.036956E-08, -3.13776E-02, -6.78571E-02
-9.030706E-08, -3.52041E-02, -6.47959E-02
-9.024456E-08, -3.66071E-02, -6.49235E-02
-9.018206E-08, -3.39286E-02, -6.83673E-02
-9.011956E-08, -2.89541E-02, -7.28316E-02
-9.005706E-08, -2.28316E-02, -7.69133E-02
-8.999456E-08, -1.79847E-02, -7.76786E-02
-8.993206E-08, -1.65816E-02, -7.46173E-02
-8.986956E-08, -1.83673E-02, -6.90051E-02
-8.980706E-08, -2.38520E-02, -6.25000E-02
-8.974456E-08, -3.11224E-02, -5.95663E-02
-8.968206E-08, -3.52041E-02, -6.21173E-02
-8.961956E-08, -3.55867E-02, -6.77296E-02
-8.955706E-08, -3.12500E-02, -7.58929E-02
-8.949456E-08, -2.23214E-02, -8.31633E-02
-8.943206E-08, -1.45408E-02, -8.53316E-02
-8.936956E-08, -9.4388E-03, -8.41837E-02
-8.930706E-08, -1.00765E-02, -7.89541E-02
-8.924456E-08, -1.64541E-02, -7.29592E-02
-8.918206E-08, -2.35969E-02, -6.88775E-02
-8.911956E-08, -2.89541E-02, -6.60714E-02
-8.905706E-08, -2.98469E-02, -6.56888E-02
-8.899456E-08, -2.58929E-02, -6.73469E-02
-8.893206E-08, -1.97704E-02, -6.91327E-02
-8.886956E-08, -1.59439E-02, -7.05357E-02
-8.880706E-08, -1.63265E-02, -7.16837E-02
-8.874456E-08, -2.15561E-02, -7.15561E-02
-8.868206E-08, -2.85714E-02, -7.05357E-02
-8.861956E-08, -3.29082E-02, -6.90051E-02
-8.855706E-08, -3.23980E-02, -6.76020E-02
-8.849456E-08, -2.57653E-02, -6.83673E-02
-8.843206E-08, -1.65816E-02, -7.10459E-02
-8.836956E-08, -9.3112E-03, -7.58929E-02
-8.830706E-08, -8.1633E-03, -8.16327E-02
-8.824456E-08, -1.28827E-02, -8.59694E-02
-8.818206E-08, -2.21939E-02, -8.58418E-02
-8.811956E-08, -3.15051E-02, -8.17602E-02
-8.805706E-08, -3.60969E-02, -7.56378E-02
-8.799456E-08, -3.53316E-02, -7.01531E-02
-8.793206E-08, -2.94643E-02, -6.97704E-02
-8.786956E-08, -2.15561E-02, -7.52551E-02
-8.780706E-08, -1.69643E-02, -8.41837E-02
-8.774456E-08, -1.86224E-02, -9.34949E-02
-8.768206E-08, -2.61480E-02, -9.91071E-02
-8.761956E-08, -3.66071E-02, -9.78316E-02
-8.755706E-08, -4.69388E-02, -9.00510E-02
-8.749456E-08, -5.34439E-02, -7.99745E-02
-8.743206E-08, -5.38265E-02, -7.23214E-02
-8.736956E-08, -4.96173E-02, -6.95153E-02
-8.730706E-08, -4.09439E-02, -7.24490E-02
-8.724456E-08, -3.09949E-02, -7.64031E-02
-8.718206E-08, -2.27041E-02, -7.79337E-02
-8.711956E-08, -1.60714E-02, -7.52551E-02
-8.705706E-08, -1.32653E-02, -6.72194E-02
-8.699456E-08, -1.35204E-02, -5.85459E-02
-8.693206E-08, -1.63265E-02, -5.29337E-02
-8.686956E-08, -2.19388E-02, -5.35714E-02
-8.680706E-08, -2.62755E-02, -6.09694E-02
-8.674456E-08, -2.95918E-02, -6.92602E-02
-8.668206E-08, -3.03571E-02, -7.57653E-02
-8.661956E-08, -2.72959E-02, -7.71684E-02
-8.655706E-08, -2.30867E-02, -7.24490E-02
-8.649456E-08, -1.78571E-02, -6.60714E-02
-8.643206E-08, -1.49235E-02, -6.07143E-02
-8.636956E-08, -1.47959E-02, -6.02041E-02
-8.630706E-08, -1.69643E-02, -6.40306E-02
-8.624456E-08, -2.18112E-02, -6.96429E-02
-8.618206E-08, -2.69133E-02, -7.60204E-02
-8.611956E-08, -2.89541E-02, -8.07398E-02
-8.605706E-08, -2.83163E-02, -8.25255E-02
-8.599456E-08, -2.60204E-02, -8.34184E-02
-8.593206E-08, -2.24490E-02, -8.62245E-02
-8.586956E-08, -1.98980E-02, -9.04337E-02
-8.580706E-08, -1.88776E-02, -9.54082E-02
-8.574456E-08, -1.81122E-02, -9.88520E-02
-8.568206E-08, -1.88776E-02, -9.73214E-02
-8.561956E-08, -1.96429E-02, -9.17092E-02
-8.555706E-08, -1.97704E-02, -8.27806E-02
-8.549456E-08, -2.14286E-02, -7.27041E-02
-8.543206E-08, -2.32143E-02, -6.68367E-02
-8.536956E-08, -2.57653E-02, -6.59439E-02
-8.530706E-08, -2.72959E-02, -7.09184E-02
-8.524456E-08, -2.56378E-02, -7.88265E-02
-8.518206E-08, -2.24490E-02, -8.52041E-02
-8.511956E-08, -1.88776E-02, -8.89031E-02
-8.505706E-08, -1.72194E-02, -8.85204E-02
-8.499456E-08, -2.00255E-02, -8.48214E-02
-8.493206E-08, -2.69133E-02, -8.08674E-02
-8.486956E-08, -3.45663E-02, -7.84439E-02
-8.480706E-08, -3.96684E-02, -7.72959E-02
-8.474456E-08, -3.82653E-02, -7.71684E-02
-8.468206E-08, -2.90816E-02, -7.55102E-02
-8.461956E-08, -1.67092E-02, -7.05357E-02
-8.455706E-08, -4.9745E-03, -6.40306E-02
-8.449456E-08, 1.1480E-03, -5.75255E-02
-8.443206E-08, -2.551E-04, -5.43367E-02
-8.436956E-08, -7.6531E-03, -5.61224E-02
-8.430706E-08, -1.81122E-02, -6.26276E-02
-8.424456E-08, -2.65306E-02, -7.20663E-02
-8.418206E-08, -3.07398E-02, -7.95918E-02
-8.411956E-08, -3.02296E-02, -8.29082E-02
-8.405706E-08, -2.65306E-02, -8.13776E-02
-8.399456E-08, -2.23214E-02, -7.61480E-02
-8.393206E-08, -1.96429E-02, -7.15561E-02
-8.386956E-08, -1.98980E-02, -7.09184E-02
-8.380706E-08, -2.16837E-02, -7.53826E-02
-8.374456E-08, -2.42347E-02, -8.20153E-02
-8.368206E-08, -2.81888E-02, -8.71173E-02
-8.361956E-08, -3.20153E-02, -8.89031E-02
-8.355706E-08, -3.44388E-02, -8.52041E-02
-8.349456E-08, -3.46939E-02, -7.70408E-02
-8.343206E-08, -3.25255E-02, -6.86224E-02
-8.336956E-08, -2.89541E-02, -6.27551E-02
-8.330706E-08, -2.47449E-02, -6.22449E-02
-8.324456E-08, -2.14286E-02, -6.55612E-02
-8.318206E-08, -2.21939E-02, -6.95153E-02
-8.311956E-08, -2.60204E-02, -7.30867E-02
-8.305706E-08, -3.11224E-02, -7.33418E-02
-8.299456E-08, -3.43112E-02, -7.06633E-02
-8.293206E-08, -3.23980E-02, -6.72194E-02
-8.286956E-08, -2.53827E-02, -6.44133E-02
-8.280706E-08, -1.59439E-02, -6.41582E-02
-8.274456E-08, -7.2704E-03, -6.67092E-02
-8.268206E-08, -2.6786E-03, -6.96429E-02
-8.261956E-08, -5.8673E-03, -7.04082E-02
-8.255706E-08, -1.54337E-02, -6.92602E-02
-8.249456E-08, -2.65306E-02, -6.64541E-02
-8.243206E-08, -3.46939E-02, -6.32653E-02
-8.236956E-08, -3.52041E-02, -6.21173E-02
-8.230706E-08, -2.86990E-02, -6.30102E-02
-8.224456E-08, -1.82398E-02, -6.67092E-02
-8.218206E-08, -7.7806E-03, -7.16837E-02
-8.211956E-08, -2.1684E-03, -7.44898E-02
-8.205706E-08, -3.6990E-03, -7.42347E-02
-8.199456E-08, -9.1837E-03, -7.18112E-02
-8.193206E-08, -1.56888E-02, -6.70918E-02
-8.186956E-08, -1.95153E-02, -6.32653E-02
-8.180706E-08, -1.81122E-02, -6.19898E-02
-8.174456E-08, -1.49235E-02, -6.27551E-02
-8.168206E-08, -1.17347E-02, -6.70918E-02
-8.161956E-08, -1.16071E-02, -7.16837E-02
-8.155706E-08, -1.68367E-02, -7.47449E-02
-8.149456E-08, -2.46173E-02, -7.69133E-02
-8.143206E-08, -3.16327E-02, -7.67857E-02
-8.136956E-08, -3.52041E-02, -7.52551E-02
-8.130706E-08, -3.50765E-02, -7.38520E-02
-8.124456E-08, -3.26531E-02, -7.42347E-02
-8.118206E-08, -3.04847E-02, -7.65306E-02
-8.111956E-08, -3.15051E-02, -8.02296E-02
-8.105706E-08, -3.44388E-02, -8.54592E-02
-8.099456E-08, -3.73724E-02, -8.96684E-02
-8.093206E-08, -3.68622E-02, -9.17092E-02
-8.086956E-08, -3.20153E-02, -9.05612E-02
-8.080706E-08, -2.43622E-02, -8.71173E-02
-8.074456E-08, -1.69643E-02, -8.32908E-02
-8.068206E-08, -1.28827E-02, -8.07398E-02
-8.061956E-08, -1.46684E-02, -8.02296E-02
-8.055706E-08, -2.19388E-02, -8.25255E-02
-8.049456E-08, -2.95918E-02, -8.75000E-02
-8.043206E-08, -3.32908E-02, -9.22194E-02
-8.036956E-08, -3.09949E-02, -9.50255E-02
-8.030706E-08, -2.38520E-02, -9.51531E-02
-8.024456E-08, -1.46684E-02, -9.40051E-02
-8.018206E-08, -6.8878E-03, -9.11990E-02
-8.011956E-08, -4.5918E-03, -8.64796E-02
-8.005706E-08, -8.2908E-03, -8.20153E-02
-7.999456E-08, -1.51786E-02, -7.84439E-02
-7.993206E-08, -2.00255E-02, -7.62755E-02
-7.986956E-08, -1.91327E-02, -7.46173E-02
-7.980706E-08, -1.28827E-02, -7.32143E-02
-7.974456E-08, -3.8265E-03, -7.33418E-02
-7.968206E-08, 4.8469E-03, -7.46173E-02
-7.961956E-08, 8.9286E-03, -7.51275E-02
-7.955706E-08, 5.3571E-03, -7.42347E-02
-7.949456E-08, -4.9745E-03, -7.27041E-02
-7.943206E-08, -1.77296E-02, -7.09184E-02
-7.936956E-08, -2.81888E-02, -6.87500E-02
-7.930706E-08, -3.36735E-02, -6.68367E-02
-7.924456E-08, -3.48214E-02, -6.70918E-02
-7.918206E-08, -3.13776E-02, -7.07908E-02
-7.911956E-08, -2.65306E-02, -7.57653E-02
-7.905706E-08, -2.33418E-02, -8.12500E-02
-7.899456E-08, -2.13010E-02, -8.69898E-02
-7.893206E-08, -1.98980E-02, -9.04337E-02
-7.886956E-08, -1.87500E-02, -9.11990E-02
-7.880706E-08, -1.76020E-02, -9.03061E-02
-7.874456E-08, -1.64541E-02, -8.90306E-02
-7.868206E-08, -1.77296E-02, -8.80102E-02
-7.861956E-08, -2.18112E-02, -8.92857E-02
-7.855706E-08, -2.74235E-02, -9.23469E-02
-7.849456E-08, -3.35459E-02, -9.51531E-02
-7.843206E-08, -3.67347E-02, -9.74490E-02
-7.836956E-08, -3.62245E-02, -9.68112E-02
-7.830706E-08, -3.26531E-02, -9.45153E-02
-7.824456E-08, -2.60204E-02, -9.22194E-02
-7.818206E-08, -2.00255E-02, -8.91582E-02
-7.811956E-08, -1.56888E-02, -8.75000E-02
-7.805706E-08, -1.47959E-02, -8.64796E-02
-7.799456E-08, -1.73469E-02, -8.60969E-02
-7.793206E-08, -2.05357E-02, -8.66071E-02
-7.786956E-08, -2.41071E-02, -8.60969E-02
-7.780706E-08, -2.66582E-02, -8.60969E-02
-7.774456E-08, -2.70408E-02, -8.63520E-02
-7.768206E-08, -2.67857E-02, -8.67347E-02
-7.761956E-08, -2.65306E-02, -8.83929E-02
-7.755706E-08, -2.57653E-02, -9.10714E-02
-7.749456E-08, -2.38520E-02, -9.36224E-02
-7.743206E-08, -1.96429E-02, -9.47704E-02
-7.736956E-08, -1.55612E-02, -9.32398E-02
-7.730706E-08, -1.32653E-02, -9.04337E-02
-7.724456E-08, -1.23724E-02, -8.78827E-02
-7.718206E-08, -1.40306E-02, -8.43112E-02
-7.711956E-08, -1.84949E-02, -8.12500E-02
-7.705706E-08, -2.25765E-02, -8.03571E-02
-7.699456E-08, -2.41071E-02, -8.03571E-02
-7.693206E-08, -2.16837E-02, -8.02296E-02
-7.686956E-08, -1.65816E-02, -7.88265E-02
-7.680706E-08, -1.28827E-02, -7.53826E-02
-7.674456E-08, -1.35204E-02, -7.11735E-02
-7.668206E-08, -1.78571E-02, -6.78571E-02
-7.661956E-08, -2.51276E-02, -6.51786E-02
-7.655706E-08, -3.18878E-02, -6.54337E-02
-7.649456E-08, -3.35459E-02, -6.90051E-02
-7.643206E-08, -2.90816E-02, -7.41071E-02
-7.636956E-08, -2.05357E-02, -7.99745E-02
-7.630706E-08, -1.19898E-02, -8.45663E-02
-7.624456E-08, -6.7602E-03, -8.69898E-02
-7.618206E-08, -8.8010E-03, -8.60969E-02
-7.611956E-08, -1.70918E-02, -8.43112E-02
-7.605706E-08, -2.84439E-02, -8.22704E-02
-7.599456E-08, -3.96684E-02, -8.15051E-02
-7.593206E-08, -4.45153E-02, -8.30357E-02
-7.586956E-08, -4.31122E-02, -8.39286E-02
-7.580706E-08, -3.63520E-02, -8.49490E-02
-7.574456E-08, -2.58929E-02, -8.49490E-02
-7.568206E-08, -1.65816E-02, -8.31633E-02
-7.561956E-08, -9.9490E-03, -8.18878E-02
-7.555706E-08, -7.9082E-03, -8.17602E-02
-7.549456E-08, -1.07143E-02, -8.36735E-02
-7.543206E-08, -1.74745E-02, -8.75000E-02
-7.536956E-08, -2.58929E-02, -9.24745E-02
-7.530706E-08, -3.29082E-02, -9.60459E-02
-7.524456E-08, -3.75000E-02, -9.55357E-02
-7.518206E-08, -3.80102E-02, -9.14541E-02
-7.511956E-08, -3.54592E-02, -8.38010E-02
-7.505706E-08, -3.02296E-02, -7.52551E-02
-7.499456E-08, -2.48724E-02, -6.74745E-02
-7.493206E-08, -2.16837E-02, -6.33929E-02
-7.486956E-08, -2.09184E-02, -6.46684E-02
-7.480706E-08, -2.27041E-02, -7.04082E-02
-7.474456E-08, -2.41071E-02, -7.99745E-02
-7.468206E-08, -2.47449E-02, -8.86480E-02
-7.461956E-08, -2.38520E-02, -9.47704E-02
-7.455706E-08, -2.11735E-02, -9.59184E-02
-7.449456E-08, -1.98980E-02, -9.09439E-02
-7.443206E-08, -2.06633E-02, -8.27806E-02
-7.436956E-08, -2.29592E-02, -7.30867E-02
-7.430706E-08, -2.74235E-02, -6.42857E-02
-7.424456E-08, -3.06122E-02, -6.02041E-02
-7.418206E-08, -3.08673E-02, -6.02041E-02
-7.411956E-08, -2.93367E-02, -6.37755E-02
-7.405706E-08, -2.55102E-02, -7.11735E-02
-7.399456E-08, -2.20663E-02, -7.89541E-02
-7.393206E-08, -2.19388E-02, -8.57143E-02
-7.386956E-08, -2.43622E-02, -9.13265E-02
-7.380706E-08, -2.81888E-02, -9.36224E-02
-7.374456E-08, -3.29082E-02, -9.23469E-02
-7.368206E-08, -3.50765E-02, -8.95408E-02
-7.361956E-08, -3.43112E-02, -8.50765E-02
-7.355706E-08, -3.13776E-02, -8.11225E-02
-7.349456E-08, -2.65306E-02, -7.94643E-02
-7.343206E-08, -2.32143E-02, -7.90816E-02
-7.336956E-08, -2.20663E-02, -8.15051E-02
-7.330706E-08, -2.24490E-02, -8.45663E-02
-7.324456E-08, -2.35969E-02, -8.60969E-02
-7.318206E-08, -2.38520E-02, -8.53316E-02
-7.311956E-08, -2.34694E-02, -8.22704E-02
-7.305706E-08, -2.21939E-02, -7.85714E-02
-7.299456E-08, -2.11735E-02, -7.52551E-02
-7.293206E-08, -2.11735E-02, -7.39796E-02
-7.286956E-08, -2.41071E-02, -7.47449E-02
-7.280706E-08, -2.75510E-02, -7.78061E-02
-7.274456E-08, -3.02296E-02, -8.01020E-02
-7.268206E-08, -3.20153E-02, -7.99745E-02
-7.261956E-08, -3.15051E-02, -7.81888E-02
-7.255706E-08, -3.06122E-02, -7.44898E-02
-7.249456E-08, -3.06122E-02, -7.16837E-02
-7.243206E-08, -3.11224E-02, -7.19388E-02
-7.236956E-08, -3.09949E-02, -7.47449E-02
-7.230706E-08, -2.98469E-02, -7.90816E-02
-7.224456E-08, -2.66582E-02, -8.38010E-02
-7.218206E-08, -2.15561E-02, -8.66071E-02
-7.211956E-08, -1.77296E-02, -8.60969E-02
-7.205706E-08, -1.72194E-02, -8.39286E-02
-7.199456E-08, -2.13010E-02, -8.15051E-02
-7.193206E-08, -2.86990E-02, -8.08674E-02
-7.186956E-08, -3.58418E-02, -8.23980E-02
-7.180706E-08, -3.90306E-02, -8.49490E-02
-7.174456E-08, -3.60969E-02, -8.64796E-02
-7.168206E-08, -2.85714E-02, -8.50765E-02
-7.161956E-08, -1.92602E-02, -8.07398E-02
-7.155706E-08, -1.26276E-02, -7.39796E-02
-7.149456E-08, -1.22449E-02, -6.79847E-02
-7.143206E-08, -1.67092E-02, -6.59439E-02
-7.136956E-08, -2.29592E-02, -6.73469E-02
-7.130706E-08, -2.90816E-02, -7.07908E-02
-7.124456E-08, -3.17602E-02, -7.53826E-02
-7.118206E-08, -3.06122E-02, -7.80612E-02
-7.111956E-08, -2.71684E-02, -7.72959E-02
-7.105706E-08, -2.32143E-02, -7.35969E-02
-7.099456E-08, -2.21939E-02, -6.86224E-02
-7.093206E-08, -2.44898E-02, -6.61990E-02
-7.086956E-08, -2.89541E-02, -6.77296E-02
-7.080706E-08, -3.38010E-02, -7.27041E-02
-7.074456E-08, -3.68622E-02, -7.88265E-02
-7.068206E-08, -3.73724E-02, -8.29082E-02
-7.061956E-08, -3.50765E-02, -8.30357E-02
-7.055706E-08, -2.99745E-02, -7.92092E-02
-7.049456E-08, -2.44898E-02, -7.20663E-02
-7.043206E-08, -1.91327E-02, -6.60714E-02
-7.036956E-08, -1.46684E-02, -6.30102E-02
-7.030706E-08, -1.28827E-02, -6.37755E-02
-7.024456E-08, -1.36480E-02, -6.87500E-02
-7.018206E-08, -1.70918E-02, -7.52551E-02
-7.011956E-08, -2.19388E-02, -8.12500E-02
-7.005706E-08, -2.88265E-02, -8.45663E-02
-6.999456E-08, -3.54592E-02, -8.63520E-02
-6.993206E-08, -3.97959E-02, -8.66071E-02
-6.986956E-08, -4.20918E-02, -8.59694E-02
-6.980706E-08, -4.03061E-02, -8.63520E-02
-6.974456E-08, -3.64796E-02, -8.64796E-02
-6.968206E-08, -3.20153E-02, -8.71173E-02
-6.961956E-08, -2.71684E-02, -8.77551E-02
-6.955706E-08, -2.42347E-02, -8.64796E-02
-6.949456E-08, -2.34694E-02, -8.45663E-02
-6.943206E-08, -2.43622E-02, -8.21429E-02
-6.936956E-08, -2.61480E-02, -8.01020E-02
-6.930706E-08, -2.71684E-02, -7.94643E-02
-6.924456E-08, -2.78061E-02, -8.03571E-02
-6.918206E-08, -2.61480E-02, -8.36735E-02
-6.911956E-08, -2.38520E-02, -8.68622E-02
-6.905706E-08, -2.27041E-02, -8.94133E-02
-6.899456E-08, -2.24490E-02, -9.11990E-02
-6.893206E-08, -2.51276E-02, -8.99235E-02
-6.886956E-08, -3.03571E-02, -8.69898E-02
-6.880706E-08, -3.58418E-02, -8.38010E-02
-6.874456E-08, -3.94133E-02, -8.07398E-02
-6.868206E-08, -4.08163E-02, -7.85714E-02
-6.861956E-08, -3.92857E-02, -7.88265E-02
-6.855706E-08, -3.57143E-02, -8.04847E-02
-6.849456E-08, -3.25255E-02, -8.25255E-02
-6.843206E-08, -3.04847E-02, -8.39286E-02
-6.836956E-08, -2.98469E-02, -8.30357E-02
-6.830706E-08, -3.15051E-02, -7.98469E-02
-6.824456E-08, -3.27806E-02, -7.64031E-02
-6.818206E-08, -3.17602E-02, -7.29592E-02
-6.811956E-08, -2.84439E-02, -7.09184E-02
-6.805706E-08, -2.39796E-02, -7.14286E-02
-6.799456E-08, -2.00255E-02, -7.47449E-02
-6.793206E-08, -1.76020E-02, -8.01020E-02
-6.786956E-08, -1.78571E-02, -8.52041E-02
-6.780706E-08, -2.05357E-02, -8.89031E-02
-6.774456E-08, -2.42347E-02, -9.05612E-02
-6.768206E-08, -2.74235E-02, -9.00510E-02
-6.761956E-08, -2.78061E-02, -8.86480E-02
-6.755706E-08, -2.58929E-02, -8.58418E-02
-6.749456E-08, -2.24490E-02, -8.30357E-02
-6.743206E-08, -1.86224E-02, -8.08674E-02
-6.736956E-08, -1.70918E-02, -7.92092E-02
-6.730706E-08, -1.77296E-02, -7.90816E-02
-6.724456E-08, -1.97704E-02, -7.90816E-02
-6.718206E-08, -2.24490E-02, -7.80612E-02
-6.711956E-08, -2.53827E-02, -7.58929E-02
-6.705706E-08, -2.84439E-02, -7.32143E-02
-6.699456E-08, -2.89541E-02, -7.14286E-02
-6.693206E-08, -2.85714E-02, -7.04082E-02
-6.686956E-08, -2.69133E-02, -7.24490E-02
-6.680706E-08, -2.29592E-02, -7.72959E-02
-6.674456E-08, -1.84949E-02, -8.17602E-02
-6.668206E-08, -1.58163E-02, -8.48214E-02
-6.661956E-08, -1.63265E-02, -8.53316E-02
-6.655706E-08, -1.97704E-02, -8.25255E-02
-6.649456E-08, -2.56378E-02, -7.72959E-02
-6.643206E-08, -3.26531E-02, -7.24490E-02
-6.636956E-08, -3.75000E-02, -7.14286E-02
-6.630706E-08, -3.76276E-02, -7.53826E-02
-6.624456E-08, -3.31633E-02, -8.18878E-02
-6.618206E-08, -2.66582E-02, -8.94133E-02
-6.611956E-08, -1.95153E-02, -9.51531E-02
-6.605706E-08, -1.65816E-02, -9.50255E-02
-6.599456E-08, -1.86224E-02, -9.11990E-02
-6.593206E-08, -2.37245E-02, -8.54592E-02
-6.586956E-08, -2.88265E-02, -7.93367E-02
-6.580706E-08, -3.13776E-02, -7.48724E-02
-6.574456E-08, -3.12500E-02, -7.27041E-02
-6.568206E-08, -2.84439E-02, -7.29592E-02
-6.561956E-08, -2.66582E-02, -7.30867E-02
-6.555706E-08, -2.67857E-02, -7.33418E-02
-6.549456E-08, -2.94643E-02, -7.27041E-02
-6.543206E-08, -3.53316E-02, -7.25765E-02
-6.536956E-08, -3.94133E-02, -7.58929E-02
-6.530706E-08, -3.94133E-02, -8.11225E-02
-6.524456E-08, -3.50765E-02, -8.77551E-02
-6.518206E-08, -2.71684E-02, -9.43878E-02
-6.511956E-08, -1.96429E-02, -9.79592E-02
-6.505706E-08, -1.47959E-02, -9.84694E-02
-6.499456E-08, -1.44133E-02, -9.54082E-02
-6.493206E-08, -1.82398E-02, -9.11990E-02
-6.486956E-08, -2.38520E-02, -8.82653E-02
-6.480706E-08, -2.79337E-02, -8.81378E-02
-6.474456E-08, -2.88265E-02, -9.00510E-02
-6.468206E-08, -2.76786E-02, -9.23469E-02
-6.461956E-08, -2.41071E-02, -9.36224E-02
-6.455706E-08, -2.14286E-02, -9.00510E-02
-6.449456E-08, -2.04082E-02, -8.16327E-02
-6.443206E-08, -2.09184E-02, -6.97704E-02
-6.436956E-08, -2.32143E-02, -5.67602E-02
-6.430706E-08, -2.53827E-02, -4.69388E-02
-6.424456E-08, -2.76786E-02, -4.22194E-02
-6.418206E-08, -2.85714E-02, -4.45153E-02
-6.411956E-08, -2.84439E-02, -5.19133E-02
-6.405706E-08, -2.85714E-02, -6.17347E-02
-6.399456E-08, -2.64031E-02, -7.24490E-02
-6.393206E-08, -2.28316E-02, -7.95918E-02
-6.386956E-08, -1.90051E-02, -8.26531E-02
-6.380706E-08, -1.58163E-02, -8.18878E-02
-6.374456E-08, -1.61990E-02, -7.79337E-02
-6.368206E-08, -2.01531E-02, -7.29592E-02
-6.361956E-08, -2.76786E-02, -6.72194E-02
-6.355706E-08, -3.67347E-02, -6.25000E-02
-6.349456E-08, -4.36224E-02, -6.05867E-02
-6.343206E-08, -4.54082E-02, -6.17347E-02
-6.336956E-08, -4.08163E-02, -6.63265E-02
-6.330706E-08, -3.12500E-02, -7.34694E-02
-6.324456E-08, -1.97704E-02, -8.15051E-02
-6.318206E-08, -1.04592E-02, -8.82653E-02
-6.311956E-08, -5.9949E-03, -9.20918E-02
-6.305706E-08, -6.6327E-03, -9.28571E-02
-6.299456E-08, -1.12245E-02, -9.09439E-02
-6.293206E-08, -1.74745E-02, -8.85204E-02
-6.286956E-08, -2.25765E-02, -8.75000E-02
-6.280706E-08, -2.66582E-02, -8.80102E-02
-6.274456E-08, -2.92092E-02, -9.08163E-02
-6.268206E-08, -2.99745E-02, -9.36224E-02
-6.261956E-08, -3.04847E-02, -9.38776E-02
-6.255706E-08, -3.04847E-02, -9.19643E-02
-6.249456E-08, -2.89541E-02, -8.78827E-02
-6.243206E-08, -2.50000E-02, -8.26531E-02
-6.236956E-08, -2.06633E-02, -7.76786E-02
-6.230706E-08, -1.69643E-02, -7.56378E-02
-6.224456E-08, -1.50510E-02, -7.71684E-02
-6.218206E-08, -1.61990E-02, -8.12500E-02
-6.211956E-08, -1.91327E-02, -8.73725E-02
-6.205706E-08, -2.28316E-02, -9.37500E-02
-6.199456E-08, -2.50000E-02, -9.93622E-02
-6.193206E-08, -2.43622E-02, -1.029337E-01
-6.186956E-08, -2.18112E-02, -1.033163E-01
-6.180706E-08, -1.86224E-02, -1.011480E-01
-6.174456E-08, -1.64541E-02, -9.63010E-02
-6.168206E-08, -1.81122E-02, -9.00510E-02
-6.161956E-08, -2.15561E-02, -8.54592E-02
-6.155706E-08, -2.44898E-02, -8.26531E-02
-6.149456E-08, -2.69133E-02, -8.13776E-02
-6.143206E-08, -2.69133E-02, -8.35459E-02
-6.136956E-08, -2.44898E-02, -8.64796E-02
-6.130706E-08, -2.25765E-02, -8.73725E-02
-6.124456E-08, -2.32143E-02, -8.54592E-02
-6.118206E-08, -2.74235E-02, -8.06122E-02
-6.111956E-08, -3.38010E-02, -7.43622E-02
-6.105706E-08, -4.06888E-02, -6.88775E-02
-6.099456E-08, -4.43878E-02, -6.69643E-02
-6.093206E-08, -4.33673E-02, -6.86224E-02
-6.086956E-08, -3.86480E-02, -7.29592E-02
-6.080706E-08, -3.21429E-02, -7.83163E-02
-6.074456E-08, -2.57653E-02, -8.17602E-02
-6.068206E-08, -2.19388E-02, -8.12500E-02
-6.061956E-08, -2.23214E-02, -7.81888E-02
-6.055706E-08, -2.52551E-02, -7.62755E-02
-6.049456E-08, -2.89541E-02, -7.75510E-02
-6.043206E-08, -2.98469E-02, -8.40561E-02
-6.036956E-08, -2.80612E-02, -9.24745E-02
-6.030706E-08, -2.50000E-02, -1.001275E-01
-6.024456E-08, -1.98980E-02, -1.039541E-01
-6.018206E-08, -1.60714E-02, -9.96173E-02
-6.011956E-08, -1.55612E-02, -8.96684E-02
-6.005706E-08, -1.69643E-02, -7.92092E-02
-5.999456E-08, -2.02806E-02, -7.19388E-02
-5.993206E-08, -2.39796E-02, -7.20663E-02
-5.986956E-08, -2.71684E-02, -7.93367E-02
-5.980706E-08, -2.86990E-02, -9.05612E-02
-5.974456E-08, -2.72959E-02, -1.001275E-01
-5.968206E-08, -2.58929E-02, -1.021684E-01
-5.961956E-08, -2.42347E-02, -9.80867E-02
-5.955706E-08, -2.18112E-02, -8.86480E-02
-5.949456E-08, -2.10459E-02, -7.71684E-02
-5.943206E-08, -2.04082E-02, -7.01531E-02
-5.936956E-08, -1.93878E-02, -6.84949E-02
-5.930706E-08, -1.76020E-02, -7.18112E-02
-5.924456E-08, -1.53061E-02, -7.76786E-02
-5.918206E-08, -1.26276E-02, -8.34184E-02
-5.911956E-08, -9.9490E-03, -8.69898E-02
-5.905706E-08, -8.9286E-03, -8.75000E-02
-5.899456E-08, -8.9286E-03, -8.63520E-02
-5.893206E-08, -1.10969E-02, -8.36735E-02
-5.886956E-08, -1.59439E-02, -8.11225E-02
-5.880706E-08, -2.23214E-02, -7.99745E-02
-5.874456E-08, -2.92092E-02, -7.99745E-02
-5.868206E-08, -3.49490E-02, -8.16327E-02
-5.861956E-08, -3.81378E-02, -8.41837E-02
-5.855706E-08, -3.82653E-02, -8.67347E-02
-5.849456E-08, -3.63520E-02, -8.86480E-02
-5.843206E-08, -3.48214E-02, -8.92857E-02
-5.836956E-08, -3.36735E-02, -8.92857E-02
-5.830706E-08, -3.32908E-02, -8.69898E-02
-5.824456E-08, -3.60969E-02, -8.26531E-02
-5.818206E-08, -3.95408E-02, -7.92092E-02
-5.811956E-08, -4.24745E-02, -7.50000E-02
-5.805706E-08, -4.57908E-02, -7.14286E-02
-5.799456E-08, -4.77041E-02, -7.00255E-02
-5.793206E-08, -4.84694E-02, -7.00255E-02
-5.786956E-08, -4.80867E-02, -7.25765E-02
-5.780706E-08, -4.48980E-02, -7.79337E-02
-5.774456E-08, -3.80102E-02, -8.43112E-02
-5.768206E-08, -2.92092E-02, -8.96684E-02
-5.761956E-08, -2.00255E-02, -9.26020E-02
-5.755706E-08, -1.37755E-02, -9.14541E-02
-5.749456E-08, -1.32653E-02, -8.62245E-02
-5.743206E-08, -1.88776E-02, -7.92092E-02
-5.736956E-08, -2.84439E-02, -7.28316E-02
-5.730706E-08, -3.80102E-02, -6.96429E-02
-5.724456E-08, -4.31122E-02, -7.11735E-02
-5.718206E-08, -4.08163E-02, -7.69133E-02
-5.711956E-08, -3.22704E-02, -8.38010E-02
-5.705706E-08, -2.20663E-02, -8.91582E-02
-5.699456E-08, -1.35204E-02, -9.10714E-02
-5.693206E-08, -1.14796E-02, -8.73725E-02
-5.686956E-08, -1.59439E-02, -8.06122E-02
-5.680706E-08, -2.33418E-02, -7.32143E-02
-5.674456E-08, -3.04847E-02, -6.76020E-02
-5.668206E-08, -3.31633E-02, -6.70918E-02
-5.661956E-08, -2.98469E-02, -7.20663E-02
-5.655706E-08, -2.21939E-02, -8.07398E-02
-5.649456E-08, -1.44133E-02, -9.00510E-02
-5.643206E-08, -1.05867E-02, -9.77041E-02
-5.636956E-08, -1.13520E-02, -1.021684E-01
-5.630706E-08, -1.53061E-02, -1.017857E-01
-5.624456E-08, -2.16837E-02, -9.69388E-02
-5.618206E-08, -2.65306E-02, -9.13265E-02
-5.611956E-08, -2.74235E-02, -8.58418E-02
-5.605706E-08, -2.74235E-02, -8.08674E-02
-5.599456E-08, -2.66582E-02, -7.92092E-02
-5.593206E-08, -2.71684E-02, -7.84439E-02
-5.586956E-08, -3.03571E-02, -7.90816E-02
-5.580706E-08, -3.36735E-02, -8.11225E-02
-5.574456E-08, -3.46939E-02, -8.31633E-02
-5.568206E-08, -3.16327E-02, -8.49490E-02
-5.561956E-08, -2.41071E-02, -8.57143E-02
-5.555706E-08, -1.60714E-02, -8.52041E-02
-5.549456E-08, -1.09694E-02, -8.40561E-02
-5.543206E-08, -1.05867E-02, -8.25255E-02
-5.536956E-08, -1.63265E-02, -8.07398E-02
-5.530706E-08, -2.43622E-02, -8.09949E-02
-5.524456E-08, -3.02296E-02, -8.27806E-02
-5.518206E-08, -3.16327E-02, -8.60969E-02
-5.511956E-08, -2.70408E-02, -9.14541E-02
-5.505706E-08, -1.82398E-02, -9.69388E-02
-5.499456E-08, -9.4388E-03, -1.007653E-01
-5.493206E-08, -5.1020E-03, -1.020408E-01
-5.486956E-08, -6.3776E-03, -1.007653E-01
-5.480706E-08, -1.26276E-02, -9.71939E-02
-5.474456E-08, -2.19388E-02, -9.36224E-02
-5.468206E-08, -2.88265E-02, -9.26020E-02
-5.461956E-08, -3.13776E-02, -9.31122E-02
-5.455706E-08, -2.99745E-02, -9.50255E-02
-5.449456E-08, -2.55102E-02, -9.68112E-02
-5.443206E-08, -2.15561E-02, -9.54082E-02
-5.436956E-08, -2.11735E-02, -9.11990E-02
-5.430706E-08, -2.39796E-02, -8.52041E-02
-5.424456E-08, -2.89541E-02, -7.97194E-02
-5.418206E-08, -3.46939E-02, -7.70408E-02
-5.411956E-08, -3.87755E-02, -7.95918E-02
-5.405706E-08, -3.94133E-02, -8.57143E-02
-5.399456E-08, -3.85204E-02, -9.19643E-02
-5.393206E-08, -3.66071E-02, -9.61735E-02
-5.386956E-08, -3.44388E-02, -9.60459E-02
-5.380706E-08, -3.26531E-02, -9.11990E-02
-5.374456E-08, -3.04847E-02, -8.46939E-02
-5.368206E-08, -2.78061E-02, -7.92092E-02
-5.361956E-08, -2.51276E-02, -7.76786E-02
-5.355706E-08, -2.21939E-02, -8.04847E-02
-5.349456E-08, -2.07908E-02, -8.50765E-02
-5.343206E-08, -2.20663E-02, -8.92857E-02
-5.336956E-08, -2.44898E-02, -9.14541E-02
-5.330706E-08, -2.67857E-02, -9.05612E-02
-5.324456E-08, -2.72959E-02, -8.80102E-02
-5.318206E-08, -2.43622E-02, -8.57143E-02
-5.311956E-08, -1.95153E-02, -8.44388E-02
-5.305706E-08, -1.55612E-02, -8.45663E-02
-5.299456E-08, -1.49235E-02, -8.54592E-02
-5.293206E-08, -1.78571E-02, -8.67347E-02
-5.286956E-08, -2.33418E-02, -8.72449E-02
-5.280706E-08, -2.89541E-02, -8.77551E-02
-5.274456E-08, -3.23980E-02, -8.97959E-02
-5.268206E-08, -3.29082E-02, -9.36224E-02
-5.261956E-08, -3.21429E-02, -9.89796E-02
-5.255706E-08, -3.17602E-02, -1.043367E-01
-5.249456E-08, -3.22704E-02, -1.068878E-01
-5.243206E-08, -3.45663E-02, -1.039541E-01
-5.236956E-08, -3.78827E-02, -9.68112E-02
-5.230706E-08, -3.85204E-02, -8.86480E-02
-5.224456E-08, -3.63520E-02, -8.17602E-02
-5.218206E-08, -3.20153E-02, -8.06122E-02
-5.211956E-08, -2.57653E-02, -8.63520E-02
-5.205706E-08, -2.11735E-02, -9.57908E-02
-5.199456E-08, -1.97704E-02, -1.063775E-01
-5.193206E-08, -1.98980E-02, -1.137755E-01
-5.186956E-08, -2.20663E-02, -1.136480E-01
-5.180706E-08, -2.42347E-02, -1.073980E-01
-5.174456E-08, -2.43622E-02, -9.59184E-02
-5.168206E-08, -2.39796E-02, -8.29082E-02
-5.161956E-08, -2.39796E-02, -7.30867E-02
-5.155706E-08, -2.58929E-02, -6.91327E-02
-5.149456E-08, -2.97194E-02, -7.27041E-02
-5.143206E-08, -3.43112E-02, -8.13776E-02
-5.136956E-08, -3.83929E-02, -9.15816E-02
-5.130706E-08, -3.96684E-02, -9.96173E-02
-5.124456E-08, -3.92857E-02, -1.016582E-01
-5.118206E-08, -3.82653E-02, -9.82143E-02
-5.111956E-08, -3.75000E-02, -9.13265E-02
-5.105706E-08, -3.94133E-02, -8.44388E-02
-5.099456E-08, -4.13265E-02, -8.27806E-02
-5.093206E-08, -4.19643E-02, -8.58418E-02
-5.086956E-08, -4.09439E-02, -9.32398E-02
-5.080706E-08, -3.60969E-02, -1.034439E-01
-5.074456E-08, -2.95918E-02, -1.108418E-01
-5.068206E-08, -2.35969E-02, -1.133929E-01
-5.061956E-08, -1.98980E-02, -1.102041E-01
-5.055706E-08, -1.95153E-02, -1.021684E-01
-5.049456E-08, -2.37245E-02, -9.20918E-02
-5.043206E-08, -2.85714E-02, -8.48214E-02
-5.036956E-08, -3.17602E-02, -8.02296E-02
-5.030706E-08, -3.41837E-02, -7.83163E-02
-5.024456E-08, -3.41837E-02, -8.03571E-02
-5.018206E-08, -3.32908E-02, -8.27806E-02
-5.011956E-08, -3.35459E-02, -8.50765E-02
-5.005706E-08, -3.52041E-02, -8.78827E-02
-4.999456E-08, -3.81378E-02, -9.06888E-02
-4.993206E-08, -4.14541E-02, -9.36224E-02
-4.986956E-08, -4.37500E-02, -9.65561E-02
-4.980706E-08, -4.43878E-02, -9.82143E-02
-4.974456E-08, -4.27296E-02, -9.84694E-02
-4.968206E-08, -3.89031E-02, -9.61735E-02
-4.961956E-08, -3.38010E-02, -9.23469E-02
-4.955706E-08, -2.80612E-02, -8.85204E-02
-4.949456E-08, -2.19388E-02, -8.54592E-02
-4.943206E-08, -1.54337E-02, -8.31633E-02
-4.936956E-08, -1.09694E-02, -8.03571E-02
-4.930706E-08, -8.9286E-03, -7.75510E-02
-4.924456E-08, -1.12245E-02, -7.35969E-02
-4.918206E-08, -1.76020E-02, -7.07908E-02
-4.911956E-08, -2.44898E-02, -7.02806E-02
-4.905706E-08, -3.11224E-02, -7.15561E-02
-4.899456E-08, -3.57143E-02, -7.60204E-02
-4.893206E-08, -3.60969E-02, -8.29082E-02
-4.886956E-08, -3.44388E-02, -8.89031E-02
-4.880706E-08, -3.16327E-02, -9.32398E-02
-4.874456E-08, -2.90816E-02, -9.47704E-02
-4.868206E-08, -2.79337E-02, -9.28571E-02
-4.861956E-08, -2.75510E-02, -8.86480E-02
-4.855706E-08, -2.62755E-02, -8.36735E-02
-4.849456E-08, -2.41071E-02, -7.89541E-02
-4.843206E-08, -2.09184E-02, -7.70408E-02
-4.836956E-08, -1.61990E-02, -7.83163E-02
-4.830706E-08, -1.28827E-02, -8.13776E-02
-4.824456E-08, -1.10969E-02, -8.64796E-02
-4.818206E-08, -1.18622E-02, -9.15816E-02
-4.811956E-08, -1.61990E-02, -9.55357E-02
-4.805706E-08, -2.13010E-02, -9.88520E-02
-4.799456E-08, -2.56378E-02, -1.002551E-01
-4.793206E-08, -2.92092E-02, -9.97449E-02
-4.786956E-08, -3.13776E-02, -9.87245E-02
-4.780706E-08, -3.29082E-02, -9.69388E-02
-4.774456E-08, -3.46939E-02, -9.43878E-02
-4.768206E-08, -3.72449E-02, -9.13265E-02
-4.761956E-08, -4.06888E-02, -8.78827E-02
-4.755706E-08, -4.26020E-02, -8.53316E-02
-4.749456E-08, -4.34949E-02, -8.31633E-02
-4.743206E-08, -4.20918E-02, -8.32908E-02
-4.736956E-08, -3.81378E-02, -8.50765E-02
-4.730706E-08, -3.46939E-02, -8.64796E-02
-4.724456E-08, -3.13776E-02, -8.86480E-02
-4.718206E-08, -2.93367E-02, -8.94133E-02
-4.711956E-08, -2.74235E-02, -8.99235E-02
-4.705706E-08, -2.37245E-02, -9.06888E-02
-4.699456E-08, -1.87500E-02, -9.14541E-02
-4.693206E-08, -1.30102E-02, -9.26020E-02
-4.686956E-08, -8.1633E-03, -9.24745E-02
-4.680706E-08, -8.2908E-03, -8.91582E-02
-4.674456E-08, -1.37755E-02, -8.34184E-02
-4.668206E-08, -2.28316E-02, -7.57653E-02
-4.661956E-08, -3.36735E-02, -6.88775E-02
-4.655706E-08, -4.04337E-02, -6.69643E-02
-4.649456E-08, -4.05612E-02, -7.02806E-02
-4.643206E-08, -3.44388E-02, -7.81888E-02
-4.636956E-08, -2.42347E-02, -8.80102E-02
-4.630706E-08, -1.58163E-02, -9.45153E-02
-4.624456E-08, -1.27551E-02, -9.65561E-02
-4.618206E-08, -1.42857E-02, -9.37500E-02
-4.611956E-08, -1.96429E-02, -8.63520E-02
-4.605706E-08, -2.52551E-02, -7.85714E-02
-4.599456E-08, -2.79337E-02, -7.35969E-02
-4.593206E-08, -2.64031E-02, -7.27041E-02
-4.586956E-08, -2.20663E-02, -7.51275E-02
-4.580706E-08, -1.78571E-02, -7.93367E-02
-4.574456E-08, -1.54337E-02, -8.38010E-02
-4.568206E-08, -1.53061E-02, -8.67347E-02
-4.561956E-08, -1.72194E-02, -8.76276E-02
-4.555706E-08, -1.92602E-02, -8.69898E-02
-4.549456E-08, -1.95153E-02, -8.54592E-02
-4.543206E-08, -2.00255E-02, -8.26531E-02
-4.536956E-08, -2.14286E-02, -8.12500E-02
-4.530706E-08, -2.37245E-02, -8.18878E-02
-4.524456E-08, -2.79337E-02, -8.44388E-02
-4.518206E-08, -3.13776E-02, -8.96684E-02
-4.511956E-08, -3.26531E-02, -9.60459E-02
-4.505706E-08, -3.09949E-02, -1.022959E-01
-4.499456E-08, -2.64031E-02, -1.065051E-01
-4.493206E-08, -2.09184E-02, -1.068878E-01
-4.486956E-08, -1.72194E-02, -1.028061E-01
-4.480706E-08, -1.69643E-02, -9.59184E-02
-4.474456E-08, -1.93878E-02, -8.82653E-02
-4.468206E-08, -2.24490E-02, -8.20153E-02
-4.461956E-08, -2.38520E-02, -7.92092E-02
-4.455706E-08, -2.25765E-02, -8.12500E-02
-4.449456E-08, -1.82398E-02, -8.76276E-02
-4.443206E-08, -1.28827E-02, -9.51531E-02
-4.436956E-08, -1.05867E-02, -1.005102E-01
-4.430706E-08, -1.36480E-02, -1.021684E-01
-4.424456E-08, -2.02806E-02, -9.93622E-02
-4.418206E-08, -2.86990E-02, -9.20918E-02
-4.411956E-08, -3.48214E-02, -8.30357E-02
-4.405706E-08, -3.63520E-02, -7.52551E-02
-4.399456E-08, -3.41837E-02, -7.20663E-02
-4.393206E-08, -2.93367E-02, -7.53826E-02
-4.386956E-08, -2.55102E-02, -8.38010E-02
-4.380706E-08, -2.48724E-02, -9.50255E-02
-4.374456E-08, -2.81888E-02, -1.049745E-01
-4.368206E-08, -3.34184E-02, -1.109694E-01
-4.361956E-08, -3.77551E-02, -1.108418E-01
-4.355706E-08, -3.92857E-02, -1.056122E-01
-4.349456E-08, -3.82653E-02, -9.74490E-02
-4.343206E-08, -3.48214E-02, -9.03061E-02
-4.336956E-08, -2.99745E-02, -8.64796E-02
-4.330706E-08, -2.60204E-02, -8.59694E-02
-4.324456E-08, -2.23214E-02, -8.94133E-02
-4.318206E-08, -1.95153E-02, -9.40051E-02
-4.311956E-08, -1.74745E-02, -9.82143E-02
-4.305706E-08, -1.73469E-02, -1.002551E-01
-4.299456E-08, -1.90051E-02, -1.005102E-01
-4.293206E-08, -2.23214E-02, -9.85969E-02
-4.286956E-08, -2.80612E-02, -9.56633E-02
-4.280706E-08, -3.22704E-02, -9.48980E-02
-4.274456E-08, -3.22704E-02, -9.46429E-02
-4.268206E-08, -2.88265E-02, -9.45153E-02
-4.261956E-08, -2.13010E-02, -9.47704E-02
-4.255706E-08, -1.31378E-02, -9.27296E-02
-4.249456E-08, -9.3112E-03, -8.80102E-02
-4.243206E-08, -1.22449E-02, -8.27806E-02
-4.236956E-08, -2.05357E-02, -7.88265E-02
-4.230706E-08, -3.11224E-02, -7.72959E-02
-4.224456E-08, -3.89031E-02, -7.92092E-02
-4.218206E-08, -4.06888E-02, -8.39286E-02
-4.211956E-08, -3.53316E-02, -8.96684E-02
-4.205706E-08, -2.72959E-02, -9.36224E-02
-4.199456E-08, -2.00255E-02, -9.59184E-02
-4.193206E-08, -1.68367E-02, -9.55357E-02
-4.186956E-08, -1.98980E-02, -9.29847E-02
-4.180706E-08, -2.69133E-02, -9.10714E-02
-4.174456E-08, -3.41837E-02, -9.08163E-02
-4.168206E-08, -3.69898E-02, -9.24745E-02
-4.161956E-08, -3.35459E-02, -9.36224E-02
-4.155706E-08, -2.65306E-02, -9.27296E-02
-4.149456E-08, -1.78571E-02, -9.03061E-02
-4.143206E-08, -1.13520E-02, -8.52041E-02
-4.136956E-08, -9.4388E-03, -7.98469E-02
-4.130706E-08, -1.09694E-02, -7.61480E-02
-4.124456E-08, -1.53061E-02, -7.50000E-02
-4.118206E-08, -2.00255E-02, -7.70408E-02
-4.111956E-08, -2.35969E-02, -8.11225E-02
-4.105706E-08, -2.76786E-02, -8.52041E-02
-4.099456E-08, -3.13776E-02, -8.95408E-02
-4.093206E-08, -3.44388E-02, -9.23469E-02
-4.086956E-08, -3.63520E-02, -9.36224E-02
-4.080706E-08, -3.55867E-02, -9.38776E-02
-4.074456E-08, -3.31633E-02, -9.33673E-02
-4.068206E-08, -2.72959E-02, -9.38776E-02
-4.061956E-08, -2.02806E-02, -9.33673E-02
-4.055706E-08, -1.46684E-02, -9.19643E-02
-4.049456E-08, -1.16071E-02, -8.99235E-02
-4.043206E-08, -1.16071E-02, -8.68622E-02
-4.036956E-08, -1.37755E-02, -8.35459E-02
-4.030706E-08, -1.72194E-02, -8.09949E-02
-4.024456E-08, -2.04082E-02, -8.06122E-02
-4.018206E-08, -2.34694E-02, -8.21429E-02
-4.011956E-08, -2.70408E-02, -8.52041E-02
-4.005706E-08, -3.15051E-02, -8.89031E-02
-3.999456E-08, -3.46939E-02, -9.18367E-02
-3.993206E-08, -3.73724E-02, -9.17092E-02
-3.986956E-08, -3.80102E-02, -9.03061E-02
-3.980706E-08, -3.49490E-02, -8.89031E-02
-3.974456E-08, -3.04847E-02, -8.78827E-02
-3.968206E-08, -2.53827E-02, -8.96684E-02
-3.961956E-08, -2.05357E-02, -9.33673E-02
-3.955706E-08, -1.76020E-02, -9.73214E-02
-3.949456E-08, -1.59439E-02, -1.008929E-01
-3.943206E-08, -1.59439E-02, -1.025510E-01
-3.936956E-08, -1.63265E-02, -1.034439E-01
-3.930706E-08, -1.54337E-02, -1.036990E-01
-3.924456E-08, -1.53061E-02, -1.019133E-01
-3.918206E-08, -1.55612E-02, -9.98724E-02
-3.911956E-08, -1.64541E-02, -9.56633E-02
-3.905706E-08, -1.91327E-02, -8.92857E-02
-3.899456E-08, -2.11735E-02, -8.36735E-02
-3.893206E-08, -2.09184E-02, -7.90816E-02
-3.886956E-08, -1.93878E-02, -7.70408E-02
-3.880706E-08, -1.78571E-02, -7.92092E-02
-3.874456E-08, -1.64541E-02, -8.50765E-02
-3.868206E-08, -1.79847E-02, -9.09439E-02
-3.861956E-08, -2.32143E-02, -9.50255E-02
-3.855706E-08, -2.94643E-02, -9.61735E-02
-3.849456E-08, -3.49490E-02, -9.38776E-02
-3.843206E-08, -3.66071E-02, -9.11990E-02
-3.836956E-08, -3.49490E-02, -9.03061E-02
-3.830706E-08, -2.97194E-02, -9.47704E-02
-3.824456E-08, -2.27041E-02, -1.024235E-01
-3.818206E-08, -1.95153E-02, -1.091837E-01
-3.811956E-08, -1.98980E-02, -1.140306E-01
-3.805706E-08, -2.35969E-02, -1.119898E-01
-3.799456E-08, -3.02296E-02, -1.030612E-01
-3.793206E-08, -3.57143E-02, -9.13265E-02
-3.786956E-08, -3.86480E-02, -8.03571E-02
-3.780706E-08, -3.85204E-02, -7.48724E-02
-3.774456E-08, -3.66071E-02, -7.62755E-02
-3.768206E-08, -3.52041E-02, -8.34184E-02
-3.761956E-08, -3.48214E-02, -9.28571E-02
-3.755706E-08, -3.62245E-02, -9.97449E-02
-3.749456E-08, -3.81378E-02, -1.017857E-01
-3.743206E-08, -3.99235E-02, -9.78316E-02
-3.736956E-08, -3.96684E-02, -9.11990E-02
-3.730706E-08, -3.66071E-02, -8.44388E-02
-3.724456E-08, -3.17602E-02, -7.94643E-02
-3.718206E-08, -2.74235E-02, -7.75510E-02
-3.711956E-08, -2.42347E-02, -7.88265E-02
-3.705706E-08, -2.27041E-02, -8.08674E-02
-3.699456E-08, -2.38520E-02, -8.18878E-02
-3.693206E-08, -2.51276E-02, -8.23980E-02
-3.686956E-08, -2.58929E-02, -8.11225E-02
-3.680706E-08, -2.52551E-02, -7.88265E-02
-3.674456E-08, -2.38520E-02, -7.70408E-02
-3.668206E-08, -2.28316E-02, -7.75510E-02
-3.661956E-08, -2.20663E-02, -8.08674E-02
-3.655706E-08, -2.29592E-02, -8.59694E-02
-3.649456E-08, -2.51276E-02, -9.26020E-02
-3.643206E-08, -2.85714E-02, -9.88520E-02
-3.636956E-08, -3.22704E-02, -1.036990E-01
-3.630706E-08, -3.39286E-02, -1.057398E-01
-3.624456E-08, -3.41837E-02, -1.030612E-01
-3.618206E-08, -3.30357E-02, -9.75765E-02
-3.611956E-08, -3.02296E-02, -9.13265E-02
-3.605706E-08, -2.69133E-02, -8.52041E-02
-3.599456E-08, -2.43622E-02, -8.17602E-02
-3.593206E-08, -2.28316E-02, -8.12500E-02
-3.586956E-08, -2.39796E-02, -8.20153E-02
-3.580706E-08, -2.90816E-02, -8.36735E-02
-3.574456E-08, -3.59694E-02, -8.57143E-02
-3.568206E-08, -4.37500E-02, -8.63520E-02
-3.561956E-08, -4.83418E-02, -8.71173E-02
-3.555706E-08, -4.82143E-02, -8.77551E-02
-3.549456E-08, -4.38775E-02, -8.96684E-02
-3.543206E-08, -3.55867E-02, -9.37500E-02
-3.536956E-08, -2.83163E-02, -9.80867E-02
-3.530706E-08, -2.35969E-02, -1.039541E-01
-3.524456E-08, -2.29592E-02, -1.085459E-01
-3.518206E-08, -2.69133E-02, -1.113520E-01
-3.511956E-08, -3.15051E-02, -1.135204E-01
-3.505706E-08, -3.38010E-02, -1.132653E-01
-3.499456E-08, -3.40561E-02, -1.102041E-01
-3.493206E-08, -3.31633E-02, -1.059949E-01
-3.486956E-08, -3.12500E-02, -1.017857E-01
-3.480706E-08, -3.07398E-02, -9.68112E-02
-3.474456E-08, -3.23980E-02, -9.33673E-02
-3.468206E-08, -3.36735E-02, -9.31122E-02
-3.461956E-08, -3.31633E-02, -9.45153E-02
-3.455706E-08, -2.99745E-02, -9.68112E-02
-3.449456E-08, -2.44898E-02, -9.80867E-02
-3.443206E-08, -2.09184E-02, -9.59184E-02
-3.436956E-08, -2.14286E-02, -9.18367E-02
-3.430706E-08, -2.57653E-02, -8.68622E-02
-3.424456E-08, -3.32908E-02, -8.26531E-02
-3.418206E-08, -4.04337E-02, -8.21429E-02
-3.411956E-08, -4.36224E-02, -8.60969E-02
-3.405706E-08, -4.09439E-02, -9.28571E-02
-3.399456E-08, -3.43112E-02, -9.88520E-02
-3.393206E-08, -2.76786E-02, -1.020408E-01
-3.386956E-08, -2.43622E-02, -1.017857E-01
-3.380706E-08, -2.69133E-02, -9.88520E-02
-3.374456E-08, -3.35459E-02, -9.69388E-02
-3.368206E-08, -4.05612E-02, -9.80867E-02
-3.361956E-08, -4.33673E-02, -1.024235E-01
-3.355706E-08, -3.86480E-02, -1.077806E-01
-3.349456E-08, -2.97194E-02, -1.095663E-01
-3.343206E-08, -2.02806E-02, -1.071429E-01
-3.336956E-08, -1.40306E-02, -1.000000E-01
-3.330706E-08, -1.45408E-02, -8.91582E-02
-3.324456E-08, -2.11735E-02, -7.89541E-02
-3.318206E-08, -3.20153E-02, -7.25765E-02
-3.311956E-08, -4.14541E-02, -7.23214E-02
-3.305706E-08, -4.60459E-02, -7.62755E-02
-3.299456E-08, -4.47704E-02, -8.22704E-02
-3.293206E-08, -3.87755E-02, -8.78827E-02
-3.286956E-08, -3.17602E-02, -9.14541E-02
-3.280706E-08, -2.64031E-02, -9.29847E-02
-3.274456E-08, -2.48724E-02, -9.31122E-02
-3.268206E-08, -2.72959E-02, -9.33673E-02
-3.261956E-08, -3.07398E-02, -9.45153E-02
-3.255706E-08, -3.29082E-02, -9.47704E-02
-3.249456E-08, -3.45663E-02, -9.31122E-02
-3.243206E-08, -3.38010E-02, -9.17092E-02
-3.236956E-08, -3.18878E-02, -8.91582E-02
-3.230706E-08, -3.09949E-02, -8.75000E-02
-3.224456E-08, -2.97194E-02, -8.86480E-02
-3.218206E-08, -2.92092E-02, -9.09439E-02
-3.211956E-08, -2.85714E-02, -9.46429E-02
-3.205706E-08, -2.75510E-02, -9.71939E-02
-3.199456E-08, -2.57653E-02, -9.75765E-02
-3.193206E-08, -2.46173E-02, -9.51531E-02
-3.186956E-08, -2.44898E-02, -9.20918E-02
-3.180706E-08, -2.39796E-02, -9.01786E-02
-3.174456E-08, -2.18112E-02, -8.97959E-02
-3.168206E-08, -1.73469E-02, -9.03061E-02
-3.161956E-08, -1.18622E-02, -9.06888E-02
-3.155706E-08, -5.8673E-03, -9.11990E-02
-3.149456E-08, -1.2755E-03, -9.01786E-02
-3.143206E-08, 0.0E+00, -8.78827E-02
-3.136956E-08, -3.9541E-03, -8.54592E-02
-3.130706E-08, -1.04592E-02, -8.45663E-02
-3.124456E-08, -1.79847E-02, -8.31633E-02
-3.118206E-08, -2.50000E-02, -8.13776E-02
-3.111956E-08, -2.80612E-02, -7.95918E-02
-3.105706E-08, -2.85714E-02, -7.64031E-02
-3.099456E-08, -2.66582E-02, -7.50000E-02
-3.093206E-08, -2.50000E-02, -7.64031E-02
-3.086956E-08, -2.44898E-02, -8.18878E-02
-3.080706E-08, -2.35969E-02, -9.03061E-02
-3.074456E-08, -2.33418E-02, -9.78316E-02
-3.068206E-08, -2.09184E-02, -1.034439E-01
-3.061956E-08, -1.54337E-02, -1.042092E-01
-3.055706E-08, -1.03316E-02, -1.001275E-01
-3.049456E-08, -6.2500E-03, -9.55357E-02
-3.043206E-08, -5.8673E-03, -9.09439E-02
-3.036956E-08, -1.19898E-02, -8.85204E-02
-3.030706E-08, -2.15561E-02, -9.00510E-02
-3.024456E-08, -3.18878E-02, -9.19643E-02
-3.018206E-08, -3.90306E-02, -9.36224E-02
-3.011956E-08, -4.01786E-02, -9.41327E-02
-3.005706E-08, -3.60969E-02, -9.33673E-02
-2.999456E-08, -2.88265E-02, -9.23469E-02
-2.993206E-08, -2.42347E-02, -9.08163E-02
-2.986956E-08, -2.46173E-02, -9.06888E-02
-2.980706E-08, -2.78061E-02, -9.17092E-02
-2.974456E-08, -3.26531E-02, -9.13265E-02
-2.968206E-08, -3.49490E-02, -9.17092E-02
-2.961956E-08, -3.07398E-02, -9.29847E-02
-2.955706E-08, -2.28316E-02, -9.42602E-02
-2.949456E-08, -1.46684E-02, -9.68112E-02
-2.943206E-08, -1.00765E-02, -9.93622E-02
-2.936956E-08, -1.14796E-02, -1.001275E-01
-2.930706E-08, -1.83673E-02, -9.78316E-02
-2.924456E-08, -2.79337E-02, -9.38776E-02
-2.918206E-08, -3.36735E-02, -9.06888E-02
-2.911956E-08, -3.32908E-02, -8.90306E-02
-2.905706E-08, -2.83163E-02, -9.05612E-02
-2.899456E-08, -2.07908E-02, -9.54082E-02
-2.893206E-08, -1.51786E-02, -1.002551E-01
-2.886956E-08, -1.37755E-02, -1.022959E-01
-2.880706E-08, -1.73469E-02, -9.93622E-02
-2.874456E-08, -2.46173E-02, -9.32398E-02
-2.868206E-08, -3.06122E-02, -8.73725E-02
-2.861956E-08, -3.40561E-02, -8.31633E-02
-2.855706E-08, -3.39286E-02, -8.36735E-02
-2.849456E-08, -3.15051E-02, -8.80102E-02
-2.843206E-08, -2.83163E-02, -9.34949E-02
-2.836956E-08, -2.51276E-02, -9.69388E-02
-2.830706E-08, -2.39796E-02, -9.59184E-02
-2.824456E-08, -2.29592E-02, -9.34949E-02
-2.818206E-08, -2.10459E-02, -9.13265E-02
-2.811956E-08, -1.96429E-02, -9.17092E-02
-2.805706E-08, -1.88776E-02, -9.71939E-02
-2.799456E-08, -1.91327E-02, -1.047194E-01
-2.793206E-08, -2.13010E-02, -1.095663E-01
-2.786956E-08, -2.48724E-02, -1.081633E-01
-2.780706E-08, -2.85714E-02, -9.94898E-02
-2.774456E-08, -3.03571E-02, -8.62245E-02
-2.768206E-08, -2.81888E-02, -7.39796E-02
-2.761956E-08, -2.28316E-02, -6.76020E-02
-2.755706E-08, -1.72194E-02, -7.00255E-02
-2.749456E-08, -1.30102E-02, -8.09949E-02
-2.743206E-08, -1.23724E-02, -9.42602E-02
-2.736956E-08, -1.69643E-02, -1.034439E-01
-2.730706E-08, -2.42347E-02, -1.059949E-01
-2.724456E-08, -3.39286E-02, -1.005102E-01
-2.718206E-08, -4.27296E-02, -9.29847E-02
-2.711956E-08, -4.71939E-02, -8.82653E-02
-2.705706E-08, -4.84694E-02, -8.83929E-02
-2.699456E-08, -4.48980E-02, -9.50255E-02
-2.693206E-08, -3.87755E-02, -1.024235E-01
-2.686956E-08, -3.26531E-02, -1.062500E-01
-2.680706E-08, -2.71684E-02, -1.035714E-01
-2.674456E-08, -2.38520E-02, -9.42602E-02
-2.668206E-08, -2.29592E-02, -8.20153E-02
-2.661956E-08, -2.34694E-02, -7.21939E-02
-2.655706E-08, -2.52551E-02, -6.87500E-02
-2.649456E-08, -2.75510E-02, -7.25765E-02
-2.643206E-08, -2.86990E-02, -8.18878E-02
-2.636956E-08, -2.94643E-02, -9.15816E-02
-2.630706E-08, -2.95918E-02, -9.91071E-02
-2.624456E-08, -2.94643E-02, -1.024235E-01
-2.618206E-08, -2.98469E-02, -1.021684E-01
-2.611956E-08, -3.06122E-02, -1.008929E-01
-2.605706E-08, -3.11224E-02, -1.002551E-01
-2.599456E-08, -3.08673E-02, -1.005102E-01
-2.593206E-08, -3.06122E-02, -1.011480E-01
-2.586956E-08, -3.06122E-02, -1.014031E-01
-2.580706E-08, -3.13776E-02, -1.006378E-01
-2.574456E-08, -3.20153E-02, -9.88520E-02
-2.568206E-08, -3.25255E-02, -9.54082E-02
-2.561956E-08, -3.27806E-02, -9.22194E-02
-2.555706E-08, -3.17602E-02, -9.06888E-02
-2.549456E-08, -2.89541E-02, -9.11990E-02
-2.543206E-08, -2.60204E-02, -9.29847E-02
-2.536956E-08, -2.43622E-02, -9.66837E-02
-2.530706E-08, -2.44898E-02, -1.017857E-01
-2.524456E-08, -2.69133E-02, -1.066326E-01
-2.518206E-08, -3.01020E-02, -1.109694E-01
-2.511956E-08, -3.20153E-02, -1.127551E-01
-2.505706E-08, -3.15051E-02, -1.104592E-01
-2.499456E-08, -2.93367E-02, -1.044643E-01
-2.493206E-08, -2.56378E-02, -9.65561E-02
-2.486956E-08, -2.19388E-02, -8.77551E-02
-2.480706E-08, -2.06633E-02, -8.08674E-02
-2.474456E-08, -2.14286E-02, -7.90816E-02
-2.468206E-08, -2.27041E-02, -8.27806E-02
-2.461956E-08, -2.25765E-02, -9.06888E-02
-2.455706E-08, -2.14286E-02, -9.96173E-02
-2.449456E-08, -1.93878E-02, -1.075255E-01
-2.443206E-08, -1.63265E-02, -1.121174E-01
-2.436956E-08, -1.54337E-02, -1.108418E-01
-2.430706E-08, -1.81122E-02, -1.059949E-01
-2.424456E-08, -2.34694E-02, -1.007653E-01
-2.418206E-08, -2.90816E-02, -9.66837E-02
-2.411956E-08, -3.34184E-02, -9.43878E-02
-2.405706E-08, -3.52041E-02, -9.38776E-02
-2.399456E-08, -3.49490E-02, -9.38776E-02
-2.393206E-08, -3.41837E-02, -9.34949E-02
-2.386956E-08, -3.26531E-02, -9.26020E-02
-2.380706E-08, -3.09949E-02, -9.10714E-02
-2.374456E-08, -2.94643E-02, -9.06888E-02
-2.368206E-08, -2.62755E-02, -9.22194E-02
-2.361956E-08, -2.18112E-02, -9.50255E-02
-2.355706E-08, -1.74745E-02, -9.78316E-02
-2.349456E-08, -1.50510E-02, -9.92347E-02
-2.343206E-08, -1.47959E-02, -9.92347E-02
-2.336956E-08, -1.76020E-02, -9.73214E-02
-2.330706E-08, -2.23214E-02, -9.59184E-02
-2.324456E-08, -2.61480E-02, -9.73214E-02
-2.318206E-08, -2.79337E-02, -1.006378E-01
-2.311956E-08, -2.70408E-02, -1.051020E-01
-2.305706E-08, -2.44898E-02, -1.082908E-01
-2.299456E-08, -2.23214E-02, -1.072704E-01
-2.293206E-08, -2.23214E-02, -1.021684E-01
-2.286956E-08, -2.47449E-02, -9.48980E-02
-2.280706E-08, -2.65306E-02, -8.87755E-02
-2.274456E-08, -2.71684E-02, -8.48214E-02
-2.268206E-08, -2.50000E-02, -8.53316E-02
-2.261956E-08, -2.09184E-02, -8.86480E-02
-2.255706E-08, -1.70918E-02, -9.22194E-02
-2.249456E-08, -1.49235E-02, -9.38776E-02
-2.243206E-08, -1.68367E-02, -9.22194E-02
-2.236956E-08, -2.07908E-02, -8.94133E-02
-2.230706E-08, -2.55102E-02, -8.63520E-02
-2.224456E-08, -2.83163E-02, -8.57143E-02
-2.218206E-08, -2.76786E-02, -8.71173E-02
-2.211956E-08, -2.65306E-02, -8.91582E-02
-2.205706E-08, -2.56378E-02, -9.18367E-02
-2.199456E-08, -2.75510E-02, -9.24745E-02
-2.193206E-08, -3.22704E-02, -9.17092E-02
-2.186956E-08, -3.77551E-02, -9.03061E-02
-2.180706E-08, -4.24745E-02, -8.92857E-02
-2.174456E-08, -4.29847E-02, -9.03061E-02
-2.168206E-08, -4.01786E-02, -9.15816E-02
-2.161956E-08, -3.64796E-02, -9.24745E-02
-2.155706E-08, -3.31633E-02, -9.34949E-02
-2.149456E-08, -3.06122E-02, -9.32398E-02
-2.143206E-08, -2.85714E-02, -9.13265E-02
-2.136956E-08, -2.67857E-02, -8.89031E-02
-2.130706E-08, -2.35969E-02, -8.82653E-02
-2.124456E-08, -1.95153E-02, -8.89031E-02
-2.118206E-08, -1.65816E-02, -9.00510E-02
-2.111956E-08, -1.60714E-02, -9.13265E-02
-2.105706E-08, -2.07908E-02, -9.11990E-02
-2.099456E-08, -2.90816E-02, -9.15816E-02
-2.093206E-08, -3.63520E-02, -9.27296E-02
-2.086956E-08, -4.01786E-02, -9.32398E-02
-2.080706E-08, -3.91582E-02, -9.40051E-02
-2.074456E-08, -3.40561E-02, -9.45153E-02
-2.068206E-08, -2.75510E-02, -9.37500E-02
-2.061956E-08, -2.24490E-02, -9.15816E-02
-2.055706E-08, -2.11735E-02, -8.80102E-02
-2.049456E-08, -2.37245E-02, -8.49490E-02
-2.043206E-08, -2.83163E-02, -8.41837E-02
-2.036956E-08, -3.27806E-02, -8.64796E-02
-2.030706E-08, -3.52041E-02, -9.09439E-02
-2.024456E-08, -3.49490E-02, -9.54082E-02
-2.018206E-08, -3.40561E-02, -9.75765E-02
-2.011956E-08, -3.07398E-02, -9.73214E-02
-2.005706E-08, -2.67857E-02, -9.26020E-02
-1.999456E-08, -2.44898E-02, -8.62245E-02
-1.993206E-08, -2.19388E-02, -8.20153E-02
-1.986956E-08, -2.16837E-02, -7.92092E-02
-1.980706E-08, -2.43622E-02, -7.98469E-02
-1.974456E-08, -2.80612E-02, -8.27806E-02
-1.968206E-08, -3.26531E-02, -8.54592E-02
-1.961956E-08, -3.48214E-02, -8.78827E-02
-1.955706E-08, -3.30357E-02, -8.81378E-02
-1.949456E-08, -2.72959E-02, -8.73725E-02
-1.943206E-08, -1.88776E-02, -8.57143E-02
-1.936956E-08, -1.26276E-02, -8.34184E-02
-1.930706E-08, -1.04592E-02, -8.18878E-02
-1.924456E-08, -1.31378E-02, -8.03571E-02
-1.918206E-08, -1.82398E-02, -7.94643E-02
-1.911956E-08, -2.24490E-02, -7.93367E-02
-1.905706E-08, -2.30867E-02, -8.08674E-02
-1.899456E-08, -1.95153E-02, -8.36735E-02
-1.893206E-08, -1.45408E-02, -8.69898E-02
-1.886956E-08, -1.17347E-02, -8.94133E-02
-1.880706E-08, -1.51786E-02, -8.94133E-02
-1.874456E-08, -2.39796E-02, -8.77551E-02
-1.868206E-08, -3.43112E-02, -8.45663E-02
-1.861956E-08, -4.15816E-02, -8.18878E-02
-1.855706E-08, -4.17092E-02, -8.25255E-02
-1.849456E-08, -3.32908E-02, -8.73725E-02
-1.843206E-08, -2.00255E-02, -9.48980E-02
-1.836956E-08, -7.2704E-03, -1.033163E-01
-1.830706E-08, -6.378E-04, -1.094388E-01
-1.824456E-08, -1.2755E-03, -1.110969E-01
-1.818206E-08, -7.9082E-03, -1.075255E-01
-1.811956E-08, -1.65816E-02, -1.008929E-01
-1.805706E-08, -2.19388E-02, -9.43878E-02
-1.799456E-08, -2.18112E-02, -9.00510E-02
-1.793206E-08, -1.83673E-02, -8.91582E-02
-1.786956E-08, -1.55612E-02, -9.24745E-02
-1.780706E-08, -1.72194E-02, -9.85969E-02
-1.774456E-08, -2.33418E-02, -1.051020E-01
-1.768206E-08, -3.22704E-02, -1.089286E-01
-1.761956E-08, -4.10714E-02, -1.084184E-01
-1.755706E-08, -4.52806E-02, -1.044643E-01
-1.749456E-08, -4.37500E-02, -9.74490E-02
-1.743206E-08, -3.68622E-02, -8.97959E-02
-1.736956E-08, -2.75510E-02, -8.31633E-02
-1.730706E-08, -1.93878E-02, -7.84439E-02
-1.724456E-08, -1.40306E-02, -7.72959E-02
-1.718206E-08, -1.19898E-02, -7.89541E-02
-1.711956E-08, -1.17347E-02, -8.26531E-02
-1.705706E-08, -1.30102E-02, -8.67347E-02
-1.699456E-08, -1.36480E-02, -9.11990E-02
-1.693206E-08, -1.37755E-02, -9.46429E-02
-1.686956E-08, -1.58163E-02, -9.73214E-02
-1.680706E-08, -1.79847E-02, -1.012755E-01
-1.674456E-08, -1.92602E-02, -1.039541E-01
-1.668206E-08, -2.01531E-02, -1.049745E-01
-1.661956E-08, -1.81122E-02, -1.049745E-01
-1.655706E-08, -1.28827E-02, -1.021684E-01
-1.649456E-08, -7.6531E-03, -9.64286E-02
-1.643206E-08, -3.0612E-03, -9.05612E-02
-1.636956E-08, -1.9133E-03, -8.45663E-02
-1.630706E-08, -6.3776E-03, -8.03571E-02
-1.624456E-08, -1.37755E-02, -8.02296E-02
-1.618206E-08, -2.14286E-02, -8.26531E-02
-1.611956E-08, -2.76786E-02, -8.69898E-02
-1.605706E-08, -2.89541E-02, -9.38776E-02
-1.599456E-08, -2.51276E-02, -1.007653E-01
-1.593206E-08, -1.88776E-02, -1.065051E-01
-1.586956E-08, -1.39031E-02, -1.105867E-01
-1.580706E-08, -1.22449E-02, -1.131378E-01
-1.574456E-08, -1.47959E-02, -1.130102E-01
-1.568206E-08, -2.19388E-02, -1.104592E-01
-1.561956E-08, -2.97194E-02, -1.077806E-01
-1.555706E-08, -3.53316E-02, -1.051020E-01
-1.549456E-08, -3.66071E-02, -1.045918E-01
-1.543206E-08, -3.39286E-02, -1.066326E-01
-1.536956E-08, -2.85714E-02, -1.109694E-01
-1.530706E-08, -2.27041E-02, -1.160714E-01
-1.524456E-08, -1.93878E-02, -1.187500E-01
-1.518206E-08, -2.00255E-02, -1.177296E-01
-1.511956E-08, -2.39796E-02, -1.122449E-01
-1.505706E-08, -2.99745E-02, -1.029337E-01
-1.499456E-08, -3.71173E-02, -9.33673E-02
-1.493206E-08, -4.09439E-02, -8.80102E-02
-1.486956E-08, -4.09439E-02, -8.64796E-02
-1.480706E-08, -3.80102E-02, -8.94133E-02
-1.474456E-08, -3.17602E-02, -9.56633E-02
-1.468206E-08, -2.53827E-02, -1.007653E-01
-1.461956E-08, -2.01531E-02, -1.038265E-01
-1.455706E-08, -1.68367E-02, -1.033163E-01
-1.449456E-08, -1.58163E-02, -1.006378E-01
-1.443206E-08, -1.65816E-02, -9.65561E-02
-1.436956E-08, -1.88776E-02, -9.28571E-02
-1.430706E-08, -2.07908E-02, -9.01786E-02
-1.424456E-08, -2.38520E-02, -8.66071E-02
-1.418206E-08, -2.72959E-02, -8.41837E-02
-1.411956E-08, -2.97194E-02, -8.25255E-02
-1.405706E-08, -3.06122E-02, -8.20153E-02
-1.399456E-08, -2.99745E-02, -8.35459E-02
-1.393206E-08, -2.66582E-02, -8.77551E-02
-1.386956E-08, -2.04082E-02, -9.28571E-02
-1.380706E-08, -1.51786E-02, -9.59184E-02
-1.374456E-08, -1.17347E-02, -9.75765E-02
-1.368206E-08, -1.10969E-02, -9.71939E-02
-1.361956E-08, -1.47959E-02, -9.52806E-02
-1.355706E-08, -1.97704E-02, -9.51531E-02
-1.349456E-08, -2.46173E-02, -9.63010E-02
-1.343206E-08, -2.70408E-02, -9.89796E-02
-1.336956E-08, -2.65306E-02, -1.012755E-01
-1.330706E-08, -2.39796E-02, -1.016582E-01
-1.324456E-08, -2.10459E-02, -9.93622E-02
-1.318206E-08, -2.04082E-02, -9.52806E-02
-1.311956E-08, -2.09184E-02, -9.19643E-02
-1.305706E-08, -2.41071E-02, -8.92857E-02
-1.299456E-08, -2.86990E-02, -9.03061E-02
-1.293206E-08, -3.17602E-02, -9.47704E-02
-1.286956E-08, -3.27806E-02, -9.96173E-02
-1.280706E-08, -3.23980E-02, -1.039541E-01
-1.274456E-08, -3.16327E-02, -1.072704E-01
-1.268206E-08, -3.02296E-02, -1.095663E-01
-1.261956E-08, -2.95918E-02, -1.094388E-01
-1.255706E-08, -3.15051E-02, -1.080357E-01
-1.249456E-08, -3.40561E-02, -1.070153E-01
-1.243206E-08, -3.58418E-02, -1.049745E-01
-1.236956E-08, -3.58418E-02, -1.016582E-01
-1.230706E-08, -3.29082E-02, -9.74490E-02
-1.224456E-08, -2.55102E-02, -9.22194E-02
-1.218206E-08, -1.60714E-02, -8.50765E-02
-1.211956E-08, -8.0357E-03, -7.78061E-02
-1.205706E-08, -1.5306E-03, -7.21939E-02
-1.199456E-08, -3.827E-04, -6.72194E-02
-1.193206E-08, -4.7194E-03, -6.51786E-02
-1.186956E-08, -1.18622E-02, -6.67092E-02
-1.180706E-08, -2.05357E-02, -6.95153E-02
-1.174456E-08, -2.83163E-02, -7.43622E-02
-1.168206E-08, -3.13776E-02, -8.04847E-02
-1.161956E-08, -3.03571E-02, -8.53316E-02
-1.155706E-08, -2.60204E-02, -9.00510E-02
-1.149456E-08, -1.96429E-02, -9.42602E-02
-1.143206E-08, -1.42857E-02, -9.77041E-02
-1.136956E-08, -1.09694E-02, -1.008929E-01
-1.130706E-08, -1.19898E-02, -1.022959E-01
-1.124456E-08, -1.63265E-02, -1.035714E-01
-1.118206E-08, -2.09184E-02, -1.038265E-01
-1.111956E-08, -2.50000E-02, -1.019133E-01
-1.105706E-08, -2.61480E-02, -1.002551E-01
-1.099456E-08, -2.30867E-02, -9.83418E-02
-1.093206E-08, -1.83673E-02, -9.54082E-02
-1.086956E-08, -1.39031E-02, -9.23469E-02
-1.080706E-08, -1.18622E-02, -8.89031E-02
-1.074456E-08, -1.47959E-02, -8.48214E-02
-1.068206E-08, -2.04082E-02, -8.20153E-02
-1.061956E-08, -2.67857E-02, -7.95918E-02
-1.055706E-08, -3.17602E-02, -7.83163E-02
-1.049456E-08, -3.26531E-02, -7.90816E-02
-1.043206E-08, -2.98469E-02, -8.02296E-02
-1.036956E-08, -2.47449E-02, -8.21429E-02
-1.030706E-08, -1.90051E-02, -8.41837E-02
-1.024456E-08, -1.56888E-02, -8.58418E-02
-1.018206E-08, -1.60714E-02, -8.83929E-02
-1.011956E-08, -1.82398E-02, -9.24745E-02
-1.005706E-08, -2.10459E-02, -9.61735E-02
-9.99456E-09, -2.42347E-02, -9.82143E-02
-9.93206E-09, -2.62755E-02, -9.91071E-02
-9.86956E-09, -2.80612E-02, -9.77041E-02
-9.80706E-09, -2.89541E-02, -9.55357E-02
-9.74456E-09, -2.76786E-02, -9.33673E-02
-9.68206E-09, -2.70408E-02, -9.09439E-02
-9.61956E-09, -2.61480E-02, -9.10714E-02
-9.55706E-09, -2.48724E-02, -9.24745E-02
-9.49456E-09, -2.47449E-02, -9.32398E-02
-9.43206E-09, -2.47449E-02, -9.27296E-02
-9.36956E-09, -2.60204E-02, -8.92857E-02
-9.30706E-09, -2.71684E-02, -8.46939E-02
-9.24456E-09, -2.70408E-02, -7.97194E-02
-9.18206E-09, -2.72959E-02, -7.61480E-02
-9.11956E-09, -2.66582E-02, -7.70408E-02
-9.05706E-09, -2.56378E-02, -8.07398E-02
-8.99456E-09, -2.60204E-02, -8.59694E-02
-8.93206E-09, -2.64031E-02, -9.14541E-02
-8.86956E-09, -2.58929E-02, -9.40051E-02
-8.80706E-09, -2.53827E-02, -9.27296E-02
-8.74456E-09, -2.47449E-02, -9.03061E-02
-8.68206E-09, -2.37245E-02, -8.83929E-02
-8.61956E-09, -2.30867E-02, -8.82653E-02
-8.55706E-09, -2.37245E-02, -9.05612E-02
-8.49456E-09, -2.55102E-02, -9.37500E-02
-8.43206E-09, -2.78061E-02, -9.57908E-02
-8.36956E-09, -2.97194E-02, -9.48980E-02
-8.30706E-09, -2.95918E-02, -9.04337E-02
-8.24456E-09, -2.80612E-02, -8.31633E-02
-8.18206E-09, -2.56378E-02, -7.65306E-02
-8.11956E-09, -2.44898E-02, -7.24490E-02
-8.05706E-09, -2.44898E-02, -7.32143E-02
-7.99456E-09, -2.56378E-02, -7.76786E-02
-7.93206E-09, -2.86990E-02, -8.39286E-02
-7.86956E-09, -3.21429E-02, -9.15816E-02
-7.80706E-09, -3.40561E-02, -9.85969E-02
-7.74456E-09, -3.27806E-02, -1.028061E-01
-7.68206E-09, -2.90816E-02, -1.024235E-01
-7.61956E-09, -2.42347E-02, -9.85969E-02
-7.55706E-09, -1.92602E-02, -9.24745E-02
-7.49456E-09, -1.58163E-02, -8.53316E-02
-7.43206E-09, -1.46684E-02, -8.01020E-02
-7.36956E-09, -1.53061E-02, -7.83163E-02
-7.30706E-09, -1.76020E-02, -8.01020E-02
-7.24456E-09, -2.06633E-02, -8.48214E-02
-7.18206E-09, -2.32143E-02, -8.94133E-02
-7.11956E-09, -2.64031E-02, -9.06888E-02
-7.05706E-09, -2.90816E-02, -8.89031E-02
-6.99456E-09, -3.06122E-02, -8.38010E-02
-6.93206E-09, -3.07398E-02, -7.84439E-02
-6.86956E-09, -2.74235E-02, -7.62755E-02
-6.80706E-09, -2.23214E-02, -7.75510E-02
-6.74456E-09, -1.60714E-02, -8.41837E-02
-6.68206E-09, -1.00765E-02, -9.31122E-02
-6.61956E-09, -6.6327E-03, -1.012755E-01
-6.55706E-09, -7.1429E-03, -1.063775E-01
-6.49456E-09, -1.10969E-02, -1.082908E-01
-6.43206E-09, -1.67092E-02, -1.075255E-01
-6.36956E-09, -2.25765E-02, -1.057398E-01
-6.30706E-09, -2.70408E-02, -1.047194E-01
-6.24456E-09, -2.90816E-02, -1.048469E-01
-6.18206E-09, -2.88265E-02, -1.048469E-01
-6.11956E-09, -2.85714E-02, -1.030612E-01
-6.05706E-09, -2.79337E-02, -1.008929E-01
-5.99456E-09, -2.71684E-02, -9.83418E-02
-5.93206E-09, -2.64031E-02, -9.61735E-02
-5.86956E-09, -2.41071E-02, -9.60459E-02
-5.80706E-09, -2.29592E-02, -9.60459E-02
-5.74456E-09, -2.34694E-02, -9.70663E-02
-5.68206E-09, -2.60204E-02, -9.66837E-02
-5.61956E-09, -3.18878E-02, -9.33673E-02
-5.55706E-09, -3.80102E-02, -8.87755E-02
-5.49456E-09, -4.19643E-02, -8.39286E-02
-5.43206E-09, -4.19643E-02, -8.13776E-02
-5.36956E-09, -3.75000E-02, -8.31633E-02
-5.30706E-09, -3.08673E-02, -8.91582E-02
-5.24456E-09, -2.42347E-02, -9.80867E-02
-5.18206E-09, -2.01531E-02, -1.056122E-01
-5.11956E-09, -2.06633E-02, -1.081633E-01
-5.05706E-09, -2.34694E-02, -1.054847E-01
-4.99456E-09, -2.57653E-02, -9.69388E-02
-4.93206E-09, -2.69133E-02, -8.55867E-02
-4.86956E-09, -2.58929E-02, -7.74235E-02
-4.80706E-09, -2.28316E-02, -7.46173E-02
-4.74456E-09, -2.10459E-02, -7.69133E-02
-4.68206E-09, -2.10459E-02, -8.36735E-02
-4.61956E-09, -2.30867E-02, -9.00510E-02
-4.55706E-09, -2.67857E-02, -9.24745E-02
-4.49456E-09, -2.75510E-02, -9.01786E-02
-4.43206E-09, -2.56378E-02, -8.22704E-02
-4.36956E-09, -2.06633E-02, -7.28316E-02
-4.30706E-09, -1.36480E-02, -6.46684E-02
-4.24456E-09, -8.8010E-03, -5.94388E-02
-4.18206E-09, -8.2908E-03, -5.88010E-02
-4.11956E-09, -1.21173E-02, -6.22449E-02
-4.05706E-09, -1.76020E-02, -6.76020E-02
-3.99456E-09, -2.14286E-02, -7.21939E-02
-3.93206E-09, -2.10459E-02, -7.41071E-02
-3.86956E-09, -1.74745E-02, -7.39796E-02
-3.80706E-09, -1.13520E-02, -7.38520E-02
-3.74456E-09, -5.2296E-03, -7.44898E-02
-3.68206E-09, -3.1888E-03, -7.67857E-02
-3.61956E-09, -6.5051E-03, -8.23980E-02
-3.55706E-09, -1.33929E-02, -9.06888E-02
-3.49456E-09, -2.04082E-02, -9.97449E-02
-3.43206E-09, -2.38520E-02, -1.067602E-01
-3.36956E-09, -2.14286E-02, -1.096939E-01
-3.30706E-09, -1.41582E-02, -1.075255E-01
-3.24456E-09, -5.4847E-03, -1.024235E-01
-3.18206E-09, 7.653E-04, -9.84694E-02
-3.11956E-09, 4.4643E-03, -9.96173E-02
-3.05706E-09, 4.3367E-03, -1.063775E-01
-2.99456E-09, 1.0204E-03, -1.190051E-01
-2.93206E-09, -1.1480E-03, -1.350765E-01
-2.86956E-09, -2.5510E-03, -1.474490E-01
-2.80706E-09, -3.1888E-03, -1.538265E-01
-2.74456E-09, -3.1888E-03, -1.519133E-01
-2.68206E-09, -5.4847E-03, -1.426020E-01
-2.61956E-09, -9.6939E-03, -1.313775E-01
-2.55706E-09, -1.54337E-02, -1.219388E-01
-2.49456E-09, -1.96429E-02, -1.172194E-01
-2.43206E-09, -2.16837E-02, -1.142857E-01
-2.36956E-09, -2.34694E-02, -1.099490E-01
-2.30706E-09, -2.56378E-02, -1.010204E-01
-2.24456E-09, -3.08673E-02, -8.38010E-02
-2.18206E-09, -3.91582E-02, -5.95663E-02
-2.11956E-09, -4.96173E-02, -3.08673E-02
-2.05706E-09, -5.98214E-02, -1.6582E-03
-1.99456E-09, -6.54337E-02, 2.52551E-02
-1.93206E-09, -6.54337E-02, 5.17857E-02
-1.86956E-09, -6.18622E-02, 8.02296E-02
-1.80706E-09, -5.75255E-02, 1.123725E-01
-1.74456E-09, -5.52296E-02, 1.494898E-01
-1.68206E-09, -5.68878E-02, 1.904337E-01
-1.61956E-09, -6.08418E-02, 2.318878E-01
-1.55706E-09, -6.35204E-02, 2.720663E-01
-1.49456E-09, -6.18622E-02, 3.103316E-01
-1.43206E-09, -5.33163E-02, 3.469388E-01
-1.36956E-09, -3.92857E-02, 3.846939E-01
-1.30706E-09, -2.15561E-02, 4.229592E-01
-1.24456E-09, -2.6786E-03, 4.612245E-01
-1.18206E-09, 1.59439E-02, 4.971939E-01
-1.11956E-09, 3.55867E-02, 5.284439E-01
-1.05706E-09, 5.82908E-02, 5.553572E-01
-9.9456E-10, 8.71173E-02, 5.789541E-01
-9.3206E-10, 1.219388E-01, 6.028062E-01
-8.6956E-10, 1.628827E-01, 6.284439E-01
-8.0706E-10, 2.084184E-01, 6.572704E-01
-7.4456E-10, 2.548469E-01, 6.877551E-01
-6.8206E-10, 3.003826E-01, 7.167092E-01
-6.1956E-10, 3.432398E-01, 7.417092E-01
-5.5706E-10, 3.835459E-01, 7.605867E-01
-4.9456E-10, 4.233418E-01, 7.741072E-01
-4.3206E-10, 4.623725E-01, 7.850766E-01
-3.6956E-10, 5.017857E-01, 7.937500E-01
-3.0706E-10, 5.431122E-01, 8.006378E-01
-2.4456E-10, 5.854592E-01, 8.056123E-01
-1.8206E-10, 6.292092E-01, 8.073980E-01
-1.1956E-10, 6.728317E-01, 8.067602E-01
-5.706E-11, 7.164541E-01, 8.051021E-01
5.44E-12, 7.572704E-01, 8.066326E-01
6.794E-11, 7.929847E-01, 8.118622E-01
1.3044E-10, 8.250000E-01, 8.201531E-01
1.9294E-10, 8.520408E-01, 8.303571E-01
2.5544E-10, 8.760204E-01, 8.376275E-01
3.1794E-10, 8.979592E-01, 8.395408E-01
3.8044E-10, 9.181122E-01, 8.352041E-01
4.4294E-10, 9.366071E-01, 8.262755E-01
5.0544E-10, 9.530612E-01, 8.169643E-01
5.6794E-10, 9.664541E-01, 8.118622E-01
6.3044E-10, 9.752551E-01, 8.122449E-01
6.9294E-10, 9.801021E-01, 8.159439E-01
7.5544E-10, 9.826531E-01, 8.198979E-01
8.1794E-10, 9.845663E-01, 8.220663E-01
8.8044E-10, 9.859694E-01, 8.204082E-01
9.4294E-10, 9.880102E-01, 8.156888E-01
1.00544E-09, 9.914541E-01, 8.116071E-01
1.06794E-09, 9.941326E-01, 8.118622E-01
1.13044E-09, 9.957908E-01, 8.159439E-01
1.19294E-09, 9.968112E-01, 8.230867E-01
1.25544E-09, 9.950255E-01, 8.308674E-01
1.31794E-09, 9.915816E-01, 8.343112E-01
1.38044E-09, 9.864796E-01, 8.331633E-01
1.44294E-09, 9.789541E-01, 8.285714E-01
1.50544E-09, 9.713010E-01, 8.225765E-01
1.56794E-09, 9.654337E-01, 8.198979E-01
1.63044E-09, 9.613521E-01, 8.230867E-01
1.69294E-09, 9.605867E-01, 8.307398E-01
1.75544E-09, 9.619898E-01, 8.409439E-01
1.81794E-09, 9.637755E-01, 8.493623E-01
1.88044E-09, 9.650510E-01, 8.534439E-01
1.94294E-09, 9.640306E-01, 8.528062E-01
2.00544E-09, 9.608418E-01, 8.494898E-01
2.06794E-09, 9.558674E-01, 8.463010E-01
2.13044E-09, 9.517857E-01, 8.454081E-01
2.19294E-09, 9.515306E-01, 8.479592E-01
2.25544E-09, 9.554847E-01, 8.531888E-01
2.31794E-09, 9.625000E-01, 8.584183E-01
2.38044E-09, 9.709184E-01, 8.612245E-01
2.44294E-09, 9.772959E-01, 8.614796E-01
2.50544E-09, 9.807398E-01, 8.598214E-01
2.56794E-09, 9.802296E-01, 8.589286E-01
2.63044E-09, 9.767857E-01, 8.599490E-01
2.69294E-09, 9.733418E-01, 8.628827E-01
2.75544E-09, 9.716837E-01, 8.663265E-01
2.81794E-09, 9.728316E-01, 8.681123E-01
2.88044E-09, 9.767857E-01, 8.673469E-01
2.94294E-09, 9.809949E-01, 8.650510E-01
3.00544E-09, 9.839286E-01, 8.627551E-01
3.06794E-09, 9.860969E-01, 8.631378E-01
3.13044E-09, 9.853317E-01, 8.686224E-01
3.19294E-09, 9.840561E-01, 8.753827E-01
3.25544E-09, 9.827806E-01, 8.809949E-01
3.31794E-09, 9.825255E-01, 8.823979E-01
3.38044E-09, 9.843112E-01, 8.780612E-01
3.44294E-09, 9.867347E-01, 8.709184E-01
3.50544E-09, 9.889030E-01, 8.642857E-01
3.56794E-09, 9.896684E-01, 8.616071E-01
3.63044E-09, 9.883928E-01, 8.646684E-01
3.69294E-09, 9.843112E-01, 8.713010E-01
3.75544E-09, 9.801021E-01, 8.766581E-01
3.81794E-09, 9.767857E-01, 8.789541E-01
3.88044E-09, 9.744898E-01, 8.769132E-01
3.94294E-09, 9.762755E-01, 8.715561E-01
4.00544E-09, 9.804847E-01, 8.686224E-01
4.06794E-09, 9.857143E-01, 8.701531E-01
4.13044E-09, 9.891582E-01, 8.764030E-01
4.19294E-09, 9.885204E-01, 8.845663E-01
4.25544E-09, 9.846939E-01, 8.895408E-01
4.31794E-09, 9.798470E-01, 8.896683E-01
4.38044E-09, 9.762755E-01, 8.853316E-01
4.44294E-09, 9.765306E-01, 8.789541E-01
4.50544E-09, 9.816326E-01, 8.746173E-01
4.56794E-09, 9.903061E-01, 8.750000E-01
4.63044E-09, 9.985970E-01, 8.802296E-01
4.69294E-09, 1.0031887E+00, 8.868622E-01
4.75544E-09, 1.0022960E+00, 8.913265E-01
4.81794E-09, 9.963010E-01, 8.913265E-01
4.88044E-09, 9.892857E-01, 8.866072E-01
4.94294E-09, 9.839286E-01, 8.806123E-01
5.00544E-09, 9.827806E-01, 8.758929E-01
5.06794E-09, 9.867347E-01, 8.741071E-01
5.13044E-09, 9.941326E-01, 8.760204E-01
5.19294E-09, 1.0031887E+00, 8.802296E-01
5.25544E-09, 1.0109694E+00, 8.859694E-01
5.31794E-09, 1.0159439E+00, 8.913265E-01
5.38044E-09, 1.0191326E+00, 8.956633E-01
5.44294E-09, 1.0205357E+00, 8.996174E-01
5.50544E-09, 1.0197704E+00, 9.019133E-01
5.56794E-09, 1.0182397E+00, 9.012755E-01
5.63044E-09, 1.0140306E+00, 8.983418E-01
5.69294E-09, 1.0081632E+00, 8.923469E-01
5.75544E-09, 1.0025511E+00, 8.857143E-01
5.81794E-09, 9.969388E-01, 8.820153E-01
5.88044E-09, 9.941326E-01, 8.811225E-01
5.94294E-09, 9.966837E-01, 8.841836E-01
6.00544E-09, 1.0029336E+00, 8.905612E-01
6.06794E-09, 1.0104592E+00, 8.963010E-01
6.13044E-09, 1.0164541E+00, 8.988521E-01
6.19294E-09, 1.0181123E+00, 8.971938E-01
6.25544E-09, 1.0140306E+00, 8.929847E-01
6.31794E-09, 1.0056123E+00, 8.883929E-01
6.38044E-09, 9.959184E-01, 8.859694E-01
6.44294E-09, 9.885204E-01, 8.871173E-01
6.50544E-09, 9.860969E-01, 8.913265E-01
6.56794E-09, 9.885204E-01, 8.964286E-01
6.63044E-09, 9.947704E-01, 9.000000E-01
6.69294E-09, 1.0012755E+00, 9.012755E-01
6.75544E-09, 1.0045918E+00, 8.994898E-01
6.81794E-09, 1.0047194E+00, 8.948979E-01
6.88044E-09, 1.0026785E+00, 8.892857E-01
6.94294E-09, 1.0005102E+00, 8.845663E-01
7.00544E-09, 9.988520E-01, 8.820153E-01
7.06794E-09, 9.980868E-01, 8.811225E-01
7.13044E-09, 9.984694E-01, 8.827806E-01
7.19294E-09, 9.980868E-01, 8.877551E-01
7.25544E-09, 9.955357E-01, 8.946428E-01
7.31794E-09, 9.924745E-01, 9.012755E-01
7.38044E-09, 9.905612E-01, 9.061224E-01
7.44294E-09, 9.923469E-01, 9.077806E-01
7.50544E-09, 9.973214E-01, 9.070153E-01
7.56794E-09, 1.0033163E+00, 9.038265E-01
7.63044E-09, 1.0095663E+00, 8.998724E-01
7.69294E-09, 1.0133928E+00, 8.989796E-01
7.75544E-09, 1.0125000E+00, 9.015306E-01
7.81794E-09, 1.0095663E+00, 9.054847E-01
7.88044E-09, 1.0071429E+00, 9.099490E-01
7.94294E-09, 1.0070153E+00, 9.136479E-01
8.00544E-09, 1.0096939E+00, 9.142857E-01
8.06794E-09, 1.0136479E+00, 9.121174E-01
8.13044E-09, 1.0173470E+00, 9.079081E-01
8.19294E-09, 1.0196428E+00, 9.044643E-01
8.25544E-09, 1.0190051E+00, 9.029337E-01
8.31794E-09, 1.0173470E+00, 9.019133E-01
8.38044E-09, 1.0161990E+00, 9.019133E-01
8.44294E-09, 1.0144132E+00, 9.012755E-01
8.50544E-09, 1.0128827E+00, 8.978316E-01
8.56794E-09, 1.0114796E+00, 8.937500E-01
8.63044E-09, 1.0089285E+00, 8.915817E-01
8.69294E-09, 1.0066327E+00, 8.924745E-01
8.75544E-09, 1.0045918E+00, 8.980867E-01
8.81794E-09, 1.0042092E+00, 9.054847E-01
8.88044E-09, 1.0071429E+00, 9.116071E-01
8.94294E-09, 1.0108418E+00, 9.151786E-01
9.00544E-09, 1.0140306E+00, 9.132653E-01
9.06794E-09, 1.0150510E+00, 9.076530E-01
9.13044E-09, 1.0131377E+00, 9.012755E-01
9.19294E-09, 1.0094388E+00, 8.975765E-01
9.25544E-09, 1.0052296E+00, 8.991072E-01
9.31794E-09, 1.0022960E+00, 9.044643E-01
9.38044E-09, 1.0026785E+00, 9.109694E-01
9.44294E-09, 1.0048469E+00, 9.165816E-01
9.50544E-09, 1.0061225E+00, 9.182398E-01
9.56794E-09, 1.0071429E+00, 9.140306E-01
9.63044E-09, 1.0059949E+00, 9.076530E-01
9.69294E-09, 1.0039541E+00, 8.996174E-01
9.75544E-09, 1.0045918E+00, 8.923469E-01
9.81794E-09, 1.0077807E+00, 8.892857E-01
9.88044E-09, 1.0142857E+00, 8.892857E-01
9.94294E-09, 1.0219388E+00, 8.928571E-01
1.000544E-08, 1.0265306E+00, 8.988521E-01
1.006794E-08, 1.0272959E+00, 9.045919E-01
1.013044E-08, 1.0229592E+00, 9.103316E-01
1.019294E-08, 1.0144132E+00, 9.137755E-01
1.025544E-08, 1.0062500E+00, 9.141582E-01
1.031794E-08, 1.0001276E+00, 9.133928E-01
1.038044E-08, 9.984694E-01, 9.112245E-01
1.044294E-08, 1.0014031E+00, 9.099490E-01
1.050544E-08, 1.0070153E+00, 9.109694E-01
1.056794E-08, 1.0122449E+00, 9.137755E-01
1.063044E-08, 1.0155612E+00, 9.165816E-01
1.069294E-08, 1.0168368E+00, 9.183673E-01
1.075544E-08, 1.0146683E+00, 9.186224E-01
1.081794E-08, 1.0107143E+00, 9.155612E-01
1.088044E-08, 1.0072705E+00, 9.110969E-01
1.094294E-08, 1.0059949E+00, 9.072704E-01
1.100544E-08, 1.0066327E+00, 9.057398E-01
1.106794E-08, 1.0096939E+00, 9.062500E-01
1.113044E-08, 1.0133928E+00, 9.080357E-01
1.119294E-08, 1.0158163E+00, 9.095663E-01
1.125544E-08, 1.0173470E+00, 9.098215E-01
1.131794E-08, 1.0154337E+00, 9.112245E-01
1.138044E-08, 1.0099490E+00, 9.128826E-01
1.144294E-08, 1.0031887E+00, 9.150510E-01
1.150544E-08, 9.971939E-01, 9.184949E-01
1.156794E-08, 9.940051E-01, 9.213010E-01
1.163044E-08, 9.950255E-01, 9.218112E-01
1.169294E-08, 1.0007653E+00, 9.196429E-01
1.175544E-08, 1.0088010E+00, 9.159439E-01
1.181794E-08, 1.0170919E+00, 9.122449E-01
1.188044E-08, 1.0229592E+00, 9.110969E-01
1.194294E-08, 1.0246173E+00, 9.131377E-01
1.200544E-08, 1.0218112E+00, 9.161990E-01
1.206794E-08, 1.0165817E+00, 9.178572E-01
1.213044E-08, 1.0110970E+00, 9.167092E-01
1.219294E-08, 1.0065051E+00, 9.123725E-01
1.225544E-08, 1.0056123E+00, 9.061224E-01
1.231794E-08, 1.0066327E+00, 9.021684E-01
1.238044E-08, 1.0085459E+00, 9.015306E-01
1.244294E-08, 1.0118623E+00, 9.043368E-01
1.250544E-08, 1.0140306E+00, 9.109694E-01
1.256794E-08, 1.0156888E+00, 9.173470E-01
1.263044E-08, 1.0167092E+00, 9.228317E-01
1.269294E-08, 1.0168368E+00, 9.256378E-01
1.275544E-08, 1.0174745E+00, 9.256378E-01
1.281794E-08, 1.0179847E+00, 9.243622E-01
1.288044E-08, 1.0188775E+00, 9.213010E-01
1.294294E-08, 1.0201530E+00, 9.177296E-01
1.300544E-08, 1.0202806E+00, 9.145408E-01
1.306794E-08, 1.0184948E+00, 9.119898E-01
1.313044E-08, 1.0142857E+00, 9.110969E-01
1.319294E-08, 1.0095663E+00, 9.118623E-01
1.325544E-08, 1.0053571E+00, 9.150510E-01
1.331794E-08, 1.0022960E+00, 9.186224E-01
1.338044E-08, 1.0026785E+00, 9.190051E-01
1.344294E-08, 1.0061225E+00, 9.167092E-01
1.350544E-08, 1.0113521E+00, 9.119898E-01
1.356794E-08, 1.0169643E+00, 9.075255E-01
1.363044E-08, 1.0213010E+00, 9.070153E-01
1.369294E-08, 1.0225766E+00, 9.116071E-01
1.375544E-08, 1.0218112E+00, 9.202806E-01
1.381794E-08, 1.0197704E+00, 9.303572E-01
1.388044E-08, 1.0170919E+00, 9.371173E-01
1.394294E-08, 1.0149235E+00, 9.375000E-01
1.400544E-08, 1.0121174E+00, 9.322704E-01
1.406794E-08, 1.0081632E+00, 9.229592E-01
1.413044E-08, 1.0036989E+00, 9.136479E-01
1.419294E-08, 1.0006378E+00, 9.080357E-01
1.425544E-08, 9.994898E-01, 9.091837E-01
1.431794E-08, 1.0007653E+00, 9.151786E-01
1.438044E-08, 1.0052296E+00, 9.225765E-01
1.444294E-08, 1.0099490E+00, 9.295918E-01
1.450544E-08, 1.0144132E+00, 9.320153E-01
1.456794E-08, 1.0173470E+00, 9.306123E-01
1.463044E-08, 1.0177296E+00, 9.257653E-01
1.469294E-08, 1.0174745E+00, 9.186224E-01
1.475544E-08, 1.0168368E+00, 9.121174E-01
1.481794E-08, 1.0176021E+00, 9.066327E-01
1.488044E-08, 1.0195153E+00, 9.045919E-01
1.494294E-08, 1.0211735E+00, 9.063776E-01
1.500544E-08, 1.0214286E+00, 9.110969E-01
1.506794E-08, 1.0192602E+00, 9.178572E-01
1.513044E-08, 1.0158163E+00, 9.246174E-01
1.519294E-08, 1.0118623E+00, 9.301021E-01
1.525544E-08, 1.0098214E+00, 9.327806E-01
1.531794E-08, 1.0103316E+00, 9.335459E-01
1.538044E-08, 1.0137755E+00, 9.331633E-01
1.544294E-08, 1.0191326E+00, 9.336734E-01
1.550544E-08, 1.0237244E+00, 9.359694E-01
1.556794E-08, 1.0267857E+00, 9.389030E-01
1.563044E-08, 1.0269133E+00, 9.422194E-01
1.569294E-08, 1.0233419E+00, 9.433674E-01
1.575544E-08, 1.0181123E+00, 9.399235E-01
1.581794E-08, 1.0127552E+00, 9.336734E-01
1.588044E-08, 1.0086734E+00, 9.256378E-01
1.594294E-08, 1.0088010E+00, 9.178572E-01
1.600544E-08, 1.0116072E+00, 9.144133E-01
1.606794E-08, 1.0161990E+00, 9.141582E-01
1.613044E-08, 1.0207908E+00, 9.154336E-01
1.619294E-08, 1.0241071E+00, 9.167092E-01
1.625544E-08, 1.0253826E+00, 9.164541E-01
1.631794E-08, 1.0242347E+00, 9.144133E-01
1.638044E-08, 1.0220664E+00, 9.119898E-01
1.644294E-08, 1.0201530E+00, 9.118623E-01
1.650544E-08, 1.0178572E+00, 9.159439E-01
1.656794E-08, 1.0158163E+00, 9.227041E-01
1.663044E-08, 1.0146683E+00, 9.289541E-01
1.669294E-08, 1.0139030E+00, 9.321429E-01
1.675544E-08, 1.0150510E+00, 9.292092E-01
1.681794E-08, 1.0179847E+00, 9.220663E-01
1.688044E-08, 1.0223215E+00, 9.137755E-01
1.694294E-08, 1.0283164E+00, 9.090561E-01
1.700544E-08, 1.0323980E+00, 9.128826E-01
1.706794E-08, 1.0318878E+00, 9.224490E-01
1.713044E-08, 1.0285715E+00, 9.329082E-01
1.719294E-08, 1.0225766E+00, 9.404337E-01
1.725544E-08, 1.0160714E+00, 9.396684E-01
1.731794E-08, 1.0135204E+00, 9.302296E-01
1.738044E-08, 1.0140306E+00, 9.186224E-01
1.744294E-08, 1.0178572E+00, 9.089286E-01
1.750544E-08, 1.0227041E+00, 9.066327E-01
1.756794E-08, 1.0244898E+00, 9.128826E-01
1.763044E-08, 1.0233419E+00, 9.223214E-01
1.769294E-08, 1.0188775E+00, 9.306123E-01
1.775544E-08, 1.0141581E+00, 9.322704E-01
1.781794E-08, 1.0118623E+00, 9.278061E-01
1.788044E-08, 1.0127552E+00, 9.213010E-01
1.794294E-08, 1.0172194E+00, 9.172194E-01
1.800544E-08, 1.0225766E+00, 9.196429E-01
1.806794E-08, 1.0272959E+00, 9.279337E-01
1.813044E-08, 1.0303571E+00, 9.382653E-01
1.819294E-08, 1.0316327E+00, 9.459184E-01
1.825544E-08, 1.0302296E+00, 9.475765E-01
1.831794E-08, 1.0276786E+00, 9.426020E-01
1.838044E-08, 1.0235969E+00, 9.355868E-01
1.844294E-08, 1.0177296E+00, 9.304847E-01
1.850544E-08, 1.0118623E+00, 9.303572E-01
1.856794E-08, 1.0053571E+00, 9.364796E-01
1.863044E-08, 1.0007653E+00, 9.437500E-01
1.869294E-08, 9.991071E-01, 9.489796E-01
1.875544E-08, 1.0005102E+00, 9.489796E-01
1.881794E-08, 1.0044643E+00, 9.427296E-01
1.888044E-08, 1.0094388E+00, 9.331633E-01
1.894294E-08, 1.0147959E+00, 9.242347E-01
1.900544E-08, 1.0183673E+00, 9.195153E-01
1.906794E-08, 1.0205357E+00, 9.191326E-01
1.913044E-08, 1.0223215E+00, 9.223214E-01
1.919294E-08, 1.0232143E+00, 9.275510E-01
1.925544E-08, 1.0227041E+00, 9.313775E-01
1.931794E-08, 1.0213010E+00, 9.320153E-01
1.938044E-08, 1.0200255E+00, 9.304847E-01
1.944294E-08, 1.0182397E+00, 9.286990E-01
1.950544E-08, 1.0161990E+00, 9.272959E-01
1.956794E-08, 1.0156888E+00, 9.265306E-01
1.963044E-08, 1.0164541E+00, 9.279337E-01
1.969294E-08, 1.0179847E+00, 9.297194E-01
1.975544E-08, 1.0200255E+00, 9.311224E-01
1.981794E-08, 1.0211735E+00, 9.316326E-01
1.988044E-08, 1.0230868E+00, 9.306123E-01
1.994294E-08, 1.0247449E+00, 9.301021E-01
2.000544E-08, 1.0262755E+00, 9.297194E-01
2.006794E-08, 1.0285715E+00, 9.293367E-01
2.013044E-08, 1.0301020E+00, 9.295918E-01
2.019294E-08, 1.0306122E+00, 9.289541E-01
2.025544E-08, 1.0298469E+00, 9.274235E-01
2.031794E-08, 1.0278062E+00, 9.250000E-01
2.038044E-08, 1.0246173E+00, 9.225765E-01
2.044294E-08, 1.0215561E+00, 9.207908E-01
2.050544E-08, 1.0192602E+00, 9.205357E-01
2.056794E-08, 1.0172194E+00, 9.223214E-01
2.063044E-08, 1.0156888E+00, 9.252551E-01
2.069294E-08, 1.0147959E+00, 9.290816E-01
2.075544E-08, 1.0141581E+00, 9.336734E-01
2.081794E-08, 1.0137755E+00, 9.378827E-01
2.088044E-08, 1.0145408E+00, 9.413266E-01
2.094294E-08, 1.0158163E+00, 9.437500E-01
2.100544E-08, 1.0172194E+00, 9.438776E-01
2.106794E-08, 1.0191326E+00, 9.408163E-01
2.113044E-08, 1.0198979E+00, 9.352041E-01
2.119294E-08, 1.0182397E+00, 9.269133E-01
2.125544E-08, 1.0167092E+00, 9.161990E-01
2.131794E-08, 1.0141581E+00, 9.081632E-01
2.138044E-08, 1.0116072E+00, 9.030612E-01
2.144294E-08, 1.0113521E+00, 9.020408E-01
2.150544E-08, 1.0122449E+00, 9.067602E-01
2.156794E-08, 1.0139030E+00, 9.142857E-01
2.163044E-08, 1.0155612E+00, 9.216837E-01
2.169294E-08, 1.0179847E+00, 9.265306E-01
2.175544E-08, 1.0190051E+00, 9.283164E-01
2.181794E-08, 1.0193877E+00, 9.255102E-01
2.188044E-08, 1.0200255E+00, 9.198980E-01
2.194294E-08, 1.0190051E+00, 9.146684E-01
2.200544E-08, 1.0184948E+00, 9.096939E-01
2.206794E-08, 1.0176021E+00, 9.086735E-01
2.213044E-08, 1.0163265E+00, 9.116071E-01
2.219294E-08, 1.0150510E+00, 9.176021E-01
2.225544E-08, 1.0127552E+00, 9.261479E-01
2.231794E-08, 1.0113521E+00, 9.341837E-01
2.238044E-08, 1.0113521E+00, 9.409439E-01
2.244294E-08, 1.0121174E+00, 9.447704E-01
2.250544E-08, 1.0135204E+00, 9.447704E-01
2.256794E-08, 1.0150510E+00, 9.420918E-01
2.263044E-08, 1.0164541E+00, 9.389030E-01
2.269294E-08, 1.0164541E+00, 9.372449E-01
2.275544E-08, 1.0155612E+00, 9.373724E-01
2.281794E-08, 1.0154337E+00, 9.387755E-01
2.288044E-08, 1.0151786E+00, 9.409439E-01
2.294294E-08, 1.0169643E+00, 9.410715E-01
2.300544E-08, 1.0204082E+00, 9.395408E-01
2.306794E-08, 1.0234693E+00, 9.368622E-01
2.313044E-08, 1.0260204E+00, 9.339285E-01
2.319294E-08, 1.0260204E+00, 9.325255E-01
2.325544E-08, 1.0237244E+00, 9.321429E-01
2.331794E-08, 1.0195153E+00, 9.323980E-01
2.338044E-08, 1.0151786E+00, 9.313775E-01
2.344294E-08, 1.0110970E+00, 9.292092E-01
2.350544E-08, 1.0081632E+00, 9.253827E-01
2.356794E-08, 1.0079081E+00, 9.214286E-01
2.363044E-08, 1.0084183E+00, 9.205357E-01
2.369294E-08, 1.0107143E+00, 9.214286E-01
2.375544E-08, 1.0142857E+00, 9.253827E-01
2.381794E-08, 1.0163265E+00, 9.303572E-01
2.388044E-08, 1.0183673E+00, 9.326531E-01
2.394294E-08, 1.0195153E+00, 9.331633E-01
2.400544E-08, 1.0193877E+00, 9.313775E-01
2.406794E-08, 1.0196428E+00, 9.281888E-01
2.413044E-08, 1.0198979E+00, 9.271684E-01
2.419294E-08, 1.0206633E+00, 9.278061E-01
2.425544E-08, 1.0216837E+00, 9.301021E-01
2.431794E-08, 1.0218112E+00, 9.331633E-01
2.438044E-08, 1.0221939E+00, 9.343112E-01
2.444294E-08, 1.0211735E+00, 9.344388E-01
2.450544E-08, 1.0176021E+00, 9.323980E-01
2.456794E-08, 1.0142857E+00, 9.280612E-01
2.463044E-08, 1.0107143E+00, 9.255102E-01
2.469294E-08, 1.0070153E+00, 9.246174E-01
2.475544E-08, 1.0053571E+00, 9.252551E-01
2.481794E-08, 1.0063776E+00, 9.285714E-01
2.488044E-08, 1.0082908E+00, 9.330357E-01
2.494294E-08, 1.0117347E+00, 9.357143E-01
2.500544E-08, 1.0151786E+00, 9.369898E-01
2.506794E-08, 1.0173470E+00, 9.355868E-01
2.513044E-08, 1.0184948E+00, 9.315051E-01
2.519294E-08, 1.0174745E+00, 9.274235E-01
2.525544E-08, 1.0147959E+00, 9.233418E-01
2.531794E-08, 1.0125000E+00, 9.205357E-01
2.538044E-08, 1.0109694E+00, 9.201531E-01
2.544294E-08, 1.0108418E+00, 9.220663E-01
2.550544E-08, 1.0122449E+00, 9.257653E-01
2.556794E-08, 1.0136479E+00, 9.307398E-01
2.563044E-08, 1.0142857E+00, 9.353316E-01
2.569294E-08, 1.0144132E+00, 9.383929E-01
2.575544E-08, 1.0145408E+00, 9.403061E-01
2.581794E-08, 1.0144132E+00, 9.415816E-01
2.588044E-08, 1.0137755E+00, 9.413266E-01
2.594294E-08, 1.0133928E+00, 9.400510E-01
2.600544E-08, 1.0130103E+00, 9.382653E-01
2.606794E-08, 1.0139030E+00, 9.360970E-01
2.613044E-08, 1.0149235E+00, 9.353316E-01
2.619294E-08, 1.0150510E+00, 9.352041E-01
2.625544E-08, 1.0150510E+00, 9.359694E-01
2.631794E-08, 1.0144132E+00, 9.385204E-01
2.638044E-08, 1.0128827E+00, 9.420918E-01
2.644294E-08, 1.0105867E+00, 9.457908E-01
2.650544E-08, 1.0088010E+00, 9.475765E-01
2.656794E-08, 1.0093112E+00, 9.464286E-01
2.663044E-08, 1.0112245E+00, 9.427296E-01
2.669294E-08, 1.0150510E+00, 9.360970E-01
2.675544E-08, 1.0197704E+00, 9.294643E-01
2.681794E-08, 1.0223215E+00, 9.256378E-01
2.688044E-08, 1.0223215E+00, 9.248725E-01
2.694294E-08, 1.0188775E+00, 9.288265E-01
2.700544E-08, 1.0122449E+00, 9.349490E-01
2.706794E-08, 1.0056123E+00, 9.406888E-01
2.713044E-08, 9.998724E-01, 9.447704E-01
2.719294E-08, 9.968112E-01, 9.447704E-01
2.725544E-08, 9.975765E-01, 9.410715E-01
2.731794E-08, 1.0020409E+00, 9.355868E-01
2.738044E-08, 1.0094388E+00, 9.307398E-01
2.744294E-08, 1.0179847E+00, 9.281888E-01
2.750544E-08, 1.0261480E+00, 9.281888E-01
2.756794E-08, 1.0322704E+00, 9.303572E-01
2.763044E-08, 1.0354592E+00, 9.330357E-01
2.769294E-08, 1.0349489E+00, 9.348214E-01
2.775544E-08, 1.0318878E+00, 9.345663E-01
2.781794E-08, 1.0284439E+00, 9.332908E-01
2.788044E-08, 1.0261480E+00, 9.325255E-01
2.794294E-08, 1.0258929E+00, 9.340561E-01
2.800544E-08, 1.0256377E+00, 9.381378E-01
2.806794E-08, 1.0250000E+00, 9.419643E-01
2.813044E-08, 1.0234693E+00, 9.447704E-01
2.819294E-08, 1.0198979E+00, 9.452806E-01
2.825544E-08, 1.0155612E+00, 9.420918E-01
2.831794E-08, 1.0122449E+00, 9.366071E-01
2.838044E-08, 1.0108418E+00, 9.308674E-01
2.844294E-08, 1.0128827E+00, 9.260204E-01
2.850544E-08, 1.0178572E+00, 9.242347E-01
2.856794E-08, 1.0229592E+00, 9.252551E-01
2.863044E-08, 1.0276786E+00, 9.271684E-01
2.869294E-08, 1.0302296E+00, 9.294643E-01
2.875544E-08, 1.0297194E+00, 9.313775E-01
2.881794E-08, 1.0262755E+00, 9.325255E-01
2.888044E-08, 1.0209184E+00, 9.329082E-01
2.894294E-08, 1.0154337E+00, 9.329082E-01
2.900544E-08, 1.0108418E+00, 9.332908E-01
2.906794E-08, 1.0079081E+00, 9.336734E-01
2.913044E-08, 1.0061225E+00, 9.340561E-01
2.919294E-08, 1.0073980E+00, 9.335459E-01
2.925544E-08, 1.0118623E+00, 9.338010E-01
2.931794E-08, 1.0183673E+00, 9.355868E-01
2.938044E-08, 1.0261480E+00, 9.381378E-01
2.944294E-08, 1.0331633E+00, 9.408163E-01
2.950544E-08, 1.0364796E+00, 9.420918E-01
2.956794E-08, 1.0349489E+00, 9.397959E-01
2.963044E-08, 1.0297194E+00, 9.338010E-01
2.969294E-08, 1.0215561E+00, 9.261479E-01
2.975544E-08, 1.0133928E+00, 9.181122E-01
2.981794E-08, 1.0088010E+00, 9.123725E-01
2.988044E-08, 1.0084183E+00, 9.118623E-01
2.994294E-08, 1.0114796E+00, 9.158163E-01
3.000544E-08, 1.0160714E+00, 9.224490E-01
3.006794E-08, 1.0182397E+00, 9.295918E-01
3.013044E-08, 1.0177296E+00, 9.330357E-01
3.019294E-08, 1.0149235E+00, 9.329082E-01
3.025544E-08, 1.0113521E+00, 9.301021E-01
3.031794E-08, 1.0089285E+00, 9.258928E-01
3.038044E-08, 1.0085459E+00, 9.229592E-01
3.044294E-08, 1.0114796E+00, 9.229592E-01
3.050544E-08, 1.0155612E+00, 9.279337E-01
3.056794E-08, 1.0184948E+00, 9.368622E-01
3.063044E-08, 1.0205357E+00, 9.474490E-01
3.069294E-08, 1.0196428E+00, 9.581633E-01
3.075544E-08, 1.0172194E+00, 9.645408E-01
3.081794E-08, 1.0163265E+00, 9.646684E-01
3.088044E-08, 1.0174745E+00, 9.598214E-01
3.094294E-08, 1.0198979E+00, 9.506378E-01
3.100544E-08, 1.0227041E+00, 9.391581E-01
3.106794E-08, 1.0251275E+00, 9.290816E-01
3.113044E-08, 1.0252551E+00, 9.242347E-01
3.119294E-08, 1.0232143E+00, 9.244898E-01
3.125544E-08, 1.0200255E+00, 9.288265E-01
3.131794E-08, 1.0174745E+00, 9.340561E-01
3.138044E-08, 1.0178572E+00, 9.369898E-01
3.144294E-08, 1.0202806E+00, 9.367347E-01
3.150544E-08, 1.0234693E+00, 9.318877E-01
3.156794E-08, 1.0258929E+00, 9.250000E-01
3.163044E-08, 1.0256377E+00, 9.198980E-01
3.169294E-08, 1.0218112E+00, 9.190051E-01
3.175544E-08, 1.0147959E+00, 9.228317E-01
3.181794E-08, 1.0070153E+00, 9.295918E-01
3.188044E-08, 1.0030612E+00, 9.367347E-01
3.194294E-08, 1.0059949E+00, 9.428571E-01
3.200544E-08, 1.0140306E+00, 9.470663E-01
3.206794E-08, 1.0258929E+00, 9.473214E-01
3.213044E-08, 1.0389031E+00, 9.455357E-01
3.219294E-08, 1.0468112E+00, 9.437500E-01
3.225544E-08, 1.0478317E+00, 9.404337E-01
3.231794E-08, 1.0436225E+00, 9.369898E-01
3.238044E-08, 1.0349489E+00, 9.350765E-01
3.244294E-08, 1.0251275E+00, 9.340561E-01
3.250544E-08, 1.0178572E+00, 9.343112E-01
3.256794E-08, 1.0144132E+00, 9.362245E-01
3.263044E-08, 1.0145408E+00, 9.390306E-01
3.269294E-08, 1.0165817E+00, 9.420918E-01
3.275544E-08, 1.0202806E+00, 9.438776E-01
3.281794E-08, 1.0232143E+00, 9.457908E-01
3.288044E-08, 1.0243622E+00, 9.466836E-01
3.294294E-08, 1.0253826E+00, 9.464286E-01
3.300544E-08, 1.0248724E+00, 9.471939E-01
3.306794E-08, 1.0242347E+00, 9.466836E-01
3.313044E-08, 1.0233419E+00, 9.457908E-01
3.319294E-08, 1.0202806E+00, 9.448979E-01
3.325544E-08, 1.0153061E+00, 9.426020E-01
3.331794E-08, 1.0104592E+00, 9.401786E-01
3.338044E-08, 1.0066327E+00, 9.403061E-01
3.344294E-08, 1.0036989E+00, 9.428571E-01
3.350544E-08, 1.0043367E+00, 9.456633E-01
3.356794E-08, 1.0077807E+00, 9.488521E-01
3.363044E-08, 1.0123725E+00, 9.496173E-01
3.369294E-08, 1.0172194E+00, 9.477041E-01
3.375544E-08, 1.0204082E+00, 9.443877E-01
3.381794E-08, 1.0220664E+00, 9.409439E-01
3.388044E-08, 1.0210459E+00, 9.401786E-01
3.394294E-08, 1.0192602E+00, 9.410715E-01
3.400544E-08, 1.0192602E+00, 9.438776E-01
3.406794E-08, 1.0201530E+00, 9.477041E-01
3.413044E-08, 1.0214286E+00, 9.496173E-01
3.419294E-08, 1.0238520E+00, 9.487245E-01
3.425544E-08, 1.0270408E+00, 9.471939E-01
3.431794E-08, 1.0292091E+00, 9.466836E-01
3.438044E-08, 1.0303571E+00, 9.473214E-01
3.444294E-08, 1.0307398E+00, 9.489796E-01
3.450544E-08, 1.0297194E+00, 9.508929E-01
3.456794E-08, 1.0270408E+00, 9.516582E-01
3.463044E-08, 1.0239795E+00, 9.497449E-01
3.469294E-08, 1.0207908E+00, 9.468112E-01
3.475544E-08, 1.0176021E+00, 9.440051E-01
3.481794E-08, 1.0165817E+00, 9.417092E-01
3.488044E-08, 1.0173470E+00, 9.413266E-01
3.494294E-08, 1.0182397E+00, 9.417092E-01
3.500544E-08, 1.0181123E+00, 9.397959E-01
3.506794E-08, 1.0161990E+00, 9.353316E-01
3.513044E-08, 1.0117347E+00, 9.292092E-01
3.519294E-08, 1.0066327E+00, 9.234694E-01
3.525544E-08, 1.0036989E+00, 9.215561E-01
3.531794E-08, 1.0035714E+00, 9.258928E-01
3.538044E-08, 1.0081632E+00, 9.348214E-01
3.544294E-08, 1.0156888E+00, 9.466836E-01
3.550544E-08, 1.0229592E+00, 9.563776E-01
3.556794E-08, 1.0281888E+00, 9.609694E-01
3.563044E-08, 1.0280613E+00, 9.600765E-01
3.569294E-08, 1.0237244E+00, 9.539541E-01
3.575544E-08, 1.0161990E+00, 9.469388E-01
3.581794E-08, 1.0096939E+00, 9.399235E-01
3.588044E-08, 1.0077807E+00, 9.355868E-01
3.594294E-08, 1.0102041E+00, 9.343112E-01
3.600544E-08, 1.0165817E+00, 9.335459E-01
3.606794E-08, 1.0247449E+00, 9.331633E-01
3.613044E-08, 1.0312500E+00, 9.331633E-01
3.619294E-08, 1.0341836E+00, 9.331633E-01
3.625544E-08, 1.0338011E+00, 9.334184E-01
3.631794E-08, 1.0302296E+00, 9.341837E-01
3.638044E-08, 1.0264031E+00, 9.336734E-01
3.644294E-08, 1.0242347E+00, 9.321429E-01
3.650544E-08, 1.0229592E+00, 9.299745E-01
3.656794E-08, 1.0233419E+00, 9.272959E-01
3.663044E-08, 1.0246173E+00, 9.266582E-01
3.669294E-08, 1.0251275E+00, 9.293367E-01
3.675544E-08, 1.0262755E+00, 9.349490E-01
3.681794E-08, 1.0271684E+00, 9.434949E-01
3.688044E-08, 1.0261480E+00, 9.516582E-01
3.694294E-08, 1.0251275E+00, 9.557398E-01
3.700544E-08, 1.0224490E+00, 9.565051E-01
3.706794E-08, 1.0198979E+00, 9.528061E-01
3.713044E-08, 1.0186224E+00, 9.479592E-01
3.719294E-08, 1.0173470E+00, 9.442602E-01
3.725544E-08, 1.0172194E+00, 9.417092E-01
3.731794E-08, 1.0168368E+00, 9.408163E-01
3.738044E-08, 1.0161990E+00, 9.397959E-01
3.744294E-08, 1.0154337E+00, 9.383929E-01
3.750544E-08, 1.0137755E+00, 9.375000E-01
3.756794E-08, 1.0121174E+00, 9.364796E-01
3.763044E-08, 1.0108418E+00, 9.366071E-01
3.769294E-08, 1.0108418E+00, 9.377551E-01
3.775544E-08, 1.0128827E+00, 9.396684E-01
3.781794E-08, 1.0161990E+00, 9.413266E-01
3.788044E-08, 1.0219388E+00, 9.410715E-01
3.794294E-08, 1.0299745E+00, 9.400510E-01
3.800544E-08, 1.0378827E+00, 9.395408E-01
3.806794E-08, 1.0443877E+00, 9.392857E-01
3.813044E-08, 1.0484694E+00, 9.406888E-01
3.819294E-08, 1.0484694E+00, 9.446428E-01
3.825544E-08, 1.0441327E+00, 9.498724E-01
3.831794E-08, 1.0371174E+00, 9.551020E-01
3.838044E-08, 1.0294642E+00, 9.588010E-01
3.844294E-08, 1.0237244E+00, 9.600765E-01
3.850544E-08, 1.0219388E+00, 9.581633E-01
3.856794E-08, 1.0237244E+00, 9.538265E-01
3.863044E-08, 1.0283164E+00, 9.477041E-01
3.869294E-08, 1.0330358E+00, 9.419643E-01
3.875544E-08, 1.0350765E+00, 9.377551E-01
3.881794E-08, 1.0340561E+00, 9.350765E-01
3.888044E-08, 1.0304847E+00, 9.346939E-01
3.894294E-08, 1.0257653E+00, 9.360970E-01
3.900544E-08, 1.0210459E+00, 9.375000E-01
3.906794E-08, 1.0179847E+00, 9.368622E-01
3.913044E-08, 1.0174745E+00, 9.344388E-01
3.919294E-08, 1.0165817E+00, 9.308674E-01
3.925544E-08, 1.0154337E+00, 9.260204E-01
3.931794E-08, 1.0132653E+00, 9.228317E-01
3.938044E-08, 1.0098214E+00, 9.224490E-01
3.944294E-08, 1.0057398E+00, 9.247449E-01
3.950544E-08, 1.0015306E+00, 9.280612E-01
3.956794E-08, 1.0006378E+00, 9.297194E-01
3.963044E-08, 1.0028061E+00, 9.309949E-01
3.969294E-08, 1.0068878E+00, 9.313775E-01
3.975544E-08, 1.0125000E+00, 9.315051E-01
3.981794E-08, 1.0167092E+00, 9.341837E-01
3.988044E-08, 1.0182397E+00, 9.387755E-01
3.994294E-08, 1.0179847E+00, 9.443877E-01
4.000544E-08, 1.0163265E+00, 9.496173E-01
4.006794E-08, 1.0141581E+00, 9.521683E-01
4.013044E-08, 1.0139030E+00, 9.508929E-01
4.019294E-08, 1.0155612E+00, 9.480867E-01
4.025544E-08, 1.0178572E+00, 9.463010E-01
4.031794E-08, 1.0200255E+00, 9.470663E-01
4.038044E-08, 1.0211735E+00, 9.507653E-01
4.044294E-08, 1.0214286E+00, 9.566327E-01
4.050544E-08, 1.0211735E+00, 9.613521E-01
4.056794E-08, 1.0227041E+00, 9.613521E-01
4.063044E-08, 1.0261480E+00, 9.575255E-01
4.069294E-08, 1.0309949E+00, 9.511480E-01
4.075544E-08, 1.0346938E+00, 9.456633E-01
4.081794E-08, 1.0349489E+00, 9.436225E-01
4.088044E-08, 1.0304847E+00, 9.460459E-01
4.094294E-08, 1.0216837E+00, 9.514031E-01
4.100544E-08, 1.0121174E+00, 9.561225E-01
4.106794E-08, 1.0051020E+00, 9.582908E-01
4.113044E-08, 1.0030612E+00, 9.566327E-01
4.119294E-08, 1.0061225E+00, 9.521683E-01
4.125544E-08, 1.0130103E+00, 9.474490E-01
4.131794E-08, 1.0202806E+00, 9.456633E-01
4.138044E-08, 1.0229592E+00, 9.479592E-01
4.144294E-08, 1.0204082E+00, 9.512755E-01
4.150544E-08, 1.0160714E+00, 9.540817E-01
4.156794E-08, 1.0108418E+00, 9.557398E-01
4.163044E-08, 1.0085459E+00, 9.534439E-01
4.169294E-08, 1.0108418E+00, 9.488521E-01
4.175544E-08, 1.0147959E+00, 9.440051E-01
4.181794E-08, 1.0193877E+00, 9.387755E-01
4.188044E-08, 1.0218112E+00, 9.363520E-01
4.194294E-08, 1.0200255E+00, 9.369898E-01
4.200544E-08, 1.0149235E+00, 9.392857E-01
4.206794E-08, 1.0082908E+00, 9.422194E-01
4.213044E-08, 1.0038265E+00, 9.441326E-01
4.219294E-08, 1.0020409E+00, 9.442602E-01
4.225544E-08, 1.0049745E+00, 9.414541E-01
4.231794E-08, 1.0117347E+00, 9.378827E-01
4.238044E-08, 1.0173470E+00, 9.354592E-01
4.244294E-08, 1.0215561E+00, 9.334184E-01
4.250544E-08, 1.0223215E+00, 9.352041E-01
4.256794E-08, 1.0186224E+00, 9.405612E-01
4.263044E-08, 1.0133928E+00, 9.470663E-01
4.269294E-08, 1.0086734E+00, 9.539541E-01
4.275544E-08, 1.0057398E+00, 9.588010E-01
4.281794E-08, 1.0072705E+00, 9.595664E-01
4.288044E-08, 1.0122449E+00, 9.581633E-01
4.294294E-08, 1.0174745E+00, 9.557398E-01
4.300544E-08, 1.0225766E+00, 9.528061E-01
4.306794E-08, 1.0243622E+00, 9.525510E-01
4.313044E-08, 1.0241071E+00, 9.534439E-01
4.319294E-08, 1.0221939E+00, 9.551020E-01
4.325544E-08, 1.0192602E+00, 9.553571E-01
4.331794E-08, 1.0178572E+00, 9.521683E-01
4.338044E-08, 1.0164541E+00, 9.464286E-01
4.344294E-08, 1.0167092E+00, 9.381378E-01
4.350544E-08, 1.0173470E+00, 9.308674E-01
4.356794E-08, 1.0176021E+00, 9.266582E-01
4.363044E-08, 1.0182397E+00, 9.261479E-01
4.369294E-08, 1.0181123E+00, 9.302296E-01
4.375544E-08, 1.0167092E+00, 9.360970E-01
4.381794E-08, 1.0155612E+00, 9.414541E-01
4.388044E-08, 1.0147959E+00, 9.455357E-01
4.394294E-08, 1.0135204E+00, 9.471939E-01
4.400544E-08, 1.0140306E+00, 9.448979E-01
4.406794E-08, 1.0156888E+00, 9.401786E-01
4.413044E-08, 1.0193877E+00, 9.334184E-01
4.419294E-08, 1.0241071E+00, 9.269133E-01
4.425544E-08, 1.0265306E+00, 9.224490E-01
4.431794E-08, 1.0258929E+00, 9.205357E-01
4.438044E-08, 1.0207908E+00, 9.224490E-01
4.444294E-08, 1.0135204E+00, 9.275510E-01
4.450544E-08, 1.0080357E+00, 9.359694E-01
4.456794E-08, 1.0054847E+00, 9.461735E-01
4.463044E-08, 1.0080357E+00, 9.535714E-01
4.469294E-08, 1.0170919E+00, 9.566327E-01
4.475544E-08, 1.0286989E+00, 9.563776E-01
4.481794E-08, 1.0377551E+00, 9.530612E-01
4.488044E-08, 1.0427296E+00, 9.483418E-01
4.494294E-08, 1.0403061E+00, 9.465562E-01
4.500544E-08, 1.0321429E+00, 9.474490E-01
4.506794E-08, 1.0220664E+00, 9.505102E-01
4.513044E-08, 1.0125000E+00, 9.543368E-01
4.519294E-08, 1.0073980E+00, 9.552296E-01
4.525544E-08, 1.0053571E+00, 9.530612E-01
4.531794E-08, 1.0063776E+00, 9.471939E-01
4.538044E-08, 1.0090561E+00, 9.417092E-01
4.544294E-08, 1.0104592E+00, 9.404337E-01
4.550544E-08, 1.0110970E+00, 9.437500E-01
4.556794E-08, 1.0108418E+00, 9.514031E-01
4.563044E-08, 1.0117347E+00, 9.591837E-01
4.569294E-08, 1.0133928E+00, 9.641582E-01
4.575544E-08, 1.0168368E+00, 9.626275E-01
4.581794E-08, 1.0210459E+00, 9.562500E-01
4.588044E-08, 1.0239795E+00, 9.487245E-01
4.594294E-08, 1.0251275E+00, 9.429847E-01
4.600544E-08, 1.0230868E+00, 9.423469E-01
4.606794E-08, 1.0195153E+00, 9.454082E-01
4.613044E-08, 1.0158163E+00, 9.500000E-01
4.619294E-08, 1.0146683E+00, 9.525510E-01
4.625544E-08, 1.0159439E+00, 9.526786E-01
4.631794E-08, 1.0187500E+00, 9.500000E-01
4.638044E-08, 1.0227041E+00, 9.466836E-01
4.644294E-08, 1.0253826E+00, 9.463010E-01
4.650544E-08, 1.0256377E+00, 9.485970E-01
4.656794E-08, 1.0234693E+00, 9.516582E-01
4.663044E-08, 1.0205357E+00, 9.526786E-01
4.669294E-08, 1.0183673E+00, 9.497449E-01
4.675544E-08, 1.0188775E+00, 9.437500E-01
4.681794E-08, 1.0214286E+00, 9.380102E-01
4.688044E-08, 1.0246173E+00, 9.362245E-01
4.694294E-08, 1.0267857E+00, 9.395408E-01
4.700544E-08, 1.0275511E+00, 9.469388E-01
4.706794E-08, 1.0258929E+00, 9.547194E-01
4.713044E-08, 1.0243622E+00, 9.577806E-01
4.719294E-08, 1.0244898E+00, 9.549745E-01
4.725544E-08, 1.0248724E+00, 9.479592E-01
4.731794E-08, 1.0256377E+00, 9.386480E-01
4.738044E-08, 1.0262755E+00, 9.327806E-01
4.744294E-08, 1.0242347E+00, 9.336734E-01
4.750544E-08, 1.0206633E+00, 9.392857E-01
4.756794E-08, 1.0163265E+00, 9.477041E-01
4.763044E-08, 1.0114796E+00, 9.544643E-01
4.769294E-08, 1.0089285E+00, 9.559949E-01
4.775544E-08, 1.0082908E+00, 9.534439E-01
4.781794E-08, 1.0098214E+00, 9.479592E-01
4.788044E-08, 1.0135204E+00, 9.432398E-01
4.794294E-08, 1.0170919E+00, 9.419643E-01
4.800544E-08, 1.0205357E+00, 9.424745E-01
4.806794E-08, 1.0247449E+00, 9.440051E-01
4.813044E-08, 1.0281888E+00, 9.457908E-01
4.819294E-08, 1.0298469E+00, 9.452806E-01
4.825544E-08, 1.0307398E+00, 9.428571E-01
4.831794E-08, 1.0293367E+00, 9.418367E-01
4.838044E-08, 1.0271684E+00, 9.420918E-01
4.844294E-08, 1.0262755E+00, 9.451531E-01
4.850544E-08, 1.0267857E+00, 9.505102E-01
4.856794E-08, 1.0308673E+00, 9.544643E-01
4.863044E-08, 1.0364796E+00, 9.563776E-01
4.869294E-08, 1.0410714E+00, 9.551020E-01
4.875544E-08, 1.0423470E+00, 9.512755E-01
4.881794E-08, 1.0385205E+00, 9.473214E-01
4.888044E-08, 1.0302296E+00, 9.454082E-01
4.894294E-08, 1.0198979E+00, 9.459184E-01
4.900544E-08, 1.0113521E+00, 9.479592E-01
4.906794E-08, 1.0070153E+00, 9.503826E-01
4.913044E-08, 1.0076531E+00, 9.510204E-01
4.919294E-08, 1.0118623E+00, 9.497449E-01
4.925544E-08, 1.0159439E+00, 9.475765E-01
4.931794E-08, 1.0190051E+00, 9.456633E-01
4.938044E-08, 1.0198979E+00, 9.468112E-01
4.944294E-08, 1.0188775E+00, 9.507653E-01
4.950544E-08, 1.0181123E+00, 9.558674E-01
4.956794E-08, 1.0187500E+00, 9.598214E-01
4.963044E-08, 1.0205357E+00, 9.600765E-01
4.969294E-08, 1.0223215E+00, 9.554847E-01
4.975544E-08, 1.0237244E+00, 9.468112E-01
4.981794E-08, 1.0244898E+00, 9.377551E-01
4.988044E-08, 1.0242347E+00, 9.322704E-01
4.994294E-08, 1.0237244E+00, 9.320153E-01
5.000544E-08, 1.0228317E+00, 9.376276E-01
5.006794E-08, 1.0210459E+00, 9.460459E-01
5.013044E-08, 1.0193877E+00, 9.534439E-01
5.019294E-08, 1.0182397E+00, 9.572704E-01
5.025544E-08, 1.0196428E+00, 9.561225E-01
5.031794E-08, 1.0237244E+00, 9.515306E-01
5.038044E-08, 1.0303571E+00, 9.450255E-01
5.044294E-08, 1.0390307E+00, 9.389030E-01
5.050544E-08, 1.0459183E+00, 9.358419E-01
5.056794E-08, 1.0498724E+00, 9.363520E-01
5.063044E-08, 1.0468112E+00, 9.413266E-01
5.069294E-08, 1.0371174E+00, 9.480867E-01
5.075544E-08, 1.0258929E+00, 9.551020E-01
5.081794E-08, 1.0141581E+00, 9.635204E-01
5.088044E-08, 1.0059949E+00, 9.697704E-01
5.094294E-08, 1.0040816E+00, 9.732143E-01
5.100544E-08, 1.0063776E+00, 9.746174E-01
5.106794E-08, 1.0112245E+00, 9.716837E-01
5.113044E-08, 1.0178572E+00, 9.659439E-01
5.119294E-08, 1.0225766E+00, 9.607143E-01
5.125544E-08, 1.0243622E+00, 9.558674E-01
5.131794E-08, 1.0247449E+00, 9.525510E-01
5.138044E-08, 1.0227041E+00, 9.515306E-01
5.144294E-08, 1.0198979E+00, 9.501275E-01
5.150544E-08, 1.0165817E+00, 9.473214E-01
5.156794E-08, 1.0137755E+00, 9.422194E-01
5.163044E-08, 1.0123725E+00, 9.358419E-01
5.169294E-08, 1.0113521E+00, 9.307398E-01
5.175544E-08, 1.0122449E+00, 9.285714E-01
5.181794E-08, 1.0140306E+00, 9.322704E-01
5.188044E-08, 1.0158163E+00, 9.411990E-01
5.194294E-08, 1.0165817E+00, 9.528061E-01
5.200544E-08, 1.0154337E+00, 9.637755E-01
5.206794E-08, 1.0126276E+00, 9.706632E-01
5.213044E-08, 1.0091836E+00, 9.723215E-01
5.219294E-08, 1.0058674E+00, 9.697704E-01
5.225544E-08, 1.0035714E+00, 9.641582E-01
5.231794E-08, 1.0045918E+00, 9.570153E-01
5.238044E-08, 1.0088010E+00, 9.510204E-01
5.244294E-08, 1.0145408E+00, 9.470663E-01
5.250544E-08, 1.0205357E+00, 9.448979E-01
5.256794E-08, 1.0248724E+00, 9.452806E-01
5.263044E-08, 1.0251275E+00, 9.479592E-01
5.269294E-08, 1.0225766E+00, 9.512755E-01
5.275544E-08, 1.0182397E+00, 9.548469E-01
5.281794E-08, 1.0137755E+00, 9.570153E-01
5.288044E-08, 1.0135204E+00, 9.561225E-01
5.294294E-08, 1.0179847E+00, 9.543368E-01
5.300544E-08, 1.0262755E+00, 9.526786E-01
5.306794E-08, 1.0353316E+00, 9.534439E-01
5.313044E-08, 1.0420918E+00, 9.580357E-01
5.319294E-08, 1.0437500E+00, 9.656888E-01
5.325544E-08, 1.0406888E+00, 9.732143E-01
5.331794E-08, 1.0346938E+00, 9.776786E-01
5.338044E-08, 1.0271684E+00, 9.760204E-01
5.344294E-08, 1.0224490E+00, 9.665816E-01
5.350544E-08, 1.0214286E+00, 9.539541E-01
5.356794E-08, 1.0239795E+00, 9.426020E-01
5.363044E-08, 1.0288265E+00, 9.376276E-01
5.369294E-08, 1.0323980E+00, 9.409439E-01
5.375544E-08, 1.0341836E+00, 9.500000E-01
5.381794E-08, 1.0341836E+00, 9.614796E-01
5.388044E-08, 1.0335460E+00, 9.700255E-01
5.394294E-08, 1.0331633E+00, 9.728316E-01
5.400544E-08, 1.0332909E+00, 9.696429E-01
5.406794E-08, 1.0345663E+00, 9.630102E-01
5.413044E-08, 1.0341836E+00, 9.581633E-01
5.419294E-08, 1.0311224E+00, 9.561225E-01
5.425544E-08, 1.0257653E+00, 9.573979E-01
5.431794E-08, 1.0187500E+00, 9.608418E-01
5.438044E-08, 1.0123725E+00, 9.631377E-01
5.444294E-08, 1.0081632E+00, 9.621174E-01
5.450544E-08, 1.0081632E+00, 9.567602E-01
5.456794E-08, 1.0122449E+00, 9.493622E-01
5.463044E-08, 1.0176021E+00, 9.424745E-01
5.469294E-08, 1.0229592E+00, 9.372449E-01
5.475544E-08, 1.0260204E+00, 9.363520E-01
5.481794E-08, 1.0257653E+00, 9.395408E-01
5.488044E-08, 1.0239795E+00, 9.460459E-01
5.494294E-08, 1.0230868E+00, 9.553571E-01
5.500544E-08, 1.0234693E+00, 9.664541E-01
5.506794E-08, 1.0253826E+00, 9.765306E-01
5.513044E-08, 1.0280613E+00, 9.839286E-01
5.519294E-08, 1.0297194E+00, 9.872449E-01
5.525544E-08, 1.0297194E+00, 9.859694E-01
5.531794E-08, 1.0284439E+00, 9.812500E-01
5.538044E-08, 1.0264031E+00, 9.751276E-01
5.544294E-08, 1.0255102E+00, 9.687500E-01
5.550544E-08, 1.0264031E+00, 9.636480E-01
5.556794E-08, 1.0278062E+00, 9.602041E-01
5.563044E-08, 1.0288265E+00, 9.573979E-01
5.569294E-08, 1.0283164E+00, 9.554847E-01
5.575544E-08, 1.0242347E+00, 9.551020E-01
5.581794E-08, 1.0179847E+00, 9.552296E-01
5.588044E-08, 1.0133928E+00, 9.566327E-01
5.594294E-08, 1.0109694E+00, 9.598214E-01
5.600544E-08, 1.0123725E+00, 9.618623E-01
5.606794E-08, 1.0169643E+00, 9.609694E-01
5.613044E-08, 1.0228317E+00, 9.563776E-01
5.619294E-08, 1.0284439E+00, 9.483418E-01
5.625544E-08, 1.0316327E+00, 9.409439E-01
5.631794E-08, 1.0317602E+00, 9.368622E-01
5.638044E-08, 1.0290816E+00, 9.382653E-01
5.644294E-08, 1.0251275E+00, 9.446428E-01
5.650544E-08, 1.0223215E+00, 9.533163E-01
5.656794E-08, 1.0209184E+00, 9.609694E-01
5.663044E-08, 1.0202806E+00, 9.630102E-01
5.669294E-08, 1.0207908E+00, 9.577806E-01
5.675544E-08, 1.0224490E+00, 9.483418E-01
5.681794E-08, 1.0232143E+00, 9.396684E-01
5.688044E-08, 1.0228317E+00, 9.352041E-01
5.694294E-08, 1.0216837E+00, 9.369898E-01
5.700544E-08, 1.0196428E+00, 9.445153E-01
5.706794E-08, 1.0186224E+00, 9.538265E-01
5.713044E-08, 1.0178572E+00, 9.619898E-01
5.719294E-08, 1.0186224E+00, 9.645408E-01
5.725544E-08, 1.0225766E+00, 9.628826E-01
5.731794E-08, 1.0265306E+00, 9.608418E-01
5.738044E-08, 1.0304847E+00, 9.589286E-01
5.744294E-08, 1.0331633E+00, 9.602041E-01
5.750544E-08, 1.0318878E+00, 9.641582E-01
5.756794E-08, 1.0293367E+00, 9.668368E-01
5.763044E-08, 1.0262755E+00, 9.684949E-01
5.769294E-08, 1.0232143E+00, 9.674745E-01
5.775544E-08, 1.0233419E+00, 9.630102E-01
5.781794E-08, 1.0267857E+00, 9.589286E-01
5.788044E-08, 1.0317602E+00, 9.566327E-01
5.794294E-08, 1.0366071E+00, 9.556122E-01
5.800544E-08, 1.0390307E+00, 9.554847E-01
5.806794E-08, 1.0386480E+00, 9.545918E-01
5.813044E-08, 1.0344387E+00, 9.534439E-01
5.819294E-08, 1.0279337E+00, 9.511480E-01
5.825544E-08, 1.0214286E+00, 9.487245E-01
5.831794E-08, 1.0173470E+00, 9.477041E-01
5.838044E-08, 1.0174745E+00, 9.482143E-01
5.844294E-08, 1.0204082E+00, 9.507653E-01
5.850544E-08, 1.0247449E+00, 9.526786E-01
5.856794E-08, 1.0269133E+00, 9.534439E-01
5.863044E-08, 1.0260204E+00, 9.516582E-01
5.869294E-08, 1.0210459E+00, 9.488521E-01
5.875544E-08, 1.0132653E+00, 9.463010E-01
5.881794E-08, 1.0057398E+00, 9.441326E-01
5.888044E-08, 1.0010204E+00, 9.431123E-01
5.894294E-08, 1.0024235E+00, 9.428571E-01
5.900544E-08, 1.0090561E+00, 9.437500E-01
5.906794E-08, 1.0177296E+00, 9.445153E-01
5.913044E-08, 1.0270408E+00, 9.441326E-01
5.919294E-08, 1.0332909E+00, 9.446428E-01
5.925544E-08, 1.0346938E+00, 9.447704E-01
5.931794E-08, 1.0344387E+00, 9.440051E-01
5.938044E-08, 1.0331633E+00, 9.441326E-01
5.944294E-08, 1.0313776E+00, 9.441326E-01
5.950544E-08, 1.0317602E+00, 9.422194E-01
5.956794E-08, 1.0341836E+00, 9.405612E-01
5.963044E-08, 1.0358418E+00, 9.397959E-01
5.969294E-08, 1.0362245E+00, 9.391581E-01
5.975544E-08, 1.0341836E+00, 9.394132E-01
5.981794E-08, 1.0302296E+00, 9.401786E-01
5.988044E-08, 1.0260204E+00, 9.411990E-01
5.994294E-08, 1.0237244E+00, 9.423469E-01
6.000544E-08, 1.0246173E+00, 9.443877E-01
6.006794E-08, 1.0281888E+00, 9.471939E-01
6.013044E-08, 1.0340561E+00, 9.505102E-01
6.019294E-08, 1.0399234E+00, 9.545918E-01
6.025544E-08, 1.0441327E+00, 9.585459E-01
6.031794E-08, 1.0445153E+00, 9.614796E-01
6.038044E-08, 1.0418367E+00, 9.619898E-01
6.044294E-08, 1.0359694E+00, 9.604592E-01
6.050544E-08, 1.0284439E+00, 9.568878E-01
6.056794E-08, 1.0225766E+00, 9.531888E-01
6.063044E-08, 1.0170919E+00, 9.524235E-01
6.069294E-08, 1.0140306E+00, 9.534439E-01
6.075544E-08, 1.0123725E+00, 9.573979E-01
6.081794E-08, 1.0117347E+00, 9.625000E-01
6.088044E-08, 1.0127552E+00, 9.661990E-01
6.094294E-08, 1.0135204E+00, 9.679847E-01
6.100544E-08, 1.0153061E+00, 9.659439E-01
6.106794E-08, 1.0169643E+00, 9.623724E-01
6.113044E-08, 1.0174745E+00, 9.581633E-01
6.119294E-08, 1.0181123E+00, 9.542092E-01
6.125544E-08, 1.0191326E+00, 9.522959E-01
6.131794E-08, 1.0209184E+00, 9.521683E-01
6.138044E-08, 1.0233419E+00, 9.531888E-01
6.144294E-08, 1.0266582E+00, 9.549745E-01
6.150544E-08, 1.0294642E+00, 9.580357E-01
6.156794E-08, 1.0290816E+00, 9.623724E-01
6.163044E-08, 1.0257653E+00, 9.664541E-01
6.169294E-08, 1.0202806E+00, 9.698980E-01
6.175544E-08, 1.0140306E+00, 9.715561E-01
6.181794E-08, 1.0100765E+00, 9.697704E-01
6.188044E-08, 1.0118623E+00, 9.651785E-01
6.194294E-08, 1.0174745E+00, 9.604592E-01
6.200544E-08, 1.0246173E+00, 9.562500E-01
6.206794E-08, 1.0312500E+00, 9.542092E-01
6.213044E-08, 1.0335460E+00, 9.559949E-01
6.219294E-08, 1.0303571E+00, 9.593112E-01
6.225544E-08, 1.0250000E+00, 9.618623E-01
6.231794E-08, 1.0197704E+00, 9.632653E-01
6.238044E-08, 1.0170919E+00, 9.621174E-01
6.244294E-08, 1.0187500E+00, 9.588010E-01
6.250544E-08, 1.0225766E+00, 9.562500E-01
6.256794E-08, 1.0269133E+00, 9.556122E-01
6.263044E-08, 1.0306122E+00, 9.582908E-01
6.269294E-08, 1.0318878E+00, 9.649234E-01
6.275544E-08, 1.0323980E+00, 9.719388E-01
6.281794E-08, 1.0343112E+00, 9.770408E-01
6.288044E-08, 1.0376276E+00, 9.785714E-01
6.294294E-08, 1.0409439E+00, 9.750000E-01
6.300544E-08, 1.0437500E+00, 9.668368E-01
6.306794E-08, 1.0441327E+00, 9.584184E-01
6.313044E-08, 1.0394132E+00, 9.530612E-01
6.319294E-08, 1.0323980E+00, 9.503826E-01
6.325544E-08, 1.0252551E+00, 9.520408E-01
6.331794E-08, 1.0197704E+00, 9.559949E-01
6.338044E-08, 1.0178572E+00, 9.581633E-01
6.344294E-08, 1.0186224E+00, 9.572704E-01
6.350544E-08, 1.0209184E+00, 9.528061E-01
6.356794E-08, 1.0221939E+00, 9.474490E-01
6.363044E-08, 1.0211735E+00, 9.432398E-01
6.369294E-08, 1.0184948E+00, 9.418367E-01
6.375544E-08, 1.0156888E+00, 9.440051E-01
6.381794E-08, 1.0141581E+00, 9.479592E-01
6.388044E-08, 1.0150510E+00, 9.511480E-01
6.394294E-08, 1.0183673E+00, 9.519132E-01
6.400544E-08, 1.0227041E+00, 9.503826E-01
6.406794E-08, 1.0265306E+00, 9.480867E-01
6.413044E-08, 1.0272959E+00, 9.464286E-01
6.419294E-08, 1.0276786E+00, 9.450255E-01
6.425544E-08, 1.0270408E+00, 9.456633E-01
6.431794E-08, 1.0266582E+00, 9.451531E-01
6.438044E-08, 1.0286989E+00, 9.432398E-01
6.444294E-08, 1.0302296E+00, 9.411990E-01
6.450544E-08, 1.0323980E+00, 9.381378E-01
6.456794E-08, 1.0318878E+00, 9.382653E-01
6.463044E-08, 1.0272959E+00, 9.404337E-01
6.469294E-08, 1.0213010E+00, 9.432398E-01
6.475544E-08, 1.0145408E+00, 9.466836E-01
6.481794E-08, 1.0098214E+00, 9.480867E-01
6.488044E-08, 1.0071429E+00, 9.477041E-01
6.494294E-08, 1.0065051E+00, 9.461735E-01
6.500544E-08, 1.0076531E+00, 9.450255E-01
6.506794E-08, 1.0094388E+00, 9.474490E-01
6.513044E-08, 1.0109694E+00, 9.535714E-01
6.519294E-08, 1.0123725E+00, 9.610969E-01
6.525544E-08, 1.0131377E+00, 9.672194E-01
6.531794E-08, 1.0136479E+00, 9.687500E-01
6.538044E-08, 1.0146683E+00, 9.654337E-01
6.544294E-08, 1.0151786E+00, 9.594388E-01
6.550544E-08, 1.0149235E+00, 9.535714E-01
6.556794E-08, 1.0154337E+00, 9.506378E-01
6.563044E-08, 1.0156888E+00, 9.528061E-01
6.569294E-08, 1.0169643E+00, 9.580357E-01
6.575544E-08, 1.0197704E+00, 9.636480E-01
6.581794E-08, 1.0229592E+00, 9.679847E-01
6.588044E-08, 1.0248724E+00, 9.684949E-01
6.594294E-08, 1.0266582E+00, 9.649234E-01
6.600544E-08, 1.0278062E+00, 9.608418E-01
6.606794E-08, 1.0270408E+00, 9.573979E-01
6.613044E-08, 1.0265306E+00, 9.544643E-01
6.619294E-08, 1.0262755E+00, 9.531888E-01
6.625544E-08, 1.0267857E+00, 9.526786E-01
6.631794E-08, 1.0276786E+00, 9.522959E-01
6.638044E-08, 1.0272959E+00, 9.517857E-01
6.644294E-08, 1.0269133E+00, 9.508929E-01
6.650544E-08, 1.0258929E+00, 9.514031E-01
6.656794E-08, 1.0239795E+00, 9.526786E-01
6.663044E-08, 1.0238520E+00, 9.531888E-01
6.669294E-08, 1.0251275E+00, 9.531888E-01
6.675544E-08, 1.0276786E+00, 9.514031E-01
6.681794E-08, 1.0312500E+00, 9.487245E-01
6.688044E-08, 1.0332909E+00, 9.470663E-01
6.694294E-08, 1.0311224E+00, 9.478316E-01
6.700544E-08, 1.0250000E+00, 9.510204E-01
6.706794E-08, 1.0160714E+00, 9.566327E-01
6.713044E-08, 1.0062500E+00, 9.621174E-01
6.719294E-08, 1.0002551E+00, 9.635204E-01
6.725544E-08, 1.0005102E+00, 9.600765E-01
6.731794E-08, 1.0057398E+00, 9.517857E-01
6.738044E-08, 1.0133928E+00, 9.399235E-01
6.744294E-08, 1.0197704E+00, 9.281888E-01
6.750544E-08, 1.0221939E+00, 9.211735E-01
6.756794E-08, 1.0196428E+00, 9.215561E-01
6.763044E-08, 1.0130103E+00, 9.286990E-01
6.769294E-08, 1.0073980E+00, 9.387755E-01
6.775544E-08, 1.0061225E+00, 9.492347E-01
6.781794E-08, 1.0103316E+00, 9.563776E-01
6.788044E-08, 1.0187500E+00, 9.586735E-01
6.794294E-08, 1.0267857E+00, 9.568878E-01
6.800544E-08, 1.0318878E+00, 9.521683E-01
6.806794E-08, 1.0330358E+00, 9.480867E-01
6.813044E-08, 1.0307398E+00, 9.469388E-01
6.819294E-08, 1.0266582E+00, 9.488521E-01
6.825544E-08, 1.0234693E+00, 9.517857E-01
6.831794E-08, 1.0221939E+00, 9.545918E-01
6.838044E-08, 1.0214286E+00, 9.557398E-01
6.844294E-08, 1.0202806E+00, 9.539541E-01
6.850544E-08, 1.0179847E+00, 9.507653E-01
6.856794E-08, 1.0150510E+00, 9.471939E-01
6.863044E-08, 1.0122449E+00, 9.442602E-01
6.869294E-08, 1.0121174E+00, 9.424745E-01
6.875544E-08, 1.0147959E+00, 9.431123E-01
6.881794E-08, 1.0172194E+00, 9.456633E-01
6.888044E-08, 1.0187500E+00, 9.482143E-01
6.894294E-08, 1.0164541E+00, 9.519132E-01
6.900544E-08, 1.0103316E+00, 9.552296E-01
6.906794E-08, 1.0033163E+00, 9.579082E-01
6.913044E-08, 9.974490E-01, 9.605867E-01
6.919294E-08, 9.964285E-01, 9.618623E-01
6.925544E-08, 1.0011480E+00, 9.627551E-01
6.931794E-08, 1.0089285E+00, 9.631377E-01
6.938044E-08, 1.0172194E+00, 9.618623E-01
6.944294E-08, 1.0243622E+00, 9.599490E-01
6.950544E-08, 1.0279337E+00, 9.590561E-01
6.956794E-08, 1.0274235E+00, 9.584184E-01
6.963044E-08, 1.0261480E+00, 9.576530E-01
6.969294E-08, 1.0239795E+00, 9.576530E-01
6.975544E-08, 1.0220664E+00, 9.565051E-01
6.981794E-08, 1.0210459E+00, 9.539541E-01
6.988044E-08, 1.0193877E+00, 9.507653E-01
6.994294E-08, 1.0187500E+00, 9.477041E-01
7.000544E-08, 1.0190051E+00, 9.480867E-01
7.006794E-08, 1.0205357E+00, 9.521683E-01
7.013044E-08, 1.0242347E+00, 9.590561E-01
7.019294E-08, 1.0285715E+00, 9.667092E-01
7.025544E-08, 1.0326531E+00, 9.709184E-01
7.031794E-08, 1.0357143E+00, 9.700255E-01
7.038044E-08, 1.0350765E+00, 9.641582E-01
7.044294E-08, 1.0315051E+00, 9.539541E-01
7.050544E-08, 1.0269133E+00, 9.431123E-01
7.056794E-08, 1.0213010E+00, 9.355868E-01
7.063044E-08, 1.0188775E+00, 9.316326E-01
7.069294E-08, 1.0206633E+00, 9.330357E-01
7.075544E-08, 1.0243622E+00, 9.385204E-01
7.081794E-08, 1.0289540E+00, 9.442602E-01
7.088044E-08, 1.0321429E+00, 9.493622E-01
7.094294E-08, 1.0327806E+00, 9.521683E-01
7.100544E-08, 1.0309949E+00, 9.534439E-01
7.106794E-08, 1.0262755E+00, 9.543368E-01
7.113044E-08, 1.0210459E+00, 9.536990E-01
7.119294E-08, 1.0179847E+00, 9.528061E-01
7.125544E-08, 1.0168368E+00, 9.524235E-01
7.131794E-08, 1.0186224E+00, 9.516582E-01
7.138044E-08, 1.0227041E+00, 9.508929E-01
7.144294E-08, 1.0269133E+00, 9.506378E-01
7.150544E-08, 1.0307398E+00, 9.501275E-01
7.156794E-08, 1.0332909E+00, 9.496173E-01
7.163044E-08, 1.0340561E+00, 9.488521E-01
7.169294E-08, 1.0339285E+00, 9.473214E-01
7.175544E-08, 1.0330358E+00, 9.447704E-01
7.181794E-08, 1.0323980E+00, 9.406888E-01
7.188044E-08, 1.0327806E+00, 9.360970E-01
7.194294E-08, 1.0339285E+00, 9.329082E-01
7.200544E-08, 1.0338011E+00, 9.322704E-01
7.206794E-08, 1.0326531E+00, 9.334184E-01
7.213044E-08, 1.0311224E+00, 9.368622E-01
7.219294E-08, 1.0290816E+00, 9.415816E-01
7.225544E-08, 1.0285715E+00, 9.455357E-01
7.231794E-08, 1.0311224E+00, 9.487245E-01
7.238044E-08, 1.0341836E+00, 9.511480E-01
7.244294E-08, 1.0366071E+00, 9.519132E-01
7.250544E-08, 1.0377551E+00, 9.520408E-01
7.256794E-08, 1.0348214E+00, 9.529337E-01
7.263044E-08, 1.0293367E+00, 9.526786E-01
7.269294E-08, 1.0250000E+00, 9.511480E-01
7.275544E-08, 1.0229592E+00, 9.496173E-01
7.281794E-08, 1.0247449E+00, 9.468112E-01
7.288044E-08, 1.0298469E+00, 9.440051E-01
7.294294E-08, 1.0348214E+00, 9.427296E-01
7.300544E-08, 1.0378827E+00, 9.434949E-01
7.306794E-08, 1.0368623E+00, 9.470663E-01
7.313044E-08, 1.0320153E+00, 9.520408E-01
7.319294E-08, 1.0264031E+00, 9.565051E-01
7.325544E-08, 1.0216837E+00, 9.593112E-01
7.331794E-08, 1.0195153E+00, 9.580357E-01
7.338044E-08, 1.0200255E+00, 9.521683E-01
7.344294E-08, 1.0214286E+00, 9.433674E-01
7.350544E-08, 1.0227041E+00, 9.334184E-01
7.356794E-08, 1.0229592E+00, 9.256378E-01
7.363044E-08, 1.0216837E+00, 9.232143E-01
7.369294E-08, 1.0190051E+00, 9.275510E-01
7.375544E-08, 1.0147959E+00, 9.366071E-01
7.381794E-08, 1.0105867E+00, 9.469388E-01
7.388044E-08, 1.0047194E+00, 9.557398E-01
7.394294E-08, 9.993622E-01, 9.582908E-01
7.400544E-08, 9.963010E-01, 9.544643E-01
7.406794E-08, 9.963010E-01, 9.468112E-01
7.413044E-08, 1.0019133E+00, 9.383929E-01
7.419294E-08, 1.0104592E+00, 9.346939E-01
7.425544E-08, 1.0192602E+00, 9.359694E-01
7.431794E-08, 1.0255102E+00, 9.417092E-01
7.438044E-08, 1.0264031E+00, 9.491072E-01
7.444294E-08, 1.0238520E+00, 9.543368E-01
7.450544E-08, 1.0187500E+00, 9.571428E-01
7.456794E-08, 1.0132653E+00, 9.562500E-01
7.463044E-08, 1.0113521E+00, 9.525510E-01
7.469294E-08, 1.0141581E+00, 9.494898E-01
7.475544E-08, 1.0193877E+00, 9.482143E-01
7.481794E-08, 1.0250000E+00, 9.478316E-01
7.488044E-08, 1.0293367E+00, 9.471939E-01
7.494294E-08, 1.0316327E+00, 9.463010E-01
7.500544E-08, 1.0307398E+00, 9.455357E-01
7.506794E-08, 1.0266582E+00, 9.443877E-01
7.513044E-08, 1.0228317E+00, 9.429847E-01
7.519294E-08, 1.0205357E+00, 9.433674E-01
7.525544E-08, 1.0204082E+00, 9.451531E-01
7.531794E-08, 1.0234693E+00, 9.469388E-01
7.538044E-08, 1.0294642E+00, 9.479592E-01
7.544294E-08, 1.0363520E+00, 9.479592E-01
7.550544E-08, 1.0420918E+00, 9.465562E-01
7.556794E-08, 1.0443877E+00, 9.446428E-01
7.563044E-08, 1.0404336E+00, 9.424745E-01
7.569294E-08, 1.0320153E+00, 9.389030E-01
7.575544E-08, 1.0218112E+00, 9.349490E-01
7.581794E-08, 1.0121174E+00, 9.308674E-01
7.588044E-08, 1.0068878E+00, 9.256378E-01
7.594294E-08, 1.0058674E+00, 9.215561E-01
7.600544E-08, 1.0080357E+00, 9.183673E-01
7.606794E-08, 1.0121174E+00, 9.169643E-01
7.613044E-08, 1.0144132E+00, 9.192602E-01
7.619294E-08, 1.0142857E+00, 9.238520E-01
7.625544E-08, 1.0117347E+00, 9.295918E-01
7.631794E-08, 1.0080357E+00, 9.349490E-01
7.638044E-08, 1.0056123E+00, 9.385204E-01
7.644294E-08, 1.0056123E+00, 9.406888E-01
7.650544E-08, 1.0071429E+00, 9.433674E-01
7.656794E-08, 1.0082908E+00, 9.478316E-01
7.663044E-08, 1.0094388E+00, 9.548469E-01
7.669294E-08, 1.0088010E+00, 9.659439E-01
7.675544E-08, 1.0056123E+00, 9.783163E-01
7.681794E-08, 1.0015306E+00, 9.886479E-01
7.688044E-08, 9.969388E-01, 9.945153E-01
7.694294E-08, 9.943877E-01, 9.945153E-01
7.700544E-08, 9.938775E-01, 9.909438E-01
7.706794E-08, 9.963010E-01, 9.852041E-01
7.713044E-08, 1.0025511E+00, 9.806122E-01
7.719294E-08, 1.0098214E+00, 9.801021E-01
7.725544E-08, 1.0178572E+00, 9.815051E-01
7.731794E-08, 1.0239795E+00, 9.849490E-01
7.738044E-08, 1.0269133E+00, 9.878827E-01
7.744294E-08, 1.0266582E+00, 9.886479E-01
7.750544E-08, 1.0234693E+00, 9.866071E-01
7.756794E-08, 1.0214286E+00, 9.804847E-01
7.763044E-08, 1.0220664E+00, 9.713010E-01
7.769294E-08, 1.0278062E+00, 9.577806E-01
7.775544E-08, 1.0378827E+00, 9.404337E-01
7.781794E-08, 1.0496173E+00, 9.181122E-01
7.788044E-08, 1.0607142E+00, 8.909439E-01
7.794294E-08, 1.0674745E+00, 8.612245E-01
7.800544E-08, 1.0693878E+00, 8.293368E-01
7.806794E-08, 1.0670918E+00, 7.977041E-01
7.813044E-08, 1.0623724E+00, 7.667092E-01
7.819294E-08, 1.0586735E+00, 7.354592E-01
7.825544E-08, 1.0568877E+00, 7.036990E-01
7.831794E-08, 1.0567602E+00, 6.696429E-01
7.838044E-08, 1.0584184E+00, 6.327806E-01
7.844294E-08, 1.0591837E+00, 5.956632E-01
7.850544E-08, 1.0575255E+00, 5.590561E-01
7.856794E-08, 1.0516582E+00, 5.242347E-01
7.863044E-08, 1.0409439E+00, 4.909439E-01
7.869294E-08, 1.0261480E+00, 4.579082E-01
7.875544E-08, 1.0058674E+00, 4.244898E-01
7.881794E-08, 9.811224E-01, 3.877551E-01
7.888044E-08, 9.531888E-01, 3.480867E-01
7.894294E-08, 9.227041E-01, 3.071429E-01
7.900544E-08, 8.906888E-01, 2.670918E-01
7.906794E-08, 8.588010E-01, 2.306122E-01
7.913044E-08, 8.274235E-01, 2.007653E-01
7.919294E-08, 7.950255E-01, 1.781888E-01
7.925544E-08, 7.607143E-01, 1.610969E-01
7.931794E-08, 7.227041E-01, 1.465561E-01
7.938044E-08, 6.804847E-01, 1.309949E-01
7.944294E-08, 6.364796E-01, 1.123725E-01
7.950544E-08, 5.915816E-01, 9.19643E-02
7.956794E-08, 5.468112E-01, 7.13010E-02
7.963044E-08, 5.028061E-01, 5.30612E-02
7.969294E-08, 4.579082E-01, 4.01786E-02
7.975544E-08, 4.113520E-01, 3.23980E-02
7.981794E-08, 3.635204E-01, 2.84439E-02
7.988044E-08, 3.165816E-01, 2.65306E-02
7.994294E-08, 2.728316E-01, 2.53827E-02
8.000544E-08, 2.329082E-01, 2.35969E-02
8.006794E-08, 1.988520E-01, 2.06633E-02
8.013044E-08, 1.698980E-01, 1.92602E-02
8.019294E-08, 1.429847E-01, 2.05357E-02
8.025544E-08, 1.183673E-01, 2.30867E-02
8.031794E-08, 9.51531E-02, 2.84439E-02
8.038044E-08, 7.35969E-02, 3.44388E-02
8.044294E-08, 5.67602E-02, 3.89031E-02
8.050544E-08, 4.48980E-02, 4.32398E-02
8.056794E-08, 3.75000E-02, 4.70663E-02
8.063044E-08, 3.26531E-02, 5.03827E-02
8.069294E-08, 2.81888E-02, 5.30612E-02
8.075544E-08, 2.24490E-02, 5.51020E-02
8.081794E-08, 1.35204E-02, 5.62500E-02
8.088044E-08, 2.6786E-03, 5.48469E-02
8.094294E-08, -6.3776E-03, 5.15306E-02
8.100544E-08, -1.27551E-02, 4.83418E-02
8.106794E-08, -1.46684E-02, 4.54082E-02
8.113044E-08, -1.16071E-02, 4.28571E-02
8.119294E-08, -4.5918E-03, 4.10714E-02
8.125544E-08, 2.6786E-03, 3.92857E-02
8.131794E-08, 8.4184E-03, 3.54592E-02
8.138044E-08, 1.21173E-02, 2.99745E-02
8.144294E-08, 1.35204E-02, 2.38520E-02
8.150544E-08, 1.64541E-02, 1.76020E-02
8.156794E-08, 2.16837E-02, 1.46684E-02
8.163044E-08, 2.90816E-02, 1.44133E-02
8.169294E-08, 3.99235E-02, 1.53061E-02
8.175544E-08, 5.05102E-02, 1.77296E-02
8.181794E-08, 5.68878E-02, 1.90051E-02
8.188044E-08, 5.80357E-02, 1.67092E-02
8.194294E-08, 5.42092E-02, 1.19898E-02
8.200544E-08, 4.70663E-02, 6.2500E-03
8.206794E-08, 3.89031E-02, 1.4031E-03
8.213044E-08, 3.26531E-02, -1.6582E-03
8.219294E-08, 2.90816E-02, -1.5306E-03
8.225544E-08, 2.78061E-02, 1.1480E-03
8.231794E-08, 2.72959E-02, 4.8469E-03
8.238044E-08, 2.53827E-02, 7.9082E-03
8.244294E-08, 2.41071E-02, 8.8010E-03
8.250544E-08, 2.27041E-02, 9.5663E-03
8.256794E-08, 2.14286E-02, 1.00765E-02
8.263044E-08, 2.20663E-02, 1.04592E-02
8.269294E-08, 2.38520E-02, 1.16071E-02
8.275544E-08, 2.61480E-02, 1.25000E-02
8.281794E-08, 2.81888E-02, 1.17347E-02
8.288044E-08, 3.01020E-02, 8.1633E-03
8.294294E-08, 3.13776E-02, 3.3163E-03
8.300544E-08, 3.17602E-02, -2.1684E-03
8.306794E-08, 3.12500E-02, -6.1224E-03
8.313044E-08, 2.83163E-02, -7.0153E-03
8.319294E-08, 2.27041E-02, -6.8878E-03
8.325544E-08, 1.65816E-02, -7.3980E-03
8.331794E-08, 1.12245E-02, -9.9490E-03
8.338044E-08, 9.3112E-03, -1.60714E-02
8.344294E-08, 1.19898E-02, -2.43622E-02
8.350544E-08, 1.76020E-02, -3.20153E-02
8.356794E-08, 2.30867E-02, -3.68622E-02
8.363044E-08, 2.65306E-02, -3.71173E-02
8.369294E-08, 2.61480E-02, -3.20153E-02
8.375544E-08, 2.02806E-02, -2.28316E-02
8.381794E-08, 1.17347E-02, -1.37755E-02
8.388044E-08, 3.4439E-03, -6.1224E-03
8.394294E-08, -2.1684E-03, -1.276E-04
8.400544E-08, -2.4235E-03, 3.8265E-03
8.406794E-08, 1.2755E-03, 7.5255E-03
8.413044E-08, 7.3980E-03, 1.05867E-02
8.419294E-08, 1.25000E-02, 1.25000E-02
8.425544E-08, 1.50510E-02, 1.12245E-02
8.431794E-08, 1.53061E-02, 6.5051E-03
8.438044E-08, 1.16071E-02, 3.827E-04
8.444294E-08, 5.9949E-03, -7.3980E-03
8.450544E-08, 7.653E-04, -1.39031E-02
8.456794E-08, -4.2092E-03, -1.73469E-02
8.463044E-08, -6.3776E-03, -1.96429E-02
8.469294E-08, -5.4847E-03, -2.04082E-02
8.475544E-08, -2.8061E-03, -2.06633E-02
8.481794E-08, 3.827E-04, -2.10459E-02
8.488044E-08, 1.5306E-03, -2.05357E-02
8.494294E-08, 1.2755E-03, -1.92602E-02
8.500544E-08, 3.827E-04, -1.55612E-02
8.506794E-08, -7.653E-04, -1.05867E-02
8.513044E-08, -5.102E-04, -7.0153E-03
8.519294E-08, 1.0204E-03, -6.1224E-03
8.525544E-08, 3.1888E-03, -8.8010E-03
8.531794E-08, 3.0612E-03, -1.30102E-02
8.538044E-08, -8.929E-04, -1.69643E-02
8.544294E-08, -6.5051E-03, -1.86224E-02
8.550544E-08, -1.13520E-02, -1.54337E-02
8.556794E-08, -1.27551E-02, -8.5459E-03
8.563044E-08, -8.1633E-03, -1.6582E-03
8.569294E-08, 1.1480E-03, 2.8061E-03
8.575544E-08, 9.3112E-03, 1.9133E-03
8.581794E-08, 1.40306E-02, -5.8673E-03
8.588044E-08, 1.12245E-02, -1.58163E-02
8.594294E-08, 1.276E-04, -2.50000E-02
8.600544E-08, -1.30102E-02, -3.09949E-02
8.606794E-08, -2.42347E-02, -2.94643E-02
8.613044E-08, -2.93367E-02, -2.27041E-02
8.619294E-08, -2.76786E-02, -1.41582E-02
8.625544E-08, -2.24490E-02, -7.7806E-03
8.631794E-08, -1.68367E-02, -7.6531E-03
8.638044E-08, -1.36480E-02, -1.37755E-02
8.644294E-08, -1.41582E-02, -2.38520E-02
8.650544E-08, -1.55612E-02, -3.49490E-02
8.656794E-08, -1.53061E-02, -4.29847E-02
8.663044E-08, -1.25000E-02, -4.56633E-02
8.669294E-08, -7.1429E-03, -4.45153E-02
8.675544E-08, -1.4031E-03, -4.05612E-02
8.681794E-08, 2.4235E-03, -3.69898E-02
8.688044E-08, 2.0408E-03, -3.54592E-02
8.694294E-08, -8.929E-04, -3.69898E-02
8.700544E-08, -4.7194E-03, -4.03061E-02
8.706794E-08, -8.2908E-03, -4.36224E-02
8.713044E-08, -8.8010E-03, -4.68112E-02
8.719294E-08, -8.5459E-03, -4.74490E-02
8.725544E-08, -8.9286E-03, -4.75765E-02
8.731794E-08, -1.04592E-02, -4.77041E-02
8.738044E-08, -1.49235E-02, -4.77041E-02
8.744294E-08, -1.87500E-02, -4.91071E-02
8.750544E-08, -1.96429E-02, -4.89796E-02
8.756794E-08, -1.78571E-02, -4.64286E-02
8.763044E-08, -1.17347E-02, -4.31122E-02
8.769294E-08, -4.8469E-03, -3.75000E-02
8.775544E-08, -8.929E-04, -3.23980E-02
8.781794E-08, 1.276E-04, -3.01020E-02
8.788044E-08, -3.5714E-03, -2.95918E-02
8.794294E-08, -7.6531E-03, -3.30357E-02
8.800544E-08, -8.4184E-03, -3.69898E-02
8.806794E-08, -5.9949E-03, -3.90306E-02
8.813044E-08, 5.102E-04, -4.01786E-02
8.819294E-08, 7.0153E-03, -3.89031E-02
8.825544E-08, 9.0561E-03, -3.64796E-02
8.831794E-08, 4.4643E-03, -3.58418E-02
8.838044E-08, -5.4847E-03, -3.82653E-02
8.844294E-08, -1.59439E-02, -4.37500E-02
8.850544E-08, -2.24490E-02, -5.08929E-02
8.856794E-08, -2.07908E-02, -5.79082E-02
8.863044E-08, -1.26276E-02, -6.04592E-02
8.869294E-08, -2.6786E-03, -5.79082E-02
8.875544E-08, 4.4643E-03, -5.11480E-02
8.881794E-08, 4.5918E-03, -4.14541E-02
8.888044E-08, -2.6786E-03, -3.29082E-02
8.894294E-08, -1.23724E-02, -2.88265E-02
8.900544E-08, -1.91327E-02, -2.98469E-02
8.906794E-08, -1.97704E-02, -3.50765E-02
8.913044E-08, -1.27551E-02, -4.28571E-02
8.919294E-08, -2.4235E-03, -4.87245E-02
8.925544E-08, 5.8673E-03, -5.20408E-02
8.931794E-08, 9.5663E-03, -5.26786E-02
8.938044E-08, 7.1429E-03, -5.07653E-02
8.944294E-08, 3.827E-04, -4.87245E-02
8.950544E-08, -7.2704E-03, -4.74490E-02
8.956794E-08, -1.32653E-02, -4.70663E-02
8.963044E-08, -1.51786E-02, -4.73214E-02
8.969294E-08, -1.40306E-02, -4.71939E-02
8.975544E-08, -1.08418E-02, -4.74490E-02
8.981794E-08, -5.9949E-03, -4.89796E-02
8.988044E-08, -1.5306E-03, -5.15306E-02
8.994294E-08, 2.4235E-03, -5.51020E-02
9.000544E-08, 4.4643E-03, -5.72704E-02
9.006794E-08, 2.6786E-03, -5.59949E-02
9.013044E-08, -1.7857E-03, -5.11480E-02
9.019294E-08, -8.4184E-03, -4.24745E-02
9.025544E-08, -1.54337E-02, -3.34184E-02
9.031794E-08, -1.88776E-02, -2.86990E-02
9.038044E-08, -1.72194E-02, -2.86990E-02
9.044294E-08, -1.23724E-02, -3.31633E-02
9.050544E-08, -6.8878E-03, -4.05612E-02
9.056794E-08, -2.1684E-03, -4.71939E-02
9.063044E-08, -1.4031E-03, -4.93622E-02
9.069294E-08, -4.9745E-03, -4.82143E-02
9.075544E-08, -9.4388E-03, -4.69388E-02
9.081794E-08, -1.30102E-02, -4.65561E-02
9.088044E-08, -1.33929E-02, -4.98725E-02
9.094294E-08, -9.8214E-03, -5.53571E-02
9.100544E-08, -6.2500E-03, -5.90561E-02
9.106794E-08, -4.3367E-03, -6.04592E-02
9.113044E-08, -5.6122E-03, -5.77806E-02
9.119294E-08, -1.00765E-02, -5.26786E-02
9.125544E-08, -1.54337E-02, -4.85969E-02
9.131794E-08, -1.86224E-02, -4.71939E-02
9.138044E-08, -1.96429E-02, -4.84694E-02
9.144294E-08, -1.93878E-02, -5.22959E-02
9.150544E-08, -1.73469E-02, -5.66327E-02
9.156794E-08, -1.54337E-02, -5.77806E-02
9.163044E-08, -1.59439E-02, -5.63776E-02
9.169294E-08, -1.72194E-02, -5.54847E-02
9.175544E-08, -1.97704E-02, -5.52296E-02
9.181794E-08, -2.28316E-02, -5.85459E-02
9.188044E-08, -2.57653E-02, -6.44133E-02
9.194294E-08, -2.88265E-02, -6.92602E-02
9.200544E-08, -3.04847E-02, -7.11735E-02
9.206794E-08, -2.99745E-02, -6.77296E-02
9.213044E-08, -2.66582E-02, -6.04592E-02
9.219294E-08, -2.05357E-02, -5.34439E-02
9.225544E-08, -1.21173E-02, -5.05102E-02
9.231794E-08, -3.9541E-03, -5.33163E-02
9.238044E-08, 1.5306E-03, -6.03316E-02
9.244294E-08, 1.6582E-03, -6.73469E-02
9.250544E-08, -4.5918E-03, -7.13010E-02
9.256794E-08, -1.30102E-02, -7.05357E-02
9.263044E-08, -2.11735E-02, -6.47959E-02
9.269294E-08, -2.55102E-02, -5.89286E-02
9.275544E-08, -2.34694E-02, -5.65051E-02
9.281794E-08, -1.77296E-02, -5.84184E-02
9.288044E-08, -1.09694E-02, -6.42857E-02
9.294294E-08, -7.9082E-03, -7.01531E-02
9.300544E-08, -1.16071E-02, -7.34694E-02
9.306794E-08, -1.91327E-02, -7.35969E-02
9.313044E-08, -2.67857E-02, -7.07908E-02
9.319294E-08, -3.03571E-02, -6.87500E-02
9.325544E-08, -2.64031E-02, -7.06633E-02
9.331794E-08, -1.56888E-02, -7.61480E-02
9.338044E-08, -3.6990E-03, -8.31633E-02
9.344294E-08, 6.2500E-03, -8.95408E-02
9.350544E-08, 9.5663E-03, -9.04337E-02
9.356794E-08, 5.1020E-03, -8.55867E-02
9.363044E-08, -3.8265E-03, -7.78061E-02
9.369294E-08, -1.31378E-02, -7.01531E-02
9.375544E-08, -1.76020E-02, -6.59439E-02
9.381794E-08, -1.74745E-02, -6.44133E-02
9.388044E-08, -1.47959E-02, -6.59439E-02
9.394294E-08, -1.19898E-02, -6.86224E-02
9.400544E-08, -1.21173E-02, -6.96429E-02
9.406794E-08, -1.40306E-02, -6.93878E-02
9.413044E-08, -1.61990E-02, -6.72194E-02
9.419294E-08, -1.69643E-02, -6.44133E-02
9.425544E-08, -1.31378E-02, -6.22449E-02
9.431794E-08, -6.6327E-03, -5.89286E-02
9.438044E-08, 5.102E-04, -5.45918E-02
9.444294E-08, 5.9949E-03, -4.93622E-02
9.450544E-08, 6.8878E-03, -4.50255E-02
9.456794E-08, 4.9745E-03, -4.51531E-02
9.463044E-08, 1.9133E-03, -5.00000E-02
9.469294E-08, -8.929E-04, -5.98214E-02
9.475544E-08, -2.0408E-03, -7.16837E-02
9.481794E-08, -3.0612E-03, -8.11225E-02
9.488044E-08, -4.5918E-03, -8.50765E-02
9.494294E-08, -6.6327E-03, -8.17602E-02
9.500544E-08, -1.02041E-02, -7.24490E-02
9.506794E-08, -1.23724E-02, -6.27551E-02
9.513044E-08, -1.16071E-02, -5.56122E-02
9.519294E-08, -9.8214E-03, -5.29337E-02
9.525544E-08, -6.5051E-03, -5.62500E-02
9.531794E-08, -4.2092E-03, -6.13520E-02
9.538044E-08, -6.1224E-03, -6.54337E-02
9.544294E-08, -1.19898E-02, -6.73469E-02
9.550544E-08, -1.90051E-02, -6.64541E-02
9.556794E-08, -2.44898E-02, -6.28827E-02
9.563044E-08, -2.78061E-02, -5.72704E-02
9.569294E-08, -2.80612E-02, -5.33163E-02
9.575544E-08, -2.58929E-02, -5.10204E-02
9.581794E-08, -2.30867E-02, -5.06378E-02
9.588044E-08, -2.13010E-02, -5.24235E-02
9.594294E-08, -2.11735E-02, -5.67602E-02
9.600544E-08, -2.01531E-02, -6.40306E-02
9.606794E-08, -1.92602E-02, -7.19388E-02
9.613044E-08, -1.73469E-02, -8.06122E-02
9.619294E-08, -1.41582E-02, -8.71173E-02
9.625544E-08, -1.25000E-02, -8.76276E-02
9.631794E-08, -1.22449E-02, -8.29082E-02
9.638044E-08, -1.25000E-02, -7.33418E-02
9.644294E-08, -1.32653E-02, -6.13520E-02
9.650544E-08, -1.28827E-02, -5.26786E-02
9.656794E-08, -9.4388E-03, -5.00000E-02
9.663044E-08, -5.2296E-03, -5.31888E-02
9.669294E-08, -1.4031E-03, -6.10969E-02
9.675544E-08, 1.276E-04, -6.91327E-02
9.681794E-08, -3.1888E-03, -7.27041E-02
9.688044E-08, -9.3112E-03, -7.13010E-02
9.694294E-08, -1.60714E-02, -6.41582E-02
9.700544E-08, -2.06633E-02, -5.48469E-02
9.706794E-08, -2.10459E-02, -4.68112E-02
9.713044E-08, -1.79847E-02, -4.24745E-02
9.719294E-08, -1.23724E-02, -4.29847E-02
9.725544E-08, -8.5459E-03, -4.66837E-02
9.731794E-08, -6.6327E-03, -5.29337E-02
9.738044E-08, -7.9082E-03, -5.84184E-02
9.744294E-08, -1.16071E-02, -6.32653E-02
9.750544E-08, -1.47959E-02, -6.72194E-02
9.756794E-08, -1.72194E-02, -6.92602E-02
9.763044E-08, -1.73469E-02, -6.93878E-02
9.769294E-08, -1.67092E-02, -6.63265E-02
9.775544E-08, -1.79847E-02, -6.10969E-02
9.781794E-08, -2.19388E-02, -5.62500E-02
9.788044E-08, -2.75510E-02, -5.44643E-02
9.794294E-08, -3.27806E-02, -5.66327E-02
9.800544E-08, -3.49490E-02, -6.26276E-02
9.806794E-08, -3.32908E-02, -7.01531E-02
9.813044E-08, -2.70408E-02, -7.62755E-02
9.819294E-08, -1.79847E-02, -7.69133E-02
9.825544E-08, -1.04592E-02, -7.10459E-02
9.831794E-08, -5.4847E-03, -6.23724E-02
9.838044E-08, -5.4847E-03, -5.34439E-02
9.844294E-08, -8.4184E-03, -4.92347E-02
9.850544E-08, -1.14796E-02, -5.07653E-02
9.856794E-08, -1.28827E-02, -5.58673E-02
9.863044E-08, -1.13520E-02, -6.17347E-02
9.869294E-08, -8.6735E-03, -6.47959E-02
9.875544E-08, -6.2500E-03, -6.40306E-02
9.881794E-08, -5.6122E-03, -5.98214E-02
9.888044E-08, -7.6531E-03, -5.47194E-02
9.894294E-08, -1.12245E-02, -5.15306E-02
9.900544E-08, -1.32653E-02, -5.21684E-02
9.906794E-08, -1.03316E-02, -5.54847E-02
9.913044E-08, -4.2092E-03, -5.82908E-02
9.919294E-08, 3.6990E-03, -6.10969E-02
9.925544E-08, 1.08418E-02, -6.27551E-02
9.931794E-08, 1.21173E-02, -6.25000E-02
9.938044E-08, 7.9082E-03, -6.27551E-02
9.944294E-08, -1.1480E-03, -6.22449E-02
9.950544E-08, -1.26276E-02, -6.16071E-02
9.956794E-08, -2.15561E-02, -6.17347E-02
9.963044E-08, -2.51276E-02, -6.17347E-02
9.969294E-08, -2.30867E-02, -6.21173E-02
9.975544E-08, -1.76020E-02, -6.33929E-02
9.981794E-08, -1.30102E-02, -6.63265E-02
9.988044E-08, -1.08418E-02, -7.02806E-02
9.994294E-08, -1.27551E-02, -7.25765E-02
1.0000544E-07, -1.98980E-02, -7.19388E-02
1.0006794E-07, -2.85714E-02, -6.92602E-02
1.0013044E-07, -3.67347E-02, -6.42857E-02
1.0019294E-07, -4.19643E-02, -6.00765E-02
1.0025544E-07, -4.18367E-02, -5.86735E-02
1.0031794E-07, -3.75000E-02, -5.98214E-02
1.0038044E-07, -3.01020E-02, -6.41582E-02
1.0044294E-07, -2.07908E-02, -6.95153E-02
1.0050544E-07, -1.18622E-02, -7.37245E-02
1.0056794E-07, -4.3367E-03, -7.55102E-02
1.0063044E-07, -6.378E-04, -7.37245E-02
1.0069294E-07, -3.827E-04, -6.98980E-02
1.0075544E-07, -1.9133E-03, -6.41582E-02
1.0081794E-07, -5.9949E-03, -5.66327E-02
1.0088044E-07, -9.5663E-03, -5.07653E-02
1.0094294E-07, -1.18622E-02, -4.68112E-02
1.0100544E-07, -1.18622E-02, -4.69388E-02
1.0106794E-07, -9.3112E-03, -5.11480E-02
1.0113044E-07, -6.3776E-03, -5.75255E-02
1.0119294E-07, -5.1020E-03, -6.44133E-02
1.0125544E-07, -6.5051E-03, -6.97704E-02
1.0131794E-07, -1.04592E-02, -7.15561E-02
1.0138044E-07, -1.55612E-02, -7.00255E-02
1.0144294E-07, -1.95153E-02, -6.72194E-02
1.0150544E-07, -2.10459E-02, -6.59439E-02
1.0156794E-07, -1.90051E-02, -6.73469E-02
1.0163044E-07, -1.72194E-02, -6.93878E-02
1.0169294E-07, -1.68367E-02, -7.24490E-02
1.0175544E-07, -1.77296E-02, -7.27041E-02
1.0181794E-07, -2.15561E-02, -6.72194E-02
1.0188044E-07, -2.48724E-02, -5.96939E-02
1.0194294E-07, -2.50000E-02, -5.20408E-02
1.0200544E-07, -2.29592E-02, -4.78316E-02
1.0206794E-07, -1.88776E-02, -5.17857E-02
1.0213044E-07, -1.56888E-02, -6.18622E-02
1.0219294E-07, -1.44133E-02, -7.43622E-02
1.0225544E-07, -1.64541E-02, -8.32908E-02
1.0231794E-07, -2.18112E-02, -8.50765E-02
1.0238044E-07, -2.70408E-02, -8.02296E-02
1.0244294E-07, -3.01020E-02, -7.06633E-02
1.0250544E-07, -2.98469E-02, -6.09694E-02
1.0256794E-07, -2.78061E-02, -5.56122E-02
1.0263044E-07, -2.50000E-02, -5.67602E-02
1.0269294E-07, -2.33418E-02, -6.12245E-02
1.0275544E-07, -2.50000E-02, -6.59439E-02
1.0281794E-07, -2.75510E-02, -6.86224E-02
1.0288044E-07, -3.11224E-02, -6.65816E-02
1.0294294E-07, -3.38010E-02, -6.32653E-02
1.0300544E-07, -3.34184E-02, -6.10969E-02
1.0306794E-07, -3.01020E-02, -6.18622E-02
1.0313044E-07, -2.38520E-02, -6.60714E-02
1.0319294E-07, -1.78571E-02, -7.09184E-02
1.0325544E-07, -1.19898E-02, -7.50000E-02
1.0331794E-07, -8.0357E-03, -7.48724E-02
1.0338044E-07, -7.2704E-03, -7.07908E-02
1.0344294E-07, -8.8010E-03, -6.59439E-02
1.0350544E-07, -1.13520E-02, -6.25000E-02
1.0356794E-07, -1.31378E-02, -6.22449E-02
1.0363044E-07, -1.36480E-02, -6.45408E-02
1.0369294E-07, -1.35204E-02, -6.77296E-02
1.0375544E-07, -1.28827E-02, -6.97704E-02
1.0381794E-07, -1.41582E-02, -6.90051E-02
1.0388044E-07, -1.78571E-02, -6.73469E-02
1.0394294E-07, -2.24490E-02, -6.67092E-02
1.0400544E-07, -2.75510E-02, -6.81122E-02
1.0406794E-07, -3.02296E-02, -7.35969E-02
1.0413044E-07, -3.03571E-02, -8.02296E-02
1.0419294E-07, -2.78061E-02, -8.60969E-02
1.0425544E-07, -2.32143E-02, -8.82653E-02
1.0431794E-07, -1.90051E-02, -8.50765E-02
1.0438044E-07, -1.56888E-02, -7.85714E-02
1.0444294E-07, -1.35204E-02, -7.04082E-02
1.0450544E-07, -1.23724E-02, -6.40306E-02
1.0456794E-07, -1.05867E-02, -6.14796E-02
1.0463044E-07, -9.1837E-03, -6.26276E-02
1.0469294E-07, -8.5459E-03, -6.68367E-02
1.0475544E-07, -9.9490E-03, -7.23214E-02
1.0481794E-07, -1.45408E-02, -7.75510E-02
1.0488044E-07, -2.01531E-02, -8.25255E-02
1.0494294E-07, -2.41071E-02, -8.55867E-02
1.0500544E-07, -2.47449E-02, -8.59694E-02
1.0506794E-07, -2.23214E-02, -8.32908E-02
1.0513044E-07, -1.74745E-02, -7.85714E-02
1.0519294E-07, -1.27551E-02, -7.14286E-02
1.0525544E-07, -1.07143E-02, -6.30102E-02
1.0531794E-07, -1.27551E-02, -5.51020E-02
1.0538044E-07, -1.83673E-02, -4.98725E-02
1.0544294E-07, -2.35969E-02, -4.92347E-02
1.0550544E-07, -2.66582E-02, -5.22959E-02
1.0556794E-07, -2.55102E-02, -5.86735E-02
1.0563044E-07, -2.00255E-02, -6.59439E-02
1.0569294E-07, -1.47959E-02, -7.11735E-02
1.0575544E-07, -1.14796E-02, -7.51275E-02
1.0581794E-07, -1.17347E-02, -7.60204E-02
1.0588044E-07, -1.63265E-02, -7.46173E-02
1.0594294E-07, -2.19388E-02, -7.30867E-02
1.0600544E-07, -2.56378E-02, -7.16837E-02
1.0606794E-07, -2.60204E-02, -7.13010E-02
1.0613044E-07, -2.38520E-02, -7.19388E-02
1.0619294E-07, -2.02806E-02, -7.39796E-02
1.0625544E-07, -1.84949E-02, -7.50000E-02
1.0631794E-07, -2.07908E-02, -7.48724E-02
1.0638044E-07, -2.43622E-02, -7.29592E-02
1.0644294E-07, -2.86990E-02, -6.69643E-02
1.0650544E-07, -3.13776E-02, -5.94388E-02
1.0656794E-07, -3.08673E-02, -5.28061E-02
1.0663044E-07, -2.76786E-02, -4.96173E-02
1.0669294E-07, -2.39796E-02, -5.21684E-02
1.0675544E-07, -2.20663E-02, -6.05867E-02
1.0681794E-07, -2.20663E-02, -7.27041E-02
1.0688044E-07, -2.51276E-02, -8.36735E-02
1.0694294E-07, -3.01020E-02, -9.10714E-02
1.0700544E-07, -3.30357E-02, -9.29847E-02
1.0706794E-07, -3.35459E-02, -8.78827E-02
1.0713044E-07, -3.21429E-02, -7.93367E-02
1.0719294E-07, -2.84439E-02, -7.19388E-02
1.0725544E-07, -2.48724E-02, -6.76020E-02
1.0731794E-07, -2.24490E-02, -6.82398E-02
1.0738044E-07, -2.10459E-02, -7.29592E-02
1.0744294E-07, -2.18112E-02, -7.83163E-02
1.0750544E-07, -2.51276E-02, -8.25255E-02
1.0756794E-07, -2.80612E-02, -8.44388E-02
1.0763044E-07, -3.15051E-02, -8.16327E-02
1.0769294E-07, -3.35459E-02, -7.66582E-02
1.0775544E-07, -3.21429E-02, -7.14286E-02
1.0781794E-07, -2.89541E-02, -6.65816E-02
1.0788044E-07, -2.32143E-02, -6.56888E-02
1.0794294E-07, -1.63265E-02, -6.77296E-02
1.0800544E-07, -1.10969E-02, -7.23214E-02
1.0806794E-07, -8.5459E-03, -7.83163E-02
1.0813044E-07, -9.8214E-03, -8.35459E-02
1.0819294E-07, -1.35204E-02, -8.67347E-02
1.0825544E-07, -1.76020E-02, -8.69898E-02
1.0831794E-07, -2.07908E-02, -8.46939E-02
1.0838044E-07, -2.11735E-02, -8.26531E-02
1.0844294E-07, -1.96429E-02, -8.16327E-02
1.0850544E-07, -1.68367E-02, -8.34184E-02
1.0856794E-07, -1.40306E-02, -8.64796E-02
1.0863044E-07, -1.33929E-02, -8.82653E-02
1.0869294E-07, -1.50510E-02, -8.71173E-02
1.0875544E-07, -2.00255E-02, -8.20153E-02
1.0881794E-07, -2.57653E-02, -7.50000E-02
1.0888044E-07, -3.02296E-02, -6.76020E-02
1.0894294E-07, -3.18878E-02, -6.19898E-02
1.0900544E-07, -2.95918E-02, -6.03316E-02
1.0906794E-07, -2.51276E-02, -6.16071E-02
1.0913044E-07, -1.93878E-02, -6.56888E-02
1.0919294E-07, -1.41582E-02, -6.93878E-02
1.0925544E-07, -1.14796E-02, -7.02806E-02
1.0931794E-07, -1.17347E-02, -6.84949E-02
1.0938044E-07, -1.44133E-02, -6.49235E-02
1.0944294E-07, -1.82398E-02, -6.09694E-02
1.0950544E-07, -2.14286E-02, -5.86735E-02
1.0956794E-07, -2.25765E-02, -5.91837E-02
1.0963044E-07, -2.20663E-02, -6.22449E-02
1.0969294E-07, -2.00255E-02, -6.74745E-02
1.0975544E-07, -1.77296E-02, -7.28316E-02
1.0981794E-07, -1.69643E-02, -7.69133E-02
1.0988044E-07, -1.86224E-02, -7.89541E-02
1.0994294E-07, -2.29592E-02, -7.97194E-02
1.1000544E-07, -2.72959E-02, -7.99745E-02
1.1006794E-07, -3.04847E-02, -7.86990E-02
1.1013044E-07, -3.21429E-02, -7.67857E-02
1.1019294E-07, -3.12500E-02, -7.60204E-02
1.1025544E-07, -2.95918E-02, -7.57653E-02
1.1031794E-07, -2.78061E-02, -7.74235E-02
1.1038044E-07, -2.56378E-02, -7.99745E-02
1.1044294E-07, -2.34694E-02, -8.22704E-02
1.1050544E-07, -2.07908E-02, -8.34184E-02
1.1056794E-07, -1.82398E-02, -8.25255E-02
1.1063044E-07, -1.61990E-02, -8.03571E-02
1.1069294E-07, -1.46684E-02, -7.83163E-02
1.1075544E-07, -1.49235E-02, -7.75510E-02
1.1081794E-07, -1.61990E-02, -7.99745E-02
1.1088044E-07, -1.74745E-02, -8.44388E-02
1.1094294E-07, -1.76020E-02, -8.97959E-02
1.1100544E-07, -1.68367E-02, -9.37500E-02
1.1106794E-07, -1.58163E-02, -9.50255E-02
1.1113044E-07, -1.53061E-02, -9.27296E-02
1.1119294E-07, -1.83673E-02, -8.64796E-02
1.1125544E-07, -2.55102E-02, -7.92092E-02
1.1131794E-07, -3.52041E-02, -7.27041E-02
1.1138044E-07, -4.45153E-02, -6.87500E-02
1.1144294E-07, -4.93622E-02, -6.90051E-02
1.1150544E-07, -4.57908E-02, -7.21939E-02
1.1156794E-07, -3.44388E-02, -7.60204E-02
1.1163044E-07, -1.93878E-02, -7.88265E-02
1.1169294E-07, -6.8878E-03, -8.01020E-02
1.1175544E-07, -1.0204E-03, -8.02296E-02
1.1181794E-07, -3.5714E-03, -7.85714E-02
1.1188044E-07, -1.21173E-02, -7.57653E-02
1.1194294E-07, -2.21939E-02, -7.24490E-02
1.1200544E-07, -2.95918E-02, -6.88775E-02
1.1206794E-07, -3.13776E-02, -6.61990E-02
1.1213044E-07, -2.81888E-02, -6.45408E-02
1.1219294E-07, -2.35969E-02, -6.44133E-02
1.1225544E-07, -2.15561E-02, -6.70918E-02
1.1231794E-07, -2.23214E-02, -7.20663E-02
1.1238044E-07, -2.61480E-02, -7.70408E-02
1.1244294E-07, -3.11224E-02, -8.15051E-02
1.1250544E-07, -3.22704E-02, -8.50765E-02
1.1256794E-07, -2.92092E-02, -8.53316E-02
1.1263044E-07, -2.19388E-02, -8.36735E-02
1.1269294E-07, -1.36480E-02, -8.04847E-02
1.1275544E-07, -8.8010E-03, -7.72959E-02
1.1281794E-07, -6.2500E-03, -7.60204E-02
1.1288044E-07, -8.4184E-03, -7.35969E-02
1.1294294E-07, -1.30102E-02, -7.13010E-02
1.1300544E-07, -1.65816E-02, -6.79847E-02
1.1306794E-07, -1.92602E-02, -6.30102E-02
1.1313044E-07, -1.92602E-02, -5.94388E-02
1.1319294E-07, -1.83673E-02, -5.70153E-02
1.1325544E-07, -1.74745E-02, -5.80357E-02
1.1331794E-07, -1.69643E-02, -6.22449E-02
1.1338044E-07, -1.72194E-02, -6.78571E-02
1.1344294E-07, -1.64541E-02, -7.34694E-02
1.1350544E-07, -1.44133E-02, -7.66582E-02
1.1356794E-07, -1.14796E-02, -7.74235E-02
1.1363044E-07, -8.5459E-03, -7.67857E-02
1.1369294E-07, -6.3776E-03, -7.51275E-02
1.1375544E-07, -8.4184E-03, -7.28316E-02
1.1381794E-07, -1.45408E-02, -7.14286E-02
1.1388044E-07, -2.23214E-02, -7.09184E-02
1.1394294E-07, -2.92092E-02, -7.00255E-02
1.1400544E-07, -3.27806E-02, -6.90051E-02
1.1406794E-07, -3.13776E-02, -6.88775E-02
1.1413044E-07, -2.61480E-02, -7.02806E-02
1.1419294E-07, -1.98980E-02, -7.29592E-02
1.1425544E-07, -1.58163E-02, -7.66582E-02
1.1431794E-07, -1.58163E-02, -8.03571E-02
1.1438044E-07, -2.05357E-02, -8.29082E-02
1.1444294E-07, -2.69133E-02, -8.39286E-02
1.1450544E-07, -3.23980E-02, -8.29082E-02
1.1456794E-07, -3.53316E-02, -8.08674E-02
1.1463044E-07, -3.40561E-02, -7.86990E-02
1.1469294E-07, -2.99745E-02, -7.60204E-02
1.1475544E-07, -2.60204E-02, -7.35969E-02
1.1481794E-07, -2.44898E-02, -7.18112E-02
1.1488044E-07, -2.60204E-02, -7.18112E-02
1.1494294E-07, -2.89541E-02, -7.48724E-02
1.1500544E-07, -2.94643E-02, -7.98469E-02
1.1506794E-07, -2.74235E-02, -8.39286E-02
1.1513044E-07, -2.20663E-02, -8.67347E-02
1.1519294E-07, -1.47959E-02, -8.54592E-02
1.1525544E-07, -9.9490E-03, -7.95918E-02
1.1531794E-07, -7.9082E-03, -7.18112E-02
1.1538044E-07, -9.6939E-03, -6.35204E-02
1.1544294E-07, -1.44133E-02, -5.81633E-02
1.1550544E-07, -1.91327E-02, -5.80357E-02
1.1556794E-07, -2.25765E-02, -6.25000E-02
1.1563044E-07, -2.37245E-02, -7.00255E-02
1.1569294E-07, -2.42347E-02, -7.74235E-02
1.1575544E-07, -2.52551E-02, -8.31633E-02
1.1581794E-07, -2.67857E-02, -8.62245E-02
1.1588044E-07, -2.79337E-02, -8.67347E-02
1.1594294E-07, -2.67857E-02, -8.58418E-02
1.1600544E-07, -2.43622E-02, -8.40561E-02
1.1606794E-07, -1.96429E-02, -8.43112E-02
1.1613044E-07, -1.55612E-02, -8.57143E-02
1.1619294E-07, -1.58163E-02, -8.83929E-02
1.1625544E-07, -1.91327E-02, -9.20918E-02
1.1631794E-07, -2.69133E-02, -9.31122E-02
1.1638044E-07, -3.71173E-02, -9.20918E-02
1.1644294E-07, -4.52806E-02, -8.94133E-02
1.1650544E-07, -4.80867E-02, -8.50765E-02
1.1656794E-07, -4.43878E-02, -8.03571E-02
1.1663044E-07, -3.63520E-02, -7.66582E-02
1.1669294E-07, -2.62755E-02, -7.57653E-02
1.1675544E-07, -1.95153E-02, -7.67857E-02
1.1681794E-07, -1.73469E-02, -8.02296E-02
1.1688044E-07, -2.02806E-02, -8.38010E-02
1.1694294E-07, -2.94643E-02, -8.59694E-02
1.1700544E-07, -3.96684E-02, -8.83929E-02
1.1706794E-07, -4.73214E-02, -8.86480E-02
1.1713044E-07, -5.05102E-02, -8.64796E-02
1.1719294E-07, -4.73214E-02, -8.36735E-02
1.1725544E-07, -3.82653E-02, -7.98469E-02
1.1731794E-07, -2.80612E-02, -7.57653E-02
1.1738044E-07, -1.79847E-02, -7.44898E-02
1.1744294E-07, -1.05867E-02, -7.47449E-02
1.1750544E-07, -8.8010E-03, -7.57653E-02
1.1756794E-07, -1.05867E-02, -7.80612E-02
1.1763044E-07, -1.41582E-02, -7.86990E-02
1.1769294E-07, -1.74745E-02, -7.70408E-02
1.1775544E-07, -1.93878E-02, -7.37245E-02
1.1781794E-07, -1.83673E-02, -7.05357E-02
1.1788044E-07, -1.58163E-02, -6.90051E-02
1.1794294E-07, -1.31378E-02, -7.06633E-02
1.1800544E-07, -1.04592E-02, -7.50000E-02
1.1806794E-07, -1.03316E-02, -7.93367E-02
1.1813044E-07, -1.12245E-02, -8.27806E-02
1.1819294E-07, -1.27551E-02, -8.23980E-02
1.1825544E-07, -1.53061E-02, -7.81888E-02
1.1831794E-07, -1.73469E-02, -7.32143E-02
1.1838044E-07, -1.95153E-02, -6.87500E-02
1.1844294E-07, -2.09184E-02, -6.78571E-02
1.1850544E-07, -2.00255E-02, -7.05357E-02
1.1856794E-07, -1.81122E-02, -7.44898E-02
1.1863044E-07, -1.45408E-02, -7.93367E-02
1.1869294E-07, -1.03316E-02, -8.22704E-02
1.1875544E-07, -8.6735E-03, -8.26531E-02
1.1881794E-07, -9.4388E-03, -8.18878E-02
1.1888044E-07, -1.39031E-02, -8.07398E-02
1.1894294E-07, -2.01531E-02, -8.16327E-02
1.1900544E-07, -2.64031E-02, -8.41837E-02
1.1906794E-07, -2.95918E-02, -8.85204E-02
1.1913044E-07, -2.84439E-02, -9.19643E-02
1.1919294E-07, -2.56378E-02, -9.23469E-02
1.1925544E-07, -2.10459E-02, -9.04337E-02
1.1931794E-07, -1.84949E-02, -8.49490E-02
1.1938044E-07, -1.90051E-02, -7.90816E-02
1.1944294E-07, -2.09184E-02, -7.56378E-02
1.1950544E-07, -2.34694E-02, -7.55102E-02
1.1956794E-07, -2.37245E-02, -7.95918E-02
1.1963044E-07, -2.09184E-02, -8.58418E-02
1.1969294E-07, -1.63265E-02, -9.13265E-02
1.1975544E-07, -1.18622E-02, -9.40051E-02
1.1981794E-07, -1.03316E-02, -9.28571E-02
1.1988044E-07, -1.21173E-02, -8.92857E-02
1.1994294E-07, -1.70918E-02, -8.48214E-02
1.2000544E-07, -2.34694E-02, -8.21429E-02
1.2006794E-07, -2.72959E-02, -8.27806E-02
1.2013044E-07, -2.79337E-02, -8.45663E-02
1.2019294E-07, -2.71684E-02, -8.67347E-02
1.2025544E-07, -2.53827E-02, -8.92857E-02
1.2031794E-07, -2.34694E-02, -9.03061E-02
1.2038044E-07, -2.27041E-02, -8.92857E-02
1.2044294E-07, -2.28316E-02, -8.71173E-02
1.2050544E-07, -2.35969E-02, -8.49490E-02
1.2056794E-07, -2.29592E-02, -8.38010E-02
1.2063044E-07, -2.21939E-02, -8.31633E-02
1.2069294E-07, -2.18112E-02, -8.35459E-02
1.2075544E-07, -2.18112E-02, -8.52041E-02
1.2081794E-07, -2.33418E-02, -8.66071E-02
1.2088044E-07, -2.42347E-02, -8.85204E-02
1.2094294E-07, -2.24490E-02, -8.94133E-02
1.2100544E-07, -1.74745E-02, -8.82653E-02
1.2106794E-07, -9.8214E-03, -8.57143E-02
1.2113044E-07, -2.2959E-03, -8.23980E-02
1.2119294E-07, 1.2755E-03, -8.06122E-02
1.2125544E-07, -6.378E-04, -8.18878E-02
1.2131794E-07, -7.3980E-03, -8.54592E-02
1.2138044E-07, -1.64541E-02, -8.97959E-02
1.2144294E-07, -2.29592E-02, -9.33673E-02
1.2150544E-07, -2.50000E-02, -9.34949E-02
1.2156794E-07, -2.02806E-02, -9.06888E-02
1.2163044E-07, -1.28827E-02, -8.49490E-02
1.2169294E-07, -7.7806E-03, -8.02296E-02
1.2175544E-07, -5.7398E-03, -7.90816E-02
1.2181794E-07, -9.9490E-03, -7.94643E-02
1.2188044E-07, -1.81122E-02, -8.22704E-02
1.2194294E-07, -2.69133E-02, -8.43112E-02
1.2200544E-07, -3.31633E-02, -8.41837E-02
1.2206794E-07, -3.39286E-02, -8.17602E-02
1.2213044E-07, -3.13776E-02, -7.76786E-02
1.2219294E-07, -2.58929E-02, -7.58929E-02
1.2225544E-07, -2.02806E-02, -7.62755E-02
1.2231794E-07, -1.59439E-02, -7.95918E-02
1.2238044E-07, -1.26276E-02, -8.40561E-02
1.2244294E-07, -1.16071E-02, -8.60969E-02
1.2250544E-07, -1.17347E-02, -8.49490E-02
1.2256794E-07, -1.40306E-02, -7.89541E-02
1.2263044E-07, -1.90051E-02, -7.06633E-02
1.2269294E-07, -2.51276E-02, -6.36480E-02
1.2275544E-07, -3.03571E-02, -5.94388E-02
1.2281794E-07, -3.26531E-02, -5.95663E-02
1.2288044E-07, -3.13776E-02, -6.39031E-02
1.2294294E-07, -2.55102E-02, -7.06633E-02
1.2300544E-07, -1.83673E-02, -7.67857E-02
1.2306794E-07, -1.28827E-02, -8.08674E-02
1.2313044E-07, -1.07143E-02, -8.16327E-02
1.2319294E-07, -1.33929E-02, -7.92092E-02
1.2325544E-07, -1.90051E-02, -7.58929E-02
1.2331794E-07, -2.38520E-02, -7.32143E-02
1.2338044E-07, -2.55102E-02, -7.20663E-02
1.2344294E-07, -2.39796E-02, -7.20663E-02
1.2350544E-07, -1.95153E-02, -7.34694E-02
1.2356794E-07, -1.54337E-02, -7.34694E-02
1.2363044E-07, -1.50510E-02, -7.16837E-02
1.2369294E-07, -1.70918E-02, -6.97704E-02
1.2375544E-07, -1.93878E-02, -6.78571E-02
1.2381794E-07, -1.87500E-02, -6.81122E-02
1.2388044E-07, -1.23724E-02, -7.15561E-02
1.2394294E-07, -2.2959E-03, -7.76786E-02
1.2400544E-07, 8.1633E-03, -8.53316E-02
1.2406794E-07, 1.47959E-02, -9.14541E-02
1.2413044E-07, 1.35204E-02, -9.29847E-02
1.2419294E-07, 5.3571E-03, -8.96684E-02
1.2425544E-07, -6.8878E-03, -8.18878E-02
1.2431794E-07, -1.73469E-02, -7.37245E-02
1.2438044E-07, -2.23214E-02, -6.82398E-02
1.2444294E-07, -2.16837E-02, -6.79847E-02
1.2450544E-07, -1.67092E-02, -7.38520E-02
1.2456794E-07, -1.25000E-02, -8.25255E-02
1.2463044E-07, -1.14796E-02, -9.11990E-02
1.2469294E-07, -1.53061E-02, -9.55357E-02
1.2475544E-07, -2.04082E-02, -9.52806E-02
1.2481794E-07, -2.16837E-02, -9.10714E-02
1.2488044E-07, -1.95153E-02, -8.44388E-02
1.2494294E-07, -1.28827E-02, -8.09949E-02
1.2500544E-07, -4.7194E-03, -8.06122E-02
1.2506794E-07, -7.653E-04, -8.21429E-02
1.2513044E-07, -3.0612E-03, -8.46939E-02
1.2519294E-07, -1.03316E-02, -8.53316E-02
1.2525544E-07, -1.82398E-02, -8.23980E-02
1.2531794E-07, -2.20663E-02, -7.69133E-02
1.2538044E-07, -1.98980E-02, -7.09184E-02
1.2544294E-07, -1.37755E-02, -6.77296E-02
1.2550544E-07, -6.8878E-03, -6.97704E-02
1.2556794E-07, -3.3163E-03, -7.58929E-02
1.2563044E-07, -5.9949E-03, -8.35459E-02
1.2569294E-07, -1.18622E-02, -9.04337E-02
1.2575544E-07, -1.72194E-02, -9.26020E-02
1.2581794E-07, -1.82398E-02, -8.92857E-02
1.2588044E-07, -1.22449E-02, -8.18878E-02
1.2594294E-07, -3.4439E-03, -7.15561E-02
1.2600544E-07, 3.3163E-03, -6.37755E-02
1.2606794E-07, 4.9745E-03, -6.08418E-02
1.2613044E-07, -1.6582E-03, -6.19898E-02
1.2619294E-07, -1.36480E-02, -6.78571E-02
1.2625544E-07, -2.60204E-02, -7.50000E-02
1.2631794E-07, -3.41837E-02, -8.06122E-02
1.2638044E-07, -3.58418E-02, -8.31633E-02
1.2644294E-07, -3.12500E-02, -8.31633E-02
1.2650544E-07, -2.38520E-02, -8.16327E-02
1.2656794E-07, -1.73469E-02, -8.06122E-02
1.2663044E-07, -1.31378E-02, -8.15051E-02
1.2669294E-07, -1.19898E-02, -8.30357E-02
1.2675544E-07, -1.25000E-02, -8.36735E-02
1.2681794E-07, -1.39031E-02, -8.17602E-02
1.2688044E-07, -1.63265E-02, -7.69133E-02
1.2694294E-07, -2.00255E-02, -7.13010E-02
1.2700544E-07, -2.43622E-02, -6.69643E-02
1.2706794E-07, -2.85714E-02, -6.59439E-02
1.2713044E-07, -3.20153E-02, -6.90051E-02
1.2719294E-07, -3.23980E-02, -7.56378E-02
1.2725544E-07, -2.75510E-02, -8.30357E-02
1.2731794E-07, -1.86224E-02, -8.73725E-02
1.2738044E-07, -8.4184E-03, -8.78827E-02
1.2744294E-07, -6.378E-04, -8.50765E-02
1.2750544E-07, 1.2755E-03, -8.07398E-02
1.2756794E-07, -2.5510E-03, -7.70408E-02
1.2763044E-07, -1.13520E-02, -7.46173E-02
1.2769294E-07, -2.02806E-02, -7.46173E-02
1.2775544E-07, -2.55102E-02, -7.53826E-02
1.2781794E-07, -2.70408E-02, -7.57653E-02
1.2788044E-07, -2.39796E-02, -7.72959E-02
1.2794294E-07, -1.90051E-02, -7.86990E-02
1.2800544E-07, -1.47959E-02, -7.98469E-02
1.2806794E-07, -1.23724E-02, -7.99745E-02
1.2813044E-07, -1.26276E-02, -7.79337E-02
1.2819294E-07, -1.28827E-02, -7.43622E-02
1.2825544E-07, -1.21173E-02, -6.90051E-02
1.2831794E-07, -1.00765E-02, -6.41582E-02
1.2838044E-07, -7.9082E-03, -6.30102E-02
1.2844294E-07, -7.6531E-03, -6.63265E-02
1.2850544E-07, -1.04592E-02, -7.43622E-02
1.2856794E-07, -1.53061E-02, -8.45663E-02
1.2863044E-07, -2.11735E-02, -9.27296E-02
1.2869294E-07, -2.52551E-02, -9.66837E-02
1.2875544E-07, -2.58929E-02, -9.50255E-02
1.2881794E-07, -2.46173E-02, -8.91582E-02
1.2888044E-07, -2.05357E-02, -8.39286E-02
1.2894294E-07, -1.64541E-02, -7.97194E-02
1.2900544E-07, -1.51786E-02, -7.94643E-02
1.2906794E-07, -1.50510E-02, -8.38010E-02
1.2913044E-07, -1.59439E-02, -8.83929E-02
1.2919294E-07, -1.68367E-02, -9.15816E-02
1.2925544E-07, -1.69643E-02, -9.17092E-02
1.2931794E-07, -1.60714E-02, -8.83929E-02
1.2938044E-07, -1.67092E-02, -8.31633E-02
1.2944294E-07, -1.86224E-02, -7.93367E-02
1.2950544E-07, -2.21939E-02, -7.71684E-02
1.2956794E-07, -2.67857E-02, -7.71684E-02
1.2963044E-07, -2.97194E-02, -7.86990E-02
1.2969294E-07, -3.12500E-02, -7.92092E-02
1.2975544E-07, -2.89541E-02, -7.94643E-02
1.2981794E-07, -2.42347E-02, -7.78061E-02
1.2988044E-07, -1.97704E-02, -7.57653E-02
1.2994294E-07, -1.54337E-02, -7.53826E-02
1.3000544E-07, -1.35204E-02, -7.50000E-02
1.3006794E-07, -1.32653E-02, -7.56378E-02
1.3013044E-07, -1.35204E-02, -7.62755E-02
1.3019294E-07, -1.33929E-02, -7.66582E-02
1.3025544E-07, -1.22449E-02, -7.79337E-02
1.3031794E-07, -9.9490E-03, -8.11225E-02
1.3038044E-07, -7.2704E-03, -8.60969E-02
1.3044294E-07, -5.8673E-03, -9.09439E-02
1.3050544E-07, -7.0153E-03, -9.33673E-02
1.3056794E-07, -1.03316E-02, -9.10714E-02
1.3063044E-07, -1.49235E-02, -8.31633E-02
1.3069294E-07, -1.83673E-02, -7.18112E-02
1.3075544E-07, -1.88776E-02, -6.07143E-02
1.3081794E-07, -1.77296E-02, -5.42092E-02
1.3088044E-07, -1.42857E-02, -5.65051E-02
1.3094294E-07, -1.08418E-02, -6.50510E-02
1.3100544E-07, -9.4388E-03, -7.62755E-02
1.3106794E-07, -1.00765E-02, -8.44388E-02
1.3113044E-07, -1.40306E-02, -8.46939E-02
1.3119294E-07, -1.84949E-02, -7.85714E-02
1.3125544E-07, -2.29592E-02, -6.79847E-02
1.3131794E-07, -2.60204E-02, -6.03316E-02
1.3138044E-07, -2.53827E-02, -5.99490E-02
1.3144294E-07, -2.33418E-02, -6.58163E-02
1.3150544E-07, -1.96429E-02, -7.72959E-02
1.3156794E-07, -1.56888E-02, -8.72449E-02
1.3163044E-07, -1.22449E-02, -9.20918E-02
1.3169294E-07, -9.1837E-03, -8.99235E-02
1.3175544E-07, -8.1633E-03, -8.22704E-02
1.3181794E-07, -8.0357E-03, -7.43622E-02
1.3188044E-07, -1.00765E-02, -6.83673E-02
1.3194294E-07, -1.51786E-02, -6.68367E-02
1.3200544E-07, -2.07908E-02, -6.95153E-02
1.3206794E-07, -2.57653E-02, -7.25765E-02
1.3213044E-07, -2.92092E-02, -7.41071E-02
1.3219294E-07, -3.03571E-02, -7.42347E-02
1.3225544E-07, -2.80612E-02, -7.46173E-02
1.3231794E-07, -2.38520E-02, -7.55102E-02
1.3238044E-07, -1.93878E-02, -7.85714E-02
1.3244294E-07, -1.58163E-02, -8.32908E-02
1.3250544E-07, -1.46684E-02, -8.71173E-02
1.3256794E-07, -1.59439E-02, -8.85204E-02
1.3263044E-07, -1.95153E-02, -8.60969E-02
1.3269294E-07, -2.52551E-02, -8.15051E-02
1.3275544E-07, -3.07398E-02, -7.70408E-02
1.3281794E-07, -3.41837E-02, -7.32143E-02
1.3288044E-07, -3.62245E-02, -7.09184E-02
1.3294294E-07, -3.55867E-02, -7.14286E-02
1.3300544E-07, -3.09949E-02, -7.33418E-02
1.3306794E-07, -2.38520E-02, -7.44898E-02
1.3313044E-07, -1.54337E-02, -7.43622E-02
1.3319294E-07, -9.1837E-03, -7.24490E-02
1.3325544E-07, -6.2500E-03, -7.09184E-02
1.3331794E-07, -6.6327E-03, -7.00255E-02
1.3338044E-07, -1.09694E-02, -7.00255E-02
1.3344294E-07, -1.70918E-02, -7.33418E-02
1.3350544E-07, -2.28316E-02, -7.90816E-02
1.3356794E-07, -2.58929E-02, -8.66071E-02
1.3363044E-07, -2.61480E-02, -9.34949E-02
1.3369294E-07, -2.37245E-02, -9.79592E-02
1.3375544E-07, -1.98980E-02, -9.80867E-02
1.3381794E-07, -1.67092E-02, -9.41327E-02
1.3388044E-07, -1.36480E-02, -8.86480E-02
1.3394294E-07, -1.23724E-02, -8.31633E-02
1.3400544E-07, -1.26276E-02, -8.07398E-02
1.3406794E-07, -1.60714E-02, -8.15051E-02
1.3413044E-07, -2.27041E-02, -8.53316E-02
1.3419294E-07, -2.97194E-02, -8.92857E-02
1.3425544E-07, -3.58418E-02, -8.89031E-02
1.3431794E-07, -3.81378E-02, -8.39286E-02
1.3438044E-07, -3.54592E-02, -7.57653E-02
1.3444294E-07, -2.75510E-02, -6.83673E-02
1.3450544E-07, -1.68367E-02, -6.47959E-02
1.3456794E-07, -8.6735E-03, -6.67092E-02
1.3463044E-07, -6.6327E-03, -7.39796E-02
1.3469294E-07, -1.04592E-02, -8.36735E-02
1.3475544E-07, -1.88776E-02, -9.00510E-02
1.3481794E-07, -2.84439E-02, -9.14541E-02
1.3488044E-07, -3.35459E-02, -8.85204E-02
1.3494294E-07, -3.22704E-02, -8.27806E-02
1.3500544E-07, -2.48724E-02, -7.79337E-02
1.3506794E-07, -1.58163E-02, -7.53826E-02
1.3513044E-07, -8.2908E-03, -7.66582E-02
1.3519294E-07, -5.1020E-03, -7.88265E-02
1.3525544E-07, -7.3980E-03, -7.93367E-02
1.3531794E-07, -1.17347E-02, -7.83163E-02
1.3538044E-07, -1.50510E-02, -7.47449E-02
1.3544294E-07, -1.45408E-02, -7.05357E-02
1.3550544E-07, -9.9490E-03, -6.77296E-02
1.3556794E-07, -3.5714E-03, -6.76020E-02
1.3563044E-07, 2.0408E-03, -7.10459E-02
1.3569294E-07, 4.5918E-03, -7.62755E-02
1.3575544E-07, 2.5510E-03, -8.01020E-02
1.3581794E-07, -4.8469E-03, -8.15051E-02
1.3588044E-07, -1.40306E-02, -8.08674E-02
1.3594294E-07, -2.41071E-02, -7.66582E-02
1.3600544E-07, -3.26531E-02, -7.15561E-02
1.3606794E-07, -3.69898E-02, -6.70918E-02
1.3613044E-07, -3.73724E-02, -6.30102E-02
1.3619294E-07, -3.46939E-02, -6.10969E-02
1.3625544E-07, -2.99745E-02, -6.27551E-02
1.3631794E-07, -2.43622E-02, -6.67092E-02
1.3638044E-07, -2.05357E-02, -7.23214E-02
1.3644294E-07, -1.86224E-02, -7.89541E-02
1.3650544E-07, -1.93878E-02, -8.44388E-02
1.3656794E-07, -2.20663E-02, -8.76276E-02
1.3663044E-07, -2.41071E-02, -8.81378E-02
1.3669294E-07, -2.42347E-02, -8.54592E-02
1.3675544E-07, -2.20663E-02, -8.11225E-02
1.3681794E-07, -1.74745E-02, -7.72959E-02
1.3688044E-07, -1.14796E-02, -7.55102E-02
1.3694294E-07, -6.7602E-03, -7.62755E-02
1.3700544E-07, -4.7194E-03, -8.01020E-02
1.3706794E-07, -6.1224E-03, -8.60969E-02
1.3713044E-07, -1.05867E-02, -9.27296E-02
1.3719294E-07, -1.47959E-02, -9.85969E-02
1.3725544E-07, -1.92602E-02, -1.005102E-01
1.3731794E-07, -2.38520E-02, -9.92347E-02
1.3738044E-07, -2.69133E-02, -9.52806E-02
1.3744294E-07, -3.06122E-02, -8.82653E-02
1.3750544E-07, -3.45663E-02, -8.13776E-02
1.3756794E-07, -3.75000E-02, -7.57653E-02
1.3763044E-07, -3.83929E-02, -7.18112E-02
1.3769294E-07, -3.58418E-02, -7.05357E-02
1.3775544E-07, -2.99745E-02, -7.13010E-02
1.3781794E-07, -2.28316E-02, -7.30867E-02
1.3788044E-07, -1.59439E-02, -7.60204E-02
1.3794294E-07, -1.17347E-02, -7.88265E-02
1.3800544E-07, -9.6939E-03, -8.09949E-02
1.3806794E-07, -1.00765E-02, -8.13776E-02
1.3813044E-07, -1.22449E-02, -8.06122E-02
1.3819294E-07, -1.26276E-02, -7.99745E-02
1.3825544E-07, -1.26276E-02, -7.80612E-02
1.3831794E-07, -1.09694E-02, -7.71684E-02
1.3838044E-07, -9.3112E-03, -7.62755E-02
1.3844294E-07, -1.04592E-02, -7.58929E-02
1.3850544E-07, -1.25000E-02, -7.78061E-02
1.3856794E-07, -1.61990E-02, -7.92092E-02
1.3863044E-07, -2.05357E-02, -8.11225E-02
1.3869294E-07, -2.37245E-02, -8.29082E-02
1.3875544E-07, -2.46173E-02, -8.35459E-02
1.3881794E-07, -2.46173E-02, -8.30357E-02
1.3888044E-07, -2.46173E-02, -8.26531E-02
1.3894294E-07, -2.39796E-02, -8.36735E-02
1.3900544E-07, -2.32143E-02, -8.48214E-02
1.3906794E-07, -2.27041E-02, -8.57143E-02
1.3913044E-07, -2.13010E-02, -8.57143E-02
1.3919294E-07, -1.97704E-02, -8.31633E-02
1.3925544E-07, -1.90051E-02, -7.84439E-02
1.3931794E-07, -1.90051E-02, -7.35969E-02
1.3938044E-07, -2.07908E-02, -6.95153E-02
1.3944294E-07, -2.30867E-02, -6.87500E-02
1.3950544E-07, -2.39796E-02, -7.09184E-02
1.3956794E-07, -2.34694E-02, -7.38520E-02
1.3963044E-07, -2.13010E-02, -7.65306E-02
1.3969294E-07, -1.92602E-02, -7.70408E-02
1.3975544E-07, -1.87500E-02, -7.53826E-02
1.3981794E-07, -1.98980E-02, -7.29592E-02
1.3988044E-07, -2.37245E-02, -7.11735E-02
1.3994294E-07, -2.76786E-02, -7.24490E-02
1.4000544E-07, -2.88265E-02, -7.60204E-02
1.4006794E-07, -2.72959E-02, -7.97194E-02
1.4013044E-07, -2.37245E-02, -8.23980E-02
1.4019294E-07, -1.81122E-02, -8.32908E-02
1.4025544E-07, -1.28827E-02, -8.06122E-02
1.4031794E-07, -1.03316E-02, -7.64031E-02
1.4038044E-07, -1.08418E-02, -7.35969E-02
1.4044294E-07, -1.37755E-02, -7.39796E-02
1.4050544E-07, -1.72194E-02, -7.84439E-02
1.4056794E-07, -1.91327E-02, -8.48214E-02
1.4063044E-07, -1.88776E-02, -8.96684E-02
1.4069294E-07, -1.79847E-02, -9.10714E-02
1.4075544E-07, -1.73469E-02, -8.87755E-02
1.4081794E-07, -1.64541E-02, -8.44388E-02
1.4088044E-07, -1.59439E-02, -7.92092E-02
1.4094294E-07, -1.64541E-02, -7.62755E-02
1.4100544E-07, -1.55612E-02, -7.76786E-02
1.4106794E-07, -1.47959E-02, -8.04847E-02
1.4113044E-07, -1.47959E-02, -8.40561E-02
1.4119294E-07, -1.49235E-02, -8.63520E-02
1.4125544E-07, -1.59439E-02, -8.49490E-02
1.4131794E-07, -1.72194E-02, -8.09949E-02
1.4138044E-07, -1.86224E-02, -7.62755E-02
1.4144294E-07, -1.96429E-02, -7.38520E-02
1.4150544E-07, -1.83673E-02, -7.48724E-02
1.4156794E-07, -1.56888E-02, -7.72959E-02
1.4163044E-07, -1.14796E-02, -7.98469E-02
1.4169294E-07, -6.2500E-03, -7.98469E-02
1.4175544E-07, -2.0408E-03, -7.57653E-02
1.4181794E-07, 7.653E-04, -6.96429E-02
1.4188044E-07, 1.1480E-03, -6.31378E-02
1.4194294E-07, -1.2755E-03, -5.89286E-02
1.4200544E-07, -6.3776E-03, -5.85459E-02
1.4206794E-07, -1.25000E-02, -6.19898E-02
1.4213044E-07, -1.86224E-02, -6.70918E-02
1.4219294E-07, -2.33418E-02, -7.28316E-02
1.4225544E-07, -2.39796E-02, -7.78061E-02
1.4231794E-07, -2.09184E-02, -8.02296E-02
1.4238044E-07, -1.59439E-02, -8.12500E-02
1.4244294E-07, -1.16071E-02, -8.13776E-02
1.4250544E-07, -1.08418E-02, -8.18878E-02
1.4256794E-07, -1.30102E-02, -8.26531E-02
1.4263044E-07, -1.73469E-02, -8.23980E-02
1.4269294E-07, -2.29592E-02, -8.03571E-02
1.4275544E-07, -2.70408E-02, -7.80612E-02
1.4281794E-07, -2.78061E-02, -7.53826E-02
1.4288044E-07, -2.74235E-02, -7.29592E-02
1.4294294E-07, -2.67857E-02, -7.34694E-02
1.4300544E-07, -2.62755E-02, -7.61480E-02
1.4306794E-07, -2.75510E-02, -7.90816E-02
1.4313044E-07, -2.90816E-02, -8.17602E-02
1.4319294E-07, -2.93367E-02, -8.18878E-02
1.4325544E-07, -2.83163E-02, -7.95918E-02
1.4331794E-07, -2.53827E-02, -7.71684E-02
1.4338044E-07, -2.16837E-02, -7.60204E-02
1.4344294E-07, -1.92602E-02, -7.89541E-02
1.4350544E-07, -1.81122E-02, -8.66071E-02
1.4356794E-07, -1.77296E-02, -9.64286E-02
1.4363044E-07, -1.65816E-02, -1.040816E-01
1.4369294E-07, -1.59439E-02, -1.051020E-01
1.4375544E-07, -1.59439E-02, -9.94898E-02
1.4381794E-07, -1.49235E-02, -8.91582E-02
1.4388044E-07, -1.46684E-02, -7.58929E-02
1.4394294E-07, -1.64541E-02, -6.63265E-02
1.4400544E-07, -1.77296E-02, -6.49235E-02
1.4406794E-07, -1.87500E-02, -7.02806E-02
1.4413044E-07, -2.00255E-02, -8.07398E-02
1.4419294E-07, -2.19388E-02, -9.22194E-02
1.4425544E-07, -2.29592E-02, -1.007653E-01
1.4431794E-07, -2.20663E-02, -1.024235E-01
1.4438044E-07, -2.05357E-02, -9.64286E-02
1.4444294E-07, -1.67092E-02, -8.75000E-02
1.4450544E-07, -1.22449E-02, -7.86990E-02
1.4456794E-07, -7.7806E-03, -7.39796E-02
1.4463044E-07, -3.8265E-03, -7.41071E-02
1.4469294E-07, -3.6990E-03, -7.67857E-02
1.4475544E-07, -7.1429E-03, -8.08674E-02
1.4481794E-07, -1.36480E-02, -8.21429E-02
1.4488044E-07, -1.98980E-02, -7.95918E-02
1.4494294E-07, -2.51276E-02, -7.28316E-02
1.4500544E-07, -2.97194E-02, -6.50510E-02
1.4506794E-07, -3.18878E-02, -6.07143E-02
1.4513044E-07, -3.39286E-02, -6.00765E-02
1.4519294E-07, -3.54592E-02, -6.47959E-02
1.4525544E-07, -3.69898E-02, -7.28316E-02
1.4531794E-07, -3.71173E-02, -8.22704E-02
1.4538044E-07, -3.29082E-02, -9.05612E-02
1.4544294E-07, -2.51276E-02, -9.41327E-02
1.4550544E-07, -1.55612E-02, -9.29847E-02
1.4556794E-07, -7.3980E-03, -8.83929E-02
1.4563044E-07, -4.7194E-03, -8.16327E-02
1.4569294E-07, -7.7806E-03, -7.60204E-02
1.4575544E-07, -1.54337E-02, -7.28316E-02
1.4581794E-07, -2.35969E-02, -7.25765E-02
1.4588044E-07, -2.94643E-02, -7.47449E-02
1.4594294E-07, -3.15051E-02, -7.90816E-02
1.4600544E-07, -2.85714E-02, -8.41837E-02
1.4606794E-07, -2.34694E-02, -8.75000E-02
1.4613044E-07, -1.87500E-02, -8.85204E-02
1.4619294E-07, -1.65816E-02, -8.67347E-02
1.4625544E-07, -1.88776E-02, -8.32908E-02
1.4631794E-07, -2.32143E-02, -8.01020E-02
1.4638044E-07, -2.71684E-02, -7.67857E-02
1.4644294E-07, -3.04847E-02, -7.33418E-02
1.4650544E-07, -3.20153E-02, -7.09184E-02
1.4656794E-07, -3.09949E-02, -7.00255E-02
1.4663044E-07, -2.81888E-02, -6.96429E-02
1.4669294E-07, -2.53827E-02, -7.07908E-02
1.4675544E-07, -2.18112E-02, -7.48724E-02
1.4681794E-07, -1.84949E-02, -8.02296E-02
1.4688044E-07, -1.50510E-02, -8.64796E-02
1.4694294E-07, -1.25000E-02, -9.14541E-02
1.4700544E-07, -1.19898E-02, -9.38776E-02
1.4706794E-07, -1.21173E-02, -9.37500E-02
1.4713044E-07, -1.28827E-02, -8.96684E-02
1.4719294E-07, -1.51786E-02, -8.32908E-02
1.4725544E-07, -1.81122E-02, -7.81888E-02
1.4731794E-07, -2.02806E-02, -7.57653E-02
1.4738044E-07, -2.21939E-02, -7.61480E-02
1.4744294E-07, -2.28316E-02, -7.93367E-02
1.4750544E-07, -2.20663E-02, -8.29082E-02
1.4756794E-07, -2.18112E-02, -8.45663E-02
1.4763044E-07, -2.11735E-02, -8.41837E-02
1.4769294E-07, -2.04082E-02, -8.12500E-02
1.4775544E-07, -2.10459E-02, -7.69133E-02
1.4781794E-07, -2.13010E-02, -7.47449E-02
1.4788044E-07, -2.20663E-02, -7.38520E-02
1.4794294E-07, -2.29592E-02, -7.52551E-02
1.4800544E-07, -2.20663E-02, -7.75510E-02
1.4806794E-07, -2.07908E-02, -7.75510E-02
1.4813044E-07, -1.82398E-02, -7.60204E-02
1.4819294E-07, -1.42857E-02, -7.27041E-02
1.4825544E-07, -1.08418E-02, -6.82398E-02
1.4831794E-07, -9.9490E-03, -6.55612E-02
1.4838044E-07, -1.14796E-02, -6.65816E-02
1.4844294E-07, -1.63265E-02, -7.02806E-02
1.4850544E-07, -2.16837E-02, -7.66582E-02
1.4856794E-07, -2.48724E-02, -8.29082E-02
1.4863044E-07, -2.50000E-02, -8.68622E-02
1.4869294E-07, -2.10459E-02, -8.89031E-02
1.4875544E-07, -1.56888E-02, -8.83929E-02
1.4881794E-07, -1.19898E-02, -8.71173E-02
1.4888044E-07, -1.21173E-02, -8.54592E-02
1.4894294E-07, -1.69643E-02, -8.39286E-02
1.4900544E-07, -2.43622E-02, -8.25255E-02
1.4906794E-07, -3.02296E-02, -8.11225E-02
1.4913044E-07, -3.29082E-02, -7.98469E-02
1.4919294E-07, -3.12500E-02, -8.03571E-02
1.4925544E-07, -2.56378E-02, -8.30357E-02
1.4931794E-07, -2.07908E-02, -8.63520E-02
1.4938044E-07, -1.95153E-02, -9.01786E-02
1.4944294E-07, -2.21939E-02, -9.28571E-02
1.4950544E-07, -2.72959E-02, -9.24745E-02
1.4956794E-07, -3.34184E-02, -8.94133E-02
1.4963044E-07, -3.64796E-02, -8.66071E-02
1.4969294E-07, -3.40561E-02, -8.58418E-02
1.4975544E-07, -2.75510E-02, -8.68622E-02
1.4981794E-07, -2.04082E-02, -8.99235E-02
1.4988044E-07, -1.67092E-02, -9.37500E-02
1.4994294E-07, -1.76020E-02, -9.61735E-02
1.5000544E-07, -2.19388E-02, -9.54082E-02
1.5006794E-07, -2.78061E-02, -9.03061E-02
1.5013044E-07, -3.23980E-02, -8.30357E-02
1.5019294E-07, -3.29082E-02, -7.62755E-02
1.5025544E-07, -2.97194E-02, -7.15561E-02
1.5031794E-07, -2.43622E-02, -7.04082E-02
1.5038044E-07, -1.92602E-02, -7.28316E-02
1.5044294E-07, -1.58163E-02, -7.70408E-02
1.5050544E-07, -1.40306E-02, -8.12500E-02
1.5056794E-07, -1.46684E-02, -8.29082E-02
1.5063044E-07, -1.70918E-02, -8.27806E-02
1.5069294E-07, -1.96429E-02, -8.15051E-02
1.5075544E-07, -2.27041E-02, -7.94643E-02
1.5081794E-07, -2.43622E-02, -7.90816E-02
1.5088044E-07, -2.37245E-02, -7.88265E-02
1.5094294E-07, -2.09184E-02, -7.81888E-02
1.5100544E-07, -1.67092E-02, -7.67857E-02
1.5106794E-07, -1.21173E-02, -7.41071E-02
1.5113044E-07, -7.3980E-03, -7.13010E-02
1.5119294E-07, -4.8469E-03, -6.87500E-02
1.5125544E-07, -4.9745E-03, -6.93878E-02
1.5131794E-07, -7.6531E-03, -7.44898E-02
1.5138044E-07, -1.14796E-02, -8.34184E-02
1.5144294E-07, -1.49235E-02, -9.40051E-02
1.5150544E-07, -1.65816E-02, -1.022959E-01
1.5156794E-07, -1.68367E-02, -1.048469E-01
1.5163044E-07, -1.72194E-02, -1.008929E-01
1.5169294E-07, -1.70918E-02, -9.34949E-02
1.5175544E-07, -1.78571E-02, -8.44388E-02
1.5181794E-07, -2.06633E-02, -7.79337E-02
1.5188044E-07, -2.48724E-02, -7.71684E-02
1.5194294E-07, -2.88265E-02, -8.11225E-02
1.5200544E-07, -3.07398E-02, -8.63520E-02
1.5206794E-07, -3.11224E-02, -8.92857E-02
1.5213044E-07, -2.89541E-02, -8.99235E-02
1.5219294E-07, -2.34694E-02, -8.81378E-02
1.5225544E-07, -1.69643E-02, -8.46939E-02
1.5231794E-07, -1.14796E-02, -8.31633E-02
1.5238044E-07, -7.2704E-03, -8.44388E-02
1.5244294E-07, -5.9949E-03, -8.67347E-02
1.5250544E-07, -7.3980E-03, -8.86480E-02
1.5256794E-07, -1.05867E-02, -8.85204E-02
1.5263044E-07, -1.35204E-02, -8.63520E-02
1.5269294E-07, -1.47959E-02, -8.29082E-02
1.5275544E-07, -1.63265E-02, -7.99745E-02
1.5281794E-07, -1.79847E-02, -8.11225E-02
1.5288044E-07, -1.92602E-02, -8.57143E-02
1.5294294E-07, -2.10459E-02, -9.13265E-02
1.5300544E-07, -2.25765E-02, -9.61735E-02
1.5306794E-07, -2.18112E-02, -9.84694E-02
1.5313044E-07, -1.91327E-02, -9.68112E-02
1.5319294E-07, -1.32653E-02, -9.32398E-02
1.5325544E-07, -5.4847E-03, -8.82653E-02
1.5331794E-07, 1.6582E-03, -8.39286E-02
1.5338044E-07, 7.1429E-03, -8.20153E-02
1.5344294E-07, 9.0561E-03, -8.16327E-02
1.5350544E-07, 6.2500E-03, -8.27806E-02
1.5356794E-07, 0.0E+00, -8.57143E-02
1.5363044E-07, -7.3980E-03, -8.87755E-02
1.5369294E-07, -1.46684E-02, -9.05612E-02
1.5375544E-07, -2.02806E-02, -9.04337E-02
1.5381794E-07, -2.50000E-02, -8.80102E-02
1.5388044E-07, -2.84439E-02, -8.52041E-02
1.5394294E-07, -2.93367E-02, -8.32908E-02
1.5400544E-07, -2.79337E-02, -8.21429E-02
1.5406794E-07, -2.50000E-02, -8.27806E-02
1.5413044E-07, -2.09184E-02, -8.52041E-02
1.5419294E-07, -1.68367E-02, -8.75000E-02
1.5425544E-07, -1.40306E-02, -8.83929E-02
1.5431794E-07, -1.37755E-02, -8.66071E-02
1.5438044E-07, -1.68367E-02, -8.25255E-02
1.5444294E-07, -2.21939E-02, -7.81888E-02
1.5450544E-07, -2.88265E-02, -7.53826E-02
1.5456794E-07, -3.45663E-02, -7.55102E-02
1.5463044E-07, -3.76276E-02, -7.80612E-02
1.5469294E-07, -3.86480E-02, -8.18878E-02
1.5475544E-07, -3.68622E-02, -8.60969E-02
1.5481794E-07, -3.30357E-02, -8.82653E-02
1.5488044E-07, -2.93367E-02, -8.77551E-02
1.5494294E-07, -2.74235E-02, -8.59694E-02
1.5500544E-07, -2.76786E-02, -8.45663E-02
1.5506794E-07, -2.90816E-02, -8.45663E-02
1.5513044E-07, -3.11224E-02, -8.49490E-02
1.5519294E-07, -3.27806E-02, -8.54592E-02
1.5525544E-07, -3.09949E-02, -8.49490E-02
1.5531794E-07, -2.74235E-02, -8.03571E-02
1.5538044E-07, -2.28316E-02, -7.39796E-02
1.5544294E-07, -1.82398E-02, -6.84949E-02
1.5550544E-07, -1.60714E-02, -6.53061E-02
1.5556794E-07, -1.59439E-02, -6.76020E-02
1.5563044E-07, -1.91327E-02, -7.39796E-02
1.5569294E-07, -2.39796E-02, -8.32908E-02
1.5575544E-07, -2.79337E-02, -9.17092E-02
1.5581794E-07, -2.99745E-02, -9.57908E-02
1.5588044E-07, -3.03571E-02, -9.51531E-02
1.5594294E-07, -2.76786E-02, -9.15816E-02
1.5600544E-07, -2.29592E-02, -8.66071E-02
1.5606794E-07, -1.90051E-02, -8.22704E-02
1.5613044E-07, -1.58163E-02, -8.09949E-02
1.5619294E-07, -1.44133E-02, -8.15051E-02
1.5625544E-07, -1.56888E-02, -8.23980E-02
1.5631794E-07, -1.79847E-02, -8.34184E-02
1.5638044E-07, -1.96429E-02, -8.36735E-02
1.5644294E-07, -2.04082E-02, -8.32908E-02
1.5650544E-07, -1.92602E-02, -8.43112E-02
1.5656794E-07, -1.63265E-02, -8.66071E-02
1.5663044E-07, -1.40306E-02, -8.97959E-02
1.5669294E-07, -1.17347E-02, -9.36224E-02
1.5675544E-07, -1.17347E-02, -9.51531E-02
1.5681794E-07, -1.33929E-02, -9.46429E-02
1.5688044E-07, -1.54337E-02, -9.22194E-02
1.5694294E-07, -1.69643E-02, -8.87755E-02
1.5700544E-07, -1.59439E-02, -8.59694E-02
1.5706794E-07, -1.45408E-02, -8.34184E-02
1.5713044E-07, -1.31378E-02, -8.32908E-02
1.5719294E-07, -1.40306E-02, -8.45663E-02
1.5725544E-07, -1.84949E-02, -8.73725E-02
1.5731794E-07, -2.29592E-02, -9.18367E-02
1.5738044E-07, -2.61480E-02, -9.50255E-02
1.5744294E-07, -2.69133E-02, -9.66837E-02
1.5750544E-07, -2.25765E-02, -9.66837E-02
1.5756794E-07, -1.53061E-02, -9.27296E-02
1.5763044E-07, -9.8214E-03, -8.54592E-02
1.5769294E-07, -7.7806E-03, -7.81888E-02
1.5775544E-07, -1.14796E-02, -7.21939E-02
1.5781794E-07, -1.93878E-02, -7.16837E-02
1.5788044E-07, -2.56378E-02, -7.83163E-02
1.5794294E-07, -2.75510E-02, -8.94133E-02
1.5800544E-07, -2.39796E-02, -1.024235E-01
1.5806794E-07, -1.60714E-02, -1.130102E-01
1.5813044E-07, -8.1633E-03, -1.165816E-01
1.5819294E-07, -4.8469E-03, -1.119898E-01
1.5825544E-07, -8.0357E-03, -1.016582E-01
1.5831794E-07, -1.65816E-02, -8.97959E-02
1.5838044E-07, -2.65306E-02, -8.18878E-02
1.5844294E-07, -3.22704E-02, -8.17602E-02
1.5850544E-07, -2.99745E-02, -8.80102E-02
1.5856794E-07, -2.25765E-02, -9.71939E-02
1.5863044E-07, -1.28827E-02, -1.070153E-01
1.5869294E-07, -5.3571E-03, -1.136480E-01
1.5875544E-07, -3.6990E-03, -1.155612E-01
1.5881794E-07, -9.0561E-03, -1.145408E-01
1.5888044E-07, -1.79847E-02, -1.139031E-01
1.5894294E-07, -2.51276E-02, -1.141582E-01
1.5900544E-07, -2.93367E-02, -1.137755E-01
1.5906794E-07, -2.80612E-02, -1.135204E-01
1.5913044E-07, -2.25765E-02, -1.105867E-01
1.5919294E-07, -1.69643E-02, -1.051020E-01
1.5925544E-07, -1.31378E-02, -9.96173E-02
1.5931794E-07, -1.30102E-02, -9.50255E-02
1.5938044E-07, -1.61990E-02, -9.38776E-02
1.5944294E-07, -2.19388E-02, -9.51531E-02
1.5950544E-07, -2.85714E-02, -9.74490E-02
1.5956794E-07, -3.40561E-02, -9.87245E-02
1.5963044E-07, -3.77551E-02, -9.71939E-02
1.5969294E-07, -3.86480E-02, -9.33673E-02
1.5975544E-07, -3.67347E-02, -8.91582E-02
1.5981794E-07, -3.25255E-02, -8.63520E-02
1.5988044E-07, -2.72959E-02, -8.66071E-02
1.5994294E-07, -2.18112E-02, -8.97959E-02
1.6000544E-07, -1.61990E-02, -9.33673E-02
1.6006794E-07, -1.19898E-02, -9.43878E-02
1.6013044E-07, -1.03316E-02, -9.19643E-02
1.6019294E-07, -1.16071E-02, -8.69898E-02
1.6025544E-07, -1.50510E-02, -8.18878E-02
1.6031794E-07, -2.00255E-02, -7.85714E-02
1.6038044E-07, -2.57653E-02, -7.86990E-02
1.6044294E-07, -3.04847E-02, -8.22704E-02
1.6050544E-07, -3.45663E-02, -8.69898E-02
1.6056794E-07, -3.66071E-02, -9.19643E-02
1.6063044E-07, -3.59694E-02, -9.42602E-02
1.6069294E-07, -3.46939E-02, -9.23469E-02
1.6075544E-07, -3.29082E-02, -8.87755E-02
1.6081794E-07, -3.01020E-02, -8.46939E-02
1.6088044E-07, -2.74235E-02, -8.04847E-02
1.6094294E-07, -2.52551E-02, -7.79337E-02
1.6100544E-07, -2.28316E-02, -7.78061E-02
1.6106794E-07, -2.01531E-02, -7.89541E-02
1.6113044E-07, -1.81122E-02, -8.11225E-02
1.6119294E-07, -1.77296E-02, -8.43112E-02
1.6125544E-07, -1.95153E-02, -8.83929E-02
1.6131794E-07, -2.37245E-02, -9.26020E-02
1.6138044E-07, -2.98469E-02, -9.61735E-02
1.6144294E-07, -3.69898E-02, -9.78316E-02
1.6150544E-07, -4.33673E-02, -9.77041E-02
1.6156794E-07, -4.64286E-02, -9.63010E-02
1.6163044E-07, -4.54082E-02, -9.37500E-02
1.6169294E-07, -4.04337E-02, -9.18367E-02
1.6175544E-07, -3.31633E-02, -9.14541E-02
1.6181794E-07, -2.44898E-02, -9.27296E-02
1.6188044E-07, -1.83673E-02, -9.29847E-02
1.6194294E-07, -1.73469E-02, -9.28571E-02
1.6200544E-07, -2.02806E-02, -9.23469E-02
1.6206794E-07, -2.70408E-02, -9.11990E-02
1.6213044E-07, -3.41837E-02, -9.20918E-02
1.6219294E-07, -3.96684E-02, -9.51531E-02
1.6225544E-07, -4.06888E-02, -1.001275E-01
1.6231794E-07, -3.63520E-02, -1.045918E-01
1.6238044E-07, -2.98469E-02, -1.051020E-01
1.6244294E-07, -2.35969E-02, -1.010204E-01
1.6250544E-07, -2.06633E-02, -9.28571E-02
1.6256794E-07, -2.30867E-02, -8.35459E-02
1.6263044E-07, -2.97194E-02, -7.76786E-02
1.6269294E-07, -3.80102E-02, -7.76786E-02
1.6275544E-07, -4.37500E-02, -8.31633E-02
1.6281794E-07, -4.34949E-02, -9.06888E-02
1.6288044E-07, -3.86480E-02, -9.51531E-02
1.6294294E-07, -3.18878E-02, -9.48980E-02
1.6300544E-07, -2.58929E-02, -9.00510E-02
1.6306794E-07, -2.41071E-02, -8.31633E-02
1.6313044E-07, -2.55102E-02, -7.90816E-02
1.6319294E-07, -2.86990E-02, -7.90816E-02
1.6325544E-07, -3.02296E-02, -8.34184E-02
1.6331794E-07, -2.75510E-02, -8.90306E-02
1.6338044E-07, -2.13010E-02, -9.15816E-02
1.6344294E-07, -1.37755E-02, -8.91582E-02
1.6350544E-07, -1.03316E-02, -8.17602E-02
1.6356794E-07, -1.31378E-02, -7.42347E-02
1.6363044E-07, -2.11735E-02, -7.00255E-02
1.6369294E-07, -3.12500E-02, -7.07908E-02
1.6375544E-07, -3.80102E-02, -7.62755E-02
1.6381794E-07, -3.67347E-02, -8.38010E-02
1.6388044E-07, -2.80612E-02, -8.89031E-02
1.6394294E-07, -1.73469E-02, -9.05612E-02
1.6400544E-07, -8.4184E-03, -9.05612E-02
1.6406794E-07, -6.8878E-03, -8.89031E-02
1.6413044E-07, -1.36480E-02, -8.81378E-02
1.6419294E-07, -2.38520E-02, -8.86480E-02
1.6425544E-07, -3.20153E-02, -8.78827E-02
1.6431794E-07, -3.39286E-02, -8.48214E-02
1.6438044E-07, -2.79337E-02, -8.07398E-02
1.6444294E-07, -1.69643E-02, -7.69133E-02
1.6450544E-07, -7.0153E-03, -7.56378E-02
1.6456794E-07, -2.6786E-03, -7.84439E-02
1.6463044E-07, -6.7602E-03, -8.35459E-02
1.6469294E-07, -1.68367E-02, -8.99235E-02
1.6475544E-07, -2.72959E-02, -9.37500E-02
1.6481794E-07, -3.38010E-02, -9.28571E-02
1.6488044E-07, -3.46939E-02, -8.85204E-02
1.6494294E-07, -3.18878E-02, -8.35459E-02
1.6500544E-07, -2.83163E-02, -8.13776E-02
1.6506794E-07, -2.76786E-02, -8.21429E-02
1.6513044E-07, -2.88265E-02, -8.48214E-02
1.6519294E-07, -3.13776E-02, -8.50765E-02
1.6525544E-07, -3.25255E-02, -8.18878E-02
1.6531794E-07, -2.98469E-02, -7.56378E-02
1.6538044E-07, -2.47449E-02, -6.86224E-02
1.6544294E-07, -1.88776E-02, -6.46684E-02
1.6550544E-07, -1.50510E-02, -6.50510E-02
1.6556794E-07, -1.55612E-02, -6.84949E-02
1.6563044E-07, -2.01531E-02, -7.33418E-02
1.6569294E-07, -2.46173E-02, -7.69133E-02
1.6575544E-07, -2.55102E-02, -7.61480E-02
1.6581794E-07, -2.37245E-02, -7.24490E-02
1.6588044E-07, -1.87500E-02, -7.10459E-02
1.6594294E-07, -1.30102E-02, -7.39796E-02
1.6600544E-07, -1.03316E-02, -8.13776E-02
1.6606794E-07, -9.5663E-03, -9.28571E-02
1.6613044E-07, -1.17347E-02, -1.016582E-01
1.6619294E-07, -1.51786E-02, -1.054847E-01
1.6625544E-07, -1.69643E-02, -1.030612E-01
1.6631794E-07, -1.84949E-02, -9.50255E-02
1.6638044E-07, -1.91327E-02, -8.68622E-02
1.6644294E-07, -2.04082E-02, -8.16327E-02
1.6650544E-07, -2.39796E-02, -8.18878E-02
1.6656794E-07, -2.80612E-02, -8.83929E-02
1.6663044E-07, -3.12500E-02, -9.65561E-02
1.6669294E-07, -3.31633E-02, -1.021684E-01
1.6675544E-07, -3.23980E-02, -1.035714E-01
1.6681794E-07, -3.07398E-02, -9.88520E-02
1.6688044E-07, -2.97194E-02, -9.03061E-02
1.6694294E-07, -2.79337E-02, -8.17602E-02
1.6700544E-07, -2.67857E-02, -7.46173E-02
1.6706794E-07, -2.56378E-02, -7.20663E-02
1.6713044E-07, -2.21939E-02, -7.52551E-02
1.6719294E-07, -1.82398E-02, -8.15051E-02
1.6725544E-07, -1.35204E-02, -9.00510E-02
1.6731794E-07, -8.4184E-03, -9.73214E-02
1.6738044E-07, -6.1224E-03, -1.007653E-01
1.6744294E-07, -4.9745E-03, -1.015306E-01
1.6750544E-07, -6.1224E-03, -9.84694E-02
1.6756794E-07, -9.6939E-03, -9.48980E-02
1.6763044E-07, -1.36480E-02, -9.40051E-02
1.6769294E-07, -1.78571E-02, -9.64286E-02
1.6775544E-07, -2.15561E-02, -1.024235E-01
1.6781794E-07, -2.48724E-02, -1.094388E-01
1.6788044E-07, -2.67857E-02, -1.147959E-01
1.6794294E-07, -2.79337E-02, -1.147959E-01
1.6800544E-07, -2.65306E-02, -1.091837E-01
1.6806794E-07, -2.30867E-02, -9.74490E-02
1.6813044E-07, -2.07908E-02, -8.38010E-02
1.6819294E-07, -1.84949E-02, -7.51275E-02
1.6825544E-07, -1.78571E-02, -7.25765E-02
1.6831794E-07, -1.92602E-02, -7.80612E-02
1.6838044E-07, -2.16837E-02, -8.91582E-02
1.6844294E-07, -2.34694E-02, -1.003827E-01
1.6850544E-07, -2.37245E-02, -1.062500E-01
1.6856794E-07, -2.34694E-02, -1.042092E-01
1.6863044E-07, -2.32143E-02, -9.57908E-02
1.6869294E-07, -2.41071E-02, -8.41837E-02
1.6875544E-07, -2.70408E-02, -7.38520E-02
1.6881794E-07, -3.17602E-02, -6.87500E-02
1.6888044E-07, -3.68622E-02, -6.98980E-02
1.6894294E-07, -4.03061E-02, -7.56378E-02
1.6900544E-07, -4.01786E-02, -8.26531E-02
1.6906794E-07, -3.66071E-02, -8.77551E-02
1.6913044E-07, -2.90816E-02, -9.08163E-02
1.6919294E-07, -2.05357E-02, -9.04337E-02
1.6925544E-07, -1.42857E-02, -8.94133E-02
1.6931794E-07, -1.14796E-02, -8.99235E-02
1.6938044E-07, -1.32653E-02, -9.11990E-02
1.6944294E-07, -1.83673E-02, -9.31122E-02
1.6950544E-07, -2.62755E-02, -9.37500E-02
1.6956794E-07, -3.36735E-02, -9.38776E-02
1.6963044E-07, -3.72449E-02, -9.28571E-02
1.6969294E-07, -3.67347E-02, -9.05612E-02
1.6975544E-07, -3.21429E-02, -8.96684E-02
1.6981794E-07, -2.55102E-02, -9.08163E-02
1.6988044E-07, -1.86224E-02, -9.36224E-02
1.6994294E-07, -1.36480E-02, -9.63010E-02
1.7000544E-07, -1.37755E-02, -9.73214E-02
1.7006794E-07, -1.77296E-02, -9.74490E-02
1.7013044E-07, -2.33418E-02, -9.59184E-02
1.7019294E-07, -2.98469E-02, -9.33673E-02
1.7025544E-07, -3.60969E-02, -9.20918E-02
1.7031794E-07, -3.90306E-02, -9.37500E-02
1.7038044E-07, -3.89031E-02, -9.61735E-02
1.7044294E-07, -3.75000E-02, -9.80867E-02
1.7050544E-07, -3.49490E-02, -9.84694E-02
1.7056794E-07, -3.25255E-02, -9.50255E-02
1.7063044E-07, -3.04847E-02, -8.90306E-02
1.7069294E-07, -2.80612E-02, -8.26531E-02
1.7075544E-07, -2.50000E-02, -7.84439E-02
1.7081794E-07, -2.09184E-02, -7.88265E-02
1.7088044E-07, -1.56888E-02, -8.41837E-02
1.7094294E-07, -1.16071E-02, -9.26020E-02
1.7100544E-07, -8.6735E-03, -1.012755E-01
1.7106794E-07, -6.8878E-03, -1.061224E-01
1.7113044E-07, -8.8010E-03, -1.038265E-01
1.7119294E-07, -1.36480E-02, -9.69388E-02
1.7125544E-07, -2.05357E-02, -8.76276E-02
1.7131794E-07, -2.93367E-02, -7.93367E-02
1.7138044E-07, -3.82653E-02, -7.69133E-02
1.7144294E-07, -4.38775E-02, -8.12500E-02
1.7150544E-07, -4.43878E-02, -8.97959E-02
1.7156794E-07, -4.05612E-02, -9.97449E-02
1.7163044E-07, -3.20153E-02, -1.093112E-01
1.7169294E-07, -2.20663E-02, -1.146684E-01
1.7175544E-07, -1.46684E-02, -1.151786E-01
1.7181794E-07, -1.12245E-02, -1.116071E-01
1.7188044E-07, -1.41582E-02, -1.043367E-01
1.7194294E-07, -2.27041E-02, -9.59184E-02
1.7200544E-07, -3.35459E-02, -8.89031E-02
1.7206794E-07, -4.40051E-02, -8.44388E-02
1.7213044E-07, -5.01276E-02, -8.44388E-02
1.7219294E-07, -4.97449E-02, -8.78827E-02
1.7225544E-07, -4.43878E-02, -9.27296E-02
1.7231794E-07, -3.50765E-02, -9.77041E-02
1.7238044E-07, -2.61480E-02, -9.93622E-02
1.7244294E-07, -2.07908E-02, -9.77041E-02
1.7250544E-07, -2.05357E-02, -9.32398E-02
1.7256794E-07, -2.53827E-02, -8.78827E-02
1.7263044E-07, -3.18878E-02, -8.38010E-02
1.7269294E-07, -3.71173E-02, -8.09949E-02
1.7275544E-07, -3.87755E-02, -7.98469E-02
1.7281794E-07, -3.60969E-02, -7.97194E-02
1.7288044E-07, -3.09949E-02, -7.89541E-02
1.7294294E-07, -2.55102E-02, -7.78061E-02
1.7300544E-07, -2.27041E-02, -7.61480E-02
1.7306794E-07, -2.35969E-02, -7.52551E-02
1.7313044E-07, -2.62755E-02, -7.60204E-02
1.7319294E-07, -2.95918E-02, -7.72959E-02
1.7325544E-07, -3.20153E-02, -7.94643E-02
1.7331794E-07, -3.18878E-02, -8.18878E-02
1.7338044E-07, -3.04847E-02, -8.31633E-02
1.7344294E-07, -2.89541E-02, -8.44388E-02
1.7350544E-07, -2.71684E-02, -8.55867E-02
1.7356794E-07, -2.66582E-02, -8.63520E-02
1.7363044E-07, -2.64031E-02, -8.80102E-02
1.7369294E-07, -2.58929E-02, -8.95408E-02
1.7375544E-07, -2.50000E-02, -9.06888E-02
1.7381794E-07, -2.39796E-02, -9.09439E-02
1.7388044E-07, -2.25765E-02, -9.00510E-02
1.7394294E-07, -2.06633E-02, -8.75000E-02
1.7400544E-07, -1.95153E-02, -8.38010E-02
1.7406794E-07, -1.73469E-02, -8.17602E-02
1.7413044E-07, -1.42857E-02, -8.12500E-02
1.7419294E-07, -1.19898E-02, -8.32908E-02
1.7425544E-07, -1.05867E-02, -8.92857E-02
1.7431794E-07, -1.19898E-02, -9.60459E-02
1.7438044E-07, -1.77296E-02, -1.016582E-01
1.7444294E-07, -2.70408E-02, -1.047194E-01
1.7450544E-07, -3.63520E-02, -1.036990E-01
1.7456794E-07, -4.37500E-02, -9.74490E-02
1.7463044E-07, -4.74490E-02, -8.99235E-02
1.7469294E-07, -4.61735E-02, -8.44388E-02
1.7475544E-07, -4.15816E-02, -8.29082E-02
1.7481794E-07, -3.60969E-02, -8.66071E-02
1.7488044E-07, -3.18878E-02, -9.38776E-02
1.7494294E-07, -2.90816E-02, -1.007653E-01
1.7500544E-07, -2.78061E-02, -1.022959E-01
1.7506794E-07, -2.69133E-02, -9.79592E-02
1.7513044E-07, -2.44898E-02, -8.82653E-02
1.7519294E-07, -2.20663E-02, -7.67857E-02
1.7525544E-07, -2.05357E-02, -7.00255E-02
1.7531794E-07, -2.05357E-02, -7.10459E-02
1.7538044E-07, -2.23214E-02, -7.98469E-02
1.7544294E-07, -2.37245E-02, -9.20918E-02
1.7550544E-07, -2.46173E-02, -1.010204E-01
1.7556794E-07, -2.44898E-02, -1.030612E-01
1.7563044E-07, -2.24490E-02, -9.68112E-02
1.7569294E-07, -1.92602E-02, -8.39286E-02
1.7575544E-07, -1.73469E-02, -7.01531E-02
1.7581794E-07, -1.69643E-02, -6.19898E-02
1.7588044E-07, -1.64541E-02, -6.23724E-02
1.7594294E-07, -1.60714E-02, -6.95153E-02
1.7600544E-07, -1.47959E-02, -8.13776E-02
1.7606794E-07, -1.30102E-02, -9.29847E-02
1.7613044E-07, -1.26276E-02, -1.003827E-01
1.7619294E-07, -1.37755E-02, -1.033163E-01
1.7625544E-07, -1.83673E-02, -1.011480E-01
1.7631794E-07, -2.44898E-02, -9.73214E-02
1.7638044E-07, -2.94643E-02, -9.34949E-02
1.7644294E-07, -3.22704E-02, -9.10714E-02
1.7650544E-07, -3.02296E-02, -9.13265E-02
1.7656794E-07, -2.55102E-02, -9.20918E-02
1.7663044E-07, -2.10459E-02, -9.46429E-02
1.7669294E-07, -1.83673E-02, -9.82143E-02
1.7675544E-07, -1.79847E-02, -1.012755E-01
1.7681794E-07, -1.95153E-02, -1.026786E-01
1.7688044E-07, -2.11735E-02, -1.020408E-01
1.7694294E-07, -2.13010E-02, -9.92347E-02
1.7700544E-07, -1.97704E-02, -9.51531E-02
1.7706794E-07, -1.76020E-02, -9.08163E-02
1.7713044E-07, -1.77296E-02, -8.77551E-02
1.7719294E-07, -2.09184E-02, -8.81378E-02
1.7725544E-07, -2.53827E-02, -9.18367E-02
1.7731794E-07, -3.03571E-02, -9.65561E-02
1.7738044E-07, -3.40561E-02, -1.011480E-01
1.7744294E-07, -3.39286E-02, -1.040816E-01
1.7750544E-07, -3.18878E-02, -1.019133E-01
1.7756794E-07, -3.11224E-02, -9.60459E-02
1.7763044E-07, -3.32908E-02, -8.89031E-02
1.7769294E-07, -3.81378E-02, -8.27806E-02
1.7775544E-07, -4.38775E-02, -7.97194E-02
1.7781794E-07, -4.83418E-02, -8.03571E-02
1.7788044E-07, -4.71939E-02, -8.45663E-02
1.7794294E-07, -4.10714E-02, -8.80102E-02
1.7800544E-07, -3.17602E-02, -8.89031E-02
1.7806794E-07, -2.19388E-02, -8.58418E-02
1.7813044E-07, -1.51786E-02, -7.89541E-02
1.7819294E-07, -1.45408E-02, -7.15561E-02
1.7825544E-07, -1.88776E-02, -6.83673E-02
1.7831794E-07, -2.44898E-02, -7.11735E-02
1.7838044E-07, -2.90816E-02, -7.79337E-02
1.7844294E-07, -3.06122E-02, -8.60969E-02
1.7850544E-07, -2.89541E-02, -9.15816E-02
1.7856794E-07, -2.57653E-02, -9.13265E-02
1.7863044E-07, -2.33418E-02, -8.55867E-02
1.7869294E-07, -2.38520E-02, -7.75510E-02
1.7875544E-07, -2.74235E-02, -7.15561E-02
1.7881794E-07, -3.32908E-02, -7.09184E-02
1.7888044E-07, -3.97959E-02, -7.62755E-02
1.7894294E-07, -4.54082E-02, -8.58418E-02
1.7900544E-07, -4.84694E-02, -9.63010E-02
1.7906794E-07, -4.85969E-02, -1.036990E-01
1.7913044E-07, -4.71939E-02, -1.062500E-01
1.7919294E-07, -4.37500E-02, -1.044643E-01
1.7925544E-07, -4.01786E-02, -9.87245E-02
1.7931794E-07, -3.77551E-02, -9.22194E-02
1.7938044E-07, -3.50765E-02, -8.71173E-02
1.7944294E-07, -3.27806E-02, -8.29082E-02
1.7950544E-07, -3.08673E-02, -8.04847E-02
1.7956794E-07, -2.95918E-02, -7.94643E-02
1.7963044E-07, -2.92092E-02, -7.98469E-02
1.7969294E-07, -2.99745E-02, -8.08674E-02
1.7975544E-07, -3.18878E-02, -8.23980E-02
1.7981794E-07, -3.38010E-02, -8.44388E-02
1.7988044E-07, -3.45663E-02, -8.63520E-02
1.7994294E-07, -3.23980E-02, -8.80102E-02
1.8000544E-07, -2.67857E-02, -8.83929E-02
1.8006794E-07, -2.02806E-02, -8.66071E-02
1.8013044E-07, -1.46684E-02, -8.35459E-02
1.8019294E-07, -1.22449E-02, -7.89541E-02
1.8025544E-07, -1.56888E-02, -7.38520E-02
1.8031794E-07, -2.32143E-02, -7.07908E-02
1.8038044E-07, -3.41837E-02, -7.05357E-02
1.8044294E-07, -4.27296E-02, -7.55102E-02
1.8050544E-07, -4.57908E-02, -8.26531E-02
1.8056794E-07, -4.37500E-02, -8.96684E-02
1.8063044E-07, -3.54592E-02, -9.47704E-02
1.8069294E-07, -2.60204E-02, -9.38776E-02
1.8075544E-07, -1.73469E-02, -8.87755E-02
1.8081794E-07, -1.16071E-02, -8.07398E-02
1.8088044E-07, -1.10969E-02, -7.32143E-02
1.8094294E-07, -1.36480E-02, -7.09184E-02
1.8100544E-07, -1.81122E-02, -7.38520E-02
1.8106794E-07, -2.39796E-02, -8.07398E-02
1.8113044E-07, -2.90816E-02, -8.86480E-02
1.8119294E-07, -3.30357E-02, -9.27296E-02
1.8125544E-07, -3.57143E-02, -9.14541E-02
1.8131794E-07, -3.55867E-02, -8.60969E-02
1.8138044E-07, -3.34184E-02, -7.90816E-02
1.8144294E-07, -3.03571E-02, -7.46173E-02
1.8150544E-07, -2.65306E-02, -7.56378E-02
1.8156794E-07, -2.30867E-02, -8.07398E-02
1.8163044E-07, -2.25765E-02, -8.64796E-02
1.8169294E-07, -2.51276E-02, -9.09439E-02
1.8175544E-07, -2.84439E-02, -9.20918E-02
1.8181794E-07, -3.12500E-02, -8.90306E-02
1.8188044E-07, -3.17602E-02, -8.41837E-02
1.8194294E-07, -2.94643E-02, -7.97194E-02
1.8200544E-07, -2.69133E-02, -7.72959E-02
1.8206794E-07, -2.58929E-02, -7.85714E-02
1.8213044E-07, -2.69133E-02, -8.20153E-02
1.8219294E-07, -2.95918E-02, -8.55867E-02
1.8225544E-07, -3.20153E-02, -8.82653E-02
1.8231794E-07, -3.23980E-02, -8.97959E-02
1.8238044E-07, -2.89541E-02, -9.08163E-02
1.8244294E-07, -2.33418E-02, -9.18367E-02
1.8250544E-07, -1.84949E-02, -9.29847E-02
1.8256794E-07, -1.63265E-02, -9.37500E-02
1.8263044E-07, -1.87500E-02, -9.23469E-02
1.8269294E-07, -2.58929E-02, -8.90306E-02
1.8275544E-07, -3.43112E-02, -8.54592E-02
1.8281794E-07, -3.99235E-02, -8.30357E-02
1.8288044E-07, -4.06888E-02, -8.29082E-02
1.8294294E-07, -3.59694E-02, -8.58418E-02
1.8300544E-07, -2.85714E-02, -8.96684E-02
1.8306794E-07, -2.25765E-02, -9.34949E-02
1.8313044E-07, -2.05357E-02, -9.56633E-02
1.8319294E-07, -2.37245E-02, -9.48980E-02
1.8325544E-07, -2.98469E-02, -9.23469E-02
1.8331794E-07, -3.66071E-02, -8.89031E-02
1.8338044E-07, -4.09439E-02, -8.64796E-02
1.8344294E-07, -4.08163E-02, -8.54592E-02
1.8350544E-07, -3.73724E-02, -8.52041E-02
1.8356794E-07, -3.18878E-02, -8.54592E-02
1.8363044E-07, -2.56378E-02, -8.54592E-02
1.8369294E-07, -2.06633E-02, -8.48214E-02
1.8375544E-07, -1.65816E-02, -8.46939E-02
1.8381794E-07, -1.26276E-02, -8.58418E-02
1.8388044E-07, -9.5663E-03, -8.75000E-02
1.8394294E-07, -7.9082E-03, -9.04337E-02
1.8400544E-07, -7.5255E-03, -9.41327E-02
1.8406794E-07, -9.3112E-03, -9.60459E-02
1.8413044E-07, -1.42857E-02, -9.63010E-02
1.8419294E-07, -2.04082E-02, -9.57908E-02
1.8425544E-07, -2.53827E-02, -9.40051E-02
1.8431794E-07, -2.88265E-02, -9.13265E-02
1.8438044E-07, -2.84439E-02, -8.91582E-02
1.8444294E-07, -2.53827E-02, -8.66071E-02
1.8450544E-07, -2.21939E-02, -8.44388E-02
1.8456794E-07, -2.01531E-02, -8.31633E-02
1.8463044E-07, -2.11735E-02, -8.25255E-02
1.8469294E-07, -2.41071E-02, -8.31633E-02
1.8475544E-07, -2.72959E-02, -8.40561E-02
1.8481794E-07, -2.97194E-02, -8.46939E-02
1.8488044E-07, -2.93367E-02, -8.54592E-02
1.8494294E-07, -2.70408E-02, -8.50765E-02
1.8500544E-07, -2.52551E-02, -8.45663E-02
1.8506794E-07, -2.42347E-02, -8.53316E-02
1.8513044E-07, -2.44898E-02, -8.68622E-02
1.8519294E-07, -2.55102E-02, -8.90306E-02
1.8525544E-07, -2.57653E-02, -9.18367E-02
1.8531794E-07, -2.46173E-02, -9.41327E-02
1.8538044E-07, -2.23214E-02, -9.60459E-02
1.8544294E-07, -1.96429E-02, -9.73214E-02
1.8550544E-07, -1.78571E-02, -9.77041E-02
1.8556794E-07, -1.83673E-02, -9.75765E-02
1.8563044E-07, -2.01531E-02, -9.73214E-02
1.8569294E-07, -2.20663E-02, -9.64286E-02
1.8575544E-07, -2.13010E-02, -9.48980E-02
1.8581794E-07, -1.67092E-02, -9.10714E-02
1.8588044E-07, -1.13520E-02, -8.54592E-02
1.8594294E-07, -5.9949E-03, -8.13776E-02
1.8600544E-07, -1.4031E-03, -7.92092E-02
1.8606794E-07, -7.653E-04, -7.86990E-02
1.8613044E-07, -3.1888E-03, -8.16327E-02
1.8619294E-07, -7.6531E-03, -8.60969E-02
1.8625544E-07, -1.19898E-02, -9.00510E-02
1.8631794E-07, -1.40306E-02, -9.17092E-02
1.8638044E-07, -1.46684E-02, -8.96684E-02
1.8644294E-07, -1.37755E-02, -8.67347E-02
1.8650544E-07, -1.25000E-02, -8.46939E-02
1.8656794E-07, -1.32653E-02, -8.52041E-02
1.8663044E-07, -1.74745E-02, -9.05612E-02
1.8669294E-07, -2.50000E-02, -9.96173E-02
1.8675544E-07, -3.30357E-02, -1.090561E-01
1.8681794E-07, -3.87755E-02, -1.141582E-01
1.8688044E-07, -3.97959E-02, -1.117347E-01
1.8694294E-07, -3.48214E-02, -1.024235E-01
1.8700544E-07, -2.67857E-02, -8.94133E-02
1.8706794E-07, -1.86224E-02, -7.93367E-02
1.8713044E-07, -1.33929E-02, -7.62755E-02
1.8719294E-07, -1.35204E-02, -8.12500E-02
1.8725544E-07, -1.83673E-02, -9.19643E-02
1.8731794E-07, -2.56378E-02, -1.028061E-01
1.8738044E-07, -3.13776E-02, -1.089286E-01
1.8744294E-07, -3.25255E-02, -1.067602E-01
1.8750544E-07, -3.07398E-02, -9.71939E-02
1.8756794E-07, -2.75510E-02, -8.59694E-02
1.8763044E-07, -2.60204E-02, -7.75510E-02
1.8769294E-07, -2.72959E-02, -7.56378E-02
1.8775544E-07, -3.06122E-02, -7.95918E-02
1.8781794E-07, -3.43112E-02, -8.64796E-02
1.8788044E-07, -3.52041E-02, -9.31122E-02
1.8794294E-07, -3.22704E-02, -9.57908E-02
1.8800544E-07, -2.71684E-02, -9.42602E-02
1.8806794E-07, -2.30867E-02, -9.08163E-02
1.8813044E-07, -2.16837E-02, -8.78827E-02
1.8819294E-07, -2.29592E-02, -8.67347E-02
1.8825544E-07, -2.53827E-02, -8.67347E-02
1.8831794E-07, -2.72959E-02, -8.64796E-02
1.8838044E-07, -2.64031E-02, -8.53316E-02
1.8844294E-07, -2.32143E-02, -8.30357E-02
1.8850544E-07, -1.90051E-02, -8.11225E-02
1.8856794E-07, -1.60714E-02, -8.08674E-02
1.8863044E-07, -1.69643E-02, -8.29082E-02
1.8869294E-07, -2.04082E-02, -8.77551E-02
1.8875544E-07, -2.41071E-02, -9.28571E-02
1.8881794E-07, -2.70408E-02, -9.52806E-02
1.8888044E-07, -2.85714E-02, -9.45153E-02
1.8894294E-07, -2.83163E-02, -9.13265E-02
1.8900544E-07, -2.76786E-02, -8.64796E-02
1.8906794E-07, -2.97194E-02, -8.25255E-02
1.8913044E-07, -3.20153E-02, -8.36735E-02
1.8919294E-07, -3.34184E-02, -8.78827E-02
1.8925544E-07, -3.39286E-02, -9.34949E-02
1.8931794E-07, -3.07398E-02, -9.92347E-02
1.8938044E-07, -2.65306E-02, -1.005102E-01
1.8944294E-07, -2.34694E-02, -9.77041E-02
1.8950544E-07, -2.23214E-02, -9.18367E-02
1.8956794E-07, -2.34694E-02, -8.39286E-02
1.8963044E-07, -2.71684E-02, -7.67857E-02
1.8969294E-07, -3.08673E-02, -7.35969E-02
1.8975544E-07, -3.26531E-02, -7.44898E-02
1.8981794E-07, -3.22704E-02, -7.83163E-02
1.8988044E-07, -2.95918E-02, -8.39286E-02
1.8994294E-07, -2.75510E-02, -8.90306E-02
1.9000544E-07, -2.60204E-02, -9.38776E-02
1.9006794E-07, -2.52551E-02, -9.68112E-02
1.9013044E-07, -2.52551E-02, -9.77041E-02
1.9019294E-07, -2.58929E-02, -9.75765E-02
1.9025544E-07, -2.72959E-02, -9.64286E-02
1.9031794E-07, -2.94643E-02, -9.52806E-02
1.9038044E-07, -3.15051E-02, -9.42602E-02
1.9044294E-07, -3.29082E-02, -9.20918E-02
1.9050544E-07, -3.25255E-02, -8.90306E-02
1.9056794E-07, -2.85714E-02, -8.50765E-02
1.9063044E-07, -2.29592E-02, -7.99745E-02
1.9069294E-07, -1.67092E-02, -7.62755E-02
1.9075544E-07, -1.31378E-02, -7.50000E-02
1.9081794E-07, -1.41582E-02, -7.72959E-02
1.9088044E-07, -1.92602E-02, -8.26531E-02
1.9094294E-07, -2.75510E-02, -8.81378E-02
1.9100544E-07, -3.41837E-02, -9.24745E-02
1.9106794E-07, -3.68622E-02, -9.24745E-02
1.9113044E-07, -3.46939E-02, -8.87755E-02
1.9119294E-07, -2.98469E-02, -8.38010E-02
1.9125544E-07, -2.61480E-02, -8.09949E-02
1.9131794E-07, -2.58929E-02, -8.32908E-02
1.9138044E-07, -3.13776E-02, -9.05612E-02
1.9144294E-07, -3.97959E-02, -1.016582E-01
1.9150544E-07, -4.54082E-02, -1.121174E-01
1.9156794E-07, -4.48980E-02, -1.160714E-01
1.9163044E-07, -3.66071E-02, -1.125000E-01
1.9169294E-07, -2.34694E-02, -1.024235E-01
1.9175544E-07, -1.14796E-02, -8.99235E-02
1.9181794E-07, -5.3571E-03, -8.03571E-02
1.9188044E-07, -8.8010E-03, -7.64031E-02
1.9194294E-07, -1.96429E-02, -7.92092E-02
1.9200544E-07, -3.32908E-02, -8.62245E-02
1.9206794E-07, -4.47704E-02, -9.45153E-02
1.9213044E-07, -4.87245E-02, -1.017857E-01
1.9219294E-07, -4.47704E-02, -1.054847E-01
1.9225544E-07, -3.49490E-02, -1.054847E-01
1.9231794E-07, -2.37245E-02, -1.020408E-01
1.9238044E-07, -1.58163E-02, -9.63010E-02
1.9244294E-07, -1.21173E-02, -9.00510E-02
1.9250544E-07, -1.44133E-02, -8.43112E-02
1.9256794E-07, -2.06633E-02, -8.23980E-02
1.9263044E-07, -2.60204E-02, -8.53316E-02
1.9269294E-07, -2.85714E-02, -9.04337E-02
1.9275544E-07, -2.81888E-02, -9.60459E-02
1.9281794E-07, -2.60204E-02, -9.94898E-02
1.9288044E-07, -2.23214E-02, -9.94898E-02
1.9294294E-07, -1.84949E-02, -9.45153E-02
1.9300544E-07, -1.60714E-02, -8.63520E-02
1.9306794E-07, -1.54337E-02, -7.92092E-02
1.9313044E-07, -1.59439E-02, -7.53826E-02
1.9319294E-07, -1.60714E-02, -7.58929E-02
1.9325544E-07, -1.53061E-02, -7.88265E-02
1.9331794E-07, -1.32653E-02, -8.13776E-02
1.9338044E-07, -1.04592E-02, -8.16327E-02
1.9344294E-07, -8.6735E-03, -7.94643E-02
1.9350544E-07, -7.3980E-03, -7.78061E-02
1.9356794E-07, -8.0357E-03, -7.72959E-02
1.9363044E-07, -1.16071E-02, -8.03571E-02
1.9369294E-07, -1.56888E-02, -8.71173E-02
1.9375544E-07, -2.01531E-02, -9.34949E-02
1.9381794E-07, -2.30867E-02, -9.75765E-02
1.9388044E-07, -2.34694E-02, -9.73214E-02
1.9394294E-07, -2.33418E-02, -9.34949E-02
1.9400544E-07, -2.10459E-02, -9.06888E-02
1.9406794E-07, -1.70918E-02, -8.95408E-02
1.9413044E-07, -1.27551E-02, -9.10714E-02
1.9419294E-07, -7.1429E-03, -9.46429E-02
1.9425544E-07, -1.4031E-03, -9.57908E-02
1.9431794E-07, 3.1888E-03, -9.19643E-02
1.9438044E-07, 3.9541E-03, -8.30357E-02
1.9444294E-07, 6.378E-04, -7.27041E-02
1.9450544E-07, -6.3776E-03, -6.40306E-02
1.9456794E-07, -1.69643E-02, -6.04592E-02
1.9463044E-07, -2.57653E-02, -6.42857E-02
1.9469294E-07, -3.21429E-02, -7.14286E-02
1.9475544E-07, -3.31633E-02, -7.95918E-02
1.9481794E-07, -2.85714E-02, -8.38010E-02
1.9488044E-07, -2.35969E-02, -8.23980E-02
1.9494294E-07, -1.88776E-02, -7.94643E-02
1.9500544E-07, -1.70918E-02, -7.61480E-02
1.9506794E-07, -1.92602E-02, -7.57653E-02
1.9513044E-07, -2.33418E-02, -7.93367E-02
1.9519294E-07, -2.80612E-02, -8.39286E-02
1.9525544E-07, -3.12500E-02, -8.71173E-02
1.9531794E-07, -3.25255E-02, -8.54592E-02
1.9538044E-07, -3.32908E-02, -7.94643E-02
1.9544294E-07, -3.22704E-02, -7.30867E-02
1.9550544E-07, -3.04847E-02, -6.83673E-02
1.9556794E-07, -2.69133E-02, -6.93878E-02
1.9563044E-07, -2.06633E-02, -7.58929E-02
1.9569294E-07, -1.39031E-02, -8.41837E-02
1.9575544E-07, -7.9082E-03, -9.18367E-02
1.9581794E-07, -4.9745E-03, -9.47704E-02
1.9588044E-07, -7.2704E-03, -9.23469E-02
1.9594294E-07, -1.47959E-02, -8.71173E-02
1.9600544E-07, -2.33418E-02, -8.26531E-02
1.9606794E-07, -2.89541E-02, -8.01020E-02
1.9613044E-07, -2.95918E-02, -8.04847E-02
1.9619294E-07, -2.34694E-02, -8.38010E-02
1.9625544E-07, -1.35204E-02, -8.72449E-02
1.9631794E-07, -4.3367E-03, -9.03061E-02
1.9638044E-07, -1.276E-04, -9.28571E-02
1.9644294E-07, -3.5714E-03, -9.51531E-02
1.9650544E-07, -1.36480E-02, -9.87245E-02
1.9656794E-07, -2.47449E-02, -1.034439E-01
1.9663044E-07, -3.03571E-02, -1.070153E-01
1.9669294E-07, -2.84439E-02, -1.073980E-01
1.9675544E-07, -1.82398E-02, -1.056122E-01
1.9681794E-07, -3.6990E-03, -1.010204E-01
1.9688044E-07, 8.5459E-03, -9.64286E-02
1.9694294E-07, 1.47959E-02, -9.45153E-02
1.9700544E-07, 1.13520E-02, -9.43878E-02
1.9706794E-07, -3.827E-04, -9.69388E-02
1.9713044E-07, -1.53061E-02, -1.003827E-01
1.9719294E-07, -2.78061E-02, -1.021684E-01
1.9725544E-07, -3.32908E-02, -1.007653E-01
1.9731794E-07, -3.20153E-02, -9.61735E-02
1.9738044E-07, -2.65306E-02, -9.03061E-02
1.9744294E-07, -1.93878E-02, -8.54592E-02
1.9750544E-07, -1.55612E-02, -8.12500E-02
1.9756794E-07, -1.69643E-02, -7.88265E-02
1.9763044E-07, -2.25765E-02, -7.75510E-02
1.9769294E-07, -2.98469E-02, -7.64031E-02
1.9775544E-07, -3.45663E-02, -7.58929E-02
1.9781794E-07, -3.38010E-02, -7.57653E-02
1.9788044E-07, -2.74235E-02, -7.67857E-02
1.9794294E-07, -1.76020E-02, -7.95918E-02
1.9800544E-07, -8.0357E-03, -8.39286E-02
1.9806794E-07, -3.6990E-03, -8.86480E-02
1.9813044E-07, -6.1224E-03, -9.32398E-02
1.9819294E-07, -1.35204E-02, -9.61735E-02
1.9825544E-07, -2.34694E-02, -9.54082E-02
1.9831794E-07, -3.09949E-02, -9.23469E-02
1.9838044E-07, -3.45663E-02, -8.75000E-02
1.9844294E-07, -3.38010E-02, -8.39286E-02
1.9850544E-07, -2.92092E-02, -8.29082E-02
1.9856794E-07, -2.50000E-02, -8.34184E-02
1.9863044E-07, -2.33418E-02, -8.54592E-02
1.9869294E-07, -2.43622E-02, -8.66071E-02
1.9875544E-07, -2.78061E-02, -8.48214E-02
1.9881794E-07, -3.09949E-02, -8.08674E-02
1.9888044E-07, -3.15051E-02, -7.64031E-02
1.9894294E-07, -2.85714E-02, -7.30867E-02
1.9900544E-07, -2.32143E-02, -7.38520E-02
1.9906794E-07, -1.92602E-02, -7.92092E-02
1.9913044E-07, -1.73469E-02, -8.87755E-02
1.9919294E-07, -1.78571E-02, -9.84694E-02
1.9925544E-07, -2.11735E-02, -1.040816E-01
1.9931794E-07, -2.61480E-02, -1.036990E-01
1.9938044E-07, -3.12500E-02, -9.83418E-02
1.9944294E-07, -3.40561E-02, -8.99235E-02
1.9950544E-07, -3.48214E-02, -8.04847E-02
1.9956794E-07, -3.35459E-02, -7.34694E-02
1.9963044E-07, -3.08673E-02, -6.86224E-02
1.9969294E-07, -2.83163E-02, -6.51786E-02
1.9975544E-07, -2.64031E-02, -6.13520E-02
1.9981794E-07, -2.57653E-02, -5.63776E-02
1.9988044E-07, -2.64031E-02, -5.11480E-02
1.9994294E-07, -2.66582E-02, -4.75765E-02
2.0000544E-07, -2.53827E-02, -4.65561E-02
2.0006794E-07, -2.32143E-02, -4.82143E-02
2.0013044E-07, -2.01531E-02, -5.29337E-02
2.0019294E-07, -1.74745E-02, -5.90561E-02
2.0025544E-07, -1.59439E-02, -6.47959E-02
2.0031794E-07, -1.50510E-02, -6.93878E-02
2.0038044E-07, -1.56888E-02, -7.24490E-02
2.0044294E-07, -1.65816E-02, -7.52551E-02
2.0050544E-07, -1.59439E-02, -7.89541E-02
2.0056794E-07, -1.35204E-02, -8.26531E-02
2.0063044E-07, -8.4184E-03, -8.69898E-02
2.0069294E-07, -2.9337E-03, -9.05612E-02
2.0075544E-07, 1.7857E-03, -9.42602E-02
2.0081794E-07, 3.6990E-03, -9.79592E-02
2.0088044E-07, 1.5306E-03, -1.022959E-01
2.0094294E-07, -2.1684E-03, -1.075255E-01
2.0100544E-07, -5.8673E-03, -1.118622E-01
2.0106794E-07, -8.1633E-03, -1.155612E-01
2.0113044E-07, -7.5255E-03, -1.188776E-01
2.0119294E-07, -4.7194E-03, -1.221939E-01
2.0125544E-07, -7.653E-04, -1.256378E-01
2.0131794E-07, 5.102E-04, -1.284439E-01
2.0138044E-07, -2.0408E-03, -1.313775E-01
2.0144294E-07, -7.3980E-03, -1.321429E-01
2.0150544E-07, -1.63265E-02, -1.284439E-01
2.0156794E-07, -2.58929E-02, -1.204082E-01
2.0163044E-07, -3.44388E-02, -1.068878E-01
2.0169294E-07, -4.22194E-02, -8.86480E-02
2.0175544E-07, -4.87245E-02, -6.74745E-02
2.0181794E-07, -5.54847E-02, -4.38775E-02
2.0188044E-07, -6.25000E-02, -1.91327E-02
2.0194294E-07, -6.95153E-02, 7.1429E-03
2.0200544E-07, -7.72959E-02, 3.54592E-02
2.0206794E-07, -8.34184E-02, 6.41582E-02
2.0213044E-07, -8.73725E-02, 9.50255E-02
2.0219294E-07, -8.95408E-02, 1.279337E-01
2.0225544E-07, -8.90306E-02, 1.619898E-01
2.0231794E-07, -8.68622E-02, 1.978316E-01
2.0238044E-07, -8.36735E-02, 2.344388E-01
2.0244294E-07, -7.70408E-02, 2.706633E-01
2.0250544E-07, -6.81122E-02, 3.077806E-01
2.0256794E-07, -5.65051E-02, 3.446428E-01
2.0263044E-07, -4.14541E-02, 3.816327E-01
2.0269294E-07, -2.35969E-02, 4.205357E-01
2.0275544E-07, -2.1684E-03, 4.612245E-01
2.0281794E-07, 2.09184E-02, 5.038266E-01
2.0288044E-07, 4.57908E-02, 5.447704E-01
2.0294294E-07, 7.43622E-02, 5.804847E-01
2.0300544E-07, 1.077806E-01, 6.098214E-01
2.0306794E-07, 1.447704E-01, 6.336735E-01
2.0313044E-07, 1.857143E-01, 6.524234E-01
2.0319294E-07, 2.292092E-01, 6.710459E-01
2.0325544E-07, 2.727041E-01, 6.922194E-01
2.0331794E-07, 3.159439E-01, 7.156888E-01
2.0338044E-07, 3.571429E-01, 7.410714E-01
2.0344294E-07, 3.964286E-01, 7.632653E-01
2.0350544E-07, 4.354592E-01, 7.789541E-01
2.0356794E-07, 4.748724E-01, 7.876276E-01
2.0363044E-07, 5.142857E-01, 7.905612E-01
2.0369294E-07, 5.542092E-01, 7.910714E-01
2.0375544E-07, 5.937500E-01, 7.928572E-01
2.0381794E-07, 6.313776E-01, 7.980868E-01
2.0388044E-07, 6.686224E-01, 8.056123E-01
2.0394294E-07, 7.065051E-01, 8.145408E-01
2.0400544E-07, 7.447704E-01, 8.232143E-01
2.0406794E-07, 7.836735E-01, 8.290817E-01
2.0413044E-07, 8.213010E-01, 8.317602E-01
2.0419294E-07, 8.545918E-01, 8.308674E-01
2.0425544E-07, 8.821428E-01, 8.266582E-01
2.0431794E-07, 9.029337E-01, 8.213010E-01
2.0438044E-07, 9.178572E-01, 8.165816E-01
2.0444294E-07, 9.309949E-01, 8.144132E-01
2.0450544E-07, 9.437500E-01, 8.174745E-01
2.0456794E-07, 9.568878E-01, 8.243622E-01
2.0463044E-07, 9.710459E-01, 8.318878E-01
2.0469294E-07, 9.831632E-01, 8.373724E-01
2.0475544E-07, 9.910714E-01, 8.381377E-01
2.0481794E-07, 9.936224E-01, 8.331633E-01
2.0488044E-07, 9.906888E-01, 8.253826E-01
2.0494294E-07, 9.835459E-01, 8.186225E-01
2.0500544E-07, 9.771684E-01, 8.149235E-01
2.0506794E-07, 9.730867E-01, 8.172194E-01
2.0513044E-07, 9.739796E-01, 8.227041E-01
2.0519294E-07, 9.801021E-01, 8.295918E-01
2.0525544E-07, 9.877551E-01, 8.357143E-01
2.0531794E-07, 9.941326E-01, 8.380102E-01
2.0538044E-07, 9.945153E-01, 8.378826E-01
2.0544294E-07, 9.889030E-01, 8.355867E-01
2.0550544E-07, 9.789541E-01, 8.341837E-01
2.0556794E-07, 9.661990E-01, 8.357143E-01
2.0563044E-07, 9.556122E-01, 8.386480E-01
2.0569294E-07, 9.500000E-01, 8.436224E-01
2.0575544E-07, 9.494898E-01, 8.493623E-01
2.0581794E-07, 9.544643E-01, 8.544643E-01
2.0588044E-07, 9.618623E-01, 8.593112E-01
2.0594294E-07, 9.670919E-01, 8.628827E-01
2.0600544E-07, 9.692602E-01, 8.630102E-01
2.0606794E-07, 9.686224E-01, 8.608418E-01
2.0613044E-07, 9.642857E-01, 8.585459E-01
2.0619294E-07, 9.594388E-01, 8.563775E-01
2.0625544E-07, 9.548469E-01, 8.576531E-01
2.0631794E-07, 9.516582E-01, 8.626276E-01
2.0638044E-07, 9.514031E-01, 8.693877E-01
2.0644294E-07, 9.519132E-01, 8.758929E-01
2.0650544E-07, 9.544643E-01, 8.769132E-01
2.0656794E-07, 9.594388E-01, 8.715561E-01
2.0663044E-07, 9.661990E-01, 8.619898E-01
2.0669294E-07, 9.728316E-01, 8.522959E-01
2.0675544E-07, 9.783163E-01, 8.461735E-01
2.0681794E-07, 9.820153E-01, 8.469388E-01
2.0688044E-07, 9.830357E-01, 8.547194E-01
2.0694294E-07, 9.835459E-01, 8.653061E-01
2.0700544E-07, 9.836735E-01, 8.752551E-01
2.0706794E-07, 9.838010E-01, 8.797194E-01
2.0713044E-07, 9.849490E-01, 8.766581E-01
2.0719294E-07, 9.844388E-01, 8.696429E-01
2.0725544E-07, 9.829082E-01, 8.607143E-01
2.0731794E-07, 9.806122E-01, 8.556122E-01
2.0738044E-07, 9.774235E-01, 8.575255E-01
2.0744294E-07, 9.756377E-01, 8.650510E-01
2.0750544E-07, 9.753826E-01, 8.762755E-01
2.0756794E-07, 9.765306E-01, 8.871173E-01
2.0763044E-07, 9.780612E-01, 8.938776E-01
2.0769294E-07, 9.790816E-01, 8.952806E-01
2.0775544E-07, 9.781888E-01, 8.929847E-01
2.0781794E-07, 9.771684E-01, 8.885204E-01
2.0788044E-07, 9.774235E-01, 8.858418E-01
2.0794294E-07, 9.789541E-01, 8.858418E-01
2.0800544E-07, 9.838010E-01, 8.868622E-01
2.0806794E-07, 9.904337E-01, 8.890306E-01
2.0813044E-07, 9.964285E-01, 8.901786E-01
2.0819294E-07, 9.993622E-01, 8.892857E-01
2.0825544E-07, 9.985970E-01, 8.867347E-01
2.0831794E-07, 9.948980E-01, 8.839286E-01
2.0838044E-07, 9.897959E-01, 8.830357E-01
2.0844294E-07, 9.855868E-01, 8.834184E-01
2.0850544E-07, 9.845663E-01, 8.844388E-01
2.0856794E-07, 9.858418E-01, 8.857143E-01
2.0863044E-07, 9.885204E-01, 8.846939E-01
2.0869294E-07, 9.911990E-01, 8.818877E-01
2.0875544E-07, 9.928572E-01, 8.784439E-01
2.0881794E-07, 9.919643E-01, 8.757653E-01
2.0888044E-07, 9.909438E-01, 8.742347E-01
2.0894294E-07, 9.918367E-01, 8.753827E-01
2.0900544E-07, 9.945153E-01, 8.790816E-01
2.0906794E-07, 9.993622E-01, 8.827806E-01
2.0913044E-07, 1.0056123E+00, 8.857143E-01
2.0919294E-07, 1.0113521E+00, 8.872449E-01
2.0925544E-07, 1.0149235E+00, 8.875000E-01
2.0931794E-07, 1.0150510E+00, 8.869898E-01
2.0938044E-07, 1.0123725E+00, 8.855867E-01
2.0944294E-07, 1.0090561E+00, 8.836735E-01
2.0950544E-07, 1.0066327E+00, 8.818877E-01
2.0956794E-07, 1.0054847E+00, 8.801020E-01
2.0963044E-07, 1.0047194E+00, 8.775510E-01
2.0969294E-07, 1.0040816E+00, 8.741071E-01
2.0975544E-07, 1.0014031E+00, 8.714285E-01
2.0981794E-07, 9.974490E-01, 8.698980E-01
2.0988044E-07, 9.941326E-01, 8.716837E-01
2.0994294E-07, 9.908164E-01, 8.783163E-01
2.1000544E-07, 9.895408E-01, 8.875000E-01
2.1006794E-07, 9.901786E-01, 8.977041E-01
2.1013044E-07, 9.927296E-01, 9.062500E-01
2.1019294E-07, 9.960459E-01, 9.114796E-01
2.1025544E-07, 9.987245E-01, 9.117347E-01
2.1031794E-07, 1.0019133E+00, 9.072704E-01
2.1038044E-07, 1.0052296E+00, 9.014031E-01
2.1044294E-07, 1.0084183E+00, 8.959184E-01
2.1050544E-07, 1.0113521E+00, 8.927296E-01
2.1056794E-07, 1.0119898E+00, 8.938776E-01
2.1063044E-07, 1.0085459E+00, 8.975765E-01
2.1069294E-07, 1.0015306E+00, 9.014031E-01
2.1075544E-07, 9.914541E-01, 9.036990E-01
2.1081794E-07, 9.825255E-01, 9.016582E-01
2.1088044E-07, 9.801021E-01, 8.960459E-01
2.1094294E-07, 9.852041E-01, 8.906888E-01
2.1100544E-07, 9.969388E-01, 8.878826E-01
2.1106794E-07, 1.0103316E+00, 8.899235E-01
2.1113044E-07, 1.0201530E+00, 8.966837E-01
2.1119294E-07, 1.0219388E+00, 9.063776E-01
2.1125544E-07, 1.0146683E+00, 9.147959E-01
2.1131794E-07, 1.0030612E+00, 9.179847E-01
2.1138044E-07, 9.928572E-01, 9.154336E-01
2.1144294E-07, 9.889030E-01, 9.084184E-01
2.1150544E-07, 9.913265E-01, 9.007653E-01
2.1156794E-07, 9.982143E-01, 8.946428E-01
2.1163044E-07, 1.0059949E+00, 8.927296E-01
2.1169294E-07, 1.0094388E+00, 8.955357E-01
2.1175544E-07, 1.0075256E+00, 8.991072E-01
2.1181794E-07, 1.0028061E+00, 9.008929E-01
2.1188044E-07, 9.997449E-01, 8.994898E-01
2.1194294E-07, 9.991071E-01, 8.963010E-01
2.1200544E-07, 1.0014031E+00, 8.917092E-01
2.1206794E-07, 1.0049745E+00, 8.886480E-01
2.1213044E-07, 1.0049745E+00, 8.890306E-01
2.1219294E-07, 1.0011480E+00, 8.908163E-01
2.1225544E-07, 9.950255E-01, 8.931122E-01
2.1231794E-07, 9.908164E-01, 8.942602E-01
2.1238044E-07, 9.909438E-01, 8.942602E-01
2.1244294E-07, 9.959184E-01, 8.937500E-01
2.1250544E-07, 1.0031887E+00, 8.933674E-01
2.1256794E-07, 1.0091836E+00, 8.946428E-01
2.1263044E-07, 1.0109694E+00, 8.979592E-01
2.1269294E-07, 1.0071429E+00, 9.021684E-01
2.1275544E-07, 9.997449E-01, 9.039541E-01
2.1281794E-07, 9.943877E-01, 9.019133E-01
2.1288044E-07, 9.943877E-01, 8.982143E-01
2.1294294E-07, 9.983419E-01, 8.946428E-01
2.1300544E-07, 1.0053571E+00, 8.924745E-01
2.1306794E-07, 1.0099490E+00, 8.955357E-01
2.1313044E-07, 1.0090561E+00, 9.021684E-01
2.1319294E-07, 1.0034438E+00, 9.100766E-01
2.1325544E-07, 9.947704E-01, 9.165816E-01
2.1331794E-07, 9.881378E-01, 9.179847E-01
2.1338044E-07, 9.850765E-01, 9.145408E-01
2.1344294E-07, 9.866071E-01, 9.056122E-01
2.1350544E-07, 9.926021E-01, 8.947704E-01
2.1356794E-07, 9.993622E-01, 8.871173E-01
2.1363044E-07, 1.0039541E+00, 8.844388E-01
2.1369294E-07, 1.0067602E+00, 8.868622E-01
2.1375544E-07, 1.0086734E+00, 8.946428E-01
2.1381794E-07, 1.0094388E+00, 9.056122E-01
2.1388044E-07, 1.0112245E+00, 9.150510E-01
2.1394294E-07, 1.0131377E+00, 9.214286E-01
2.1400544E-07, 1.0135204E+00, 9.235969E-01
2.1406794E-07, 1.0121174E+00, 9.207908E-01
2.1413044E-07, 1.0094388E+00, 9.154336E-01
2.1419294E-07, 1.0056123E+00, 9.112245E-01
2.1425544E-07, 1.0024235E+00, 9.093112E-01
2.1431794E-07, 1.0012755E+00, 9.108418E-01
2.1438044E-07, 1.0017858E+00, 9.149235E-01
2.1444294E-07, 1.0035714E+00, 9.186224E-01
2.1450544E-07, 1.0042092E+00, 9.192602E-01
2.1456794E-07, 1.0026785E+00, 9.153062E-01
2.1463044E-07, 1.0000000E+00, 9.076530E-01
2.1469294E-07, 9.964285E-01, 8.996174E-01
2.1475544E-07, 9.946429E-01, 8.936225E-01
2.1481794E-07, 9.969388E-01, 8.924745E-01
2.1488044E-07, 1.0024235E+00, 8.963010E-01
2.1494294E-07, 1.0110970E+00, 9.021684E-01
2.1500544E-07, 1.0181123E+00, 9.081632E-01
2.1506794E-07, 1.0209184E+00, 9.104592E-01
2.1513044E-07, 1.0195153E+00, 9.093112E-01
2.1519294E-07, 1.0140306E+00, 9.073980E-01
2.1525544E-07, 1.0085459E+00, 9.065051E-01
2.1531794E-07, 1.0049745E+00, 9.096939E-01
2.1538044E-07, 1.0044643E+00, 9.160714E-01
2.1544294E-07, 1.0073980E+00, 9.234694E-01
2.1550544E-07, 1.0103316E+00, 9.301021E-01
2.1556794E-07, 1.0119898E+00, 9.329082E-01
2.1563044E-07, 1.0109694E+00, 9.321429E-01
2.1569294E-07, 1.0077807E+00, 9.285714E-01
2.1575544E-07, 1.0045918E+00, 9.230868E-01
2.1581794E-07, 1.0035714E+00, 9.176021E-01
2.1588044E-07, 1.0054847E+00, 9.131377E-01
2.1594294E-07, 1.0090561E+00, 9.100766E-01
2.1600544E-07, 1.0117347E+00, 9.093112E-01
2.1606794E-07, 1.0109694E+00, 9.112245E-01
2.1613044E-07, 1.0058674E+00, 9.154336E-01
2.1619294E-07, 9.975765E-01, 9.210459E-01
2.1625544E-07, 9.890306E-01, 9.265306E-01
2.1631794E-07, 9.839286E-01, 9.295918E-01
2.1638044E-07, 9.843112E-01, 9.290816E-01
2.1644294E-07, 9.903061E-01, 9.248725E-01
2.1650544E-07, 9.991071E-01, 9.182398E-01
2.1656794E-07, 1.0080357E+00, 9.112245E-01
2.1663044E-07, 1.0141581E+00, 9.067602E-01
2.1669294E-07, 1.0141581E+00, 9.067602E-01
2.1675544E-07, 1.0093112E+00, 9.098215E-01
2.1681794E-07, 1.0020409E+00, 9.150510E-01
2.1688044E-07, 9.937500E-01, 9.202806E-01
2.1694294E-07, 9.890306E-01, 9.224490E-01
2.1700544E-07, 9.891582E-01, 9.224490E-01
2.1706794E-07, 9.920918E-01, 9.205357E-01
2.1713044E-07, 9.978316E-01, 9.168367E-01
2.1719294E-07, 1.0031887E+00, 9.140306E-01
2.1725544E-07, 1.0048469E+00, 9.123725E-01
2.1731794E-07, 1.0038265E+00, 9.104592E-01
2.1738044E-07, 1.0021684E+00, 9.095663E-01
2.1744294E-07, 1.0008929E+00, 9.095663E-01
2.1750544E-07, 1.0019133E+00, 9.100766E-01
2.1756794E-07, 1.0045918E+00, 9.110969E-01
2.1763044E-07, 1.0084183E+00, 9.122449E-01
2.1769294E-07, 1.0121174E+00, 9.136479E-01
2.1775544E-07, 1.0141581E+00, 9.163265E-01
2.1781794E-07, 1.0154337E+00, 9.195153E-01
2.1788044E-07, 1.0149235E+00, 9.239796E-01
2.1794294E-07, 1.0139030E+00, 9.269133E-01
2.1800544E-07, 1.0149235E+00, 9.272959E-01
2.1806794E-07, 1.0168368E+00, 9.256378E-01
2.1813044E-07, 1.0193877E+00, 9.211735E-01
2.1819294E-07, 1.0202806E+00, 9.158163E-01
2.1825544E-07, 1.0195153E+00, 9.105867E-01
2.1831794E-07, 1.0186224E+00, 9.081632E-01
2.1838044E-07, 1.0179847E+00, 9.100766E-01
2.1844294E-07, 1.0201530E+00, 9.142857E-01
2.1850544E-07, 1.0242347E+00, 9.198980E-01
2.1856794E-07, 1.0285715E+00, 9.229592E-01
2.1863044E-07, 1.0315051E+00, 9.220663E-01
2.1869294E-07, 1.0294642E+00, 9.187500E-01
2.1875544E-07, 1.0220664E+00, 9.144133E-01
2.1881794E-07, 1.0108418E+00, 9.116071E-01
2.1888044E-07, 9.991071E-01, 9.123725E-01
2.1894294E-07, 9.911990E-01, 9.161990E-01
2.1900544E-07, 9.900510E-01, 9.216837E-01
2.1906794E-07, 9.959184E-01, 9.264030E-01
2.1913044E-07, 1.0061225E+00, 9.293367E-01
2.1919294E-07, 1.0147959E+00, 9.312500E-01
2.1925544E-07, 1.0182397E+00, 9.321429E-01
2.1931794E-07, 1.0158163E+00, 9.339285E-01
2.1938044E-07, 1.0084183E+00, 9.380102E-01
2.1944294E-07, 9.998724E-01, 9.428571E-01
2.1950544E-07, 9.934949E-01, 9.461735E-01
2.1956794E-07, 9.923469E-01, 9.455357E-01
2.1963044E-07, 9.963010E-01, 9.403061E-01
2.1969294E-07, 1.0022960E+00, 9.315051E-01
2.1975544E-07, 1.0077807E+00, 9.216837E-01
2.1981794E-07, 1.0107143E+00, 9.145408E-01
2.1988044E-07, 1.0099490E+00, 9.130102E-01
2.1994294E-07, 1.0071429E+00, 9.165816E-01
2.2000544E-07, 1.0059949E+00, 9.229592E-01
2.2006794E-07, 1.0063776E+00, 9.307398E-01
2.2013044E-07, 1.0084183E+00, 9.345663E-01
2.2019294E-07, 1.0119898E+00, 9.326531E-01
2.2025544E-07, 1.0140306E+00, 9.279337E-01
2.2031794E-07, 1.0133928E+00, 9.221939E-01
2.2038044E-07, 1.0109694E+00, 9.193878E-01
2.2044294E-07, 1.0076531E+00, 9.221939E-01
2.2050544E-07, 1.0048469E+00, 9.297194E-01
2.2056794E-07, 1.0049745E+00, 9.378827E-01
2.2063044E-07, 1.0089285E+00, 9.434949E-01
2.2069294E-07, 1.0155612E+00, 9.437500E-01
2.2075544E-07, 1.0227041E+00, 9.385204E-01
2.2081794E-07, 1.0280613E+00, 9.295918E-01
2.2088044E-07, 1.0315051E+00, 9.214286E-01
2.2094294E-07, 1.0316327E+00, 9.187500E-01
2.2100544E-07, 1.0271684E+00, 9.209183E-01
2.2106794E-07, 1.0210459E+00, 9.255102E-01
2.2113044E-07, 1.0136479E+00, 9.304847E-01
2.2119294E-07, 1.0066327E+00, 9.317602E-01
2.2125544E-07, 1.0024235E+00, 9.290816E-01
2.2131794E-07, 1.0014031E+00, 9.247449E-01
2.2138044E-07, 1.0048469E+00, 9.211735E-01
2.2144294E-07, 1.0096939E+00, 9.216837E-01
2.2150544E-07, 1.0141581E+00, 9.250000E-01
2.2156794E-07, 1.0164541E+00, 9.297194E-01
2.2163044E-07, 1.0131377E+00, 9.340561E-01
2.2169294E-07, 1.0070153E+00, 9.352041E-01
2.2175544E-07, 9.984694E-01, 9.348214E-01
2.2181794E-07, 9.904337E-01, 9.334184E-01
2.2188044E-07, 9.868622E-01, 9.321429E-01
2.2194294E-07, 9.881378E-01, 9.323980E-01
2.2200544E-07, 9.946429E-01, 9.320153E-01
2.2206794E-07, 1.0039541E+00, 9.309949E-01
2.2213044E-07, 1.0117347E+00, 9.283164E-01
2.2219294E-07, 1.0154337E+00, 9.237245E-01
2.2225544E-07, 1.0136479E+00, 9.195153E-01
2.2231794E-07, 1.0059949E+00, 9.181122E-01
2.2238044E-07, 9.960459E-01, 9.190051E-01
2.2244294E-07, 9.868622E-01, 9.224490E-01
2.2250544E-07, 9.801021E-01, 9.266582E-01
2.2256794E-07, 9.792092E-01, 9.278061E-01
2.2263044E-07, 9.820153E-01, 9.274235E-01
2.2269294E-07, 9.871174E-01, 9.247449E-01
2.2275544E-07, 9.938775E-01, 9.214286E-01
2.2281794E-07, 9.992347E-01, 9.213010E-01
2.2288044E-07, 1.0033163E+00, 9.234694E-01
2.2294294E-07, 1.0075256E+00, 9.276786E-01
2.2300544E-07, 1.0122449E+00, 9.326531E-01
2.2306794E-07, 1.0169643E+00, 9.360970E-01
2.2313044E-07, 1.0221939E+00, 9.366071E-01
2.2319294E-07, 1.0262755E+00, 9.366071E-01
2.2325544E-07, 1.0269133E+00, 9.378827E-01
2.2331794E-07, 1.0241071E+00, 9.413266E-01
2.2338044E-07, 1.0187500E+00, 9.479592E-01
2.2344294E-07, 1.0118623E+00, 9.556122E-01
2.2350544E-07, 1.0049745E+00, 9.604592E-01
2.2356794E-07, 1.0017858E+00, 9.589286E-01
2.2363044E-07, 1.0017858E+00, 9.516582E-01
2.2369294E-07, 1.0038265E+00, 9.395408E-01
2.2375544E-07, 1.0076531E+00, 9.260204E-01
2.2381794E-07, 1.0103316E+00, 9.168367E-01
2.2388044E-07, 1.0116072E+00, 9.133928E-01
2.2394294E-07, 1.0114796E+00, 9.167092E-01
2.2400544E-07, 1.0090561E+00, 9.246174E-01
2.2406794E-07, 1.0065051E+00, 9.316326E-01
2.2413044E-07, 1.0053571E+00, 9.357143E-01
2.2419294E-07, 1.0043367E+00, 9.366071E-01
2.2425544E-07, 1.0038265E+00, 9.332908E-01
2.2431794E-07, 1.0042092E+00, 9.279337E-01
2.2438044E-07, 1.0044643E+00, 9.242347E-01
2.2444294E-07, 1.0034438E+00, 9.223214E-01
2.2450544E-07, 1.0019133E+00, 9.209183E-01
2.2456794E-07, 1.0006378E+00, 9.195153E-01
2.2463044E-07, 9.998724E-01, 9.173470E-01
2.2469294E-07, 1.0005102E+00, 9.136479E-01
2.2475544E-07, 1.0030612E+00, 9.099490E-01
2.2481794E-07, 1.0054847E+00, 9.077806E-01
2.2488044E-07, 1.0089285E+00, 9.070153E-01
2.2494294E-07, 1.0121174E+00, 9.096939E-01
2.2500544E-07, 1.0125000E+00, 9.150510E-01
2.2506794E-07, 1.0118623E+00, 9.201531E-01
2.2513044E-07, 1.0099490E+00, 9.258928E-01
2.2519294E-07, 1.0073980E+00, 9.304847E-01
2.2525544E-07, 1.0053571E+00, 9.345663E-01
2.2531794E-07, 1.0029336E+00, 9.376276E-01
2.2538044E-07, 1.0020409E+00, 9.386480E-01
2.2544294E-07, 1.0029336E+00, 9.383929E-01
2.2550544E-07, 1.0044643E+00, 9.369898E-01
2.2556794E-07, 1.0080357E+00, 9.340561E-01
2.2563044E-07, 1.0122449E+00, 9.311224E-01
2.2569294E-07, 1.0156888E+00, 9.286990E-01
2.2575544E-07, 1.0183673E+00, 9.267857E-01
2.2581794E-07, 1.0182397E+00, 9.262755E-01
2.2588044E-07, 1.0153061E+00, 9.252551E-01
2.2594294E-07, 1.0119898E+00, 9.220663E-01
2.2600544E-07, 1.0085459E+00, 9.181122E-01
2.2606794E-07, 1.0082908E+00, 9.126276E-01
2.2613044E-07, 1.0113521E+00, 9.082908E-01
2.2619294E-07, 1.0165817E+00, 9.066327E-01
2.2625544E-07, 1.0235969E+00, 9.088010E-01
2.2631794E-07, 1.0279337E+00, 9.156888E-01
2.2638044E-07, 1.0272959E+00, 9.235969E-01
2.2644294E-07, 1.0215561E+00, 9.293367E-01
2.2650544E-07, 1.0133928E+00, 9.299745E-01
2.2656794E-07, 1.0063776E+00, 9.253827E-01
2.2663044E-07, 1.0040816E+00, 9.178572E-01
2.2669294E-07, 1.0091836E+00, 9.109694E-01
2.2675544E-07, 1.0198979E+00, 9.099490E-01
2.2681794E-07, 1.0321429E+00, 9.156888E-01
2.2688044E-07, 1.0403061E+00, 9.266582E-01
2.2694294E-07, 1.0409439E+00, 9.382653E-01
2.2700544E-07, 1.0335460E+00, 9.457908E-01
2.2706794E-07, 1.0200255E+00, 9.465562E-01
2.2713044E-07, 1.0054847E+00, 9.401786E-01
2.2719294E-07, 9.963010E-01, 9.307398E-01
2.2725544E-07, 9.943877E-01, 9.246174E-01
2.2731794E-07, 9.975765E-01, 9.246174E-01
2.2738044E-07, 1.0045918E+00, 9.294643E-01
2.2744294E-07, 1.0117347E+00, 9.376276E-01
2.2750544E-07, 1.0144132E+00, 9.450255E-01
2.2756794E-07, 1.0140306E+00, 9.466836E-01
2.2763044E-07, 1.0127552E+00, 9.438776E-01
2.2769294E-07, 1.0126276E+00, 9.390306E-01
2.2775544E-07, 1.0139030E+00, 9.355868E-01
2.2781794E-07, 1.0161990E+00, 9.352041E-01
2.2788044E-07, 1.0187500E+00, 9.380102E-01
2.2794294E-07, 1.0181123E+00, 9.431123E-01
2.2800544E-07, 1.0151786E+00, 9.464286E-01
2.2806794E-07, 1.0107143E+00, 9.469388E-01
2.2813044E-07, 1.0075256E+00, 9.441326E-01
2.2819294E-07, 1.0075256E+00, 9.395408E-01
2.2825544E-07, 1.0089285E+00, 9.349490E-01
2.2831794E-07, 1.0116072E+00, 9.297194E-01
2.2838044E-07, 1.0146683E+00, 9.247449E-01
2.2844294E-07, 1.0169643E+00, 9.214286E-01
2.2850544E-07, 1.0173470E+00, 9.197704E-01
2.2856794E-07, 1.0174745E+00, 9.195153E-01
2.2863044E-07, 1.0176021E+00, 9.221939E-01
2.2869294E-07, 1.0165817E+00, 9.270408E-01
2.2875544E-07, 1.0147959E+00, 9.320153E-01
2.2881794E-07, 1.0100765E+00, 9.364796E-01
2.2888044E-07, 1.0024235E+00, 9.378827E-01
2.2894294E-07, 9.945153E-01, 9.360970E-01
2.2900544E-07, 9.890306E-01, 9.332908E-01
2.2906794E-07, 9.886479E-01, 9.316326E-01
2.2913044E-07, 9.940051E-01, 9.327806E-01
2.2919294E-07, 1.0039541E+00, 9.368622E-01
2.2925544E-07, 1.0147959E+00, 9.422194E-01
2.2931794E-07, 1.0232143E+00, 9.452806E-01
2.2938044E-07, 1.0271684E+00, 9.437500E-01
2.2944294E-07, 1.0275511E+00, 9.375000E-01
2.2950544E-07, 1.0258929E+00, 9.293367E-01
2.2956794E-07, 1.0228317E+00, 9.220663E-01
2.2963044E-07, 1.0197704E+00, 9.168367E-01
2.2969294E-07, 1.0183673E+00, 9.145408E-01
2.2975544E-07, 1.0186224E+00, 9.154336E-01
2.2981794E-07, 1.0190051E+00, 9.183673E-01
2.2988044E-07, 1.0191326E+00, 9.206632E-01
2.2994294E-07, 1.0202806E+00, 9.227041E-01
2.3000544E-07, 1.0211735E+00, 9.262755E-01
2.3006794E-07, 1.0215561E+00, 9.313775E-01
2.3013044E-07, 1.0210459E+00, 9.380102E-01
2.3019294E-07, 1.0186224E+00, 9.452806E-01
2.3025544E-07, 1.0158163E+00, 9.503826E-01
2.3031794E-07, 1.0137755E+00, 9.521683E-01
2.3038044E-07, 1.0132653E+00, 9.502551E-01
2.3044294E-07, 1.0150510E+00, 9.448979E-01
2.3050544E-07, 1.0193877E+00, 9.381378E-01
2.3056794E-07, 1.0250000E+00, 9.330357E-01
2.3063044E-07, 1.0285715E+00, 9.311224E-01
2.3069294E-07, 1.0280613E+00, 9.309949E-01
2.3075544E-07, 1.0243622E+00, 9.309949E-01
2.3081794E-07, 1.0190051E+00, 9.313775E-01
2.3088044E-07, 1.0137755E+00, 9.315051E-01
2.3094294E-07, 1.0107143E+00, 9.306123E-01
2.3100544E-07, 1.0110970E+00, 9.290816E-01
2.3106794E-07, 1.0149235E+00, 9.272959E-01
2.3113044E-07, 1.0210459E+00, 9.251276E-01
2.3119294E-07, 1.0276786E+00, 9.228317E-01
2.3125544E-07, 1.0313776E+00, 9.214286E-01
2.3131794E-07, 1.0316327E+00, 9.204082E-01
2.3138044E-07, 1.0283164E+00, 9.210459E-01
2.3144294E-07, 1.0214286E+00, 9.238520E-01
2.3150544E-07, 1.0137755E+00, 9.269133E-01
2.3156794E-07, 1.0085459E+00, 9.293367E-01
2.3163044E-07, 1.0072705E+00, 9.309949E-01
2.3169294E-07, 1.0089285E+00, 9.321429E-01
2.3175544E-07, 1.0136479E+00, 9.323980E-01
2.3181794E-07, 1.0187500E+00, 9.345663E-01
2.3188044E-07, 1.0198979E+00, 9.389030E-01
2.3194294E-07, 1.0179847E+00, 9.422194E-01
2.3200544E-07, 1.0145408E+00, 9.440051E-01
2.3206794E-07, 1.0123725E+00, 9.424745E-01
2.3213044E-07, 1.0140306E+00, 9.371173E-01
2.3219294E-07, 1.0196428E+00, 9.301021E-01
2.3225544E-07, 1.0286989E+00, 9.237245E-01
2.3231794E-07, 1.0366071E+00, 9.220663E-01
2.3238044E-07, 1.0403061E+00, 9.244898E-01
2.3244294E-07, 1.0381378E+00, 9.302296E-01
2.3250544E-07, 1.0309949E+00, 9.358419E-01
2.3256794E-07, 1.0225766E+00, 9.381378E-01
2.3263044E-07, 1.0150510E+00, 9.371173E-01
2.3269294E-07, 1.0105867E+00, 9.326531E-01
2.3275544E-07, 1.0088010E+00, 9.278061E-01
2.3281794E-07, 1.0081632E+00, 9.243622E-01
2.3288044E-07, 1.0095663E+00, 9.234694E-01
2.3294294E-07, 1.0118623E+00, 9.269133E-01
2.3300544E-07, 1.0146683E+00, 9.315051E-01
2.3306794E-07, 1.0207908E+00, 9.345663E-01
2.3313044E-07, 1.0275511E+00, 9.364796E-01
2.3319294E-07, 1.0331633E+00, 9.350765E-01
2.3325544E-07, 1.0369898E+00, 9.317602E-01
2.3331794E-07, 1.0363520E+00, 9.299745E-01
2.3338044E-07, 1.0325255E+00, 9.304847E-01
2.3344294E-07, 1.0280613E+00, 9.353316E-01
2.3350544E-07, 1.0247449E+00, 9.438776E-01
2.3356794E-07, 1.0246173E+00, 9.525510E-01
2.3363044E-07, 1.0272959E+00, 9.589286E-01
2.3369294E-07, 1.0313776E+00, 9.594388E-01
2.3375544E-07, 1.0345663E+00, 9.538265E-01
2.3381794E-07, 1.0346938E+00, 9.440051E-01
2.3388044E-07, 1.0313776E+00, 9.330357E-01
2.3394294E-07, 1.0255102E+00, 9.251276E-01
2.3400544E-07, 1.0197704E+00, 9.230868E-01
2.3406794E-07, 1.0142857E+00, 9.281888E-01
2.3413044E-07, 1.0108418E+00, 9.360970E-01
2.3419294E-07, 1.0098214E+00, 9.434949E-01
2.3425544E-07, 1.0098214E+00, 9.475765E-01
2.3431794E-07, 1.0119898E+00, 9.459184E-01
2.3438044E-07, 1.0156888E+00, 9.414541E-01
2.3444294E-07, 1.0196428E+00, 9.368622E-01
2.3450544E-07, 1.0234693E+00, 9.341837E-01
2.3456794E-07, 1.0270408E+00, 9.348214E-01
2.3463044E-07, 1.0288265E+00, 9.380102E-01
2.3469294E-07, 1.0290816E+00, 9.411990E-01
2.3475544E-07, 1.0276786E+00, 9.428571E-01
2.3481794E-07, 1.0234693E+00, 9.423469E-01
2.3488044E-07, 1.0193877E+00, 9.391581E-01
2.3494294E-07, 1.0154337E+00, 9.369898E-01
2.3500544E-07, 1.0127552E+00, 9.363520E-01
2.3506794E-07, 1.0126276E+00, 9.367347E-01
2.3513044E-07, 1.0140306E+00, 9.382653E-01
2.3519294E-07, 1.0178572E+00, 9.380102E-01
2.3525544E-07, 1.0223215E+00, 9.372449E-01
2.3531794E-07, 1.0255102E+00, 9.358419E-01
2.3538044E-07, 1.0276786E+00, 9.349490E-01
2.3544294E-07, 1.0278062E+00, 9.376276E-01
2.3550544E-07, 1.0272959E+00, 9.429847E-01
2.3556794E-07, 1.0255102E+00, 9.506378E-01
2.3563044E-07, 1.0228317E+00, 9.567602E-01
2.3569294E-07, 1.0207908E+00, 9.584184E-01
2.3575544E-07, 1.0179847E+00, 9.551020E-01
2.3581794E-07, 1.0163265E+00, 9.463010E-01
2.3588044E-07, 1.0154337E+00, 9.355868E-01
2.3594294E-07, 1.0163265E+00, 9.250000E-01
2.3600544E-07, 1.0211735E+00, 9.173470E-01
2.3606794E-07, 1.0266582E+00, 9.156888E-01
2.3613044E-07, 1.0329082E+00, 9.173470E-01
2.3619294E-07, 1.0360969E+00, 9.220663E-01
2.3625544E-07, 1.0338011E+00, 9.261479E-01
2.3631794E-07, 1.0280613E+00, 9.271684E-01
2.3638044E-07, 1.0195153E+00, 9.266582E-01
2.3644294E-07, 1.0119898E+00, 9.238520E-01
2.3650544E-07, 1.0077807E+00, 9.216837E-01
2.3656794E-07, 1.0088010E+00, 9.207908E-01
2.3663044E-07, 1.0150510E+00, 9.223214E-01
2.3669294E-07, 1.0230868E+00, 9.269133E-01
2.3675544E-07, 1.0302296E+00, 9.317602E-01
2.3681794E-07, 1.0339285E+00, 9.352041E-01
2.3688044E-07, 1.0341836E+00, 9.362245E-01
2.3694294E-07, 1.0302296E+00, 9.360970E-01
2.3700544E-07, 1.0230868E+00, 9.341837E-01
2.3706794E-07, 1.0161990E+00, 9.320153E-01
2.3713044E-07, 1.0105867E+00, 9.318877E-01
2.3719294E-07, 1.0077807E+00, 9.323980E-01
2.3725544E-07, 1.0082908E+00, 9.329082E-01
2.3731794E-07, 1.0112245E+00, 9.325255E-01
2.3738044E-07, 1.0150510E+00, 9.311224E-01
2.3744294E-07, 1.0174745E+00, 9.295918E-01
2.3750544E-07, 1.0190051E+00, 9.290816E-01
2.3756794E-07, 1.0184948E+00, 9.326531E-01
2.3763044E-07, 1.0165817E+00, 9.399235E-01
2.3769294E-07, 1.0164541E+00, 9.487245E-01
2.3775544E-07, 1.0170919E+00, 9.582908E-01
2.3781794E-07, 1.0188775E+00, 9.636480E-01
2.3788044E-07, 1.0210459E+00, 9.637755E-01
2.3794294E-07, 1.0210459E+00, 9.593112E-01
2.3800544E-07, 1.0192602E+00, 9.510204E-01
2.3806794E-07, 1.0153061E+00, 9.433674E-01
2.3813044E-07, 1.0105867E+00, 9.380102E-01
2.3819294E-07, 1.0070153E+00, 9.358419E-01
2.3825544E-07, 1.0071429E+00, 9.367347E-01
2.3831794E-07, 1.0094388E+00, 9.403061E-01
2.3838044E-07, 1.0127552E+00, 9.432398E-01
2.3844294E-07, 1.0182397E+00, 9.441326E-01
2.3850544E-07, 1.0230868E+00, 9.450255E-01
2.3856794E-07, 1.0267857E+00, 9.446428E-01
2.3863044E-07, 1.0290816E+00, 9.441326E-01
2.3869294E-07, 1.0288265E+00, 9.443877E-01
2.3875544E-07, 1.0260204E+00, 9.446428E-01
2.3881794E-07, 1.0214286E+00, 9.443877E-01
2.3888044E-07, 1.0176021E+00, 9.424745E-01
2.3894294E-07, 1.0169643E+00, 9.392857E-01
2.3900544E-07, 1.0201530E+00, 9.349490E-01
2.3906794E-07, 1.0272959E+00, 9.294643E-01
2.3913044E-07, 1.0360969E+00, 9.251276E-01
2.3919294E-07, 1.0411990E+00, 9.241071E-01
2.3925544E-07, 1.0397959E+00, 9.257653E-01
2.3931794E-07, 1.0325255E+00, 9.298469E-01
2.3938044E-07, 1.0216837E+00, 9.360970E-01
2.3944294E-07, 1.0109694E+00, 9.415816E-01
2.3950544E-07, 1.0059949E+00, 9.438776E-01
2.3956794E-07, 1.0073980E+00, 9.440051E-01
2.3963044E-07, 1.0122449E+00, 9.417092E-01
2.3969294E-07, 1.0173470E+00, 9.378827E-01
2.3975544E-07, 1.0176021E+00, 9.352041E-01
2.3981794E-07, 1.0123725E+00, 9.332908E-01
2.3988044E-07, 1.0036989E+00, 9.322704E-01
2.3994294E-07, 9.963010E-01, 9.315051E-01
2.4000544E-07, 9.956633E-01, 9.309949E-01
2.4006794E-07, 1.0024235E+00, 9.316326E-01
2.4013044E-07, 1.0150510E+00, 9.321429E-01
2.4019294E-07, 1.0283164E+00, 9.331633E-01
2.4025544E-07, 1.0381378E+00, 9.341837E-01
2.4031794E-07, 1.0408163E+00, 9.353316E-01
2.4038044E-07, 1.0382653E+00, 9.349490E-01
2.4044294E-07, 1.0349489E+00, 9.348214E-01
2.4050544E-07, 1.0318878E+00, 9.362245E-01
2.4056794E-07, 1.0311224E+00, 9.375000E-01
2.4063044E-07, 1.0320153E+00, 9.383929E-01
2.4069294E-07, 1.0321429E+00, 9.381378E-01
2.4075544E-07, 1.0286989E+00, 9.358419E-01
2.4081794E-07, 1.0223215E+00, 9.311224E-01
2.4088044E-07, 1.0150510E+00, 9.258928E-01
2.4094294E-07, 1.0099490E+00, 9.233418E-01
2.4100544E-07, 1.0093112E+00, 9.253827E-01
2.4106794E-07, 1.0131377E+00, 9.322704E-01
2.4113044E-07, 1.0192602E+00, 9.418367E-01
2.4119294E-07, 1.0243622E+00, 9.503826E-01
2.4125544E-07, 1.0261480E+00, 9.542092E-01
2.4131794E-07, 1.0234693E+00, 9.519132E-01
2.4138044E-07, 1.0181123E+00, 9.442602E-01
2.4144294E-07, 1.0128827E+00, 9.357143E-01
2.4150544E-07, 1.0093112E+00, 9.302296E-01
2.4156794E-07, 1.0073980E+00, 9.302296E-01
2.4163044E-07, 1.0071429E+00, 9.341837E-01
2.4169294E-07, 1.0084183E+00, 9.400510E-01
2.4175544E-07, 1.0095663E+00, 9.451531E-01
2.4181794E-07, 1.0110970E+00, 9.459184E-01
2.4188044E-07, 1.0137755E+00, 9.427296E-01
2.4194294E-07, 1.0174745E+00, 9.382653E-01
2.4200544E-07, 1.0200255E+00, 9.354592E-01
2.4206794E-07, 1.0210459E+00, 9.344388E-01
2.4213044E-07, 1.0214286E+00, 9.360970E-01
2.4219294E-07, 1.0192602E+00, 9.410715E-01
2.4225544E-07, 1.0172194E+00, 9.448979E-01
2.4231794E-07, 1.0176021E+00, 9.478316E-01
2.4238044E-07, 1.0192602E+00, 9.500000E-01
2.4244294E-07, 1.0219388E+00, 9.502551E-01
2.4250544E-07, 1.0235969E+00, 9.498724E-01
2.4256794E-07, 1.0224490E+00, 9.483418E-01
2.4263044E-07, 1.0188775E+00, 9.447704E-01
2.4269294E-07, 1.0132653E+00, 9.401786E-01
2.4275544E-07, 1.0082908E+00, 9.340561E-01
2.4281794E-07, 1.0079081E+00, 9.272959E-01
2.4288044E-07, 1.0113521E+00, 9.238520E-01
2.4294294E-07, 1.0181123E+00, 9.233418E-01
2.4300544E-07, 1.0269133E+00, 9.256378E-01
2.4306794E-07, 1.0336735E+00, 9.311224E-01
2.4313044E-07, 1.0368623E+00, 9.364796E-01
2.4319294E-07, 1.0357143E+00, 9.408163E-01
2.4325544E-07, 1.0298469E+00, 9.437500E-01
2.4331794E-07, 1.0213010E+00, 9.443877E-01
2.4338044E-07, 1.0126276E+00, 9.438776E-01
2.4344294E-07, 1.0067602E+00, 9.431123E-01
2.4350544E-07, 1.0052296E+00, 9.429847E-01
2.4356794E-07, 1.0080357E+00, 9.433674E-01
2.4363044E-07, 1.0136479E+00, 9.441326E-01
2.4369294E-07, 1.0191326E+00, 9.443877E-01
2.4375544E-07, 1.0235969E+00, 9.440051E-01
2.4381794E-07, 1.0256377E+00, 9.445153E-01
2.4388044E-07, 1.0229592E+00, 9.454082E-01
2.4394294E-07, 1.0181123E+00, 9.446428E-01
2.4400544E-07, 1.0137755E+00, 9.420918E-01
2.4406794E-07, 1.0112245E+00, 9.383929E-01
2.4413044E-07, 1.0126276E+00, 9.329082E-01
2.4419294E-07, 1.0176021E+00, 9.284438E-01
2.4425544E-07, 1.0244898E+00, 9.269133E-01
2.4431794E-07, 1.0317602E+00, 9.280612E-01
2.4438044E-07, 1.0372449E+00, 9.327806E-01
2.4444294E-07, 1.0386480E+00, 9.386480E-01
2.4450544E-07, 1.0355867E+00, 9.423469E-01
2.4456794E-07, 1.0286989E+00, 9.423469E-01
2.4463044E-07, 1.0198979E+00, 9.383929E-01
2.4469294E-07, 1.0103316E+00, 9.321429E-01
2.4475544E-07, 1.0030612E+00, 9.256378E-01
2.4481794E-07, 1.0002551E+00, 9.216837E-01
2.4488044E-07, 9.994898E-01, 9.216837E-01
2.4494294E-07, 1.0017858E+00, 9.225765E-01
2.4500544E-07, 1.0058674E+00, 9.252551E-01
2.4506794E-07, 1.0076531E+00, 9.297194E-01
2.4513044E-07, 1.0081632E+00, 9.336734E-01
2.4519294E-07, 1.0077807E+00, 9.391581E-01
2.4525544E-07, 1.0076531E+00, 9.456633E-01
2.4531794E-07, 1.0103316E+00, 9.517857E-01
2.4538044E-07, 1.0140306E+00, 9.570153E-01
2.4544294E-07, 1.0179847E+00, 9.579082E-01
2.4550544E-07, 1.0213010E+00, 9.547194E-01
2.4556794E-07, 1.0210459E+00, 9.496173E-01
2.4563044E-07, 1.0177296E+00, 9.434949E-01
2.4569294E-07, 1.0133928E+00, 9.397959E-01
2.4575544E-07, 1.0098214E+00, 9.399235E-01
2.4581794E-07, 1.0089285E+00, 9.423469E-01
2.4588044E-07, 1.0128827E+00, 9.454082E-01
2.4594294E-07, 1.0191326E+00, 9.488521E-01
2.4600544E-07, 1.0244898E+00, 9.502551E-01
2.4606794E-07, 1.0270408E+00, 9.498724E-01
2.4613044E-07, 1.0250000E+00, 9.493622E-01
2.4619294E-07, 1.0207908E+00, 9.491072E-01
2.4625544E-07, 1.0160714E+00, 9.503826E-01
2.4631794E-07, 1.0127552E+00, 9.519132E-01
2.4638044E-07, 1.0131377E+00, 9.528061E-01
2.4644294E-07, 1.0165817E+00, 9.534439E-01
2.4650544E-07, 1.0195153E+00, 9.536990E-01
2.4656794E-07, 1.0202806E+00, 9.530612E-01
2.4663044E-07, 1.0177296E+00, 9.525510E-01
2.4669294E-07, 1.0122449E+00, 9.520408E-01
2.4675544E-07, 1.0067602E+00, 9.505102E-01
2.4681794E-07, 1.0029336E+00, 9.480867E-01
2.4688044E-07, 1.0026785E+00, 9.436225E-01
2.4694294E-07, 1.0056123E+00, 9.383929E-01
2.4700544E-07, 1.0090561E+00, 9.332908E-01
2.4706794E-07, 1.0117347E+00, 9.290816E-01
2.4713044E-07, 1.0116072E+00, 9.270408E-01
2.4719294E-07, 1.0102041E+00, 9.261479E-01
2.4725544E-07, 1.0107143E+00, 9.267857E-01
2.4731794E-07, 1.0137755E+00, 9.295918E-01
2.4738044E-07, 1.0191326E+00, 9.329082E-01
2.4744294E-07, 1.0265306E+00, 9.352041E-01
2.4750544E-07, 1.0335460E+00, 9.367347E-01
2.4756794E-07, 1.0364796E+00, 9.377551E-01
2.4763044E-07, 1.0352041E+00, 9.366071E-01
2.4769294E-07, 1.0298469E+00, 9.339285E-01
2.4775544E-07, 1.0225766E+00, 9.307398E-01
2.4781794E-07, 1.0163265E+00, 9.281888E-01
2.4788044E-07, 1.0135204E+00, 9.278061E-01
2.4794294E-07, 1.0139030E+00, 9.312500E-01
2.4800544E-07, 1.0167092E+00, 9.372449E-01
2.4806794E-07, 1.0213010E+00, 9.441326E-01
2.4813044E-07, 1.0239795E+00, 9.503826E-01
2.4819294E-07, 1.0252551E+00, 9.517857E-01
2.4825544E-07, 1.0252551E+00, 9.487245E-01
2.4831794E-07, 1.0238520E+00, 9.419643E-01
2.4838044E-07, 1.0242347E+00, 9.331633E-01
2.4844294E-07, 1.0260204E+00, 9.270408E-01
2.4850544E-07, 1.0288265E+00, 9.242347E-01
2.4856794E-07, 1.0323980E+00, 9.244898E-01
2.4863044E-07, 1.0346938E+00, 9.267857E-01
2.4869294E-07, 1.0343112E+00, 9.290816E-01
2.4875544E-07, 1.0301020E+00, 9.303572E-01
2.4881794E-07, 1.0239795E+00, 9.297194E-01
2.4888044E-07, 1.0178572E+00, 9.298469E-01
2.4894294E-07, 1.0133928E+00, 9.323980E-01
2.4900544E-07, 1.0128827E+00, 9.363520E-01
2.4906794E-07, 1.0151786E+00, 9.410715E-01
2.4913044E-07, 1.0193877E+00, 9.432398E-01
2.4919294E-07, 1.0234693E+00, 9.418367E-01
2.4925544E-07, 1.0264031E+00, 9.372449E-01
2.4931794E-07, 1.0278062E+00, 9.320153E-01
2.4938044E-07, 1.0281888E+00, 9.293367E-01
2.4944294E-07, 1.0307398E+00, 9.306123E-01
2.4950544E-07, 1.0346938E+00, 9.372449E-01
2.4956794E-07, 1.0390307E+00, 9.459184E-01
2.4963044E-07, 1.0413265E+00, 9.534439E-01
2.4969294E-07, 1.0389031E+00, 9.568878E-01
2.4975544E-07, 1.0320153E+00, 9.553571E-01
2.4981794E-07, 1.0223215E+00, 9.514031E-01
2.4988044E-07, 1.0139030E+00, 9.475765E-01
2.4994294E-07, 1.0095663E+00, 9.460459E-01
2.5000544E-07, 1.0110970E+00, 9.464286E-01
2.5006794E-07, 1.0170919E+00, 9.471939E-01
2.5013044E-07, 1.0237244E+00, 9.457908E-01
2.5019294E-07, 1.0285715E+00, 9.410715E-01
2.5025544E-07, 1.0294642E+00, 9.348214E-01
2.5031794E-07, 1.0271684E+00, 9.298469E-01
2.5038044E-07, 1.0230868E+00, 9.295918E-01
2.5044294E-07, 1.0192602E+00, 9.340561E-01
2.5050544E-07, 1.0176021E+00, 9.413266E-01
2.5056794E-07, 1.0173470E+00, 9.483418E-01
2.5063044E-07, 1.0186224E+00, 9.502551E-01
2.5069294E-07, 1.0205357E+00, 9.464286E-01
2.5075544E-07, 1.0227041E+00, 9.385204E-01
2.5081794E-07, 1.0253826E+00, 9.303572E-01
2.5088044E-07, 1.0276786E+00, 9.262755E-01
2.5094294E-07, 1.0286989E+00, 9.276786E-01
2.5100544E-07, 1.0280613E+00, 9.334184E-01
2.5106794E-07, 1.0266582E+00, 9.401786E-01
2.5113044E-07, 1.0227041E+00, 9.454082E-01
2.5119294E-07, 1.0193877E+00, 9.450255E-01
2.5125544E-07, 1.0178572E+00, 9.406888E-01
2.5131794E-07, 1.0163265E+00, 9.357143E-01
2.5138044E-07, 1.0172194E+00, 9.302296E-01
2.5144294E-07, 1.0182397E+00, 9.292092E-01
2.5150544E-07, 1.0187500E+00, 9.316326E-01
2.5156794E-07, 1.0200255E+00, 9.359694E-01
2.5163044E-07, 1.0207908E+00, 9.413266E-01
2.5169294E-07, 1.0218112E+00, 9.445153E-01
2.5175544E-07, 1.0243622E+00, 9.451531E-01
2.5181794E-07, 1.0260204E+00, 9.447704E-01
2.5188044E-07, 1.0271684E+00, 9.419643E-01
2.5194294E-07, 1.0269133E+00, 9.385204E-01
2.5200544E-07, 1.0247449E+00, 9.346939E-01
2.5206794E-07, 1.0228317E+00, 9.304847E-01
2.5213044E-07, 1.0225766E+00, 9.276786E-01
2.5219294E-07, 1.0252551E+00, 9.269133E-01
2.5225544E-07, 1.0308673E+00, 9.292092E-01
2.5231794E-07, 1.0389031E+00, 9.345663E-01
2.5238044E-07, 1.0456632E+00, 9.422194E-01
2.5244294E-07, 1.0501275E+00, 9.492347E-01
2.5250544E-07, 1.0502551E+00, 9.553571E-01
2.5256794E-07, 1.0450255E+00, 9.588010E-01
2.5263044E-07, 1.0385205E+00, 9.588010E-01
2.5269294E-07, 1.0316327E+00, 9.586735E-01
2.5275544E-07, 1.0262755E+00, 9.576530E-01
2.5281794E-07, 1.0242347E+00, 9.561225E-01
2.5288044E-07, 1.0234693E+00, 9.543368E-01
2.5294294E-07, 1.0251275E+00, 9.496173E-01
2.5300544E-07, 1.0279337E+00, 9.447704E-01
2.5306794E-07, 1.0299745E+00, 9.411990E-01
2.5313044E-07, 1.0313776E+00, 9.395408E-01
2.5319294E-07, 1.0313776E+00, 9.413266E-01
2.5325544E-07, 1.0308673E+00, 9.455357E-01
2.5331794E-07, 1.0286989E+00, 9.510204E-01
2.5338044E-07, 1.0251275E+00, 9.534439E-01
2.5344294E-07, 1.0234693E+00, 9.503826E-01
2.5350544E-07, 1.0238520E+00, 9.445153E-01
2.5356794E-07, 1.0257653E+00, 9.373724E-01
2.5363044E-07, 1.0297194E+00, 9.316326E-01
2.5369294E-07, 1.0330358E+00, 9.307398E-01
2.5375544E-07, 1.0340561E+00, 9.340561E-01
2.5381794E-07, 1.0318878E+00, 9.396684E-01
2.5388044E-07, 1.0265306E+00, 9.446428E-01
2.5394294E-07, 1.0202806E+00, 9.463010E-01
2.5400544E-07, 1.0161990E+00, 9.451531E-01
2.5406794E-07, 1.0155612E+00, 9.432398E-01
2.5413044E-07, 1.0193877E+00, 9.428571E-01
2.5419294E-07, 1.0246173E+00, 9.470663E-01
2.5425544E-07, 1.0281888E+00, 9.535714E-01
2.5431794E-07, 1.0294642E+00, 9.600765E-01
2.5438044E-07, 1.0266582E+00, 9.647959E-01
2.5444294E-07, 1.0206633E+00, 9.640306E-01
2.5450544E-07, 1.0154337E+00, 9.572704E-01
2.5456794E-07, 1.0130103E+00, 9.479592E-01
2.5463044E-07, 1.0126276E+00, 9.392857E-01
2.5469294E-07, 1.0154337E+00, 9.321429E-01
2.5475544E-07, 1.0204082E+00, 9.297194E-01
2.5481794E-07, 1.0242347E+00, 9.322704E-01
2.5488044E-07, 1.0258929E+00, 9.367347E-01
2.5494294E-07, 1.0261480E+00, 9.417092E-01
2.5500544E-07, 1.0243622E+00, 9.468112E-01
2.5506794E-07, 1.0201530E+00, 9.500000E-01
2.5513044E-07, 1.0172194E+00, 9.503826E-01
2.5519294E-07, 1.0156888E+00, 9.500000E-01
2.5525544E-07, 1.0167092E+00, 9.483418E-01
2.5531794E-07, 1.0211735E+00, 9.459184E-01
2.5538044E-07, 1.0272959E+00, 9.443877E-01
2.5544294E-07, 1.0336735E+00, 9.438776E-01
2.5550544E-07, 1.0380102E+00, 9.452806E-01
2.5556794E-07, 1.0372449E+00, 9.482143E-01
2.5563044E-07, 1.0317602E+00, 9.500000E-01
2.5569294E-07, 1.0256377E+00, 9.488521E-01
2.5575544E-07, 1.0205357E+00, 9.456633E-01
2.5581794E-07, 1.0195153E+00, 9.400510E-01
2.5588044E-07, 1.0232143E+00, 9.343112E-01
2.5594294E-07, 1.0292091E+00, 9.308674E-01
2.5600544E-07, 1.0352041E+00, 9.308674E-01
2.5606794E-07, 1.0373725E+00, 9.350765E-01
2.5613044E-07, 1.0353316E+00, 9.411990E-01
2.5619294E-07, 1.0309949E+00, 9.465562E-01
2.5625544E-07, 1.0270408E+00, 9.500000E-01
2.5631794E-07, 1.0253826E+00, 9.508929E-01
2.5638044E-07, 1.0258929E+00, 9.493622E-01
2.5644294E-07, 1.0270408E+00, 9.465562E-01
2.5650544E-07, 1.0276786E+00, 9.432398E-01
2.5656794E-07, 1.0265306E+00, 9.414541E-01
2.5663044E-07, 1.0227041E+00, 9.410715E-01
2.5669294E-07, 1.0183673E+00, 9.411990E-01
2.5675544E-07, 1.0151786E+00, 9.417092E-01
2.5681794E-07, 1.0151786E+00, 9.422194E-01
2.5688044E-07, 1.0178572E+00, 9.436225E-01
2.5694294E-07, 1.0224490E+00, 9.446428E-01
2.5700544E-07, 1.0275511E+00, 9.454082E-01
2.5706794E-07, 1.0299745E+00, 9.457908E-01
2.5713044E-07, 1.0293367E+00, 9.434949E-01
2.5719294E-07, 1.0235969E+00, 9.397959E-01
2.5725544E-07, 1.0150510E+00, 9.335459E-01
2.5731794E-07, 1.0070153E+00, 9.272959E-01
2.5738044E-07, 1.0007653E+00, 9.246174E-01
2.5744294E-07, 9.984694E-01, 9.257653E-01
2.5750544E-07, 1.0006378E+00, 9.316326E-01
2.5756794E-07, 1.0072705E+00, 9.396684E-01
2.5763044E-07, 1.0163265E+00, 9.484694E-01
2.5769294E-07, 1.0247449E+00, 9.552296E-01
2.5775544E-07, 1.0311224E+00, 9.572704E-01
2.5781794E-07, 1.0366071E+00, 9.551020E-01
2.5788044E-07, 1.0415816E+00, 9.517857E-01
2.5794294E-07, 1.0447704E+00, 9.491072E-01
2.5800544E-07, 1.0477041E+00, 9.466836E-01
2.5806794E-07, 1.0489796E+00, 9.463010E-01
2.5813044E-07, 1.0455357E+00, 9.470663E-01
2.5819294E-07, 1.0381378E+00, 9.465562E-01
2.5825544E-07, 1.0285715E+00, 9.451531E-01
2.5831794E-07, 1.0191326E+00, 9.441326E-01
2.5838044E-07, 1.0127552E+00, 9.434949E-01
2.5844294E-07, 1.0119898E+00, 9.426020E-01
2.5850544E-07, 1.0178572E+00, 9.418367E-01
2.5856794E-07, 1.0272959E+00, 9.413266E-01
2.5863044E-07, 1.0371174E+00, 9.403061E-01
2.5869294E-07, 1.0432398E+00, 9.399235E-01
2.5875544E-07, 1.0438776E+00, 9.406888E-01
2.5881794E-07, 1.0399234E+00, 9.427296E-01
2.5888044E-07, 1.0336735E+00, 9.456633E-01
2.5894294E-07, 1.0286989E+00, 9.478316E-01
2.5900544E-07, 1.0260204E+00, 9.479592E-01
2.5906794E-07, 1.0272959E+00, 9.447704E-01
2.5913044E-07, 1.0293367E+00, 9.406888E-01
2.5919294E-07, 1.0297194E+00, 9.366071E-01
2.5925544E-07, 1.0279337E+00, 9.346939E-01
2.5931794E-07, 1.0230868E+00, 9.364796E-01
2.5938044E-07, 1.0186224E+00, 9.399235E-01
2.5944294E-07, 1.0170919E+00, 9.441326E-01
2.5950544E-07, 1.0187500E+00, 9.468112E-01
2.5956794E-07, 1.0235969E+00, 9.456633E-01
2.5963044E-07, 1.0293367E+00, 9.420918E-01
2.5969294E-07, 1.0322704E+00, 9.377551E-01
2.5975544E-07, 1.0326531E+00, 9.332908E-01
2.5981794E-07, 1.0303571E+00, 9.318877E-01
2.5988044E-07, 1.0274235E+00, 9.323980E-01
2.5994294E-07, 1.0269133E+00, 9.340561E-01
2.6000544E-07, 1.0283164E+00, 9.366071E-01
2.6006794E-07, 1.0316327E+00, 9.377551E-01
2.6013044E-07, 1.0346938E+00, 9.385204E-01
2.6019294E-07, 1.0350765E+00, 9.394132E-01
2.6025544E-07, 1.0334184E+00, 9.401786E-01
2.6031794E-07, 1.0309949E+00, 9.422194E-01
2.6038044E-07, 1.0292091E+00, 9.450255E-01
2.6044294E-07, 1.0303571E+00, 9.475765E-01
2.6050544E-07, 1.0336735E+00, 9.494898E-01
2.6056794E-07, 1.0385205E+00, 9.502551E-01
2.6063044E-07, 1.0420918E+00, 9.503826E-01
2.6069294E-07, 1.0419643E+00, 9.501275E-01
2.6075544E-07, 1.0392857E+00, 9.491072E-01
2.6081794E-07, 1.0350765E+00, 9.488521E-01
2.6088044E-07, 1.0312500E+00, 9.488521E-01
2.6094294E-07, 1.0304847E+00, 9.479592E-01
2.6100544E-07, 1.0343112E+00, 9.468112E-01
2.6106794E-07, 1.0399234E+00, 9.459184E-01
2.6113044E-07, 1.0454081E+00, 9.446428E-01
2.6119294E-07, 1.0463010E+00, 9.438776E-01
2.6125544E-07, 1.0411990E+00, 9.428571E-01
2.6131794E-07, 1.0329082E+00, 9.427296E-01
2.6138044E-07, 1.0225766E+00, 9.447704E-01
2.6144294E-07, 1.0150510E+00, 9.468112E-01
2.6150544E-07, 1.0139030E+00, 9.484694E-01
2.6156794E-07, 1.0205357E+00, 9.488521E-01
2.6163044E-07, 1.0330358E+00, 9.478316E-01
2.6169294E-07, 1.0448979E+00, 9.454082E-01
2.6175544E-07, 1.0540817E+00, 9.403061E-01
2.6181794E-07, 1.0582908E+00, 9.364796E-01
2.6188044E-07, 1.0556122E+00, 9.358419E-01
2.6194294E-07, 1.0489796E+00, 9.376276E-01
2.6200544E-07, 1.0413265E+00, 9.419643E-01
2.6206794E-07, 1.0355867E+00, 9.470663E-01
2.6213044E-07, 1.0315051E+00, 9.516582E-01
2.6219294E-07, 1.0284439E+00, 9.531888E-01
2.6225544E-07, 1.0253826E+00, 9.507653E-01
2.6231794E-07, 1.0215561E+00, 9.455357E-01
2.6238044E-07, 1.0177296E+00, 9.390306E-01
2.6244294E-07, 1.0155612E+00, 9.326531E-01
2.6250544E-07, 1.0165817E+00, 9.279337E-01
2.6256794E-07, 1.0213010E+00, 9.258928E-01
2.6263044E-07, 1.0294642E+00, 9.266582E-01
2.6269294E-07, 1.0383929E+00, 9.309949E-01
2.6275544E-07, 1.0446428E+00, 9.377551E-01
2.6281794E-07, 1.0457908E+00, 9.451531E-01
2.6288044E-07, 1.0417092E+00, 9.506378E-01
2.6294294E-07, 1.0340561E+00, 9.526786E-01
2.6300544E-07, 1.0256377E+00, 9.514031E-01
2.6306794E-07, 1.0197704E+00, 9.473214E-01
2.6313044E-07, 1.0191326E+00, 9.438776E-01
2.6319294E-07, 1.0223215E+00, 9.446428E-01
2.6325544E-07, 1.0272959E+00, 9.497449E-01
2.6331794E-07, 1.0326531E+00, 9.576530E-01
2.6338044E-07, 1.0359694E+00, 9.661990E-01
2.6344294E-07, 1.0364796E+00, 9.710459E-01
2.6350544E-07, 1.0344387E+00, 9.697704E-01
2.6356794E-07, 1.0311224E+00, 9.616072E-01
2.6363044E-07, 1.0281888E+00, 9.497449E-01
2.6369294E-07, 1.0267857E+00, 9.385204E-01
2.6375544E-07, 1.0269133E+00, 9.322704E-01
2.6381794E-07, 1.0269133E+00, 9.329082E-01
2.6388044E-07, 1.0261480E+00, 9.381378E-01
2.6394294E-07, 1.0237244E+00, 9.452806E-01
2.6400544E-07, 1.0192602E+00, 9.502551E-01
2.6406794E-07, 1.0151786E+00, 9.503826E-01
2.6413044E-07, 1.0131377E+00, 9.479592E-01
2.6419294E-07, 1.0130103E+00, 9.454082E-01
2.6425544E-07, 1.0155612E+00, 9.440051E-01
2.6431794E-07, 1.0204082E+00, 9.455357E-01
2.6438044E-07, 1.0265306E+00, 9.485970E-01
2.6444294E-07, 1.0318878E+00, 9.512755E-01
2.6450544E-07, 1.0330358E+00, 9.508929E-01
2.6456794E-07, 1.0304847E+00, 9.454082E-01
2.6463044E-07, 1.0256377E+00, 9.378827E-01
2.6469294E-07, 1.0192602E+00, 9.325255E-01
2.6475544E-07, 1.0149235E+00, 9.315051E-01
2.6481794E-07, 1.0140306E+00, 9.371173E-01
2.6488044E-07, 1.0168368E+00, 9.466836E-01
2.6494294E-07, 1.0233419E+00, 9.554847E-01
2.6500544E-07, 1.0308673E+00, 9.604592E-01
2.6506794E-07, 1.0363520E+00, 9.591837E-01
2.6513044E-07, 1.0386480E+00, 9.521683E-01
2.6519294E-07, 1.0378827E+00, 9.438776E-01
2.6525544E-07, 1.0355867E+00, 9.383929E-01
2.6531794E-07, 1.0332909E+00, 9.377551E-01
2.6538044E-07, 1.0322704E+00, 9.409439E-01
2.6544294E-07, 1.0345663E+00, 9.441326E-01
2.6550544E-07, 1.0390307E+00, 9.455357E-01
2.6556794E-07, 1.0448979E+00, 9.428571E-01
2.6563044E-07, 1.0510204E+00, 9.373724E-01
2.6569294E-07, 1.0552295E+00, 9.322704E-01
2.6575544E-07, 1.0573980E+00, 9.295918E-01
2.6581794E-07, 1.0548469E+00, 9.313775E-01
2.6588044E-07, 1.0479592E+00, 9.345663E-01
2.6594294E-07, 1.0376276E+00, 9.380102E-01
2.6600544E-07, 1.0253826E+00, 9.391581E-01
2.6606794E-07, 1.0141581E+00, 9.375000E-01
2.6613044E-07, 1.0076531E+00, 9.345663E-01
2.6619294E-07, 1.0081632E+00, 9.330357E-01
2.6625544E-07, 1.0142857E+00, 9.360970E-01
2.6631794E-07, 1.0233419E+00, 9.427296E-01
2.6638044E-07, 1.0309949E+00, 9.510204E-01
2.6644294E-07, 1.0343112E+00, 9.576530E-01
2.6650544E-07, 1.0321429E+00, 9.602041E-01
2.6656794E-07, 1.0261480E+00, 9.571428E-01
2.6663044E-07, 1.0216837E+00, 9.494898E-01
2.6669294E-07, 1.0209184E+00, 9.411990E-01
2.6675544E-07, 1.0244898E+00, 9.341837E-01
2.6681794E-07, 1.0317602E+00, 9.298469E-01
2.6688044E-07, 1.0383929E+00, 9.302296E-01
2.6694294E-07, 1.0401785E+00, 9.336734E-01
2.6700544E-07, 1.0369898E+00, 9.375000E-01
2.6706794E-07, 1.0299745E+00, 9.411990E-01
2.6713044E-07, 1.0228317E+00, 9.427296E-01
2.6719294E-07, 1.0205357E+00, 9.423469E-01
2.6725544E-07, 1.0244898E+00, 9.419643E-01
2.6731794E-07, 1.0318878E+00, 9.424745E-01
2.6738044E-07, 1.0387756E+00, 9.437500E-01
2.6744294E-07, 1.0415816E+00, 9.459184E-01
2.6750544E-07, 1.0385205E+00, 9.488521E-01
2.6756794E-07, 1.0298469E+00, 9.520408E-01
2.6763044E-07, 1.0188775E+00, 9.535714E-01
2.6769294E-07, 1.0110970E+00, 9.525510E-01
2.6775544E-07, 1.0094388E+00, 9.498724E-01
2.6781794E-07, 1.0131377E+00, 9.460459E-01
2.6788044E-07, 1.0213010E+00, 9.415816E-01
2.6794294E-07, 1.0276786E+00, 9.389030E-01
2.6800544E-07, 1.0295918E+00, 9.362245E-01
2.6806794E-07, 1.0279337E+00, 9.341837E-01
2.6813044E-07, 1.0227041E+00, 9.343112E-01
2.6819294E-07, 1.0182397E+00, 9.344388E-01
2.6825544E-07, 1.0170919E+00, 9.366071E-01
2.6831794E-07, 1.0196428E+00, 9.403061E-01
2.6838044E-07, 1.0244898E+00, 9.448979E-01
2.6844294E-07, 1.0293367E+00, 9.493622E-01
2.6850544E-07, 1.0322704E+00, 9.519132E-01
2.6856794E-07, 1.0315051E+00, 9.522959E-01
2.6863044E-07, 1.0283164E+00, 9.487245E-01
2.6869294E-07, 1.0244898E+00, 9.420918E-01
2.6875544E-07, 1.0227041E+00, 9.348214E-01
2.6881794E-07, 1.0234693E+00, 9.303572E-01
2.6888044E-07, 1.0243622E+00, 9.301021E-01
2.6894294E-07, 1.0258929E+00, 9.326531E-01
2.6900544E-07, 1.0267857E+00, 9.380102E-01
2.6906794E-07, 1.0261480E+00, 9.433674E-01
2.6913044E-07, 1.0250000E+00, 9.460459E-01
2.6919294E-07, 1.0243622E+00, 9.460459E-01
2.6925544E-07, 1.0238520E+00, 9.450255E-01
2.6931794E-07, 1.0230868E+00, 9.446428E-01
2.6938044E-07, 1.0221939E+00, 9.463010E-01
2.6944294E-07, 1.0210459E+00, 9.500000E-01
2.6950544E-07, 1.0195153E+00, 9.540817E-01
2.6956794E-07, 1.0179847E+00, 9.559949E-01
2.6963044E-07, 1.0168368E+00, 9.539541E-01
2.6969294E-07, 1.0168368E+00, 9.492347E-01
2.6975544E-07, 1.0178572E+00, 9.450255E-01
2.6981794E-07, 1.0191326E+00, 9.446428E-01
2.6988044E-07, 1.0196428E+00, 9.489796E-01
2.6994294E-07, 1.0196428E+00, 9.556122E-01
2.7000544E-07, 1.0204082E+00, 9.607143E-01
2.7006794E-07, 1.0223215E+00, 9.613521E-01
2.7013044E-07, 1.0253826E+00, 9.559949E-01
2.7019294E-07, 1.0281888E+00, 9.471939E-01
2.7025544E-07, 1.0294642E+00, 9.391581E-01
2.7031794E-07, 1.0299745E+00, 9.368622E-01
2.7038044E-07, 1.0294642E+00, 9.426020E-01
2.7044294E-07, 1.0286989E+00, 9.533163E-01
2.7050544E-07, 1.0298469E+00, 9.623724E-01
2.7056794E-07, 1.0340561E+00, 9.646684E-01
2.7063044E-07, 1.0383929E+00, 9.585459E-01
2.7069294E-07, 1.0415816E+00, 9.448979E-01
2.7075544E-07, 1.0419643E+00, 9.309949E-01
2.7081794E-07, 1.0383929E+00, 9.239796E-01
2.7088044E-07, 1.0323980E+00, 9.265306E-01
2.7094294E-07, 1.0266582E+00, 9.371173E-01
2.7100544E-07, 1.0252551E+00, 9.502551E-01
2.7106794E-07, 1.0283164E+00, 9.607143E-01
2.7113044E-07, 1.0335460E+00, 9.637755E-01
2.7119294E-07, 1.0383929E+00, 9.596938E-01
2.7125544E-07, 1.0394132E+00, 9.526786E-01
2.7131794E-07, 1.0357143E+00, 9.470663E-01
2.7138044E-07, 1.0285715E+00, 9.455357E-01
2.7144294E-07, 1.0209184E+00, 9.468112E-01
2.7150544E-07, 1.0168368E+00, 9.471939E-01
2.7156794E-07, 1.0184948E+00, 9.442602E-01
2.7163044E-07, 1.0246173E+00, 9.383929E-01
2.7169294E-07, 1.0323980E+00, 9.312500E-01
2.7175544E-07, 1.0403061E+00, 9.261479E-01
2.7181794E-07, 1.0455357E+00, 9.269133E-01
2.7188044E-07, 1.0461735E+00, 9.325255E-01
2.7194294E-07, 1.0446428E+00, 9.392857E-01
2.7200544E-07, 1.0410714E+00, 9.454082E-01
2.7206794E-07, 1.0352041E+00, 9.482143E-01
2.7213044E-07, 1.0295918E+00, 9.468112E-01
2.7219294E-07, 1.0248724E+00, 9.450255E-01
2.7225544E-07, 1.0213010E+00, 9.445153E-01
2.7231794E-07, 1.0215561E+00, 9.443877E-01
2.7238044E-07, 1.0246173E+00, 9.443877E-01
2.7244294E-07, 1.0301020E+00, 9.413266E-01
2.7250544E-07, 1.0368623E+00, 9.345663E-01
2.7256794E-07, 1.0405612E+00, 9.269133E-01
2.7263044E-07, 1.0405612E+00, 9.200255E-01
2.7269294E-07, 1.0369898E+00, 9.176021E-01
2.7275544E-07, 1.0307398E+00, 9.218112E-01
2.7281794E-07, 1.0243622E+00, 9.299745E-01
2.7288044E-07, 1.0204082E+00, 9.386480E-01
2.7294294E-07, 1.0197704E+00, 9.446428E-01
2.7300544E-07, 1.0225766E+00, 9.456633E-01
2.7306794E-07, 1.0272959E+00, 9.429847E-01
2.7313044E-07, 1.0316327E+00, 9.390306E-01
2.7319294E-07, 1.0350765E+00, 9.357143E-01
2.7325544E-07, 1.0364796E+00, 9.359694E-01
2.7331794E-07, 1.0338011E+00, 9.383929E-01
2.7338044E-07, 1.0304847E+00, 9.401786E-01
2.7344294E-07, 1.0271684E+00, 9.424745E-01
2.7350544E-07, 1.0239795E+00, 9.437500E-01
2.7356794E-07, 1.0243622E+00, 9.434949E-01
2.7363044E-07, 1.0264031E+00, 9.446428E-01
2.7369294E-07, 1.0290816E+00, 9.459184E-01
2.7375544E-07, 1.0325255E+00, 9.469388E-01
2.7381794E-07, 1.0345663E+00, 9.487245E-01
2.7388044E-07, 1.0331633E+00, 9.505102E-01
2.7394294E-07, 1.0293367E+00, 9.512755E-01
2.7400544E-07, 1.0248724E+00, 9.521683E-01
2.7406794E-07, 1.0218112E+00, 9.542092E-01
2.7413044E-07, 1.0209184E+00, 9.567602E-01
2.7419294E-07, 1.0224490E+00, 9.579082E-01
2.7425544E-07, 1.0260204E+00, 9.565051E-01
2.7431794E-07, 1.0298469E+00, 9.526786E-01
2.7438044E-07, 1.0322704E+00, 9.470663E-01
2.7444294E-07, 1.0332909E+00, 9.418367E-01
2.7450544E-07, 1.0335460E+00, 9.395408E-01
2.7456794E-07, 1.0334184E+00, 9.410715E-01
2.7463044E-07, 1.0343112E+00, 9.445153E-01
2.7469294E-07, 1.0350765E+00, 9.480867E-01
2.7475544E-07, 1.0355867E+00, 9.482143E-01
2.7481794E-07, 1.0357143E+00, 9.442602E-01
2.7488044E-07, 1.0346938E+00, 9.382653E-01
2.7494294E-07, 1.0336735E+00, 9.326531E-01
2.7500544E-07, 1.0321429E+00, 9.315051E-01
2.7506794E-07, 1.0311224E+00, 9.355868E-01
2.7513044E-07, 1.0307398E+00, 9.437500E-01
2.7519294E-07, 1.0298469E+00, 9.538265E-01
2.7525544E-07, 1.0280613E+00, 9.610969E-01
2.7531794E-07, 1.0258929E+00, 9.633929E-01
2.7538044E-07, 1.0241071E+00, 9.614796E-01
2.7544294E-07, 1.0223215E+00, 9.581633E-01
2.7550544E-07, 1.0206633E+00, 9.551020E-01
2.7556794E-07, 1.0201530E+00, 9.543368E-01
2.7563044E-07, 1.0192602E+00, 9.570153E-01
2.7569294E-07, 1.0181123E+00, 9.602041E-01
2.7575544E-07, 1.0168368E+00, 9.625000E-01
2.7581794E-07, 1.0150510E+00, 9.631377E-01
2.7588044E-07, 1.0146683E+00, 9.607143E-01
2.7594294E-07, 1.0159439E+00, 9.572704E-01
2.7600544E-07, 1.0193877E+00, 9.536990E-01
2.7606794E-07, 1.0239795E+00, 9.512755E-01
2.7613044E-07, 1.0280613E+00, 9.505102E-01
2.7619294E-07, 1.0311224E+00, 9.507653E-01
2.7625544E-07, 1.0315051E+00, 9.521683E-01
2.7631794E-07, 1.0292091E+00, 9.534439E-01
2.7638044E-07, 1.0251275E+00, 9.538265E-01
2.7644294E-07, 1.0215561E+00, 9.533163E-01
2.7650544E-07, 1.0196428E+00, 9.526786E-01
2.7656794E-07, 1.0197704E+00, 9.516582E-01
2.7663044E-07, 1.0239795E+00, 9.502551E-01
2.7669294E-07, 1.0301020E+00, 9.501275E-01
2.7675544E-07, 1.0352041E+00, 9.501275E-01
2.7681794E-07, 1.0385205E+00, 9.482143E-01
2.7688044E-07, 1.0385205E+00, 9.446428E-01
2.7694294E-07, 1.0362245E+00, 9.392857E-01
2.7700544E-07, 1.0329082E+00, 9.341837E-01
2.7706794E-07, 1.0294642E+00, 9.316326E-01
2.7713044E-07, 1.0274235E+00, 9.322704E-01
2.7719294E-07, 1.0257653E+00, 9.362245E-01
2.7725544E-07, 1.0247449E+00, 9.408163E-01
2.7731794E-07, 1.0243622E+00, 9.445153E-01
2.7738044E-07, 1.0233419E+00, 9.460459E-01
2.7744294E-07, 1.0233419E+00, 9.445153E-01
2.7750544E-07, 1.0241071E+00, 9.441326E-01
2.7756794E-07, 1.0255102E+00, 9.468112E-01
2.7763044E-07, 1.0283164E+00, 9.540817E-01
2.7769294E-07, 1.0294642E+00, 9.668368E-01
2.7775544E-07, 1.0292091E+00, 9.788265E-01
2.7781794E-07, 1.0284439E+00, 9.864796E-01
2.7788044E-07, 1.0258929E+00, 9.866071E-01
2.7794294E-07, 1.0234693E+00, 9.764031E-01
2.7800544E-07, 1.0213010E+00, 9.603316E-01
2.7806794E-07, 1.0200255E+00, 9.438776E-01
2.7813044E-07, 1.0192602E+00, 9.341837E-01
2.7819294E-07, 1.0190051E+00, 9.345663E-01
2.7825544E-07, 1.0198979E+00, 9.443877E-01
2.7831794E-07, 1.0205357E+00, 9.590561E-01
2.7838044E-07, 1.0223215E+00, 9.695153E-01
2.7844294E-07, 1.0253826E+00, 9.720663E-01
2.7850544E-07, 1.0272959E+00, 9.660714E-01
2.7856794E-07, 1.0271684E+00, 9.540817E-01
2.7863044E-07, 1.0248724E+00, 9.429847E-01
2.7869294E-07, 1.0209184E+00, 9.389030E-01
2.7875544E-07, 1.0176021E+00, 9.432398E-01
2.7881794E-07, 1.0154337E+00, 9.533163E-01
2.7888044E-07, 1.0160714E+00, 9.613521E-01
2.7894294E-07, 1.0207908E+00, 9.621174E-01
2.7900544E-07, 1.0269133E+00, 9.551020E-01
2.7906794E-07, 1.0327806E+00, 9.423469E-01
2.7913044E-07, 1.0354592E+00, 9.299745E-01
2.7919294E-07, 1.0354592E+00, 9.233418E-01
2.7925544E-07, 1.0329082E+00, 9.260204E-01
2.7931794E-07, 1.0283164E+00, 9.348214E-01
2.7938044E-07, 1.0247449E+00, 9.443877E-01
2.7944294E-07, 1.0211735E+00, 9.502551E-01
2.7950544E-07, 1.0198979E+00, 9.479592E-01
2.7956794E-07, 1.0215561E+00, 9.404337E-01
2.7963044E-07, 1.0241071E+00, 9.318877E-01
2.7969294E-07, 1.0278062E+00, 9.250000E-01
2.7975544E-07, 1.0316327E+00, 9.229592E-01
2.7981794E-07, 1.0341836E+00, 9.248725E-01
2.7988044E-07, 1.0345663E+00, 9.279337E-01
2.7994294E-07, 1.0326531E+00, 9.299745E-01
2.8000544E-07, 1.0289540E+00, 9.302296E-01
2.8006794E-07, 1.0250000E+00, 9.293367E-01
2.8013044E-07, 1.0225766E+00, 9.293367E-01
2.8019294E-07, 1.0227041E+00, 9.317602E-01
2.8025544E-07, 1.0243622E+00, 9.372449E-01
2.8031794E-07, 1.0270408E+00, 9.437500E-01
2.8038044E-07, 1.0280613E+00, 9.500000E-01
2.8044294E-07, 1.0256377E+00, 9.542092E-01
2.8050544E-07, 1.0209184E+00, 9.559949E-01
2.8056794E-07, 1.0133928E+00, 9.585459E-01
2.8063044E-07, 1.0048469E+00, 9.618623E-01
2.8069294E-07, 9.997449E-01, 9.674745E-01
2.8075544E-07, 9.975765E-01, 9.774235E-01
2.8081794E-07, 9.985970E-01, 9.889030E-01
2.8088044E-07, 1.0029336E+00, 9.992347E-01
2.8094294E-07, 1.0073980E+00, 1.0071429E+00
2.8100544E-07, 1.0096939E+00, 1.0095663E+00
2.8106794E-07, 1.0107143E+00, 1.0053571E+00
2.8113044E-07, 1.0105867E+00, 9.977041E-01
2.8119294E-07, 1.0094388E+00, 9.890306E-01
2.8125544E-07, 1.0086734E+00, 9.807398E-01
2.8131794E-07, 1.0094388E+00, 9.750000E-01
2.8138044E-07, 1.0117347E+00, 9.721939E-01
2.8144294E-07, 1.0150510E+00, 9.706632E-01
2.8150544E-07, 1.0179847E+00, 9.683673E-01
2.8156794E-07, 1.0211735E+00, 9.623724E-01
2.8163044E-07, 1.0246173E+00, 9.520408E-01
2.8169294E-07, 1.0290816E+00, 9.368622E-01
2.8175544E-07, 1.0364796E+00, 9.176021E-01
2.8181794E-07, 1.0457908E+00, 8.965561E-01
2.8188044E-07, 1.0573980E+00, 8.729592E-01
2.8194294E-07, 1.0688776E+00, 8.488520E-01
2.8200544E-07, 1.0775510E+00, 8.235970E-01
2.8206794E-07, 1.0815051E+00, 7.973214E-01
2.8213044E-07, 1.0809948E+00, 7.692602E-01
2.8219294E-07, 1.0781888E+00, 7.401786E-01
2.8225544E-07, 1.0733418E+00, 7.117347E-01
2.8231794E-07, 1.0677296E+00, 6.811224E-01
2.8238044E-07, 1.0632653E+00, 6.478316E-01
2.8244294E-07, 1.0582908E+00, 6.123725E-01
2.8250544E-07, 1.0508928E+00, 5.739796E-01
2.8256794E-07, 1.0409439E+00, 5.325255E-01
2.8263044E-07, 1.0270408E+00, 4.903061E-01
2.8269294E-07, 1.0102041E+00, 4.488520E-01
2.8275544E-07, 9.915816E-01, 4.094388E-01
2.8281794E-07, 9.707908E-01, 3.733418E-01
2.8288044E-07, 9.489796E-01, 3.392857E-01
2.8294294E-07, 9.258928E-01, 3.070153E-01
2.8300544E-07, 8.996174E-01, 2.758929E-01
2.8306794E-07, 8.702806E-01, 2.442602E-01
2.8313044E-07, 8.369898E-01, 2.131378E-01
2.8319294E-07, 7.993622E-01, 1.829082E-01
2.8325544E-07, 7.588010E-01, 1.544643E-01
2.8331794E-07, 7.156888E-01, 1.298469E-01
2.8338044E-07, 6.705357E-01, 1.093112E-01
2.8344294E-07, 6.239796E-01, 9.24745E-02
2.8350544E-07, 5.765306E-01, 7.86990E-02
2.8356794E-07, 5.284439E-01, 6.72194E-02
2.8363044E-07, 4.795918E-01, 5.72704E-02
2.8369294E-07, 4.315051E-01, 4.80867E-02
2.8375544E-07, 3.854592E-01, 4.13265E-02
2.8381794E-07, 3.420918E-01, 3.81378E-02
2.8388044E-07, 3.017857E-01, 3.83929E-02
2.8394294E-07, 2.653061E-01, 3.99235E-02
2.8400544E-07, 2.325255E-01, 4.13265E-02
2.8406794E-07, 2.029337E-01, 4.09439E-02
2.8413044E-07, 1.760204E-01, 3.77551E-02
2.8419294E-07, 1.503827E-01, 3.39286E-02
2.8425544E-07, 1.247449E-01, 3.12500E-02
2.8431794E-07, 1.003827E-01, 3.09949E-02
2.8438044E-07, 7.75510E-02, 3.50765E-02
2.8444294E-07, 5.61224E-02, 4.15816E-02
2.8450544E-07, 3.90306E-02, 4.59184E-02
2.8456794E-07, 2.78061E-02, 4.71939E-02
2.8463044E-07, 2.10459E-02, 4.55357E-02
2.8469294E-07, 1.78571E-02, 4.11990E-02
2.8475544E-07, 1.69643E-02, 3.75000E-02
2.8481794E-07, 1.53061E-02, 3.72449E-02
2.8488044E-07, 1.35204E-02, 3.97959E-02
2.8494294E-07, 1.05867E-02, 4.47704E-02
2.8500544E-07, 6.6327E-03, 4.87245E-02
2.8506794E-07, 3.8265E-03, 4.80867E-02
2.8513044E-07, 2.8061E-03, 4.28571E-02
2.8519294E-07, 5.8673E-03, 3.41837E-02
2.8525544E-07, 1.21173E-02, 2.55102E-02
2.8531794E-07, 2.14286E-02, 1.86224E-02
2.8538044E-07, 3.27806E-02, 1.50510E-02
2.8544294E-07, 4.33673E-02, 1.49235E-02
2.8550544E-07, 5.15306E-02, 1.60714E-02
2.8556794E-07, 5.44643E-02, 1.76020E-02
2.8563044E-07, 5.34439E-02, 1.74745E-02
2.8569294E-07, 4.96173E-02, 1.74745E-02
2.8575544E-07, 4.45153E-02, 1.78571E-02
2.8581794E-07, 4.23469E-02, 1.79847E-02
2.8588044E-07, 4.41327E-02, 1.98980E-02
2.8594294E-07, 4.89796E-02, 2.23214E-02
2.8600544E-07, 5.48469E-02, 2.44898E-02
2.8606794E-07, 5.80357E-02, 2.60204E-02
2.8613044E-07, 5.71429E-02, 2.60204E-02
2.8619294E-07, 5.17857E-02, 2.48724E-02
2.8625544E-07, 4.34949E-02, 2.19388E-02
2.8631794E-07, 3.68622E-02, 1.65816E-02
2.8638044E-07, 3.36735E-02, 9.6939E-03
2.8644294E-07, 3.46939E-02, 1.0204E-03
2.8650544E-07, 3.92857E-02, -8.2908E-03
2.8656794E-07, 4.48980E-02, -1.55612E-02
2.8663044E-07, 4.82143E-02, -1.81122E-02
2.8669294E-07, 4.52806E-02, -1.55612E-02
2.8675544E-07, 3.73724E-02, -1.05867E-02
2.8681794E-07, 2.58929E-02, -4.3367E-03
2.8688044E-07, 1.39031E-02, -1.276E-04
2.8694294E-07, 5.8673E-03, 0.0E+00
2.8700544E-07, 2.8061E-03, -2.8061E-03
2.8706794E-07, 3.6990E-03, -7.2704E-03
2.8713044E-07, 7.1429E-03, -1.25000E-02
2.8719294E-07, 1.26276E-02, -1.67092E-02
2.8725544E-07, 1.70918E-02, -1.81122E-02
2.8731794E-07, 1.96429E-02, -1.84949E-02
2.8738044E-07, 2.20663E-02, -1.83673E-02
2.8744294E-07, 2.33418E-02, -1.64541E-02
2.8750544E-07, 2.37245E-02, -1.31378E-02
2.8756794E-07, 2.34694E-02, -8.5459E-03
2.8763044E-07, 2.09184E-02, -2.8061E-03
2.8769294E-07, 1.81122E-02, 7.653E-04
2.8775544E-07, 1.65816E-02, 2.0408E-03
2.8781794E-07, 1.58163E-02, 1.276E-04
2.8788044E-07, 1.70918E-02, -6.1224E-03
2.8794294E-07, 1.92602E-02, -1.36480E-02
2.8800544E-07, 2.11735E-02, -1.97704E-02
2.8806794E-07, 2.20663E-02, -2.24490E-02
2.8813044E-07, 2.06633E-02, -2.07908E-02
2.8819294E-07, 1.77296E-02, -1.68367E-02
2.8825544E-07, 1.39031E-02, -1.28827E-02
2.8831794E-07, 1.08418E-02, -1.18622E-02
2.8838044E-07, 8.8010E-03, -1.35204E-02
2.8844294E-07, 7.5255E-03, -1.69643E-02
2.8850544E-07, 7.5255E-03, -1.96429E-02
2.8856794E-07, 7.6531E-03, -1.88776E-02
2.8863044E-07, 8.5459E-03, -1.59439E-02
2.8869294E-07, 9.4388E-03, -1.13520E-02
2.8875544E-07, 9.9490E-03, -8.6735E-03
2.8881794E-07, 1.02041E-02, -1.00765E-02
2.8888044E-07, 9.6939E-03, -1.46684E-02
2.8894294E-07, 8.1633E-03, -2.06633E-02
2.8900544E-07, 5.8673E-03, -2.51276E-02
2.8906794E-07, 4.2092E-03, -2.65306E-02
2.8913044E-07, 4.9745E-03, -2.50000E-02
2.8919294E-07, 7.6531E-03, -2.18112E-02
2.8925544E-07, 1.21173E-02, -2.05357E-02
2.8931794E-07, 1.60714E-02, -2.21939E-02
2.8938044E-07, 1.82398E-02, -2.66582E-02
2.8944294E-07, 1.64541E-02, -3.12500E-02
2.8950544E-07, 9.8214E-03, -3.41837E-02
2.8956794E-07, 1.9133E-03, -3.57143E-02
2.8963044E-07, -6.6327E-03, -3.50765E-02
2.8969294E-07, -1.16071E-02, -3.64796E-02
2.8975544E-07, -1.10969E-02, -3.97959E-02
2.8981794E-07, -6.5051E-03, -4.46429E-02
2.8988044E-07, 2.8061E-03, -4.98725E-02
2.8994294E-07, 1.30102E-02, -5.03827E-02
2.9000544E-07, 2.06633E-02, -4.61735E-02
2.9006794E-07, 2.38520E-02, -3.90306E-02
2.9013044E-07, 2.27041E-02, -3.20153E-02
2.9019294E-07, 1.72194E-02, -2.85714E-02
2.9025544E-07, 9.4388E-03, -3.16327E-02
2.9031794E-07, 3.3163E-03, -4.03061E-02
2.9038044E-07, 1.276E-04, -4.94898E-02
2.9044294E-07, -7.653E-04, -5.61224E-02
2.9050544E-07, 1.4031E-03, -5.89286E-02
2.9056794E-07, 5.1020E-03, -5.65051E-02
2.9063044E-07, 7.0153E-03, -5.12755E-02
2.9069294E-07, 6.2500E-03, -4.77041E-02
2.9075544E-07, 3.5714E-03, -4.73214E-02
2.9081794E-07, 8.929E-04, -4.92347E-02
2.9088044E-07, -6.378E-04, -5.11480E-02
2.9094294E-07, 0.0E+00, -5.15306E-02
2.9100544E-07, 1.7857E-03, -4.96173E-02
2.9106794E-07, 3.5714E-03, -4.70663E-02
2.9113044E-07, 3.9541E-03, -4.54082E-02
2.9119294E-07, 1.1480E-03, -4.54082E-02
2.9125544E-07, -3.8265E-03, -4.77041E-02
2.9131794E-07, -1.00765E-02, -5.01276E-02
2.9138044E-07, -1.58163E-02, -5.15306E-02
2.9144294E-07, -1.98980E-02, -5.14031E-02
2.9150544E-07, -2.07908E-02, -5.08929E-02
2.9156794E-07, -1.88776E-02, -4.98725E-02
2.9163044E-07, -1.67092E-02, -4.92347E-02
2.9169294E-07, -1.46684E-02, -5.01276E-02
2.9175544E-07, -1.31378E-02, -5.06378E-02
2.9181794E-07, -1.26276E-02, -4.97449E-02
2.9188044E-07, -1.31378E-02, -4.78316E-02
2.9194294E-07, -1.28827E-02, -4.57908E-02
2.9200544E-07, -1.19898E-02, -4.42602E-02
2.9206794E-07, -1.09694E-02, -4.34949E-02
2.9213044E-07, -1.04592E-02, -4.32398E-02
2.9219294E-07, -1.19898E-02, -4.32398E-02
2.9225544E-07, -1.45408E-02, -4.36224E-02
2.9231794E-07, -1.72194E-02, -4.36224E-02
2.9238044E-07, -1.86224E-02, -4.37500E-02
2.9244294E-07, -1.72194E-02, -4.51531E-02
2.9250544E-07, -1.28827E-02, -4.77041E-02
2.9256794E-07, -6.7602E-03, -5.07653E-02
2.9263044E-07, 6.378E-04, -5.31888E-02
2.9269294E-07, 5.4847E-03, -5.29337E-02
2.9275544E-07, 6.5051E-03, -5.08929E-02
2.9281794E-07, 3.0612E-03, -4.83418E-02
2.9288044E-07, -3.8265E-03, -4.70663E-02
2.9294294E-07, -1.03316E-02, -4.89796E-02
2.9300544E-07, -1.37755E-02, -5.25510E-02
2.9306794E-07, -1.40306E-02, -5.65051E-02
2.9313044E-07, -1.00765E-02, -6.08418E-02
2.9319294E-07, -3.8265E-03, -6.23724E-02
2.9325544E-07, 1.5306E-03, -6.02041E-02
2.9331794E-07, 3.8265E-03, -5.56122E-02
2.9338044E-07, 2.8061E-03, -4.93622E-02
2.9344294E-07, -5.102E-04, -4.24745E-02
2.9350544E-07, -4.0816E-03, -3.66071E-02
2.9356794E-07, -6.3776E-03, -3.26531E-02
2.9363044E-07, -6.2500E-03, -3.23980E-02
2.9369294E-07, -3.8265E-03, -3.57143E-02
2.9375544E-07, -1.7857E-03, -4.13265E-02
2.9381794E-07, -1.1480E-03, -4.89796E-02
2.9388044E-07, -3.6990E-03, -5.56122E-02
2.9394294E-07, -7.9082E-03, -5.93112E-02
2.9400544E-07, -1.22449E-02, -5.88010E-02
2.9406794E-07, -1.39031E-02, -5.42092E-02
2.9413044E-07, -1.18622E-02, -4.74490E-02
2.9419294E-07, -6.8878E-03, -4.15816E-02
2.9425544E-07, -1.276E-04, -3.97959E-02
2.9431794E-07, 5.8673E-03, -4.27296E-02
2.9438044E-07, 8.1633E-03, -4.93622E-02
2.9444294E-07, 5.4847E-03, -5.77806E-02
2.9450544E-07, -1.4031E-03, -6.47959E-02
2.9456794E-07, -1.00765E-02, -6.83673E-02
2.9463044E-07, -1.74745E-02, -6.79847E-02
2.9469294E-07, -2.13010E-02, -6.51786E-02
2.9475544E-07, -2.04082E-02, -6.23724E-02
2.9481794E-07, -1.50510E-02, -6.17347E-02
2.9488044E-07, -7.9082E-03, -6.28827E-02
2.9494294E-07, -1.6582E-03, -6.47959E-02
2.9500544E-07, 1.1480E-03, -6.54337E-02
2.9506794E-07, -7.653E-04, -6.31378E-02
2.9513044E-07, -5.7398E-03, -5.81633E-02
2.9519294E-07, -1.27551E-02, -5.15306E-02
2.9525544E-07, -1.84949E-02, -4.60459E-02
2.9531794E-07, -1.98980E-02, -4.31122E-02
2.9538044E-07, -1.70918E-02, -4.18367E-02
2.9544294E-07, -1.18622E-02, -4.14541E-02
2.9550544E-07, -7.7806E-03, -4.19643E-02
2.9556794E-07, -5.2296E-03, -4.37500E-02
2.9563044E-07, -4.9745E-03, -4.61735E-02
2.9569294E-07, -6.7602E-03, -5.00000E-02
2.9575544E-07, -8.0357E-03, -5.54847E-02
2.9581794E-07, -8.6735E-03, -6.03316E-02
2.9588044E-07, -8.8010E-03, -6.32653E-02
2.9594294E-07, -8.4184E-03, -6.31378E-02
2.9600544E-07, -9.3112E-03, -5.93112E-02
2.9606794E-07, -1.04592E-02, -5.48469E-02
2.9613044E-07, -1.18622E-02, -5.16582E-02
2.9619294E-07, -1.35204E-02, -5.20408E-02
2.9625544E-07, -1.45408E-02, -5.76531E-02
2.9631794E-07, -1.51786E-02, -6.59439E-02
2.9638044E-07, -1.54337E-02, -7.37245E-02
2.9644294E-07, -1.49235E-02, -7.72959E-02
2.9650544E-07, -1.25000E-02, -7.42347E-02
2.9656794E-07, -8.5459E-03, -6.45408E-02
2.9663044E-07, -3.3163E-03, -5.17857E-02
2.9669294E-07, 3.0612E-03, -4.00510E-02
2.9675544E-07, 8.1633E-03, -3.22704E-02
2.9681794E-07, 9.0561E-03, -3.08673E-02
2.9688044E-07, 5.6122E-03, -3.69898E-02
2.9694294E-07, -7.653E-04, -4.77041E-02
2.9700544E-07, -8.9286E-03, -5.93112E-02
2.9706794E-07, -1.50510E-02, -6.96429E-02
2.9713044E-07, -1.77296E-02, -7.47449E-02
2.9719294E-07, -1.95153E-02, -7.30867E-02
2.9725544E-07, -1.95153E-02, -6.78571E-02
2.9731794E-07, -1.90051E-02, -5.88010E-02
2.9738044E-07, -2.07908E-02, -4.87245E-02
2.9744294E-07, -2.20663E-02, -4.24745E-02
2.9750544E-07, -2.18112E-02, -3.97959E-02
2.9756794E-07, -1.96429E-02, -4.08163E-02
2.9763044E-07, -1.47959E-02, -4.48980E-02
2.9769294E-07, -9.6939E-03, -4.84694E-02
2.9775544E-07, -6.5051E-03, -5.08929E-02
2.9781794E-07, -6.7602E-03, -5.19133E-02
2.9788044E-07, -9.8214E-03, -5.22959E-02
2.9794294E-07, -1.30102E-02, -5.36990E-02
2.9800544E-07, -1.47959E-02, -5.61224E-02
2.9806794E-07, -1.36480E-02, -6.03316E-02
2.9813044E-07, -9.1837E-03, -6.46684E-02
2.9819294E-07, -3.9541E-03, -6.68367E-02
2.9825544E-07, 7.653E-04, -6.60714E-02
2.9831794E-07, 2.0408E-03, -6.13520E-02
2.9838044E-07, -5.102E-04, -5.49745E-02
2.9844294E-07, -3.6990E-03, -4.94898E-02
2.9850544E-07, -7.6531E-03, -4.50255E-02
2.9856794E-07, -9.4388E-03, -4.41327E-02
2.9863044E-07, -8.1633E-03, -4.52806E-02
2.9869294E-07, -7.3980E-03, -4.66837E-02
2.9875544E-07, -6.8878E-03, -4.94898E-02
2.9881794E-07, -8.2908E-03, -5.12755E-02
2.9888044E-07, -1.21173E-02, -5.20408E-02
2.9894294E-07, -1.73469E-02, -5.20408E-02
2.9900544E-07, -2.24490E-02, -5.17857E-02
2.9906794E-07, -2.47449E-02, -5.16582E-02
2.9913044E-07, -2.38520E-02, -5.11480E-02
2.9919294E-07, -1.91327E-02, -5.14031E-02
2.9925544E-07, -1.16071E-02, -5.24235E-02
2.9931794E-07, -3.8265E-03, -5.39541E-02
2.9938044E-07, 2.4235E-03, -5.57398E-02
2.9944294E-07, 5.2296E-03, -5.61224E-02
2.9950544E-07, 4.0816E-03, -5.40816E-02
2.9956794E-07, -1.4031E-03, -4.91071E-02
2.9963044E-07, -9.0561E-03, -4.33673E-02
2.9969294E-07, -1.59439E-02, -3.86480E-02
2.9975544E-07, -2.04082E-02, -3.68622E-02
2.9981794E-07, -2.13010E-02, -3.95408E-02
2.9988044E-07, -1.93878E-02, -4.56633E-02
2.9994294E-07, -1.67092E-02, -5.34439E-02
3.0000544E-07, -1.46684E-02, -5.94388E-02
3.0006794E-07, -1.59439E-02, -6.12245E-02
3.0013044E-07, -1.88776E-02, -5.98214E-02
3.0019294E-07, -2.09184E-02, -5.57398E-02
3.0025544E-07, -2.02806E-02, -5.08929E-02
3.0031794E-07, -1.58163E-02, -4.84694E-02
3.0038044E-07, -6.8878E-03, -4.98725E-02
3.0044294E-07, 4.3367E-03, -5.34439E-02
3.0050544E-07, 1.28827E-02, -5.65051E-02
3.0056794E-07, 1.56888E-02, -5.85459E-02
3.0063044E-07, 1.32653E-02, -5.84184E-02
3.0069294E-07, 5.2296E-03, -5.56122E-02
3.0075544E-07, -4.8469E-03, -5.36990E-02
3.0081794E-07, -1.23724E-02, -5.52296E-02
3.0088044E-07, -1.51786E-02, -5.98214E-02
3.0094294E-07, -1.36480E-02, -6.70918E-02
3.0100544E-07, -1.03316E-02, -7.44898E-02
3.0106794E-07, -6.7602E-03, -7.98469E-02
3.0113044E-07, -5.2296E-03, -8.02296E-02
3.0119294E-07, -6.8878E-03, -7.52551E-02
3.0125544E-07, -9.6939E-03, -6.86224E-02
3.0131794E-07, -1.16071E-02, -6.21173E-02
3.0138044E-07, -1.14796E-02, -5.81633E-02
3.0144294E-07, -9.3112E-03, -5.75255E-02
3.0150544E-07, -7.2704E-03, -5.82908E-02
3.0156794E-07, -6.7602E-03, -5.91837E-02
3.0163044E-07, -9.3112E-03, -5.80357E-02
3.0169294E-07, -1.58163E-02, -5.52296E-02
3.0175544E-07, -2.32143E-02, -5.34439E-02
3.0181794E-07, -2.80612E-02, -5.33163E-02
3.0188044E-07, -2.89541E-02, -5.52296E-02
3.0194294E-07, -2.55102E-02, -5.94388E-02
3.0200544E-07, -1.87500E-02, -6.46684E-02
3.0206794E-07, -1.18622E-02, -6.82398E-02
3.0213044E-07, -8.1633E-03, -6.95153E-02
3.0219294E-07, -1.00765E-02, -6.87500E-02
3.0225544E-07, -1.55612E-02, -6.82398E-02
3.0231794E-07, -2.06633E-02, -6.82398E-02
3.0238044E-07, -2.34694E-02, -6.82398E-02
3.0244294E-07, -2.13010E-02, -6.87500E-02
3.0250544E-07, -1.61990E-02, -6.77296E-02
3.0256794E-07, -1.10969E-02, -6.58163E-02
3.0263044E-07, -8.4184E-03, -6.31378E-02
3.0269294E-07, -1.21173E-02, -5.95663E-02
3.0275544E-07, -2.09184E-02, -5.85459E-02
3.0281794E-07, -3.04847E-02, -6.00765E-02
3.0288044E-07, -3.80102E-02, -6.22449E-02
3.0294294E-07, -4.03061E-02, -6.54337E-02
3.0300544E-07, -3.59694E-02, -6.74745E-02
3.0306794E-07, -2.81888E-02, -6.67092E-02
3.0313044E-07, -2.04082E-02, -6.41582E-02
3.0319294E-07, -1.55612E-02, -6.10969E-02
3.0325544E-07, -1.40306E-02, -5.86735E-02
3.0331794E-07, -1.60714E-02, -5.77806E-02
3.0338044E-07, -1.90051E-02, -5.98214E-02
3.0344294E-07, -2.14286E-02, -6.35204E-02
3.0350544E-07, -2.41071E-02, -6.82398E-02
3.0356794E-07, -2.64031E-02, -7.42347E-02
3.0363044E-07, -2.94643E-02, -7.99745E-02
3.0369294E-07, -3.25255E-02, -8.48214E-02
3.0375544E-07, -3.55867E-02, -8.73725E-02
3.0381794E-07, -3.68622E-02, -8.77551E-02
3.0388044E-07, -3.36735E-02, -8.48214E-02
3.0394294E-07, -2.78061E-02, -7.76786E-02
3.0400544E-07, -1.92602E-02, -6.92602E-02
3.0406794E-07, -1.12245E-02, -6.02041E-02
3.0413044E-07, -6.5051E-03, -5.38265E-02
3.0419294E-07, -4.5918E-03, -5.24235E-02
3.0425544E-07, -5.7398E-03, -5.47194E-02
3.0431794E-07, -9.6939E-03, -6.03316E-02
3.0438044E-07, -1.32653E-02, -6.83673E-02
3.0444294E-07, -1.45408E-02, -7.50000E-02
3.0450544E-07, -1.54337E-02, -7.79337E-02
3.0456794E-07, -1.65816E-02, -7.83163E-02
3.0463044E-07, -1.82398E-02, -7.65306E-02
3.0469294E-07, -2.16837E-02, -7.28316E-02
3.0475544E-07, -2.67857E-02, -6.91327E-02
3.0481794E-07, -3.06122E-02, -6.70918E-02
3.0488044E-07, -3.13776E-02, -6.55612E-02
3.0494294E-07, -2.83163E-02, -6.42857E-02
3.0500544E-07, -2.34694E-02, -6.31378E-02
3.0506794E-07, -1.78571E-02, -6.33929E-02
3.0513044E-07, -1.27551E-02, -6.47959E-02
3.0519294E-07, -9.8214E-03, -6.69643E-02
3.0525544E-07, -8.4184E-03, -7.02806E-02
3.0531794E-07, -7.6531E-03, -7.30867E-02
3.0538044E-07, -6.7602E-03, -7.41071E-02
3.0544294E-07, -6.2500E-03, -7.24490E-02
3.0550544E-07, -7.1429E-03, -6.84949E-02
3.0556794E-07, -7.9082E-03, -6.36480E-02
3.0563044E-07, -1.00765E-02, -5.81633E-02
3.0569294E-07, -1.30102E-02, -5.51020E-02
3.0575544E-07, -1.37755E-02, -5.65051E-02
3.0581794E-07, -1.18622E-02, -6.14796E-02
3.0588044E-07, -6.3776E-03, -6.97704E-02
3.0594294E-07, 8.929E-04, -7.81888E-02
3.0600544E-07, 7.6531E-03, -8.44388E-02
3.0606794E-07, 1.18622E-02, -8.60969E-02
3.0613044E-07, 1.16071E-02, -8.23980E-02
3.0619294E-07, 6.6327E-03, -7.53826E-02
3.0625544E-07, -8.929E-04, -6.82398E-02
3.0631794E-07, -9.0561E-03, -6.44133E-02
3.0638044E-07, -1.58163E-02, -6.63265E-02
3.0644294E-07, -1.96429E-02, -7.46173E-02
3.0650544E-07, -2.00255E-02, -8.55867E-02
3.0656794E-07, -1.84949E-02, -9.40051E-02
3.0663044E-07, -1.63265E-02, -9.70663E-02
3.0669294E-07, -1.26276E-02, -9.34949E-02
3.0675544E-07, -9.5663E-03, -8.32908E-02
3.0681794E-07, -7.3980E-03, -7.24490E-02
3.0688044E-07, -5.7398E-03, -6.55612E-02
3.0694294E-07, -5.7398E-03, -6.49235E-02
3.0700544E-07, -7.3980E-03, -6.98980E-02
3.0706794E-07, -1.13520E-02, -7.65306E-02
3.0713044E-07, -1.70918E-02, -8.04847E-02
3.0719294E-07, -2.39796E-02, -7.86990E-02
3.0725544E-07, -2.92092E-02, -7.27041E-02
3.0731794E-07, -3.15051E-02, -6.50510E-02
3.0738044E-07, -2.99745E-02, -6.12245E-02
3.0744294E-07, -2.47449E-02, -6.39031E-02
3.0750544E-07, -1.79847E-02, -7.16837E-02
3.0756794E-07, -1.30102E-02, -8.06122E-02
3.0763044E-07, -1.19898E-02, -8.58418E-02
3.0769294E-07, -1.37755E-02, -8.36735E-02
3.0775544E-07, -1.76020E-02, -7.34694E-02
3.0781794E-07, -2.01531E-02, -6.08418E-02
3.0788044E-07, -1.87500E-02, -5.17857E-02
3.0794294E-07, -1.32653E-02, -5.10204E-02
3.0800544E-07, -6.3776E-03, -6.03316E-02
3.0806794E-07, -1.276E-04, -7.65306E-02
3.0813044E-07, 3.1888E-03, -9.18367E-02
3.0819294E-07, 1.276E-04, -9.85969E-02
3.0825544E-07, -7.6531E-03, -9.59184E-02
3.0831794E-07, -1.63265E-02, -8.54592E-02
3.0838044E-07, -2.32143E-02, -7.14286E-02
3.0844294E-07, -2.53827E-02, -6.12245E-02
3.0850544E-07, -2.28316E-02, -5.80357E-02
3.0856794E-07, -1.90051E-02, -6.22449E-02
3.0863044E-07, -1.65816E-02, -7.19388E-02
3.0869294E-07, -1.73469E-02, -8.18878E-02
3.0875544E-07, -2.19388E-02, -8.90306E-02
3.0881794E-07, -2.79337E-02, -9.23469E-02
3.0888044E-07, -3.13776E-02, -9.23469E-02
3.0894294E-07, -3.03571E-02, -9.03061E-02
3.0900544E-07, -2.47449E-02, -8.72449E-02
3.0906794E-07, -1.63265E-02, -8.41837E-02
3.0913044E-07, -9.0561E-03, -8.07398E-02
3.0919294E-07, -5.4847E-03, -7.70408E-02
3.0925544E-07, -6.2500E-03, -7.39796E-02
3.0931794E-07, -9.3112E-03, -7.18112E-02
3.0938044E-07, -1.33929E-02, -7.04082E-02
3.0944294E-07, -1.64541E-02, -7.02806E-02
3.0950544E-07, -1.70918E-02, -7.10459E-02
3.0956794E-07, -1.64541E-02, -7.10459E-02
3.0963044E-07, -1.54337E-02, -7.11735E-02
3.0969294E-07, -1.54337E-02, -7.18112E-02
3.0975544E-07, -1.55612E-02, -7.43622E-02
3.0981794E-07, -1.44133E-02, -7.81888E-02
3.0988044E-07, -1.39031E-02, -8.13776E-02
3.0994294E-07, -1.32653E-02, -8.44388E-02
3.1000544E-07, -1.47959E-02, -8.40561E-02
3.1006794E-07, -1.95153E-02, -8.06122E-02
3.1013044E-07, -2.58929E-02, -7.56378E-02
3.1019294E-07, -3.26531E-02, -7.02806E-02
3.1025544E-07, -3.66071E-02, -6.81122E-02
3.1031794E-07, -3.45663E-02, -7.02806E-02
3.1038044E-07, -2.67857E-02, -7.52551E-02
3.1044294E-07, -1.61990E-02, -8.08674E-02
3.1050544E-07, -6.5051E-03, -8.44388E-02
3.1056794E-07, -8.929E-04, -8.35459E-02
3.1063044E-07, -6.378E-04, -7.76786E-02
3.1069294E-07, -6.6327E-03, -6.91327E-02
3.1075544E-07, -1.35204E-02, -6.30102E-02
3.1081794E-07, -1.86224E-02, -6.03316E-02
3.1088044E-07, -2.18112E-02, -6.30102E-02
3.1094294E-07, -2.10459E-02, -7.14286E-02
3.1100544E-07, -1.93878E-02, -8.02296E-02
3.1106794E-07, -1.65816E-02, -8.71173E-02
3.1113044E-07, -1.27551E-02, -8.80102E-02
3.1119294E-07, -1.03316E-02, -8.15051E-02
3.1125544E-07, -8.4184E-03, -7.21939E-02
3.1131794E-07, -6.5051E-03, -6.26276E-02
3.1138044E-07, -6.8878E-03, -5.56122E-02
3.1144294E-07, -1.09694E-02, -5.49745E-02
3.1150544E-07, -1.64541E-02, -6.10969E-02
3.1156794E-07, -2.21939E-02, -7.06633E-02
3.1163044E-07, -2.58929E-02, -8.08674E-02
3.1169294E-07, -2.52551E-02, -8.95408E-02
3.1175544E-07, -2.06633E-02, -9.42602E-02
3.1181794E-07, -1.51786E-02, -9.54082E-02
3.1188044E-07, -1.16071E-02, -9.48980E-02
3.1194294E-07, -1.07143E-02, -9.33673E-02
3.1200544E-07, -1.36480E-02, -9.00510E-02
3.1206794E-07, -1.84949E-02, -8.67347E-02
3.1213044E-07, -2.11735E-02, -8.30357E-02
3.1219294E-07, -2.13010E-02, -7.89541E-02
3.1225544E-07, -1.68367E-02, -7.71684E-02
3.1231794E-07, -1.02041E-02, -7.69133E-02
3.1238044E-07, -5.1020E-03, -7.89541E-02
3.1244294E-07, -3.8265E-03, -8.27806E-02
3.1250544E-07, -6.8878E-03, -8.63520E-02
3.1256794E-07, -1.30102E-02, -8.73725E-02
3.1263044E-07, -1.92602E-02, -8.39286E-02
3.1269294E-07, -2.18112E-02, -7.67857E-02
3.1275544E-07, -2.02806E-02, -6.68367E-02
3.1281794E-07, -1.47959E-02, -5.84184E-02
3.1288044E-07, -8.0357E-03, -5.42092E-02
3.1294294E-07, -3.1888E-03, -5.58673E-02
3.1300544E-07, -2.0408E-03, -6.32653E-02
3.1306794E-07, -4.8469E-03, -7.28316E-02
3.1313044E-07, -1.08418E-02, -8.02296E-02
3.1319294E-07, -1.73469E-02, -8.34184E-02
3.1325544E-07, -2.27041E-02, -8.16327E-02
3.1331794E-07, -2.66582E-02, -7.70408E-02
3.1338044E-07, -2.89541E-02, -7.39796E-02
3.1344294E-07, -2.99745E-02, -7.47449E-02
3.1350544E-07, -2.95918E-02, -7.95918E-02
3.1356794E-07, -2.85714E-02, -8.59694E-02
3.1363044E-07, -2.67857E-02, -9.05612E-02
3.1369294E-07, -2.34694E-02, -9.04337E-02
3.1375544E-07, -2.11735E-02, -8.45663E-02
3.1381794E-07, -2.13010E-02, -7.69133E-02
3.1388044E-07, -2.33418E-02, -7.18112E-02
3.1394294E-07, -2.81888E-02, -7.01531E-02
3.1400544E-07, -3.45663E-02, -7.28316E-02
3.1406794E-07, -4.06888E-02, -7.74235E-02
3.1413044E-07, -4.26020E-02, -8.12500E-02
3.1419294E-07, -3.78827E-02, -8.06122E-02
3.1425544E-07, -2.95918E-02, -7.50000E-02
3.1431794E-07, -1.92602E-02, -6.97704E-02
3.1438044E-07, -1.00765E-02, -6.77296E-02
3.1444294E-07, -5.4847E-03, -7.02806E-02
3.1450544E-07, -5.7398E-03, -7.69133E-02
3.1456794E-07, -1.05867E-02, -8.30357E-02
3.1463044E-07, -1.69643E-02, -8.55867E-02
3.1469294E-07, -2.11735E-02, -8.26531E-02
3.1475544E-07, -2.33418E-02, -7.42347E-02
3.1481794E-07, -2.32143E-02, -6.61990E-02
3.1488044E-07, -2.11735E-02, -6.18622E-02
3.1494294E-07, -2.06633E-02, -6.21173E-02
3.1500544E-07, -2.15561E-02, -6.77296E-02
3.1506794E-07, -2.24490E-02, -7.46173E-02
3.1513044E-07, -2.30867E-02, -7.92092E-02
3.1519294E-07, -2.10459E-02, -8.12500E-02
3.1525544E-07, -1.51786E-02, -8.11225E-02
3.1531794E-07, -7.2704E-03, -8.02296E-02
3.1538044E-07, 6.378E-04, -8.08674E-02
3.1544294E-07, 5.3571E-03, -8.27806E-02
3.1550544E-07, 4.7194E-03, -8.53316E-02
3.1556794E-07, 6.378E-04, -8.68622E-02
3.1563044E-07, -6.1224E-03, -8.52041E-02
3.1569294E-07, -1.26276E-02, -8.20153E-02
3.1575544E-07, -1.51786E-02, -7.89541E-02
3.1581794E-07, -1.56888E-02, -7.60204E-02
3.1588044E-07, -1.42857E-02, -7.58929E-02
3.1594294E-07, -1.18622E-02, -7.66582E-02
3.1600544E-07, -1.18622E-02, -7.60204E-02
3.1606794E-07, -1.37755E-02, -7.38520E-02
3.1613044E-07, -1.82398E-02, -6.98980E-02
3.1619294E-07, -2.28316E-02, -6.73469E-02
3.1625544E-07, -2.43622E-02, -6.72194E-02
3.1631794E-07, -2.33418E-02, -6.92602E-02
3.1638044E-07, -2.00255E-02, -7.39796E-02
3.1644294E-07, -1.45408E-02, -7.88265E-02
3.1650544E-07, -1.12245E-02, -8.01020E-02
3.1656794E-07, -1.10969E-02, -7.83163E-02
3.1663044E-07, -1.46684E-02, -7.42347E-02
3.1669294E-07, -2.06633E-02, -6.95153E-02
3.1675544E-07, -2.60204E-02, -6.68367E-02
3.1681794E-07, -2.85714E-02, -6.63265E-02
3.1688044E-07, -2.74235E-02, -6.79847E-02
3.1694294E-07, -2.29592E-02, -7.09184E-02
3.1700544E-07, -1.73469E-02, -7.34694E-02
3.1706794E-07, -1.36480E-02, -7.48724E-02
3.1713044E-07, -1.42857E-02, -7.58929E-02
3.1719294E-07, -1.74745E-02, -7.76786E-02
3.1725544E-07, -2.23214E-02, -7.88265E-02
3.1731794E-07, -2.56378E-02, -7.98469E-02
3.1738044E-07, -2.52551E-02, -7.90816E-02
3.1744294E-07, -2.25765E-02, -7.52551E-02
3.1750544E-07, -2.02806E-02, -7.00255E-02
3.1756794E-07, -2.00255E-02, -6.58163E-02
3.1763044E-07, -2.20663E-02, -6.37755E-02
3.1769294E-07, -2.64031E-02, -6.51786E-02
3.1775544E-07, -2.89541E-02, -7.06633E-02
3.1781794E-07, -2.76786E-02, -7.70408E-02
3.1788044E-07, -2.06633E-02, -8.25255E-02
3.1794294E-07, -9.0561E-03, -8.36735E-02
3.1800544E-07, 1.6582E-03, -7.97194E-02
3.1806794E-07, 7.7806E-03, -7.37245E-02
3.1813044E-07, 7.9082E-03, -6.81122E-02
3.1819294E-07, 2.0408E-03, -6.44133E-02
3.1825544E-07, -8.1633E-03, -6.45408E-02
3.1831794E-07, -1.78571E-02, -6.91327E-02
3.1838044E-07, -2.44898E-02, -7.51275E-02
3.1844294E-07, -2.84439E-02, -8.07398E-02
3.1850544E-07, -2.92092E-02, -8.54592E-02
3.1856794E-07, -2.84439E-02, -8.77551E-02
3.1863044E-07, -2.84439E-02, -8.78827E-02
3.1869294E-07, -2.92092E-02, -8.78827E-02
3.1875544E-07, -2.99745E-02, -8.82653E-02
3.1881794E-07, -2.98469E-02, -8.87755E-02
3.1888044E-07, -2.79337E-02, -8.94133E-02
3.1894294E-07, -2.44898E-02, -8.95408E-02
3.1900544E-07, -1.98980E-02, -8.92857E-02
3.1906794E-07, -1.60714E-02, -8.82653E-02
3.1913044E-07, -1.32653E-02, -8.76276E-02
3.1919294E-07, -1.32653E-02, -8.57143E-02
3.1925544E-07, -1.70918E-02, -8.35459E-02
3.1931794E-07, -2.23214E-02, -8.15051E-02
3.1938044E-07, -2.83163E-02, -7.81888E-02
3.1944294E-07, -3.18878E-02, -7.56378E-02
3.1950544E-07, -3.12500E-02, -7.37245E-02
3.1956794E-07, -2.65306E-02, -7.29592E-02
3.1963044E-07, -1.88776E-02, -7.43622E-02
3.1969294E-07, -1.13520E-02, -7.71684E-02
3.1975544E-07, -7.5255E-03, -8.04847E-02
3.1981794E-07, -8.8010E-03, -8.35459E-02
3.1988044E-07, -1.39031E-02, -8.55867E-02
3.1994294E-07, -2.20663E-02, -8.52041E-02
3.2000544E-07, -2.92092E-02, -8.49490E-02
3.2006794E-07, -3.13776E-02, -8.52041E-02
3.2013044E-07, -2.86990E-02, -8.45663E-02
3.2019294E-07, -2.34694E-02, -8.44388E-02
3.2025544E-07, -1.72194E-02, -8.45663E-02
3.2031794E-07, -1.37755E-02, -8.30357E-02
3.2038044E-07, -1.33929E-02, -8.12500E-02
3.2044294E-07, -1.51786E-02, -7.85714E-02
3.2050544E-07, -1.78571E-02, -7.57653E-02
3.2056794E-07, -1.70918E-02, -7.42347E-02
3.2063044E-07, -1.40306E-02, -7.16837E-02
3.2069294E-07, -9.5663E-03, -6.96429E-02
3.2075544E-07, -5.3571E-03, -6.77296E-02
3.2081794E-07, -4.2092E-03, -6.54337E-02
3.2088044E-07, -6.1224E-03, -6.37755E-02
3.2094294E-07, -1.10969E-02, -6.30102E-02
3.2100544E-07, -1.69643E-02, -6.46684E-02
3.2106794E-07, -2.15561E-02, -6.84949E-02
3.2113044E-07, -2.33418E-02, -7.35969E-02
3.2119294E-07, -2.13010E-02, -7.89541E-02
3.2125544E-07, -1.63265E-02, -8.26531E-02
3.2131794E-07, -1.03316E-02, -8.36735E-02
3.2138044E-07, -5.9949E-03, -8.27806E-02
3.2144294E-07, -3.6990E-03, -8.17602E-02
3.2150544E-07, -3.5714E-03, -8.08674E-02
3.2156794E-07, -5.8673E-03, -8.01020E-02
3.2163044E-07, -9.4388E-03, -8.01020E-02
3.2169294E-07, -1.37755E-02, -7.99745E-02
3.2175544E-07, -1.70918E-02, -7.99745E-02
3.2181794E-07, -1.92602E-02, -7.89541E-02
3.2188044E-07, -2.06633E-02, -7.79337E-02
3.2194294E-07, -1.97704E-02, -7.76786E-02
3.2200544E-07, -1.87500E-02, -7.64031E-02
3.2206794E-07, -1.92602E-02, -7.55102E-02
3.2213044E-07, -1.98980E-02, -7.55102E-02
3.2219294E-07, -2.18112E-02, -7.56378E-02
3.2225544E-07, -2.35969E-02, -7.75510E-02
3.2231794E-07, -2.50000E-02, -8.06122E-02
3.2238044E-07, -2.55102E-02, -8.50765E-02
3.2244294E-07, -2.39796E-02, -8.94133E-02
3.2250544E-07, -2.21939E-02, -9.04337E-02
3.2256794E-07, -2.13010E-02, -8.82653E-02
3.2263044E-07, -2.19388E-02, -8.25255E-02
3.2269294E-07, -2.28316E-02, -7.60204E-02
3.2275544E-07, -2.29592E-02, -7.02806E-02
3.2281794E-07, -2.27041E-02, -6.72194E-02
3.2288044E-07, -2.13010E-02, -6.90051E-02
3.2294294E-07, -1.77296E-02, -7.35969E-02
3.2300544E-07, -1.37755E-02, -7.81888E-02
3.2306794E-07, -1.05867E-02, -8.09949E-02
3.2313044E-07, -9.3112E-03, -8.09949E-02
3.2319294E-07, -1.04592E-02, -7.98469E-02
3.2325544E-07, -1.26276E-02, -7.92092E-02
3.2331794E-07, -1.47959E-02, -7.94643E-02
3.2338044E-07, -1.59439E-02, -8.02296E-02
3.2344294E-07, -1.70918E-02, -7.99745E-02
3.2350544E-07, -1.72194E-02, -7.85714E-02
3.2356794E-07, -1.72194E-02, -7.44898E-02
3.2363044E-07, -1.69643E-02, -6.98980E-02
3.2369294E-07, -1.54337E-02, -6.64541E-02
3.2375544E-07, -1.39031E-02, -6.53061E-02
3.2381794E-07, -1.17347E-02, -6.84949E-02
3.2388044E-07, -8.1633E-03, -7.34694E-02
3.2394294E-07, -6.1224E-03, -7.69133E-02
3.2400544E-07, -5.3571E-03, -7.86990E-02
3.2406794E-07, -5.9949E-03, -7.67857E-02
3.2413044E-07, -8.9286E-03, -7.16837E-02
3.2419294E-07, -1.25000E-02, -6.63265E-02
3.2425544E-07, -1.69643E-02, -6.21173E-02
3.2431794E-07, -2.10459E-02, -6.21173E-02
3.2438044E-07, -2.44898E-02, -6.56888E-02
3.2444294E-07, -2.67857E-02, -7.23214E-02
3.2450544E-07, -2.72959E-02, -7.97194E-02
3.2456794E-07, -2.79337E-02, -8.53316E-02
3.2463044E-07, -2.78061E-02, -8.91582E-02
3.2469294E-07, -2.57653E-02, -8.96684E-02
3.2475544E-07, -2.35969E-02, -8.62245E-02
3.2481794E-07, -2.13010E-02, -8.16327E-02
3.2488044E-07, -1.81122E-02, -7.79337E-02
3.2494294E-07, -1.54337E-02, -7.57653E-02
3.2500544E-07, -1.31378E-02, -7.69133E-02
3.2506794E-07, -1.08418E-02, -8.12500E-02
3.2513044E-07, -9.4388E-03, -8.69898E-02
3.2519294E-07, -8.5459E-03, -9.34949E-02
3.2525544E-07, -8.9286E-03, -9.87245E-02
3.2531794E-07, -1.14796E-02, -1.022959E-01
3.2538044E-07, -1.53061E-02, -1.045918E-01
3.2544294E-07, -1.90051E-02, -1.043367E-01
3.2550544E-07, -2.25765E-02, -1.010204E-01
3.2556794E-07, -2.46173E-02, -9.52806E-02
3.2563044E-07, -2.44898E-02, -8.72449E-02
3.2569294E-07, -2.30867E-02, -7.79337E-02
3.2575544E-07, -2.07908E-02, -6.98980E-02
3.2581794E-07, -1.88776E-02, -6.45408E-02
3.2588044E-07, -1.76020E-02, -6.36480E-02
3.2594294E-07, -1.87500E-02, -6.65816E-02
3.2600544E-07, -2.05357E-02, -7.37245E-02
3.2606794E-07, -2.05357E-02, -8.21429E-02
3.2613044E-07, -1.93878E-02, -8.80102E-02
3.2619294E-07, -1.69643E-02, -9.13265E-02
3.2625544E-07, -1.49235E-02, -9.13265E-02
3.2631794E-07, -1.46684E-02, -8.95408E-02
3.2638044E-07, -1.65816E-02, -8.66071E-02
3.2644294E-07, -2.10459E-02, -8.36735E-02
3.2650544E-07, -2.52551E-02, -8.21429E-02
3.2656794E-07, -2.79337E-02, -8.12500E-02
3.2663044E-07, -2.88265E-02, -8.18878E-02
3.2669294E-07, -2.64031E-02, -8.49490E-02
3.2675544E-07, -2.33418E-02, -8.85204E-02
3.2681794E-07, -2.10459E-02, -9.28571E-02
3.2688044E-07, -1.84949E-02, -9.71939E-02
3.2694294E-07, -1.73469E-02, -9.83418E-02
3.2700544E-07, -1.56888E-02, -9.78316E-02
3.2706794E-07, -1.19898E-02, -9.50255E-02
3.2713044E-07, -8.5459E-03, -8.97959E-02
3.2719294E-07, -6.5051E-03, -8.57143E-02
3.2725544E-07, -7.1429E-03, -8.43112E-02
3.2731794E-07, -1.12245E-02, -8.55867E-02
3.2738044E-07, -1.53061E-02, -8.96684E-02
3.2744294E-07, -1.79847E-02, -9.29847E-02
3.2750544E-07, -1.92602E-02, -9.45153E-02
3.2756794E-07, -1.82398E-02, -9.42602E-02
3.2763044E-07, -1.82398E-02, -9.19643E-02
3.2769294E-07, -2.01531E-02, -8.96684E-02
3.2775544E-07, -2.42347E-02, -8.82653E-02
3.2781794E-07, -3.03571E-02, -8.75000E-02
3.2788044E-07, -3.32908E-02, -8.87755E-02
3.2794294E-07, -3.03571E-02, -8.89031E-02
3.2800544E-07, -2.29592E-02, -8.67347E-02
3.2806794E-07, -1.31378E-02, -8.39286E-02
3.2813044E-07, -5.3571E-03, -8.09949E-02
3.2819294E-07, -4.2092E-03, -7.97194E-02
3.2825544E-07, -9.5663E-03, -8.25255E-02
3.2831794E-07, -1.76020E-02, -8.85204E-02
3.2838044E-07, -2.44898E-02, -9.47704E-02
3.2844294E-07, -2.60204E-02, -9.94898E-02
3.2850544E-07, -2.15561E-02, -9.93622E-02
3.2856794E-07, -1.51786E-02, -9.37500E-02
3.2863044E-07, -1.04592E-02, -8.58418E-02
3.2869294E-07, -1.25000E-02, -7.80612E-02
3.2875544E-07, -2.09184E-02, -7.50000E-02
3.2881794E-07, -3.12500E-02, -7.69133E-02
3.2888044E-07, -3.94133E-02, -8.16327E-02
3.2894294E-07, -4.09439E-02, -8.66071E-02
3.2900544E-07, -3.45663E-02, -8.87755E-02
3.2906794E-07, -2.37245E-02, -8.72449E-02
3.2913044E-07, -1.26276E-02, -8.35459E-02
3.2919294E-07, -5.7398E-03, -7.99745E-02
3.2925544E-07, -6.5051E-03, -7.88265E-02
3.2931794E-07, -1.27551E-02, -8.16327E-02
3.2938044E-07, -2.09184E-02, -8.54592E-02
3.2944294E-07, -2.85714E-02, -8.73725E-02
3.2950544E-07, -3.20153E-02, -8.67347E-02
3.2956794E-07, -3.04847E-02, -8.26531E-02
3.2963044E-07, -2.57653E-02, -7.70408E-02
3.2969294E-07, -2.04082E-02, -7.38520E-02
3.2975544E-07, -1.61990E-02, -7.58929E-02
3.2981794E-07, -1.41582E-02, -8.30357E-02
3.2988044E-07, -1.45408E-02, -9.33673E-02
3.2994294E-07, -1.65816E-02, -1.028061E-01
3.3000544E-07, -1.92602E-02, -1.082908E-01
3.3006794E-07, -2.10459E-02, -1.082908E-01
3.3013044E-07, -2.14286E-02, -1.029337E-01
3.3019294E-07, -2.04082E-02, -9.54082E-02
3.3025544E-07, -1.73469E-02, -8.87755E-02
3.3031794E-07, -1.41582E-02, -8.43112E-02
3.3038044E-07, -1.25000E-02, -8.32908E-02
3.3044294E-07, -1.28827E-02, -8.52041E-02
3.3050544E-07, -1.53061E-02, -8.75000E-02
3.3056794E-07, -1.93878E-02, -8.77551E-02
3.3063044E-07, -2.41071E-02, -8.52041E-02
3.3069294E-07, -2.61480E-02, -8.03571E-02
3.3075544E-07, -2.52551E-02, -7.28316E-02
3.3081794E-07, -2.14286E-02, -6.56888E-02
3.3088044E-07, -1.54337E-02, -6.08418E-02
3.3094294E-07, -9.5663E-03, -5.95663E-02
3.3100544E-07, -5.7398E-03, -6.21173E-02
3.3106794E-07, -5.9949E-03, -6.73469E-02
3.3113044E-07, -1.08418E-02, -7.39796E-02
3.3119294E-07, -1.82398E-02, -8.01020E-02
3.3125544E-07, -2.70408E-02, -8.31633E-02
3.3131794E-07, -3.38010E-02, -8.32908E-02
3.3138044E-07, -3.66071E-02, -8.08674E-02
3.3144294E-07, -3.50765E-02, -7.75510E-02
3.3150544E-07, -2.99745E-02, -7.60204E-02
3.3156794E-07, -2.41071E-02, -7.80612E-02
3.3163044E-07, -1.95153E-02, -8.31633E-02
3.3169294E-07, -1.79847E-02, -8.92857E-02
3.3175544E-07, -2.04082E-02, -9.29847E-02
3.3181794E-07, -2.62755E-02, -9.22194E-02
3.3188044E-07, -3.26531E-02, -8.69898E-02
3.3194294E-07, -3.77551E-02, -7.86990E-02
3.3200544E-07, -3.99235E-02, -7.07908E-02
3.3206794E-07, -3.81378E-02, -6.64541E-02
3.3213044E-07, -3.46939E-02, -6.59439E-02
3.3219294E-07, -2.98469E-02, -6.97704E-02
3.3225544E-07, -2.52551E-02, -7.39796E-02
3.3231794E-07, -2.19388E-02, -7.58929E-02
3.3238044E-07, -2.01531E-02, -7.44898E-02
3.3244294E-07, -1.98980E-02, -7.10459E-02
3.3250544E-07, -1.84949E-02, -6.87500E-02
3.3256794E-07, -1.61990E-02, -6.83673E-02
3.3263044E-07, -1.44133E-02, -7.11735E-02
3.3269294E-07, -1.27551E-02, -7.71684E-02
3.3275544E-07, -1.25000E-02, -8.35459E-02
3.3281794E-07, -1.37755E-02, -8.85204E-02
3.3288044E-07, -1.61990E-02, -9.06888E-02
3.3294294E-07, -1.79847E-02, -9.05612E-02
3.3300544E-07, -1.81122E-02, -8.83929E-02
3.3306794E-07, -1.72194E-02, -8.55867E-02
3.3313044E-07, -1.55612E-02, -8.39286E-02
3.3319294E-07, -1.41582E-02, -8.31633E-02
3.3325544E-07, -1.31378E-02, -8.30357E-02
3.3331794E-07, -1.39031E-02, -8.22704E-02
3.3338044E-07, -1.59439E-02, -8.20153E-02
3.3344294E-07, -1.73469E-02, -8.25255E-02
3.3350544E-07, -1.68367E-02, -8.34184E-02
3.3356794E-07, -1.36480E-02, -8.39286E-02
3.3363044E-07, -9.0561E-03, -8.34184E-02
3.3369294E-07, -5.3571E-03, -8.11225E-02
3.3375544E-07, -5.2296E-03, -7.78061E-02
3.3381794E-07, -7.5255E-03, -7.56378E-02
3.3388044E-07, -1.22449E-02, -7.41071E-02
3.3394294E-07, -1.65816E-02, -7.55102E-02
3.3400544E-07, -1.60714E-02, -7.94643E-02
3.3406794E-07, -1.17347E-02, -8.26531E-02
3.3413044E-07, -5.9949E-03, -8.46939E-02
3.3419294E-07, -1.0204E-03, -8.52041E-02
3.3425544E-07, -1.4031E-03, -8.32908E-02
3.3431794E-07, -7.5255E-03, -8.16327E-02
3.3438044E-07, -1.76020E-02, -8.17602E-02
3.3444294E-07, -2.74235E-02, -8.49490E-02
3.3450544E-07, -3.26531E-02, -9.04337E-02
3.3456794E-07, -3.17602E-02, -9.55357E-02
3.3463044E-07, -2.61480E-02, -9.84694E-02
3.3469294E-07, -1.92602E-02, -9.80867E-02
3.3475544E-07, -1.49235E-02, -9.50255E-02
3.3481794E-07, -1.53061E-02, -9.10714E-02
3.3488044E-07, -1.95153E-02, -8.85204E-02
3.3494294E-07, -2.51276E-02, -8.80102E-02
3.3500544E-07, -2.86990E-02, -8.87755E-02
3.3506794E-07, -2.86990E-02, -8.89031E-02
3.3513044E-07, -2.43622E-02, -8.75000E-02
3.3519294E-07, -1.69643E-02, -8.32908E-02
3.3525544E-07, -1.07143E-02, -7.80612E-02
3.3531794E-07, -5.9949E-03, -7.61480E-02
3.3538044E-07, -2.9337E-03, -7.83163E-02
3.3544294E-07, -1.1480E-03, -8.38010E-02
3.3550544E-07, -6.378E-04, -8.99235E-02
3.3556794E-07, -6.378E-04, -9.37500E-02
3.3563044E-07, -1.6582E-03, -9.15816E-02
3.3569294E-07, -6.1224E-03, -8.31633E-02
3.3575544E-07, -1.36480E-02, -7.32143E-02
3.3581794E-07, -2.21939E-02, -6.50510E-02
3.3588044E-07, -2.97194E-02, -6.14796E-02
3.3594294E-07, -3.44388E-02, -6.36480E-02
3.3600544E-07, -3.57143E-02, -6.98980E-02
3.3606794E-07, -3.23980E-02, -7.72959E-02
3.3613044E-07, -2.70408E-02, -8.15051E-02
3.3619294E-07, -2.13010E-02, -8.23980E-02
3.3625544E-07, -1.78571E-02, -8.03571E-02
3.3631794E-07, -1.78571E-02, -7.83163E-02
3.3638044E-07, -1.95153E-02, -7.90816E-02
3.3644294E-07, -2.38520E-02, -8.11225E-02
3.3650544E-07, -2.90816E-02, -8.62245E-02
3.3656794E-07, -3.29082E-02, -9.20918E-02
3.3663044E-07, -3.53316E-02, -9.56633E-02
3.3669294E-07, -3.50765E-02, -9.75765E-02
3.3675544E-07, -3.30357E-02, -9.79592E-02
3.3681794E-07, -2.89541E-02, -9.89796E-02
3.3688044E-07, -2.38520E-02, -1.001275E-01
3.3694294E-07, -2.05357E-02, -1.014031E-01
3.3700544E-07, -1.93878E-02, -1.021684E-01
3.3706794E-07, -2.20663E-02, -1.002551E-01
3.3713044E-07, -2.88265E-02, -9.59184E-02
3.3719294E-07, -3.63520E-02, -9.03061E-02
3.3725544E-07, -4.29847E-02, -8.41837E-02
3.3731794E-07, -4.75765E-02, -8.06122E-02
3.3738044E-07, -4.71939E-02, -8.20153E-02
3.3744294E-07, -4.27296E-02, -8.63520E-02
3.3750544E-07, -3.64796E-02, -9.27296E-02
3.3756794E-07, -2.99745E-02, -9.92347E-02
3.3763044E-07, -2.34694E-02, -1.034439E-01
3.3769294E-07, -1.78571E-02, -1.034439E-01
3.3775544E-07, -1.50510E-02, -1.000000E-01
3.3781794E-07, -1.27551E-02, -9.55357E-02
3.3788044E-07, -1.30102E-02, -8.95408E-02
3.3794294E-07, -1.55612E-02, -8.48214E-02
3.3800544E-07, -1.87500E-02, -8.15051E-02
3.3806794E-07, -2.30867E-02, -7.83163E-02
3.3813044E-07, -2.66582E-02, -7.65306E-02
3.3819294E-07, -2.80612E-02, -7.57653E-02
3.3825544E-07, -2.65306E-02, -7.58929E-02
3.3831794E-07, -2.46173E-02, -7.64031E-02
3.3838044E-07, -2.24490E-02, -7.88265E-02
3.3844294E-07, -2.15561E-02, -8.09949E-02
3.3850544E-07, -2.30867E-02, -8.22704E-02
3.3856794E-07, -2.41071E-02, -8.35459E-02
3.3863044E-07, -2.48724E-02, -8.31633E-02
3.3869294E-07, -2.38520E-02, -8.36735E-02
3.3875544E-07, -2.06633E-02, -8.52041E-02
3.3881794E-07, -1.68367E-02, -8.77551E-02
3.3888044E-07, -1.33929E-02, -9.04337E-02
3.3894294E-07, -1.22449E-02, -9.11990E-02
3.3900544E-07, -1.32653E-02, -9.01786E-02
3.3906794E-07, -1.47959E-02, -8.75000E-02
3.3913044E-07, -1.61990E-02, -8.35459E-02
3.3919294E-07, -1.70918E-02, -8.16327E-02
3.3925544E-07, -1.63265E-02, -8.35459E-02
3.3931794E-07, -1.64541E-02, -8.83929E-02
3.3938044E-07, -1.84949E-02, -9.54082E-02
3.3944294E-07, -2.11735E-02, -1.015306E-01
3.3950544E-07, -2.57653E-02, -1.026786E-01
3.3956794E-07, -2.94643E-02, -9.91071E-02
3.3963044E-07, -2.97194E-02, -9.08163E-02
3.3969294E-07, -2.80612E-02, -7.94643E-02
3.3975544E-07, -2.65306E-02, -7.02806E-02
3.3981794E-07, -2.64031E-02, -6.67092E-02
3.3988044E-07, -2.88265E-02, -6.87500E-02
3.3994294E-07, -3.45663E-02, -7.44898E-02
3.4000544E-07, -4.03061E-02, -8.17602E-02
3.4006794E-07, -4.33673E-02, -8.58418E-02
3.4013044E-07, -4.32398E-02, -8.54592E-02
3.4019294E-07, -3.92857E-02, -8.29082E-02
3.4025544E-07, -3.44388E-02, -7.92092E-02
3.4031794E-07, -3.08673E-02, -7.83163E-02
3.4038044E-07, -3.07398E-02, -8.11225E-02
3.4044294E-07, -3.44388E-02, -8.69898E-02
3.4050544E-07, -3.76276E-02, -9.40051E-02
3.4056794E-07, -3.68622E-02, -9.75765E-02
3.4063044E-07, -3.07398E-02, -9.54082E-02
3.4069294E-07, -1.97704E-02, -8.81378E-02
3.4075544E-07, -7.9082E-03, -7.81888E-02
3.4081794E-07, -5.102E-04, -6.96429E-02
3.4088044E-07, -8.929E-04, -6.65816E-02
3.4094294E-07, -9.1837E-03, -7.05357E-02
3.4100544E-07, -2.16837E-02, -7.95918E-02
3.4106794E-07, -3.38010E-02, -9.00510E-02
3.4113044E-07, -4.01786E-02, -9.85969E-02
3.4119294E-07, -3.82653E-02, -1.016582E-01
3.4125544E-07, -3.31633E-02, -9.82143E-02
3.4131794E-07, -2.71684E-02, -9.29847E-02
3.4138044E-07, -2.34694E-02, -8.77551E-02
3.4144294E-07, -2.47449E-02, -8.45663E-02
3.4150544E-07, -2.80612E-02, -8.58418E-02
3.4156794E-07, -2.90816E-02, -9.01786E-02
3.4163044E-07, -2.50000E-02, -9.47704E-02
3.4169294E-07, -1.69643E-02, -9.89796E-02
3.4175544E-07, -6.5051E-03, -1.025510E-01
3.4181794E-07, 3.827E-04, -1.043367E-01
3.4188044E-07, 1.276E-04, -1.054847E-01
3.4194294E-07, -7.7806E-03, -1.063775E-01
3.4200544E-07, -2.01531E-02, -1.068878E-01
3.4206794E-07, -3.17602E-02, -1.062500E-01
3.4213044E-07, -3.87755E-02, -1.036990E-01
3.4219294E-07, -3.82653E-02, -9.94898E-02
3.4225544E-07, -3.32908E-02, -9.32398E-02
3.4231794E-07, -2.80612E-02, -8.69898E-02
3.4238044E-07, -2.56378E-02, -8.20153E-02
3.4244294E-07, -2.75510E-02, -7.90816E-02
3.4250544E-07, -3.18878E-02, -7.86990E-02
3.4256794E-07, -3.53316E-02, -8.04847E-02
3.4263044E-07, -3.55867E-02, -8.30357E-02
3.4269294E-07, -3.18878E-02, -8.49490E-02
3.4275544E-07, -2.66582E-02, -8.48214E-02
3.4281794E-07, -2.29592E-02, -8.27806E-02
3.4288044E-07, -2.18112E-02, -7.99745E-02
3.4294294E-07, -2.38520E-02, -7.74235E-02
3.4300544E-07, -2.53827E-02, -7.71684E-02
3.4306794E-07, -2.42347E-02, -7.84439E-02
3.4313044E-07, -1.98980E-02, -8.07398E-02
3.4319294E-07, -1.36480E-02, -8.32908E-02
3.4325544E-07, -9.4388E-03, -8.45663E-02
3.4331794E-07, -9.1837E-03, -8.45663E-02
3.4338044E-07, -1.46684E-02, -8.26531E-02
3.4344294E-07, -2.32143E-02, -8.04847E-02
3.4350544E-07, -3.03571E-02, -7.85714E-02
3.4356794E-07, -3.26531E-02, -7.67857E-02
3.4363044E-07, -2.88265E-02, -7.48724E-02
3.4369294E-07, -2.02806E-02, -7.27041E-02
3.4375544E-07, -1.08418E-02, -6.96429E-02
3.4381794E-07, -5.1020E-03, -6.60714E-02
3.4388044E-07, -4.4643E-03, -6.39031E-02
3.4394294E-07, -7.7806E-03, -6.40306E-02
3.4400544E-07, -1.14796E-02, -6.69643E-02
3.4406794E-07, -1.39031E-02, -7.20663E-02
3.4413044E-07, -1.39031E-02, -7.88265E-02
3.4419294E-07, -1.19898E-02, -8.57143E-02
3.4425544E-07, -1.16071E-02, -9.03061E-02
3.4431794E-07, -1.30102E-02, -9.27296E-02
3.4438044E-07, -1.78571E-02, -9.18367E-02
3.4444294E-07, -2.39796E-02, -8.96684E-02
3.4450544E-07, -2.83163E-02, -8.75000E-02
3.4456794E-07, -3.16327E-02, -8.54592E-02
3.4463044E-07, -3.36735E-02, -8.60969E-02
3.4469294E-07, -3.50765E-02, -8.81378E-02
3.4475544E-07, -3.76276E-02, -8.95408E-02
3.4481794E-07, -4.13265E-02, -8.92857E-02
3.4488044E-07, -4.45153E-02, -8.69898E-02
3.4494294E-07, -4.52806E-02, -8.27806E-02
3.4500544E-07, -4.31122E-02, -7.81888E-02
3.4506794E-07, -3.68622E-02, -7.61480E-02
3.4513044E-07, -2.97194E-02, -7.57653E-02
3.4519294E-07, -2.51276E-02, -7.79337E-02
3.4525544E-07, -2.28316E-02, -8.22704E-02
3.4531794E-07, -2.38520E-02, -8.60969E-02
3.4538044E-07, -2.52551E-02, -8.96684E-02
3.4544294E-07, -2.50000E-02, -9.15816E-02
3.4550544E-07, -2.24490E-02, -9.20918E-02
3.4556794E-07, -1.69643E-02, -9.13265E-02
3.4563044E-07, -1.12245E-02, -8.78827E-02
3.4569294E-07, -8.1633E-03, -8.27806E-02
3.4575544E-07, -9.9490E-03, -7.67857E-02
3.4581794E-07, -1.63265E-02, -7.19388E-02
3.4588044E-07, -2.43622E-02, -7.04082E-02
3.4594294E-07, -3.17602E-02, -7.21939E-02
3.4600544E-07, -3.62245E-02, -7.75510E-02
3.4606794E-07, -3.69898E-02, -8.41837E-02
3.4613044E-07, -3.45663E-02, -8.97959E-02
3.4619294E-07, -3.15051E-02, -9.22194E-02
3.4625544E-07, -2.93367E-02, -9.18367E-02
3.4631794E-07, -2.86990E-02, -9.00510E-02
3.4638044E-07, -3.03571E-02, -8.86480E-02
3.4644294E-07, -3.29082E-02, -9.04337E-02
3.4650544E-07, -3.43112E-02, -9.47704E-02
3.4656794E-07, -3.27806E-02, -9.92347E-02
3.4663044E-07, -2.89541E-02, -1.008929E-01
3.4669294E-07, -2.51276E-02, -9.88520E-02
3.4675544E-07, -2.04082E-02, -9.46429E-02
3.4681794E-07, -1.82398E-02, -8.87755E-02
3.4688044E-07, -1.90051E-02, -8.52041E-02
3.4694294E-07, -2.05357E-02, -8.57143E-02
3.4700544E-07, -2.44898E-02, -8.80102E-02
3.4706794E-07, -2.86990E-02, -9.22194E-02
3.4713044E-07, -3.22704E-02, -9.46429E-02
3.4719294E-07, -3.50765E-02, -9.38776E-02
3.4725544E-07, -3.54592E-02, -9.03061E-02
3.4731794E-07, -3.43112E-02, -8.46939E-02
3.4738044E-07, -3.04847E-02, -8.03571E-02
3.4744294E-07, -2.57653E-02, -7.78061E-02
3.4750544E-07, -2.11735E-02, -7.86990E-02
3.4756794E-07, -1.77296E-02, -8.29082E-02
3.4763044E-07, -1.81122E-02, -8.89031E-02
3.4769294E-07, -2.01531E-02, -9.73214E-02
3.4775544E-07, -2.32143E-02, -1.045918E-01
3.4781794E-07, -2.67857E-02, -1.102041E-01
3.4788044E-07, -2.74235E-02, -1.142857E-01
3.4794294E-07, -2.52551E-02, -1.142857E-01
3.4800544E-07, -2.01531E-02, -1.116071E-01
3.4806794E-07, -1.30102E-02, -1.065051E-01
3.4813044E-07, -4.9745E-03, -9.96173E-02
3.4819294E-07, 1.5306E-03, -9.15816E-02
3.4825544E-07, 4.4643E-03, -8.44388E-02
3.4831794E-07, 3.5714E-03, -7.97194E-02
3.4838044E-07, -1.0204E-03, -7.72959E-02
3.4844294E-07, -7.7806E-03, -7.72959E-02
3.4850544E-07, -1.56888E-02, -7.90816E-02
3.4856794E-07, -2.16837E-02, -8.30357E-02
3.4863044E-07, -2.46173E-02, -8.76276E-02
3.4869294E-07, -2.51276E-02, -9.22194E-02
3.4875544E-07, -2.19388E-02, -9.68112E-02
3.4881794E-07, -1.87500E-02, -9.89796E-02
3.4888044E-07, -1.69643E-02, -1.003827E-01
3.4894294E-07, -1.78571E-02, -1.011480E-01
3.4900544E-07, -2.11735E-02, -1.020408E-01
3.4906794E-07, -2.46173E-02, -1.034439E-01
3.4913044E-07, -2.83163E-02, -1.044643E-01
3.4919294E-07, -2.98469E-02, -1.068878E-01
3.4925544E-07, -2.92092E-02, -1.077806E-01
3.4931794E-07, -2.71684E-02, -1.073980E-01
3.4938044E-07, -2.33418E-02, -1.057398E-01
3.4944294E-07, -2.01531E-02, -1.020408E-01
3.4950544E-07, -1.83673E-02, -9.82143E-02
3.4956794E-07, -1.83673E-02, -9.54082E-02
3.4963044E-07, -2.05357E-02, -9.40051E-02
3.4969294E-07, -2.55102E-02, -9.40051E-02
3.4975544E-07, -3.11224E-02, -9.55357E-02
3.4981794E-07, -3.58418E-02, -9.68112E-02
3.4988044E-07, -3.91582E-02, -9.71939E-02
3.4994294E-07, -3.81378E-02, -9.73214E-02
3.5000544E-07, -3.41837E-02, -9.56633E-02
3.5006794E-07, -2.88265E-02, -9.33673E-02
3.5013044E-07, -2.38520E-02, -9.14541E-02
3.5019294E-07, -2.19388E-02, -8.99235E-02
3.5025544E-07, -2.29592E-02, -9.00510E-02
3.5031794E-07, -2.62755E-02, -9.18367E-02
3.5038044E-07, -3.04847E-02, -9.52806E-02
3.5044294E-07, -3.27806E-02, -1.001275E-01
3.5050544E-07, -3.29082E-02, -1.039541E-01
3.5056794E-07, -3.17602E-02, -1.059949E-01
3.5063044E-07, -3.06122E-02, -1.054847E-01
3.5069294E-07, -2.99745E-02, -1.024235E-01
3.5075544E-07, -2.94643E-02, -9.78316E-02
3.5081794E-07, -2.92092E-02, -9.31122E-02
3.5088044E-07, -2.78061E-02, -9.06888E-02
3.5094294E-07, -2.47449E-02, -9.08163E-02
3.5100544E-07, -2.16837E-02, -9.27296E-02
3.5106794E-07, -2.09184E-02, -9.47704E-02
3.5113044E-07, -2.39796E-02, -9.57908E-02
3.5119294E-07, -2.89541E-02, -9.48980E-02
3.5125544E-07, -3.52041E-02, -9.05612E-02
3.5131794E-07, -4.03061E-02, -8.53316E-02
3.5138044E-07, -3.94133E-02, -8.21429E-02
3.5144294E-07, -3.30357E-02, -8.08674E-02
3.5150544E-07, -2.27041E-02, -8.27806E-02
3.5156794E-07, -1.12245E-02, -8.80102E-02
3.5163044E-07, -3.1888E-03, -9.40051E-02
3.5169294E-07, 1.2755E-03, -9.98724E-02
3.5175544E-07, 1.1480E-03, -1.019133E-01
3.5181794E-07, -3.1888E-03, -1.001275E-01
3.5188044E-07, -8.2908E-03, -9.61735E-02
3.5194294E-07, -1.46684E-02, -9.00510E-02
3.5200544E-07, -2.11735E-02, -8.52041E-02
3.5206794E-07, -2.67857E-02, -8.25255E-02
3.5213044E-07, -3.25255E-02, -8.13776E-02
3.5219294E-07, -3.49490E-02, -8.29082E-02
3.5225544E-07, -3.27806E-02, -8.40561E-02
3.5231794E-07, -2.80612E-02, -8.43112E-02
3.5238044E-07, -2.10459E-02, -8.64796E-02
3.5244294E-07, -1.37755E-02, -8.96684E-02
3.5250544E-07, -9.9490E-03, -9.41327E-02
3.5256794E-07, -1.09694E-02, -1.007653E-01
3.5263044E-07, -1.47959E-02, -1.080357E-01
3.5269294E-07, -1.88776E-02, -1.136480E-01
3.5275544E-07, -2.07908E-02, -1.161990E-01
3.5281794E-07, -1.97704E-02, -1.154337E-01
3.5288044E-07, -1.68367E-02, -1.117347E-01
3.5294294E-07, -1.58163E-02, -1.062500E-01
3.5300544E-07, -1.88776E-02, -1.001275E-01
3.5306794E-07, -2.62755E-02, -9.29847E-02
3.5313044E-07, -3.64796E-02, -8.50765E-02
3.5319294E-07, -4.42602E-02, -7.74235E-02
3.5325544E-07, -4.64286E-02, -7.05357E-02
3.5331794E-07, -4.15816E-02, -6.67092E-02
3.5338044E-07, -3.03571E-02, -6.72194E-02
3.5344294E-07, -1.79847E-02, -7.14286E-02
3.5350544E-07, -7.2704E-03, -7.88265E-02
3.5356794E-07, -3.0612E-03, -8.54592E-02
3.5363044E-07, -7.7806E-03, -9.04337E-02
3.5369294E-07, -1.84949E-02, -9.46429E-02
3.5375544E-07, -3.18878E-02, -9.65561E-02
3.5381794E-07, -4.33673E-02, -9.74490E-02
3.5388044E-07, -4.88520E-02, -9.83418E-02
3.5394294E-07, -4.77041E-02, -9.80867E-02
3.5400544E-07, -4.18367E-02, -9.71939E-02
3.5406794E-07, -3.22704E-02, -9.56633E-02
3.5413044E-07, -2.30867E-02, -9.24745E-02
3.5419294E-07, -1.91327E-02, -8.90306E-02
3.5425544E-07, -1.97704E-02, -8.82653E-02
3.5431794E-07, -2.39796E-02, -8.91582E-02
3.5438044E-07, -2.90816E-02, -9.18367E-02
3.5444294E-07, -3.11224E-02, -9.52806E-02
3.5450544E-07, -2.97194E-02, -9.74490E-02
3.5456794E-07, -2.43622E-02, -9.89796E-02
3.5463044E-07, -1.68367E-02, -9.94898E-02
3.5469294E-07, -1.18622E-02, -9.87245E-02
3.5475544E-07, -1.21173E-02, -9.87245E-02
3.5481794E-07, -1.65816E-02, -9.97449E-02
3.5488044E-07, -2.39796E-02, -9.98724E-02
3.5494294E-07, -3.11224E-02, -9.91071E-02
3.5500544E-07, -3.57143E-02, -9.69388E-02
3.5506794E-07, -3.59694E-02, -9.40051E-02
3.5513044E-07, -3.13776E-02, -9.00510E-02
3.5519294E-07, -2.58929E-02, -8.44388E-02
3.5525544E-07, -2.01531E-02, -7.97194E-02
3.5531794E-07, -1.59439E-02, -7.53826E-02
3.5538044E-07, -1.50510E-02, -7.23214E-02
3.5544294E-07, -1.56888E-02, -7.28316E-02
3.5550544E-07, -1.74745E-02, -7.65306E-02
3.5556794E-07, -1.92602E-02, -8.31633E-02
3.5563044E-07, -2.11735E-02, -9.04337E-02
3.5569294E-07, -2.27041E-02, -9.68112E-02
3.5575544E-07, -2.24490E-02, -9.98724E-02
3.5581794E-07, -2.13010E-02, -9.77041E-02
3.5588044E-07, -1.96429E-02, -9.27296E-02
3.5594294E-07, -1.78571E-02, -8.77551E-02
3.5600544E-07, -1.73469E-02, -8.53316E-02
3.5606794E-07, -1.86224E-02, -8.72449E-02
3.5613044E-07, -2.09184E-02, -9.26020E-02
3.5619294E-07, -2.38520E-02, -9.73214E-02
3.5625544E-07, -2.72959E-02, -9.93622E-02
3.5631794E-07, -3.04847E-02, -9.82143E-02
3.5638044E-07, -3.16327E-02, -9.45153E-02
3.5644294E-07, -3.09949E-02, -8.97959E-02
3.5650544E-07, -3.01020E-02, -8.62245E-02
3.5656794E-07, -2.78061E-02, -8.60969E-02
3.5663044E-07, -2.50000E-02, -8.71173E-02
3.5669294E-07, -2.28316E-02, -8.80102E-02
3.5675544E-07, -2.01531E-02, -8.86480E-02
3.5681794E-07, -1.81122E-02, -8.71173E-02
3.5688044E-07, -1.68367E-02, -8.57143E-02
3.5694294E-07, -1.67092E-02, -8.50765E-02
3.5700544E-07, -1.92602E-02, -8.54592E-02
3.5706794E-07, -2.28316E-02, -8.78827E-02
3.5713044E-07, -2.69133E-02, -8.95408E-02
3.5719294E-07, -3.02296E-02, -8.90306E-02
3.5725544E-07, -3.11224E-02, -8.63520E-02
3.5731794E-07, -2.95918E-02, -8.23980E-02
3.5738044E-07, -2.64031E-02, -7.94643E-02
3.5744294E-07, -2.30867E-02, -7.94643E-02
3.5750544E-07, -2.20663E-02, -8.22704E-02
3.5756794E-07, -2.48724E-02, -8.73725E-02
3.5763044E-07, -2.97194E-02, -9.24745E-02
3.5769294E-07, -3.46939E-02, -9.42602E-02
3.5775544E-07, -3.73724E-02, -9.18367E-02
3.5781794E-07, -3.63520E-02, -8.58418E-02
3.5788044E-07, -3.26531E-02, -7.85714E-02
3.5794294E-07, -2.80612E-02, -7.37245E-02
3.5800544E-07, -2.38520E-02, -7.32143E-02
3.5806794E-07, -2.28316E-02, -7.67857E-02
3.5813044E-07, -2.34694E-02, -8.45663E-02
3.5819294E-07, -2.30867E-02, -9.31122E-02
3.5825544E-07, -2.13010E-02, -9.87245E-02
3.5831794E-07, -1.69643E-02, -1.007653E-01
3.5838044E-07, -1.09694E-02, -9.79592E-02
3.5844294E-07, -7.7806E-03, -9.06888E-02
3.5850544E-07, -9.1837E-03, -8.32908E-02
3.5856794E-07, -1.58163E-02, -7.74235E-02
3.5863044E-07, -2.53827E-02, -7.52551E-02
3.5869294E-07, -3.46939E-02, -7.65306E-02
3.5875544E-07, -4.15816E-02, -8.04847E-02
3.5881794E-07, -4.23469E-02, -8.64796E-02
3.5888044E-07, -3.78827E-02, -9.01786E-02
3.5894294E-07, -3.21429E-02, -9.09439E-02
3.5900544E-07, -2.70408E-02, -9.05612E-02
3.5906794E-07, -2.44898E-02, -9.00510E-02
3.5913044E-07, -2.41071E-02, -9.15816E-02
3.5919294E-07, -2.48724E-02, -9.51531E-02
3.5925544E-07, -2.41071E-02, -1.003827E-01
3.5931794E-07, -2.19388E-02, -1.049745E-01
3.5938044E-07, -1.91327E-02, -1.070153E-01
3.5944294E-07, -1.63265E-02, -1.065051E-01
3.5950544E-07, -1.45408E-02, -1.025510E-01
3.5956794E-07, -1.63265E-02, -9.70663E-02
3.5963044E-07, -2.05357E-02, -9.31122E-02
3.5969294E-07, -2.60204E-02, -9.14541E-02
3.5975544E-07, -3.17602E-02, -9.13265E-02
3.5981794E-07, -3.48214E-02, -9.22194E-02
3.5988044E-07, -3.32908E-02, -9.18367E-02
3.5994294E-07, -2.86990E-02, -8.78827E-02
3.6000544E-07, -2.29592E-02, -8.18878E-02
3.6006794E-07, -1.84949E-02, -7.53826E-02
3.6013044E-07, -1.70918E-02, -7.04082E-02
3.6019294E-07, -1.90051E-02, -6.81122E-02
3.6025544E-07, -2.43622E-02, -6.91327E-02
3.6031794E-07, -3.03571E-02, -7.37245E-02
3.6038044E-07, -3.39286E-02, -8.03571E-02
3.6044294E-07, -3.44388E-02, -8.66071E-02
3.6050544E-07, -3.17602E-02, -9.17092E-02
3.6056794E-07, -2.75510E-02, -9.42602E-02
3.6063044E-07, -2.32143E-02, -9.36224E-02
3.6069294E-07, -1.95153E-02, -8.99235E-02
3.6075544E-07, -1.64541E-02, -8.39286E-02
3.6081794E-07, -1.54337E-02, -7.69133E-02
3.6088044E-07, -1.53061E-02, -7.25765E-02
3.6094294E-07, -1.55612E-02, -7.19388E-02
3.6100544E-07, -1.76020E-02, -7.43622E-02
3.6106794E-07, -2.10459E-02, -7.93367E-02
3.6113044E-07, -2.67857E-02, -8.43112E-02
3.6119294E-07, -3.18878E-02, -8.85204E-02
3.6125544E-07, -3.43112E-02, -8.90306E-02
3.6131794E-07, -3.36735E-02, -8.62245E-02
3.6138044E-07, -2.98469E-02, -8.26531E-02
3.6144294E-07, -2.41071E-02, -8.02296E-02
3.6150544E-07, -1.78571E-02, -8.04847E-02
3.6156794E-07, -1.37755E-02, -8.22704E-02
3.6163044E-07, -1.33929E-02, -8.49490E-02
3.6169294E-07, -1.53061E-02, -8.67347E-02
3.6175544E-07, -1.88776E-02, -8.50765E-02
3.6181794E-07, -2.30867E-02, -8.09949E-02
3.6188044E-07, -2.52551E-02, -7.64031E-02
3.6194294E-07, -2.75510E-02, -7.19388E-02
3.6200544E-07, -2.97194E-02, -7.18112E-02
3.6206794E-07, -3.25255E-02, -7.57653E-02
3.6213044E-07, -3.83929E-02, -8.21429E-02
3.6219294E-07, -4.57908E-02, -9.01786E-02
3.6225544E-07, -5.28061E-02, -9.61735E-02
3.6231794E-07, -5.72704E-02, -9.79592E-02
3.6238044E-07, -5.72704E-02, -9.47704E-02
3.6244294E-07, -5.17857E-02, -8.80102E-02
3.6250544E-07, -4.26020E-02, -7.95918E-02
3.6256794E-07, -3.16327E-02, -7.23214E-02
3.6263044E-07, -2.15561E-02, -6.77296E-02
3.6269294E-07, -1.53061E-02, -6.60714E-02
3.6275544E-07, -1.44133E-02, -6.73469E-02
3.6281794E-07, -1.81122E-02, -7.10459E-02
3.6288044E-07, -2.29592E-02, -7.60204E-02
3.6294294E-07, -2.66582E-02, -8.03571E-02
3.6300544E-07, -2.72959E-02, -8.36735E-02
3.6306794E-07, -2.42347E-02, -8.55867E-02
3.6313044E-07, -2.04082E-02, -8.63520E-02
3.6319294E-07, -1.82398E-02, -8.68622E-02
3.6325544E-07, -1.95153E-02, -8.69898E-02
3.6331794E-07, -2.44898E-02, -8.67347E-02
3.6338044E-07, -3.16327E-02, -8.57143E-02
3.6344294E-07, -3.89031E-02, -8.36735E-02
3.6350544E-07, -4.18367E-02, -8.23980E-02
3.6356794E-07, -3.78827E-02, -8.12500E-02
3.6363044E-07, -2.98469E-02, -8.01020E-02
3.6369294E-07, -2.04082E-02, -8.12500E-02
3.6375544E-07, -1.25000E-02, -8.43112E-02
3.6381794E-07, -9.6939E-03, -8.72449E-02
3.6388044E-07, -1.21173E-02, -9.01786E-02
3.6394294E-07, -1.82398E-02, -9.10714E-02
3.6400544E-07, -2.61480E-02, -9.00510E-02
3.6406794E-07, -3.17602E-02, -8.90306E-02
3.6413044E-07, -3.35459E-02, -8.89031E-02
3.6419294E-07, -3.12500E-02, -9.04337E-02
3.6425544E-07, -2.67857E-02, -9.33673E-02
3.6431794E-07, -2.29592E-02, -9.68112E-02
3.6438044E-07, -2.00255E-02, -9.87245E-02
3.6444294E-07, -1.84949E-02, -9.60459E-02
3.6450544E-07, -1.84949E-02, -8.92857E-02
3.6456794E-07, -2.11735E-02, -8.12500E-02
3.6463044E-07, -2.38520E-02, -7.67857E-02
3.6469294E-07, -2.67857E-02, -7.65306E-02
3.6475544E-07, -3.13776E-02, -8.15051E-02
3.6481794E-07, -3.52041E-02, -9.00510E-02
3.6488044E-07, -3.97959E-02, -9.63010E-02
3.6494294E-07, -4.31122E-02, -9.85969E-02
3.6500544E-07, -4.37500E-02, -9.56633E-02
3.6506794E-07, -4.15816E-02, -8.91582E-02
3.6513044E-07, -3.52041E-02, -8.34184E-02
3.6519294E-07, -2.64031E-02, -8.04847E-02
3.6525544E-07, -1.81122E-02, -8.17602E-02
3.6531794E-07, -1.17347E-02, -8.64796E-02
3.6538044E-07, -8.4184E-03, -9.08163E-02
3.6544294E-07, -7.9082E-03, -9.24745E-02
3.6550544E-07, -9.0561E-03, -9.09439E-02
3.6556794E-07, -1.07143E-02, -8.80102E-02
3.6563044E-07, -1.13520E-02, -8.73725E-02
3.6569294E-07, -1.05867E-02, -9.00510E-02
3.6575544E-07, -8.1633E-03, -9.57908E-02
3.6581794E-07, -5.4847E-03, -1.010204E-01
3.6588044E-07, -5.2296E-03, -1.022959E-01
3.6594294E-07, -7.6531E-03, -9.94898E-02
3.6600544E-07, -1.26276E-02, -9.32398E-02
3.6606794E-07, -1.86224E-02, -8.64796E-02
3.6613044E-07, -2.39796E-02, -8.18878E-02
3.6619294E-07, -2.85714E-02, -8.09949E-02
3.6625544E-07, -3.09949E-02, -8.36735E-02
3.6631794E-07, -3.23980E-02, -8.60969E-02
3.6638044E-07, -3.39286E-02, -8.62245E-02
3.6644294E-07, -3.46939E-02, -8.30357E-02
3.6650544E-07, -3.59694E-02, -7.64031E-02
3.6656794E-07, -3.68622E-02, -7.05357E-02
3.6663044E-07, -3.67347E-02, -6.78571E-02
3.6669294E-07, -3.72449E-02, -6.92602E-02
3.6675544E-07, -3.73724E-02, -7.55102E-02
3.6681794E-07, -3.66071E-02, -8.27806E-02
3.6688044E-07, -3.63520E-02, -8.71173E-02
3.6694294E-07, -3.54592E-02, -8.81378E-02
3.6700544E-07, -3.31633E-02, -8.54592E-02
3.6706794E-07, -3.17602E-02, -8.12500E-02
3.6713044E-07, -3.07398E-02, -8.09949E-02
3.6719294E-07, -2.93367E-02, -8.55867E-02
3.6725544E-07, -2.92092E-02, -9.34949E-02
3.6731794E-07, -2.93367E-02, -1.030612E-01
3.6738044E-07, -3.03571E-02, -1.090561E-01
3.6744294E-07, -3.08673E-02, -1.104592E-01
3.6750544E-07, -2.88265E-02, -1.059949E-01
3.6756794E-07, -2.66582E-02, -9.73214E-02
3.6763044E-07, -2.37245E-02, -9.05612E-02
3.6769294E-07, -1.95153E-02, -8.75000E-02
3.6775544E-07, -1.53061E-02, -8.75000E-02
3.6781794E-07, -1.22449E-02, -8.89031E-02
3.6788044E-07, -1.13520E-02, -8.91582E-02
3.6794294E-07, -1.14796E-02, -8.60969E-02
3.6800544E-07, -1.32653E-02, -7.93367E-02
3.6806794E-07, -1.51786E-02, -7.18112E-02
3.6813044E-07, -1.53061E-02, -6.61990E-02
3.6819294E-07, -1.45408E-02, -6.35204E-02
3.6825544E-07, -1.35204E-02, -6.51786E-02
3.6831794E-07, -1.22449E-02, -7.00255E-02
3.6838044E-07, -1.26276E-02, -7.41071E-02
3.6844294E-07, -1.44133E-02, -7.67857E-02
3.6850544E-07, -1.61990E-02, -7.72959E-02
3.6856794E-07, -1.87500E-02, -7.60204E-02
3.6863044E-07, -2.18112E-02, -7.61480E-02
3.6869294E-07, -2.33418E-02, -7.92092E-02
3.6875544E-07, -2.47449E-02, -8.35459E-02
3.6881794E-07, -2.78061E-02, -8.86480E-02
3.6888044E-07, -3.08673E-02, -9.37500E-02
3.6894294E-07, -3.41837E-02, -9.59184E-02
3.6900544E-07, -3.63520E-02, -9.56633E-02
3.6906794E-07, -3.54592E-02, -9.38776E-02
3.6913044E-07, -3.11224E-02, -9.09439E-02
3.6919294E-07, -2.51276E-02, -8.80102E-02
3.6925544E-07, -1.96429E-02, -8.60969E-02
3.6931794E-07, -1.60714E-02, -8.45663E-02
3.6938044E-07, -1.65816E-02, -8.29082E-02
3.6944294E-07, -2.01531E-02, -8.17602E-02
3.6950544E-07, -2.48724E-02, -8.08674E-02
3.6956794E-07, -2.83163E-02, -8.09949E-02
3.6963044E-07, -2.92092E-02, -8.25255E-02
3.6969294E-07, -2.83163E-02, -8.49490E-02
3.6975544E-07, -2.80612E-02, -8.80102E-02
3.6981794E-07, -2.98469E-02, -9.15816E-02
3.6988044E-07, -3.32908E-02, -9.41327E-02
3.6994294E-07, -3.87755E-02, -9.33673E-02
3.7000544E-07, -4.33673E-02, -9.08163E-02
3.7006794E-07, -4.45153E-02, -8.64796E-02
3.7013044E-07, -4.15816E-02, -8.11225E-02
3.7019294E-07, -3.45663E-02, -7.67857E-02
3.7025544E-07, -2.66582E-02, -7.44898E-02
3.7031794E-07, -1.93878E-02, -7.60204E-02
3.7038044E-07, -1.39031E-02, -8.08674E-02
3.7044294E-07, -1.21173E-02, -8.67347E-02
3.7050544E-07, -1.40306E-02, -9.28571E-02
3.7056794E-07, -1.79847E-02, -9.78316E-02
3.7063044E-07, -2.24490E-02, -9.97449E-02
3.7069294E-07, -2.65306E-02, -9.84694E-02
3.7075544E-07, -2.92092E-02, -9.57908E-02
3.7081794E-07, -2.85714E-02, -9.34949E-02
3.7088044E-07, -2.57653E-02, -9.23469E-02
3.7094294E-07, -2.20663E-02, -9.34949E-02
3.7100544E-07, -1.83673E-02, -9.66837E-02
3.7106794E-07, -1.73469E-02, -9.91071E-02
3.7113044E-07, -1.91327E-02, -9.97449E-02
3.7119294E-07, -2.53827E-02, -9.65561E-02
3.7125544E-07, -3.31633E-02, -9.14541E-02
3.7131794E-07, -3.95408E-02, -8.45663E-02
3.7138044E-07, -4.37500E-02, -7.80612E-02
3.7144294E-07, -4.26020E-02, -7.53826E-02
3.7150544E-07, -3.80102E-02, -7.48724E-02
3.7156794E-07, -3.17602E-02, -7.83163E-02
3.7163044E-07, -2.44898E-02, -8.36735E-02
3.7169294E-07, -1.92602E-02, -8.73725E-02
3.7175544E-07, -1.65816E-02, -8.89031E-02
3.7181794E-07, -1.79847E-02, -8.72449E-02
3.7188044E-07, -2.20663E-02, -8.50765E-02
3.7194294E-07, -2.64031E-02, -8.36735E-02
3.7200544E-07, -3.08673E-02, -8.39286E-02
3.7206794E-07, -3.27806E-02, -8.85204E-02
3.7213044E-07, -3.23980E-02, -9.55357E-02
3.7219294E-07, -3.01020E-02, -1.043367E-01
3.7225544E-07, -2.66582E-02, -1.122449E-01
3.7231794E-07, -2.33418E-02, -1.164541E-01
3.7238044E-07, -2.16837E-02, -1.154337E-01
3.7244294E-07, -2.28316E-02, -1.096939E-01
3.7250544E-07, -2.60204E-02, -1.010204E-01
3.7256794E-07, -3.01020E-02, -9.13265E-02
3.7263044E-07, -3.40561E-02, -8.32908E-02
3.7269294E-07, -3.63520E-02, -7.97194E-02
3.7275544E-07, -3.48214E-02, -8.06122E-02
3.7281794E-07, -3.02296E-02, -8.43112E-02
3.7288044E-07, -2.44898E-02, -8.89031E-02
3.7294294E-07, -1.86224E-02, -9.18367E-02
3.7300544E-07, -1.40306E-02, -9.11990E-02
3.7306794E-07, -1.31378E-02, -8.55867E-02
3.7313044E-07, -1.59439E-02, -7.81888E-02
3.7319294E-07, -2.01531E-02, -7.15561E-02
3.7325544E-07, -2.56378E-02, -6.79847E-02
3.7331794E-07, -2.94643E-02, -7.13010E-02
3.7338044E-07, -3.12500E-02, -7.89541E-02
3.7344294E-07, -3.13776E-02, -8.86480E-02
3.7350544E-07, -2.90816E-02, -9.74490E-02
3.7356794E-07, -2.67857E-02, -9.98724E-02
3.7363044E-07, -2.34694E-02, -9.70663E-02
3.7369294E-07, -2.15561E-02, -8.96684E-02
3.7375544E-07, -2.20663E-02, -8.31633E-02
3.7381794E-07, -2.39796E-02, -8.18878E-02
3.7388044E-07, -2.90816E-02, -8.55867E-02
3.7394294E-07, -3.53316E-02, -9.40051E-02
3.7400544E-07, -4.19643E-02, -1.012755E-01
3.7406794E-07, -4.78316E-02, -1.036990E-01
3.7413044E-07, -5.03827E-02, -9.97449E-02
3.7419294E-07, -5.01276E-02, -8.97959E-02
3.7425544E-07, -4.68112E-02, -7.97194E-02
3.7431794E-07, -4.15816E-02, -7.37245E-02
3.7438044E-07, -3.62245E-02, -7.47449E-02
3.7444294E-07, -3.25255E-02, -8.27806E-02
3.7450544E-07, -2.93367E-02, -9.45153E-02
3.7456794E-07, -2.72959E-02, -1.036990E-01
3.7463044E-07, -2.71684E-02, -1.073980E-01
3.7469294E-07, -2.70408E-02, -1.059949E-01
3.7475544E-07, -2.88265E-02, -1.002551E-01
3.7481794E-07, -3.03571E-02, -9.52806E-02
3.7488044E-07, -3.08673E-02, -9.27296E-02
3.7494294E-07, -3.04847E-02, -9.34949E-02
3.7500544E-07, -2.75510E-02, -9.65561E-02
3.7506794E-07, -2.42347E-02, -9.84694E-02
3.7513044E-07, -2.07908E-02, -9.89796E-02
3.7519294E-07, -2.02806E-02, -9.60459E-02
3.7525544E-07, -2.42347E-02, -9.28571E-02
3.7531794E-07, -2.98469E-02, -9.18367E-02
3.7538044E-07, -3.57143E-02, -9.23469E-02
3.7544294E-07, -3.83929E-02, -9.52806E-02
3.7550544E-07, -3.71173E-02, -9.89796E-02
3.7556794E-07, -3.20153E-02, -1.022959E-01
3.7563044E-07, -2.46173E-02, -1.038265E-01
3.7569294E-07, -1.81122E-02, -1.029337E-01
3.7575544E-07, -1.55612E-02, -1.006378E-01
3.7581794E-07, -1.65816E-02, -9.93622E-02
3.7588044E-07, -1.87500E-02, -9.97449E-02
3.7594294E-07, -2.01531E-02, -1.008929E-01
3.7600544E-07, -1.84949E-02, -1.033163E-01
3.7606794E-07, -1.47959E-02, -1.051020E-01
3.7613044E-07, -1.07143E-02, -1.062500E-01
3.7619294E-07, -8.1633E-03, -1.058673E-01
3.7625544E-07, -9.6939E-03, -1.034439E-01
3.7631794E-07, -1.44133E-02, -1.010204E-01
3.7638044E-07, -1.97704E-02, -9.82143E-02
3.7644294E-07, -2.27041E-02, -9.42602E-02
3.7650544E-07, -2.30867E-02, -8.82653E-02
3.7656794E-07, -2.28316E-02, -8.16327E-02
3.7663044E-07, -2.28316E-02, -7.66582E-02
3.7669294E-07, -2.56378E-02, -7.29592E-02
3.7675544E-07, -3.22704E-02, -7.25765E-02
3.7681794E-07, -3.94133E-02, -7.58929E-02
3.7688044E-07, -4.46429E-02, -8.01020E-02
3.7694294E-07, -4.54082E-02, -8.34184E-02
3.7700544E-07, -4.10714E-02, -8.38010E-02
3.7706794E-07, -3.52041E-02, -8.07398E-02
3.7713044E-07, -3.02296E-02, -7.78061E-02
3.7719294E-07, -2.74235E-02, -7.64031E-02
3.7725544E-07, -2.88265E-02, -7.79337E-02
3.7731794E-07, -3.15051E-02, -8.35459E-02
3.7738044E-07, -3.36735E-02, -9.05612E-02
3.7744294E-07, -3.34184E-02, -9.66837E-02
3.7750544E-07, -2.98469E-02, -9.93622E-02
3.7756794E-07, -2.48724E-02, -9.73214E-02
3.7763044E-07, -1.96429E-02, -9.27296E-02
3.7769294E-07, -1.68367E-02, -8.73725E-02
3.7775544E-07, -1.59439E-02, -8.49490E-02
3.7781794E-07, -1.63265E-02, -8.60969E-02
3.7788044E-07, -1.65816E-02, -8.97959E-02
3.7794294E-07, -1.49235E-02, -9.42602E-02
3.7800544E-07, -1.28827E-02, -9.69388E-02
3.7806794E-07, -1.08418E-02, -9.78316E-02
3.7813044E-07, -1.04592E-02, -9.66837E-02
3.7819294E-07, -1.31378E-02, -9.48980E-02
3.7825544E-07, -1.79847E-02, -9.38776E-02
3.7831794E-07, -2.35969E-02, -9.37500E-02
3.7838044E-07, -2.72959E-02, -9.34949E-02
3.7844294E-07, -2.88265E-02, -9.15816E-02
3.7850544E-07, -2.88265E-02, -8.78827E-02
3.7856794E-07, -2.79337E-02, -8.34184E-02
3.7863044E-07, -2.85714E-02, -7.84439E-02
3.7869294E-07, -3.08673E-02, -7.50000E-02
3.7875544E-07, -3.31633E-02, -7.30867E-02
3.7881794E-07, -3.50765E-02, -7.23214E-02
3.7888044E-07, -3.38010E-02, -7.32143E-02
3.7894294E-07, -2.83163E-02, -7.44898E-02
3.7900544E-07, -2.04082E-02, -7.50000E-02
3.7906794E-07, -1.49235E-02, -7.48724E-02
3.7913044E-07, -1.37755E-02, -7.57653E-02
3.7919294E-07, -1.78571E-02, -7.69133E-02
3.7925544E-07, -2.70408E-02, -7.78061E-02
3.7931794E-07, -3.63520E-02, -7.97194E-02
3.7938044E-07, -4.15816E-02, -8.15051E-02
3.7944294E-07, -3.95408E-02, -8.27806E-02
3.7950544E-07, -3.21429E-02, -8.30357E-02
3.7956794E-07, -2.34694E-02, -8.34184E-02
3.7963044E-07, -1.64541E-02, -8.44388E-02
3.7969294E-07, -1.44133E-02, -8.48214E-02
3.7975544E-07, -1.77296E-02, -8.55867E-02
3.7981794E-07, -2.34694E-02, -8.72449E-02
3.7988044E-07, -2.80612E-02, -8.96684E-02
3.7994294E-07, -2.92092E-02, -9.28571E-02
3.8000544E-07, -2.76786E-02, -9.59184E-02
3.8006794E-07, -2.46173E-02, -9.87245E-02
3.8013044E-07, -2.35969E-02, -9.96173E-02
3.8019294E-07, -2.61480E-02, -9.97449E-02
3.8025544E-07, -2.92092E-02, -9.96173E-02
3.8031794E-07, -3.11224E-02, -9.87245E-02
3.8038044E-07, -2.93367E-02, -9.79592E-02
3.8044294E-07, -2.20663E-02, -9.69388E-02
3.8050544E-07, -1.27551E-02, -9.32398E-02
3.8056794E-07, -5.7398E-03, -8.75000E-02
3.8063044E-07, -3.8265E-03, -8.07398E-02
3.8069294E-07, -8.6735E-03, -7.44898E-02
3.8075544E-07, -1.68367E-02, -7.16837E-02
3.8081794E-07, -2.41071E-02, -7.29592E-02
3.8088044E-07, -2.74235E-02, -7.76786E-02
3.8094294E-07, -2.57653E-02, -8.44388E-02
3.8100544E-07, -1.98980E-02, -9.01786E-02
3.8106794E-07, -1.39031E-02, -9.15816E-02
3.8113044E-07, -1.25000E-02, -8.83929E-02
3.8119294E-07, -1.72194E-02, -8.30357E-02
3.8125544E-07, -2.51276E-02, -7.84439E-02
3.8131794E-07, -3.21429E-02, -7.58929E-02
3.8138044E-07, -3.58418E-02, -7.60204E-02
3.8144294E-07, -3.32908E-02, -7.93367E-02
3.8150544E-07, -2.48724E-02, -8.29082E-02
3.8156794E-07, -1.47959E-02, -8.43112E-02
3.8163044E-07, -6.2500E-03, -8.44388E-02
3.8169294E-07, -1.9133E-03, -8.30357E-02
3.8175544E-07, -3.1888E-03, -8.20153E-02
3.8181794E-07, -8.8010E-03, -8.29082E-02
3.8188044E-07, -1.69643E-02, -8.52041E-02
3.8194294E-07, -2.55102E-02, -8.77551E-02
3.8200544E-07, -3.27806E-02, -8.87755E-02
3.8206794E-07, -3.92857E-02, -8.68622E-02
3.8213044E-07, -4.31122E-02, -8.38010E-02
3.8219294E-07, -4.34949E-02, -7.97194E-02
3.8225544E-07, -4.09439E-02, -7.67857E-02
3.8231794E-07, -3.43112E-02, -7.75510E-02
3.8238044E-07, -2.60204E-02, -8.03571E-02
3.8244294E-07, -1.86224E-02, -8.48214E-02
3.8250544E-07, -1.40306E-02, -8.87755E-02
3.8256794E-07, -1.28827E-02, -9.03061E-02
3.8263044E-07, -1.46684E-02, -8.81378E-02
3.8269294E-07, -1.97704E-02, -8.38010E-02
3.8275544E-07, -2.50000E-02, -8.11225E-02
3.8281794E-07, -2.83163E-02, -8.12500E-02
3.8288044E-07, -2.99745E-02, -8.43112E-02
3.8294294E-07, -2.86990E-02, -8.99235E-02
3.8300544E-07, -2.58929E-02, -9.45153E-02
3.8306794E-07, -2.20663E-02, -9.66837E-02
3.8313044E-07, -1.79847E-02, -9.57908E-02
3.8319294E-07, -1.50510E-02, -9.26020E-02
3.8325544E-07, -1.33929E-02, -8.96684E-02
3.8331794E-07, -1.37755E-02, -8.76276E-02
3.8338044E-07, -1.70918E-02, -8.67347E-02
3.8344294E-07, -2.14286E-02, -8.73725E-02
3.8350544E-07, -2.53827E-02, -8.75000E-02
3.8356794E-07, -2.62755E-02, -8.73725E-02
3.8363044E-07, -2.34694E-02, -8.63520E-02
3.8369294E-07, -2.02806E-02, -8.53316E-02
3.8375544E-07, -1.72194E-02, -8.67347E-02
3.8381794E-07, -1.70918E-02, -8.78827E-02
3.8388044E-07, -2.10459E-02, -8.80102E-02
3.8394294E-07, -2.64031E-02, -8.63520E-02
3.8400544E-07, -2.98469E-02, -8.17602E-02
3.8406794E-07, -2.97194E-02, -7.61480E-02
3.8413044E-07, -2.51276E-02, -7.29592E-02
3.8419294E-07, -1.64541E-02, -7.44898E-02
3.8425544E-07, -9.1837E-03, -7.98469E-02
3.8431794E-07, -5.9949E-03, -8.85204E-02
3.8438044E-07, -8.5459E-03, -9.64286E-02
3.8444294E-07, -1.63265E-02, -1.006378E-01
3.8450544E-07, -2.48724E-02, -1.001275E-01
3.8456794E-07, -3.06122E-02, -9.52806E-02
3.8463044E-07, -3.27806E-02, -8.85204E-02
3.8469294E-07, -3.08673E-02, -8.39286E-02
3.8475544E-07, -2.62755E-02, -8.26531E-02
3.8481794E-07, -2.32143E-02, -8.40561E-02
3.8488044E-07, -2.15561E-02, -8.82653E-02
3.8494294E-07, -2.21939E-02, -9.19643E-02
3.8500544E-07, -2.42347E-02, -9.46429E-02
3.8506794E-07, -2.53827E-02, -9.59184E-02
3.8513044E-07, -2.66582E-02, -9.52806E-02
3.8519294E-07, -2.61480E-02, -9.55357E-02
3.8525544E-07, -2.42347E-02, -9.47704E-02
3.8531794E-07, -2.25765E-02, -9.28571E-02
3.8538044E-07, -2.09184E-02, -9.06888E-02
3.8544294E-07, -1.92602E-02, -8.75000E-02
3.8550544E-07, -1.68367E-02, -8.38010E-02
3.8556794E-07, -1.45408E-02, -8.02296E-02
3.8563044E-07, -1.35204E-02, -7.86990E-02
3.8569294E-07, -1.30102E-02, -8.08674E-02
3.8575544E-07, -1.33929E-02, -8.52041E-02
3.8581794E-07, -1.40306E-02, -9.04337E-02
3.8588044E-07, -1.40306E-02, -9.36224E-02
3.8594294E-07, -1.47959E-02, -9.24745E-02
3.8600544E-07, -1.55612E-02, -8.86480E-02
3.8606794E-07, -1.78571E-02, -8.36735E-02
3.8613044E-07, -2.11735E-02, -8.12500E-02
3.8619294E-07, -2.52551E-02, -8.32908E-02
3.8625544E-07, -3.02296E-02, -8.96684E-02
3.8631794E-07, -3.40561E-02, -9.87245E-02
3.8638044E-07, -3.53316E-02, -1.059949E-01
3.8644294E-07, -3.32908E-02, -1.079082E-01
3.8650544E-07, -2.81888E-02, -1.034439E-01
3.8656794E-07, -2.23214E-02, -9.51531E-02
3.8663044E-07, -1.60714E-02, -8.83929E-02
3.8669294E-07, -9.8214E-03, -8.55867E-02
3.8675544E-07, -6.1224E-03, -8.71173E-02
3.8681794E-07, -4.8469E-03, -9.22194E-02
3.8688044E-07, -5.4847E-03, -9.65561E-02
3.8694294E-07, -7.6531E-03, -9.68112E-02
3.8700544E-07, -1.07143E-02, -9.26020E-02
3.8706794E-07, -1.50510E-02, -8.58418E-02
3.8713044E-07, -1.92602E-02, -8.08674E-02
3.8719294E-07, -2.30867E-02, -7.94643E-02
3.8725544E-07, -2.67857E-02, -8.18878E-02
3.8731794E-07, -2.85714E-02, -8.66071E-02
3.8738044E-07, -2.79337E-02, -8.89031E-02
3.8744294E-07, -2.48724E-02, -8.66071E-02
3.8750544E-07, -1.98980E-02, -8.04847E-02
3.8756794E-07, -1.45408E-02, -7.32143E-02
3.8763044E-07, -9.4388E-03, -6.90051E-02
3.8769294E-07, -7.5255E-03, -6.91327E-02
3.8775544E-07, -8.8010E-03, -7.46173E-02
3.8781794E-07, -1.14796E-02, -8.18878E-02
3.8788044E-07, -1.50510E-02, -8.64796E-02
3.8794294E-07, -1.64541E-02, -8.69898E-02
3.8800544E-07, -1.58163E-02, -8.30357E-02
3.8806794E-07, -1.40306E-02, -7.80612E-02
3.8813044E-07, -1.02041E-02, -7.67857E-02
3.8819294E-07, -7.6531E-03, -7.90816E-02
3.8825544E-07, -7.5255E-03, -8.58418E-02
3.8831794E-07, -8.2908E-03, -9.43878E-02
3.8838044E-07, -1.02041E-02, -9.98724E-02
3.8844294E-07, -1.18622E-02, -1.010204E-01
3.8850544E-07, -1.17347E-02, -9.78316E-02
3.8856794E-07, -1.05867E-02, -9.18367E-02
3.8863044E-07, -1.03316E-02, -8.62245E-02
3.8869294E-07, -1.16071E-02, -8.36735E-02
3.8875544E-07, -1.40306E-02, -8.38010E-02
3.8881794E-07, -1.79847E-02, -8.53316E-02
3.8888044E-07, -2.07908E-02, -8.68622E-02
3.8894294E-07, -2.13010E-02, -8.64796E-02
3.8900544E-07, -1.84949E-02, -8.48214E-02
3.8906794E-07, -1.22449E-02, -8.20153E-02
3.8913044E-07, -6.8878E-03, -7.81888E-02
3.8919294E-07, -3.1888E-03, -7.67857E-02
3.8925544E-07, -1.9133E-03, -7.65306E-02
3.8931794E-07, -5.1020E-03, -7.62755E-02
3.8938044E-07, -1.13520E-02, -7.74235E-02
3.8944294E-07, -1.88776E-02, -7.98469E-02
3.8950544E-07, -2.57653E-02, -8.39286E-02
3.8956794E-07, -3.03571E-02, -8.94133E-02
3.8963044E-07, -3.23980E-02, -9.52806E-02
3.8969294E-07, -3.18878E-02, -1.006378E-01
3.8975544E-07, -2.97194E-02, -1.034439E-01
3.8981794E-07, -2.55102E-02, -1.030612E-01
3.8988044E-07, -2.06633E-02, -9.88520E-02
3.8994294E-07, -1.68367E-02, -9.24745E-02
3.9000544E-07, -1.39031E-02, -8.71173E-02
3.9006794E-07, -1.35204E-02, -8.39286E-02
3.9013044E-07, -1.58163E-02, -8.41837E-02
3.9019294E-07, -2.00255E-02, -8.71173E-02
3.9025544E-07, -2.55102E-02, -9.09439E-02
3.9031794E-07, -2.95918E-02, -9.38776E-02
3.9038044E-07, -3.07398E-02, -9.46429E-02
3.9044294E-07, -2.81888E-02, -9.33673E-02
3.9050544E-07, -2.21939E-02, -9.18367E-02
3.9056794E-07, -1.50510E-02, -9.04337E-02
3.9063044E-07, -1.00765E-02, -9.00510E-02
3.9069294E-07, -1.03316E-02, -9.09439E-02
3.9075544E-07, -1.60714E-02, -9.23469E-02
3.9081794E-07, -2.70408E-02, -9.22194E-02
3.9088044E-07, -3.87755E-02, -9.11990E-02
3.9094294E-07, -4.59184E-02, -8.85204E-02
3.9100544E-07, -4.77041E-02, -8.36735E-02
3.9106794E-07, -4.42602E-02, -7.95918E-02
3.9113044E-07, -3.75000E-02, -7.78061E-02
3.9119294E-07, -3.15051E-02, -7.86990E-02
3.9125544E-07, -2.90816E-02, -8.25255E-02
3.9131794E-07, -2.99745E-02, -8.80102E-02
3.9138044E-07, -3.12500E-02, -9.20918E-02
3.9144294E-07, -3.15051E-02, -9.15816E-02
3.9150544E-07, -2.85714E-02, -8.69898E-02
3.9156794E-07, -2.23214E-02, -7.95918E-02
3.9163044E-07, -1.45408E-02, -7.25765E-02
3.9169294E-07, -8.4184E-03, -6.88775E-02
3.9175544E-07, -6.7602E-03, -7.06633E-02
3.9181794E-07, -9.1837E-03, -7.76786E-02
3.9188044E-07, -1.42857E-02, -8.60969E-02
3.9194294E-07, -2.09184E-02, -9.14541E-02
3.9200544E-07, -2.47449E-02, -9.17092E-02
3.9206794E-07, -2.55102E-02, -8.53316E-02
3.9213044E-07, -2.30867E-02, -7.57653E-02
3.9219294E-07, -1.87500E-02, -6.70918E-02
3.9225544E-07, -1.47959E-02, -6.31378E-02
3.9231794E-07, -1.14796E-02, -6.56888E-02
3.9238044E-07, -1.16071E-02, -7.24490E-02
3.9244294E-07, -1.36480E-02, -8.18878E-02
3.9250544E-07, -1.63265E-02, -8.91582E-02
3.9256794E-07, -2.02806E-02, -9.14541E-02
3.9263044E-07, -2.34694E-02, -9.01786E-02
3.9269294E-07, -2.64031E-02, -8.60969E-02
3.9275544E-07, -2.89541E-02, -8.22704E-02
3.9281794E-07, -2.93367E-02, -8.02296E-02
3.9288044E-07, -2.83163E-02, -7.85714E-02
3.9294294E-07, -2.47449E-02, -7.79337E-02
3.9300544E-07, -1.95153E-02, -7.61480E-02
3.9306794E-07, -1.42857E-02, -7.39796E-02
3.9313044E-07, -9.4388E-03, -7.35969E-02
3.9319294E-07, -5.4847E-03, -7.56378E-02
3.9325544E-07, -3.6990E-03, -8.01020E-02
3.9331794E-07, -4.8469E-03, -8.66071E-02
3.9338044E-07, -6.6327E-03, -9.41327E-02
3.9344294E-07, -8.5459E-03, -9.83418E-02
3.9350544E-07, -9.9490E-03, -9.79592E-02
3.9356794E-07, -1.04592E-02, -9.34949E-02
3.9363044E-07, -1.12245E-02, -8.68622E-02
3.9369294E-07, -1.30102E-02, -8.20153E-02
3.9375544E-07, -1.56888E-02, -8.15051E-02
3.9381794E-07, -1.90051E-02, -8.49490E-02
3.9388044E-07, -2.21939E-02, -9.14541E-02
3.9394294E-07, -2.33418E-02, -9.79592E-02
3.9400544E-07, -2.18112E-02, -1.007653E-01
3.9406794E-07, -1.84949E-02, -9.88520E-02
3.9413044E-07, -1.40306E-02, -9.36224E-02
3.9419294E-07, -1.00765E-02, -8.69898E-02
3.9425544E-07, -8.0357E-03, -8.15051E-02
3.9431794E-07, -6.7602E-03, -7.95918E-02
3.9438044E-07, -6.3776E-03, -7.97194E-02
3.9444294E-07, -7.0153E-03, -8.17602E-02
3.9450544E-07, -6.7602E-03, -8.50765E-02
3.9456794E-07, -4.8469E-03, -8.68622E-02
3.9463044E-07, -3.8265E-03, -8.67347E-02
3.9469294E-07, -4.9745E-03, -8.69898E-02
3.9475544E-07, -7.7806E-03, -8.86480E-02
3.9481794E-07, -1.35204E-02, -9.14541E-02
3.9488044E-07, -2.00255E-02, -9.63010E-02
3.9494294E-07, -2.42347E-02, -1.007653E-01
3.9500544E-07, -2.55102E-02, -1.019133E-01
3.9506794E-07, -2.23214E-02, -9.94898E-02
3.9513044E-07, -1.68367E-02, -9.26020E-02
3.9519294E-07, -1.09694E-02, -8.43112E-02
3.9525544E-07, -7.1429E-03, -7.69133E-02
3.9531794E-07, -8.0357E-03, -7.25765E-02
3.9538044E-07, -1.28827E-02, -7.34694E-02
3.9544294E-07, -1.90051E-02, -7.80612E-02
3.9550544E-07, -2.32143E-02, -8.34184E-02
3.9556794E-07, -2.41071E-02, -8.71173E-02
3.9563044E-07, -2.07908E-02, -8.90306E-02
3.9569294E-07, -1.54337E-02, -8.86480E-02
3.9575544E-07, -1.08418E-02, -8.76276E-02
3.9581794E-07, -7.9082E-03, -8.69898E-02
3.9588044E-07, -8.8010E-03, -8.45663E-02
3.9594294E-07, -1.36480E-02, -8.13776E-02
3.9600544E-07, -1.78571E-02, -7.81888E-02
3.9606794E-07, -2.00255E-02, -7.30867E-02
3.9613044E-07, -1.92602E-02, -6.83673E-02
3.9619294E-07, -1.56888E-02, -6.60714E-02
3.9625544E-07, -1.21173E-02, -6.67092E-02
3.9631794E-07, -1.17347E-02, -7.07908E-02
3.9638044E-07, -1.63265E-02, -7.76786E-02
3.9644294E-07, -2.42347E-02, -8.66071E-02
3.9650544E-07, -3.22704E-02, -9.45153E-02
3.9656794E-07, -3.80102E-02, -9.96173E-02
3.9663044E-07, -3.85204E-02, -1.016582E-01
3.9669294E-07, -3.36735E-02, -9.93622E-02
3.9675544E-07, -2.46173E-02, -9.29847E-02
3.9681794E-07, -1.53061E-02, -8.34184E-02
3.9688044E-07, -9.0561E-03, -7.35969E-02
3.9694294E-07, -6.8878E-03, -6.74745E-02
3.9700544E-07, -9.4388E-03, -6.68367E-02
3.9706794E-07, -1.35204E-02, -7.37245E-02
3.9713044E-07, -1.56888E-02, -8.49490E-02
3.9719294E-07, -1.55612E-02, -9.48980E-02
3.9725544E-07, -1.31378E-02, -1.008929E-01
3.9731794E-07, -9.8214E-03, -1.001275E-01
3.9738044E-07, -7.9082E-03, -9.31122E-02
3.9744294E-07, -8.6735E-03, -8.46939E-02
3.9750544E-07, -1.16071E-02, -7.90816E-02
3.9756794E-07, -1.42857E-02, -7.95918E-02
3.9763044E-07, -1.60714E-02, -8.57143E-02
3.9769294E-07, -1.49235E-02, -9.51531E-02
3.9775544E-07, -1.18622E-02, -1.022959E-01
3.9781794E-07, -1.00765E-02, -1.036990E-01
3.9788044E-07, -1.08418E-02, -1.000000E-01
3.9794294E-07, -1.55612E-02, -9.26020E-02
3.9800544E-07, -2.20663E-02, -8.62245E-02
3.9806794E-07, -2.69133E-02, -8.36735E-02
3.9813044E-07, -2.88265E-02, -8.41837E-02
3.9819294E-07, -2.66582E-02, -8.77551E-02
3.9825544E-07, -2.10459E-02, -9.09439E-02
3.9831794E-07, -1.56888E-02, -8.97959E-02
3.9838044E-07, -1.30102E-02, -8.49490E-02
3.9844294E-07, -1.42857E-02, -7.81888E-02
3.9850544E-07, -1.98980E-02, -7.27041E-02
3.9856794E-07, -2.61480E-02, -7.28316E-02
3.9863044E-07, -3.17602E-02, -7.79337E-02
3.9869294E-07, -3.54592E-02, -8.71173E-02
3.9875544E-07, -3.68622E-02, -9.69388E-02
3.9881794E-07, -3.81378E-02, -1.030612E-01
3.9888044E-07, -3.82653E-02, -1.048469E-01
3.9894294E-07, -3.81378E-02, -1.019133E-01
3.9900544E-07, -3.67347E-02, -9.77041E-02
3.9906794E-07, -3.34184E-02, -9.50255E-02
3.9913044E-07, -2.79337E-02, -9.51531E-02
3.9919294E-07, -2.21939E-02, -9.73214E-02
3.9925544E-07, -1.91327E-02, -9.96173E-02
3.9931794E-07, -1.87500E-02, -1.011480E-01
3.9938044E-07, -2.02806E-02, -1.000000E-01
3.9944294E-07, -2.21939E-02, -9.65561E-02
3.9950544E-07, -2.34694E-02, -9.27296E-02
3.9956794E-07, -2.43622E-02, -9.04337E-02
3.9963044E-07, -2.46173E-02, -9.09439E-02
3.9969294E-07, -2.57653E-02, -9.24745E-02
3.9975544E-07, -2.85714E-02, -9.33673E-02
3.9981794E-07, -3.15051E-02, -9.24745E-02
3.9988044E-07, -3.29082E-02, -8.92857E-02
3.9994294E-07, -3.04847E-02, -8.54592E-02
4.0000544E-07, -2.33418E-02, -8.29082E-02
4.0006794E-07, -1.49235E-02, -8.22704E-02
4.0013044E-07, -9.0561E-03, -8.46939E-02
4.0019294E-07, -7.6531E-03, -8.99235E-02
4.0025544E-07, -1.21173E-02, -9.40051E-02
4.0031794E-07, -2.09184E-02, -9.57908E-02
4.0038044E-07, -2.92092E-02, -9.55357E-02
4.0044294E-07, -3.13776E-02, -9.33673E-02
4.0050544E-07, -2.65306E-02, -8.96684E-02
4.0056794E-07, -1.70918E-02, -8.67347E-02
4.0063044E-07, -6.2500E-03, -8.62245E-02
4.0069294E-07, 5.102E-04, -8.66071E-02
4.0075544E-07, 1.5306E-03, -8.76276E-02
4.0081794E-07, -3.1888E-03, -8.80102E-02
4.0088044E-07, -1.16071E-02, -8.77551E-02
4.0094294E-07, -1.69643E-02, -8.85204E-02
4.0100544E-07, -1.77296E-02, -8.83929E-02
4.0106794E-07, -1.49235E-02, -8.86480E-02
4.0113044E-07, -9.6939E-03, -8.96684E-02
4.0119294E-07, -6.7602E-03, -9.01786E-02
4.0125544E-07, -7.6531E-03, -9.05612E-02
4.0131794E-07, -1.27551E-02, -8.99235E-02
4.0138044E-07, -2.09184E-02, -8.97959E-02
4.0144294E-07, -2.92092E-02, -9.08163E-02
4.0150544E-07, -3.62245E-02, -9.32398E-02
4.0156794E-07, -3.90306E-02, -9.74490E-02
4.0163044E-07, -3.81378E-02, -9.94898E-02
4.0169294E-07, -3.49490E-02, -9.79592E-02
4.0175544E-07, -2.94643E-02, -9.23469E-02
4.0181794E-07, -2.43622E-02, -8.21429E-02
4.0188044E-07, -2.15561E-02, -7.10459E-02
4.0194294E-07, -2.02806E-02, -6.35204E-02
4.0200544E-07, -2.25765E-02, -6.10969E-02
4.0206794E-07, -2.67857E-02, -6.61990E-02
4.0213044E-07, -3.04847E-02, -7.56378E-02
4.0219294E-07, -3.21429E-02, -8.44388E-02
4.0225544E-07, -3.07398E-02, -8.90306E-02
4.0231794E-07, -2.76786E-02, -8.80102E-02
4.0238044E-07, -2.33418E-02, -8.39286E-02
4.0244294E-07, -2.07908E-02, -7.88265E-02
4.0250544E-07, -2.10459E-02, -7.71684E-02
4.0256794E-07, -2.32143E-02, -7.97194E-02
4.0263044E-07, -2.78061E-02, -8.43112E-02
4.0269294E-07, -3.07398E-02, -9.03061E-02
4.0275544E-07, -3.08673E-02, -9.28571E-02
4.0281794E-07, -2.75510E-02, -9.17092E-02
4.0288044E-07, -2.06633E-02, -8.78827E-02
4.0294294E-07, -1.51786E-02, -8.22704E-02
4.0300544E-07, -1.13520E-02, -7.94643E-02
4.0306794E-07, -1.07143E-02, -7.89541E-02
4.0313044E-07, -1.44133E-02, -8.02296E-02
4.0319294E-07, -1.91327E-02, -8.30357E-02
4.0325544E-07, -2.21939E-02, -8.48214E-02
4.0331794E-07, -2.24490E-02, -8.49490E-02
4.0338044E-07, -2.00255E-02, -8.43112E-02
4.0344294E-07, -1.61990E-02, -8.40561E-02
4.0350544E-07, -1.17347E-02, -8.44388E-02
4.0356794E-07, -8.6735E-03, -8.35459E-02
4.0363044E-07, -8.9286E-03, -8.12500E-02
4.0369294E-07, -1.03316E-02, -7.88265E-02
4.0375544E-07, -1.33929E-02, -7.48724E-02
4.0381794E-07, -1.63265E-02, -7.24490E-02
4.0388044E-07, -1.74745E-02, -7.19388E-02
4.0394294E-07, -1.84949E-02, -7.16837E-02
4.0400544E-07, -1.90051E-02, -7.24490E-02
4.0406794E-07, -1.87500E-02, -7.19388E-02
4.0413044E-07, -1.74745E-02, -6.86224E-02
4.0419294E-07, -1.56888E-02, -6.30102E-02
4.0425544E-07, -1.31378E-02, -5.79082E-02
4.0431794E-07, -1.03316E-02, -5.65051E-02
4.0438044E-07, -7.5255E-03, -6.08418E-02
4.0444294E-07, -6.1224E-03, -7.05357E-02
4.0450544E-07, -7.3980E-03, -8.32908E-02
4.0456794E-07, -1.07143E-02, -9.65561E-02
4.0463044E-07, -1.53061E-02, -1.066326E-01
4.0469294E-07, -1.97704E-02, -1.122449E-01
4.0475544E-07, -2.09184E-02, -1.146684E-01
4.0481794E-07, -1.91327E-02, -1.147959E-01
4.0488044E-07, -1.42857E-02, -1.168367E-01
4.0494294E-07, -6.5051E-03, -1.213010E-01
4.0500544E-07, 5.102E-04, -1.262755E-01
4.0506794E-07, 5.3571E-03, -1.315051E-01
4.0513044E-07, 7.2704E-03, -1.343112E-01
4.0519294E-07, 4.8469E-03, -1.331633E-01
4.0525544E-07, -5.102E-04, -1.297194E-01
4.0531794E-07, -6.8878E-03, -1.251276E-01
4.0538044E-07, -1.37755E-02, -1.201531E-01
4.0544294E-07, -1.91327E-02, -1.165816E-01
4.0550544E-07, -2.28316E-02, -1.122449E-01
4.0556794E-07, -2.43622E-02, -1.059949E-01
4.0563044E-07, -2.30867E-02, -9.57908E-02
4.0569294E-07, -2.28316E-02, -7.98469E-02
4.0575544E-07, -2.50000E-02, -6.10969E-02
4.0581794E-07, -3.03571E-02, -4.05612E-02
4.0588044E-07, -3.92857E-02, -1.84949E-02
4.0594294E-07, -5.05102E-02, 5.1020E-03
4.0600544E-07, -6.27551E-02, 3.08673E-02
4.0606794E-07, -7.13010E-02, 5.86735E-02
4.0613044E-07, -7.46173E-02, 9.06888E-02
4.0619294E-07, -7.32143E-02, 1.252551E-01
4.0625544E-07, -6.79847E-02, 1.602041E-01
4.0631794E-07, -6.28827E-02, 1.950255E-01
4.0638044E-07, -6.00765E-02, 2.278061E-01
4.0644294E-07, -6.10969E-02, 2.596939E-01
4.0650544E-07, -6.45408E-02, 2.919643E-01
4.0656794E-07, -6.46684E-02, 3.256378E-01
4.0663044E-07, -5.67602E-02, 3.639031E-01
4.0669294E-07, -4.04337E-02, 4.066327E-01
4.0675544E-07, -1.46684E-02, 4.500000E-01
4.0681794E-07, 1.79847E-02, 4.919643E-01
4.0688044E-07, 5.29337E-02, 5.307398E-01
4.0694294E-07, 8.82653E-02, 5.642857E-01
4.0700544E-07, 1.197704E-01, 5.943878E-01
4.0706794E-07, 1.502551E-01, 6.201531E-01
4.0713044E-07, 1.825255E-01, 6.450255E-01
4.0719294E-07, 2.173469E-01, 6.704082E-01
4.0725544E-07, 2.573979E-01, 6.943877E-01
4.0731794E-07, 3.011480E-01, 7.169643E-01
4.0738044E-07, 3.466837E-01, 7.359694E-01
4.0744294E-07, 3.926020E-01, 7.515306E-01
4.0750544E-07, 4.377551E-01, 7.654337E-01
4.0756794E-07, 4.808674E-01, 7.793368E-01
4.0763044E-07, 5.220664E-01, 7.933673E-01
4.0769294E-07, 5.631378E-01, 8.063775E-01
4.0775544E-07, 6.034439E-01, 8.182398E-01
4.0781794E-07, 6.427296E-01, 8.252551E-01
4.0788044E-07, 6.803572E-01, 8.264031E-01
4.0794294E-07, 7.159439E-01, 8.221939E-01
4.0800544E-07, 7.503827E-01, 8.151786E-01
4.0806794E-07, 7.848215E-01, 8.102041E-01
4.0813044E-07, 8.192602E-01, 8.103316E-01
4.0819294E-07, 8.526786E-01, 8.159439E-01
4.0825544E-07, 8.845663E-01, 8.242347E-01
4.0831794E-07, 9.127551E-01, 8.325255E-01
4.0838044E-07, 9.341837E-01, 8.377551E-01
4.0844294E-07, 9.482143E-01, 8.371174E-01
4.0850544E-07, 9.577806E-01, 8.311225E-01
4.0856794E-07, 9.650510E-01, 8.243622E-01
4.0863044E-07, 9.719388E-01, 8.192602E-01
4.0869294E-07, 9.821429E-01, 8.170918E-01
4.0875544E-07, 9.941326E-01, 8.201531E-01
4.0881794E-07, 1.0045918E+00, 8.258929E-01
4.0888044E-07, 1.0114796E+00, 8.304847E-01
4.0894294E-07, 1.0130103E+00, 8.335459E-01
4.0900544E-07, 1.0082908E+00, 8.339286E-01
4.0906794E-07, 1.0010204E+00, 8.313776E-01
4.0913044E-07, 9.941326E-01, 8.289541E-01
4.0919294E-07, 9.896684E-01, 8.278061E-01
4.0925544E-07, 9.889030E-01, 8.284439E-01
4.0931794E-07, 9.904337E-01, 8.308674E-01
4.0938044E-07, 9.914541E-01, 8.341837E-01
4.0944294E-07, 9.892857E-01, 8.368623E-01
4.0950544E-07, 9.834183E-01, 8.382653E-01
4.0956794E-07, 9.746174E-01, 8.386480E-01
4.0963044E-07, 9.654337E-01, 8.382653E-01
4.0969294E-07, 9.581633E-01, 8.387755E-01
4.0975544E-07, 9.535714E-01, 8.410714E-01
4.0981794E-07, 9.498724E-01, 8.451530E-01
4.0988044E-07, 9.478316E-01, 8.493623E-01
4.0994294E-07, 9.454082E-01, 8.542092E-01
4.1000544E-07, 9.422194E-01, 8.573980E-01
4.1006794E-07, 9.413266E-01, 8.575255E-01
4.1013044E-07, 9.433674E-01, 8.565051E-01
4.1019294E-07, 9.494898E-01, 8.545918E-01
4.1025544E-07, 9.582908E-01, 8.536990E-01
4.1031794E-07, 9.682398E-01, 8.543367E-01
4.1038044E-07, 9.765306E-01, 8.570153E-01
4.1044294E-07, 9.811224E-01, 8.605868E-01
4.1050544E-07, 9.821429E-01, 8.637755E-01
4.1056794E-07, 9.798470E-01, 8.659438E-01
4.1063044E-07, 9.771684E-01, 8.659438E-01
4.1069294E-07, 9.756377E-01, 8.651786E-01
4.1075544E-07, 9.760204E-01, 8.646684E-01
4.1081794E-07, 9.779336E-01, 8.649235E-01
4.1088044E-07, 9.802296E-01, 8.663265E-01
4.1094294E-07, 9.822704E-01, 8.683674E-01
4.1100544E-07, 9.845663E-01, 8.713010E-01
4.1106794E-07, 9.846939E-01, 8.755102E-01
4.1113044E-07, 9.836735E-01, 8.783163E-01
4.1119294E-07, 9.832908E-01, 8.802296E-01
4.1125544E-07, 9.821429E-01, 8.818877E-01
4.1131794E-07, 9.807398E-01, 8.809949E-01
4.1138044E-07, 9.804847E-01, 8.776786E-01
4.1144294E-07, 9.811224E-01, 8.730868E-01
4.1150544E-07, 9.823980E-01, 8.681123E-01
4.1156794E-07, 9.863520E-01, 8.635204E-01
4.1163044E-07, 9.920918E-01, 8.631378E-01
4.1169294E-07, 9.968112E-01, 8.672194E-01
4.1175544E-07, 1.0007653E+00, 8.734694E-01
4.1181794E-07, 1.0024235E+00, 8.806123E-01
4.1188044E-07, 1.0002551E+00, 8.855867E-01
4.1194294E-07, 9.959184E-01, 8.852041E-01
4.1200544E-07, 9.910714E-01, 8.807398E-01
4.1206794E-07, 9.855868E-01, 8.748724E-01
4.1213044E-07, 9.816326E-01, 8.695153E-01
4.1219294E-07, 9.808673E-01, 8.686224E-01
4.1225544E-07, 9.832908E-01, 8.742347E-01
4.1231794E-07, 9.872449E-01, 8.846939E-01
4.1238044E-07, 9.920918E-01, 8.951530E-01
4.1244294E-07, 9.974490E-01, 9.016582E-01
4.1250544E-07, 1.0012755E+00, 9.031888E-01
4.1256794E-07, 1.0026785E+00, 8.992347E-01
4.1263044E-07, 1.0019133E+00, 8.932398E-01
4.1269294E-07, 9.996173E-01, 8.894132E-01
4.1275544E-07, 9.965561E-01, 8.906888E-01
4.1281794E-07, 9.945153E-01, 8.966837E-01
4.1288044E-07, 9.942602E-01, 9.047194E-01
4.1294294E-07, 9.957908E-01, 9.107143E-01
4.1300544E-07, 9.989796E-01, 9.107143E-01
4.1306794E-07, 1.0024235E+00, 9.048470E-01
4.1313044E-07, 1.0044643E+00, 8.951530E-01
4.1319294E-07, 1.0053571E+00, 8.853316E-01
4.1325544E-07, 1.0057398E+00, 8.795918E-01
4.1331794E-07, 1.0053571E+00, 8.802296E-01
4.1338044E-07, 1.0043367E+00, 8.853316E-01
4.1344294E-07, 1.0044643E+00, 8.910714E-01
4.1350544E-07, 1.0047194E+00, 8.956633E-01
4.1356794E-07, 1.0036989E+00, 8.968112E-01
4.1363044E-07, 1.0020409E+00, 8.940051E-01
4.1369294E-07, 9.994898E-01, 8.906888E-01
4.1375544E-07, 9.963010E-01, 8.892857E-01
4.1381794E-07, 9.928572E-01, 8.905612E-01
4.1388044E-07, 9.896684E-01, 8.932398E-01
4.1394294E-07, 9.882653E-01, 8.954082E-01
4.1400544E-07, 9.889030E-01, 8.964286E-01
4.1406794E-07, 9.914541E-01, 8.951530E-01
4.1413044E-07, 9.956633E-01, 8.926020E-01
4.1419294E-07, 1.0028061E+00, 8.901786E-01
4.1425544E-07, 1.0107143E+00, 8.909439E-01
4.1431794E-07, 1.0170919E+00, 8.941327E-01
4.1438044E-07, 1.0207908E+00, 8.978316E-01
4.1444294E-07, 1.0202806E+00, 9.005102E-01
4.1450544E-07, 1.0155612E+00, 9.015306E-01
4.1456794E-07, 1.0075256E+00, 9.002551E-01
4.1463044E-07, 9.985970E-01, 8.973214E-01
4.1469294E-07, 9.931123E-01, 8.938776E-01
4.1475544E-07, 9.933674E-01, 8.922194E-01
4.1481794E-07, 9.970663E-01, 8.929847E-01
4.1488044E-07, 1.0028061E+00, 8.934949E-01
4.1494294E-07, 1.0082908E+00, 8.943878E-01
4.1500544E-07, 1.0095663E+00, 8.961735E-01
4.1506794E-07, 1.0065051E+00, 8.971938E-01
4.1513044E-07, 1.0021684E+00, 8.984694E-01
4.1519294E-07, 9.997449E-01, 9.012755E-01
4.1525544E-07, 1.0002551E+00, 9.058673E-01
4.1531794E-07, 1.0044643E+00, 9.100766E-01
4.1538044E-07, 1.0100765E+00, 9.139031E-01
4.1544294E-07, 1.0125000E+00, 9.164541E-01
4.1550544E-07, 1.0116072E+00, 9.158163E-01
4.1556794E-07, 1.0068878E+00, 9.142857E-01
4.1563044E-07, 9.991071E-01, 9.119898E-01
4.1569294E-07, 9.934949E-01, 9.082908E-01
4.1575544E-07, 9.927296E-01, 9.054847E-01
4.1581794E-07, 9.969388E-01, 9.044643E-01
4.1588044E-07, 1.0039541E+00, 9.048470E-01
4.1594294E-07, 1.0098214E+00, 9.062500E-01
4.1600544E-07, 1.0114796E+00, 9.073980E-01
4.1606794E-07, 1.0090561E+00, 9.079081E-01
4.1613044E-07, 1.0026785E+00, 9.084184E-01
4.1619294E-07, 9.952806E-01, 9.076530E-01
4.1625544E-07, 9.901786E-01, 9.059949E-01
4.1631794E-07, 9.883928E-01, 9.043368E-01
4.1638044E-07, 9.900510E-01, 9.025510E-01
4.1644294E-07, 9.927296E-01, 9.011480E-01
4.1650544E-07, 9.964285E-01, 8.994898E-01
4.1656794E-07, 1.0002551E+00, 8.989796E-01
4.1663044E-07, 1.0026785E+00, 8.997449E-01
4.1669294E-07, 1.0053571E+00, 9.005102E-01
4.1675544E-07, 1.0077807E+00, 9.025510E-01
4.1681794E-07, 1.0079081E+00, 9.054847E-01
4.1688044E-07, 1.0065051E+00, 9.073980E-01
4.1694294E-07, 1.0029336E+00, 9.091837E-01
4.1700544E-07, 9.974490E-01, 9.098215E-01
4.1706794E-07, 9.929847E-01, 9.086735E-01
4.1713044E-07, 9.900510E-01, 9.070153E-01
4.1719294E-07, 9.896684E-01, 9.047194E-01
4.1725544E-07, 9.915816E-01, 9.028061E-01
4.1731794E-07, 9.938775E-01, 9.026785E-01
4.1738044E-07, 9.961734E-01, 9.039541E-01
4.1744294E-07, 9.978316E-01, 9.077806E-01
4.1750544E-07, 9.982143E-01, 9.127551E-01
4.1756794E-07, 9.996173E-01, 9.167092E-01
4.1763044E-07, 1.0021684E+00, 9.188775E-01
4.1769294E-07, 1.0077807E+00, 9.169643E-01
4.1775544E-07, 1.0146683E+00, 9.137755E-01
4.1781794E-07, 1.0191326E+00, 9.102041E-01
4.1788044E-07, 1.0214286E+00, 9.065051E-01
4.1794294E-07, 1.0200255E+00, 9.059949E-01
4.1800544E-07, 1.0159439E+00, 9.085459E-01
4.1806794E-07, 1.0110970E+00, 9.127551E-01
4.1813044E-07, 1.0081632E+00, 9.163265E-01
4.1819294E-07, 1.0079081E+00, 9.184949E-01
4.1825544E-07, 1.0093112E+00, 9.181122E-01
4.1831794E-07, 1.0118623E+00, 9.151786E-01
4.1838044E-07, 1.0116072E+00, 9.128826E-01
4.1844294E-07, 1.0080357E+00, 9.103316E-01
4.1850544E-07, 1.0029336E+00, 9.084184E-01
4.1856794E-07, 9.971939E-01, 9.080357E-01
4.1863044E-07, 9.956633E-01, 9.067602E-01
4.1869294E-07, 9.997449E-01, 9.062500E-01
4.1875544E-07, 1.0079081E+00, 9.067602E-01
4.1881794E-07, 1.0181123E+00, 9.077806E-01
4.1888044E-07, 1.0257653E+00, 9.108418E-01
4.1894294E-07, 1.0285715E+00, 9.151786E-01
4.1900544E-07, 1.0252551E+00, 9.202806E-01
4.1906794E-07, 1.0186224E+00, 9.234694E-01
4.1913044E-07, 1.0126276E+00, 9.239796E-01
4.1919294E-07, 1.0104592E+00, 9.219388E-01
4.1925544E-07, 1.0139030E+00, 9.176021E-01
4.1931794E-07, 1.0204082E+00, 9.135204E-01
4.1938044E-07, 1.0274235E+00, 9.104592E-01
4.1944294E-07, 1.0318878E+00, 9.098215E-01
4.1950544E-07, 1.0312500E+00, 9.119898E-01
4.1956794E-07, 1.0266582E+00, 9.147959E-01
4.1963044E-07, 1.0206633E+00, 9.173470E-01
4.1969294E-07, 1.0168368E+00, 9.188775E-01
4.1975544E-07, 1.0161990E+00, 9.193878E-01
4.1981794E-07, 1.0192602E+00, 9.186224E-01
4.1988044E-07, 1.0247449E+00, 9.177296E-01
4.1994294E-07, 1.0283164E+00, 9.186224E-01
4.2000544E-07, 1.0280613E+00, 9.202806E-01
4.2006794E-07, 1.0248724E+00, 9.225765E-01
4.2013044E-07, 1.0187500E+00, 9.258928E-01
4.2019294E-07, 1.0125000E+00, 9.285714E-01
4.2025544E-07, 1.0089285E+00, 9.298469E-01
4.2031794E-07, 1.0085459E+00, 9.298469E-01
4.2038044E-07, 1.0108418E+00, 9.278061E-01
4.2044294E-07, 1.0141581E+00, 9.248725E-01
4.2050544E-07, 1.0168368E+00, 9.213010E-01
4.2056794E-07, 1.0177296E+00, 9.183673E-01
4.2063044E-07, 1.0165817E+00, 9.170918E-01
4.2069294E-07, 1.0142857E+00, 9.173470E-01
4.2075544E-07, 1.0109694E+00, 9.193878E-01
4.2081794E-07, 1.0085459E+00, 9.210459E-01
4.2088044E-07, 1.0080357E+00, 9.218112E-01
4.2094294E-07, 1.0094388E+00, 9.211735E-01
4.2100544E-07, 1.0128827E+00, 9.184949E-01
4.2106794E-07, 1.0173470E+00, 9.150510E-01
4.2113044E-07, 1.0207908E+00, 9.125000E-01
4.2119294E-07, 1.0218112E+00, 9.116071E-01
4.2125544E-07, 1.0196428E+00, 9.137755E-01
4.2131794E-07, 1.0145408E+00, 9.184949E-01
4.2138044E-07, 1.0076531E+00, 9.238520E-01
4.2144294E-07, 1.0012755E+00, 9.265306E-01
4.2150544E-07, 9.978316E-01, 9.252551E-01
4.2156794E-07, 9.996173E-01, 9.198980E-01
4.2163044E-07, 1.0063776E+00, 9.131377E-01
4.2169294E-07, 1.0147959E+00, 9.086735E-01
4.2175544E-07, 1.0230868E+00, 9.079081E-01
4.2181794E-07, 1.0288265E+00, 9.126276E-01
4.2188044E-07, 1.0308673E+00, 9.213010E-01
4.2194294E-07, 1.0279337E+00, 9.304847E-01
4.2200544E-07, 1.0224490E+00, 9.346939E-01
4.2206794E-07, 1.0178572E+00, 9.323980E-01
4.2213044E-07, 1.0145408E+00, 9.250000E-01
4.2219294E-07, 1.0158163E+00, 9.137755E-01
4.2225544E-07, 1.0200255E+00, 9.051020E-01
4.2231794E-07, 1.0246173E+00, 9.021684E-01
4.2238044E-07, 1.0285715E+00, 9.058673E-01
4.2244294E-07, 1.0272959E+00, 9.163265E-01
4.2250544E-07, 1.0205357E+00, 9.278061E-01
4.2256794E-07, 1.0103316E+00, 9.358419E-01
4.2263044E-07, 1.0008929E+00, 9.378827E-01
4.2269294E-07, 9.960459E-01, 9.340561E-01
4.2275544E-07, 9.970663E-01, 9.269133E-01
4.2281794E-07, 1.0042092E+00, 9.192602E-01
4.2288044E-07, 1.0139030E+00, 9.155612E-01
4.2294294E-07, 1.0219388E+00, 9.169643E-01
4.2300544E-07, 1.0262755E+00, 9.224490E-01
4.2306794E-07, 1.0260204E+00, 9.302296E-01
4.2313044E-07, 1.0220664E+00, 9.367347E-01
4.2319294E-07, 1.0176021E+00, 9.390306E-01
4.2325544E-07, 1.0145408E+00, 9.371173E-01
4.2331794E-07, 1.0126276E+00, 9.321429E-01
4.2338044E-07, 1.0121174E+00, 9.251276E-01
4.2344294E-07, 1.0128827E+00, 9.192602E-01
4.2350544E-07, 1.0137755E+00, 9.169643E-01
4.2356794E-07, 1.0145408E+00, 9.181122E-01
4.2363044E-07, 1.0155612E+00, 9.213010E-01
4.2369294E-07, 1.0168368E+00, 9.260204E-01
4.2375544E-07, 1.0161990E+00, 9.309949E-01
4.2381794E-07, 1.0130103E+00, 9.336734E-01
4.2388044E-07, 1.0071429E+00, 9.343112E-01
4.2394294E-07, 1.0006378E+00, 9.327806E-01
4.2400544E-07, 9.974490E-01, 9.301021E-01
4.2406794E-07, 9.987245E-01, 9.285714E-01
4.2413044E-07, 1.0065051E+00, 9.271684E-01
4.2419294E-07, 1.0190051E+00, 9.272959E-01
4.2425544E-07, 1.0299745E+00, 9.288265E-01
4.2431794E-07, 1.0357143E+00, 9.292092E-01
4.2438044E-07, 1.0332909E+00, 9.284438E-01
4.2444294E-07, 1.0232143E+00, 9.264030E-01
4.2450544E-07, 1.0107143E+00, 9.237245E-01
4.2456794E-07, 9.997449E-01, 9.227041E-01
4.2463044E-07, 9.947704E-01, 9.225765E-01
4.2469294E-07, 9.968112E-01, 9.243622E-01
4.2475544E-07, 1.0034438E+00, 9.260204E-01
4.2481794E-07, 1.0116072E+00, 9.261479E-01
4.2488044E-07, 1.0159439E+00, 9.251276E-01
4.2494294E-07, 1.0153061E+00, 9.209183E-01
4.2500544E-07, 1.0100765E+00, 9.160714E-01
4.2506794E-07, 1.0035714E+00, 9.121174E-01
4.2513044E-07, 9.992347E-01, 9.118623E-01
4.2519294E-07, 9.980868E-01, 9.161990E-01
4.2525544E-07, 1.0016582E+00, 9.235969E-01
4.2531794E-07, 1.0076531E+00, 9.335459E-01
4.2538044E-07, 1.0133928E+00, 9.428571E-01
4.2544294E-07, 1.0169643E+00, 9.485970E-01
4.2550544E-07, 1.0170919E+00, 9.498724E-01
4.2556794E-07, 1.0145408E+00, 9.460459E-01
4.2563044E-07, 1.0128827E+00, 9.390306E-01
4.2569294E-07, 1.0135204E+00, 9.327806E-01
4.2575544E-07, 1.0168368E+00, 9.292092E-01
4.2581794E-07, 1.0233419E+00, 9.288265E-01
4.2588044E-07, 1.0306122E+00, 9.318877E-01
4.2594294E-07, 1.0367347E+00, 9.359694E-01
4.2600544E-07, 1.0386480E+00, 9.387755E-01
4.2606794E-07, 1.0358418E+00, 9.369898E-01
4.2613044E-07, 1.0299745E+00, 9.312500E-01
4.2619294E-07, 1.0220664E+00, 9.241071E-01
4.2625544E-07, 1.0149235E+00, 9.172194E-01
4.2631794E-07, 1.0102041E+00, 9.142857E-01
4.2638044E-07, 1.0099490E+00, 9.155612E-01
4.2644294E-07, 1.0117347E+00, 9.205357E-01
4.2650544E-07, 1.0146683E+00, 9.253827E-01
4.2656794E-07, 1.0181123E+00, 9.280612E-01
4.2663044E-07, 1.0190051E+00, 9.281888E-01
4.2669294E-07, 1.0186224E+00, 9.253827E-01
4.2675544E-07, 1.0168368E+00, 9.235969E-01
4.2681794E-07, 1.0150510E+00, 9.241071E-01
4.2688044E-07, 1.0155612E+00, 9.278061E-01
4.2694294E-07, 1.0159439E+00, 9.338010E-01
4.2700544E-07, 1.0164541E+00, 9.371173E-01
4.2706794E-07, 1.0167092E+00, 9.355868E-01
4.2713044E-07, 1.0145408E+00, 9.297194E-01
4.2719294E-07, 1.0114796E+00, 9.202806E-01
4.2725544E-07, 1.0085459E+00, 9.126276E-01
4.2731794E-07, 1.0053571E+00, 9.104592E-01
4.2738044E-07, 1.0034438E+00, 9.136479E-01
4.2744294E-07, 1.0035714E+00, 9.207908E-01
4.2750544E-07, 1.0048469E+00, 9.285714E-01
4.2756794E-07, 1.0062500E+00, 9.331633E-01
4.2763044E-07, 1.0076531E+00, 9.326531E-01
4.2769294E-07, 1.0093112E+00, 9.289541E-01
4.2775544E-07, 1.0110970E+00, 9.256378E-01
4.2781794E-07, 1.0130103E+00, 9.244898E-01
4.2788044E-07, 1.0172194E+00, 9.266582E-01
4.2794294E-07, 1.0227041E+00, 9.327806E-01
4.2800544E-07, 1.0285715E+00, 9.394132E-01
4.2806794E-07, 1.0340561E+00, 9.440051E-01
4.2813044E-07, 1.0372449E+00, 9.457908E-01
4.2819294E-07, 1.0369898E+00, 9.448979E-01
4.2825544E-07, 1.0326531E+00, 9.431123E-01
4.2831794E-07, 1.0252551E+00, 9.413266E-01
4.2838044E-07, 1.0165817E+00, 9.403061E-01
4.2844294E-07, 1.0090561E+00, 9.396684E-01
4.2850544E-07, 1.0061225E+00, 9.389030E-01
4.2856794E-07, 1.0084183E+00, 9.386480E-01
4.2863044E-07, 1.0140306E+00, 9.391581E-01
4.2869294E-07, 1.0218112E+00, 9.391581E-01
4.2875544E-07, 1.0286989E+00, 9.392857E-01
4.2881794E-07, 1.0325255E+00, 9.385204E-01
4.2888044E-07, 1.0338011E+00, 9.349490E-01
4.2894294E-07, 1.0330358E+00, 9.294643E-01
4.2900544E-07, 1.0317602E+00, 9.225765E-01
4.2906794E-07, 1.0304847E+00, 9.172194E-01
4.2913044E-07, 1.0283164E+00, 9.156888E-01
4.2919294E-07, 1.0243622E+00, 9.195153E-01
4.2925544E-07, 1.0186224E+00, 9.278061E-01
4.2931794E-07, 1.0131377E+00, 9.383929E-01
4.2938044E-07, 1.0084183E+00, 9.488521E-01
4.2944294E-07, 1.0059949E+00, 9.547194E-01
4.2950544E-07, 1.0076531E+00, 9.544643E-01
4.2956794E-07, 1.0119898E+00, 9.501275E-01
4.2963044E-07, 1.0167092E+00, 9.437500E-01
4.2969294E-07, 1.0196428E+00, 9.380102E-01
4.2975544E-07, 1.0209184E+00, 9.348214E-01
4.2981794E-07, 1.0197704E+00, 9.348214E-01
4.2988044E-07, 1.0179847E+00, 9.355868E-01
4.2994294E-07, 1.0179847E+00, 9.350765E-01
4.3000544E-07, 1.0201530E+00, 9.326531E-01
4.3006794E-07, 1.0242347E+00, 9.292092E-01
4.3013044E-07, 1.0278062E+00, 9.272959E-01
4.3019294E-07, 1.0308673E+00, 9.283164E-01
4.3025544E-07, 1.0317602E+00, 9.345663E-01
4.3031794E-07, 1.0301020E+00, 9.436225E-01
4.3038044E-07, 1.0281888E+00, 9.506378E-01
4.3044294E-07, 1.0260204E+00, 9.531888E-01
4.3050544E-07, 1.0251275E+00, 9.479592E-01
4.3056794E-07, 1.0253826E+00, 9.376276E-01
4.3063044E-07, 1.0250000E+00, 9.260204E-01
4.3069294E-07, 1.0228317E+00, 9.178572E-01
4.3075544E-07, 1.0191326E+00, 9.163265E-01
4.3081794E-07, 1.0136479E+00, 9.219388E-01
4.3088044E-07, 1.0076531E+00, 9.307398E-01
4.3094294E-07, 1.0039541E+00, 9.378827E-01
4.3100544E-07, 1.0029336E+00, 9.413266E-01
4.3106794E-07, 1.0048469E+00, 9.397959E-01
4.3113044E-07, 1.0086734E+00, 9.354592E-01
4.3119294E-07, 1.0130103E+00, 9.323980E-01
4.3125544E-07, 1.0149235E+00, 9.331633E-01
4.3131794E-07, 1.0139030E+00, 9.367347E-01
4.3138044E-07, 1.0109694E+00, 9.419643E-01
4.3144294E-07, 1.0063776E+00, 9.455357E-01
4.3150544E-07, 1.0026785E+00, 9.446428E-01
4.3156794E-07, 1.0012755E+00, 9.404337E-01
4.3163044E-07, 1.0031887E+00, 9.346939E-01
4.3169294E-07, 1.0077807E+00, 9.311224E-01
4.3175544E-07, 1.0135204E+00, 9.313775E-01
4.3181794E-07, 1.0200255E+00, 9.345663E-01
4.3188044E-07, 1.0252551E+00, 9.397959E-01
4.3194294E-07, 1.0286989E+00, 9.428571E-01
4.3200544E-07, 1.0308673E+00, 9.422194E-01
4.3206794E-07, 1.0301020E+00, 9.387755E-01
4.3213044E-07, 1.0275511E+00, 9.329082E-01
4.3219294E-07, 1.0239795E+00, 9.284438E-01
4.3225544E-07, 1.0196428E+00, 9.275510E-01
4.3231794E-07, 1.0158163E+00, 9.303572E-01
4.3238044E-07, 1.0139030E+00, 9.359694E-01
4.3244294E-07, 1.0133928E+00, 9.426020E-01
4.3250544E-07, 1.0142857E+00, 9.475765E-01
4.3256794E-07, 1.0173470E+00, 9.501275E-01
4.3263044E-07, 1.0202806E+00, 9.514031E-01
4.3269294E-07, 1.0229592E+00, 9.506378E-01
4.3275544E-07, 1.0242347E+00, 9.487245E-01
4.3281794E-07, 1.0237244E+00, 9.452806E-01
4.3288044E-07, 1.0241071E+00, 9.403061E-01
4.3294294E-07, 1.0247449E+00, 9.368622E-01
4.3300544E-07, 1.0257653E+00, 9.352041E-01
4.3306794E-07, 1.0269133E+00, 9.363520E-01
4.3313044E-07, 1.0271684E+00, 9.408163E-01
4.3319294E-07, 1.0260204E+00, 9.466836E-01
4.3325544E-07, 1.0237244E+00, 9.520408E-01
4.3331794E-07, 1.0200255E+00, 9.545918E-01
4.3338044E-07, 1.0176021E+00, 9.529337E-01
4.3344294E-07, 1.0184948E+00, 9.489796E-01
4.3350544E-07, 1.0214286E+00, 9.454082E-01
4.3356794E-07, 1.0256377E+00, 9.431123E-01
4.3363044E-07, 1.0288265E+00, 9.424745E-01
4.3369294E-07, 1.0292091E+00, 9.422194E-01
4.3375544E-07, 1.0252551E+00, 9.411990E-01
4.3381794E-07, 1.0190051E+00, 9.368622E-01
4.3388044E-07, 1.0137755E+00, 9.312500E-01
4.3394294E-07, 1.0104592E+00, 9.269133E-01
4.3400544E-07, 1.0108418E+00, 9.241071E-01
4.3406794E-07, 1.0154337E+00, 9.244898E-01
4.3413044E-07, 1.0205357E+00, 9.275510E-01
4.3419294E-07, 1.0250000E+00, 9.299745E-01
4.3425544E-07, 1.0278062E+00, 9.311224E-01
4.3431794E-07, 1.0265306E+00, 9.311224E-01
4.3438044E-07, 1.0238520E+00, 9.288265E-01
4.3444294E-07, 1.0218112E+00, 9.275510E-01
4.3450544E-07, 1.0200255E+00, 9.288265E-01
4.3456794E-07, 1.0197704E+00, 9.312500E-01
4.3463044E-07, 1.0198979E+00, 9.344388E-01
4.3469294E-07, 1.0191326E+00, 9.358419E-01
4.3475544E-07, 1.0184948E+00, 9.340561E-01
4.3481794E-07, 1.0173470E+00, 9.311224E-01
4.3488044E-07, 1.0176021E+00, 9.279337E-01
4.3494294E-07, 1.0201530E+00, 9.276786E-01
4.3500544E-07, 1.0239795E+00, 9.318877E-01
4.3506794E-07, 1.0285715E+00, 9.387755E-01
4.3513044E-07, 1.0306122E+00, 9.465562E-01
4.3519294E-07, 1.0293367E+00, 9.508929E-01
4.3525544E-07, 1.0269133E+00, 9.498724E-01
4.3531794E-07, 1.0237244E+00, 9.457908E-01
4.3538044E-07, 1.0209184E+00, 9.396684E-01
4.3544294E-07, 1.0200255E+00, 9.338010E-01
4.3550544E-07, 1.0192602E+00, 9.306123E-01
4.3556794E-07, 1.0179847E+00, 9.293367E-01
4.3563044E-07, 1.0160714E+00, 9.299745E-01
4.3569294E-07, 1.0123725E+00, 9.322704E-01
4.3575544E-07, 1.0088010E+00, 9.345663E-01
4.3581794E-07, 1.0082908E+00, 9.373724E-01
4.3588044E-07, 1.0110970E+00, 9.414541E-01
4.3594294E-07, 1.0160714E+00, 9.456633E-01
4.3600544E-07, 1.0223215E+00, 9.487245E-01
4.3606794E-07, 1.0278062E+00, 9.503826E-01
4.3613044E-07, 1.0292091E+00, 9.508929E-01
4.3619294E-07, 1.0261480E+00, 9.493622E-01
4.3625544E-07, 1.0211735E+00, 9.469388E-01
4.3631794E-07, 1.0172194E+00, 9.450255E-01
4.3638044E-07, 1.0158163E+00, 9.450255E-01
4.3644294E-07, 1.0186224E+00, 9.461735E-01
4.3650544E-07, 1.0243622E+00, 9.483418E-01
4.3656794E-07, 1.0298469E+00, 9.510204E-01
4.3663044E-07, 1.0325255E+00, 9.522959E-01
4.3669294E-07, 1.0312500E+00, 9.515306E-01
4.3675544E-07, 1.0279337E+00, 9.483418E-01
4.3681794E-07, 1.0235969E+00, 9.443877E-01
4.3688044E-07, 1.0197704E+00, 9.397959E-01
4.3694294E-07, 1.0195153E+00, 9.346939E-01
4.3700544E-07, 1.0207908E+00, 9.323980E-01
4.3706794E-07, 1.0228317E+00, 9.318877E-01
4.3713044E-07, 1.0242347E+00, 9.330357E-01
4.3719294E-07, 1.0252551E+00, 9.357143E-01
4.3725544E-07, 1.0261480E+00, 9.390306E-01
4.3731794E-07, 1.0271684E+00, 9.419643E-01
4.3738044E-07, 1.0292091E+00, 9.433674E-01
4.3744294E-07, 1.0312500E+00, 9.436225E-01
4.3750544E-07, 1.0323980E+00, 9.432398E-01
4.3756794E-07, 1.0308673E+00, 9.428571E-01
4.3763044E-07, 1.0271684E+00, 9.427296E-01
4.3769294E-07, 1.0225766E+00, 9.440051E-01
4.3775544E-07, 1.0190051E+00, 9.457908E-01
4.3781794E-07, 1.0187500E+00, 9.477041E-01
4.3788044E-07, 1.0206633E+00, 9.491072E-01
4.3794294E-07, 1.0239795E+00, 9.484694E-01
4.3800544E-07, 1.0251275E+00, 9.465562E-01
4.3806794E-07, 1.0232143E+00, 9.434949E-01
4.3813044E-07, 1.0183673E+00, 9.413266E-01
4.3819294E-07, 1.0107143E+00, 9.415816E-01
4.3825544E-07, 1.0051020E+00, 9.426020E-01
4.3831794E-07, 1.0043367E+00, 9.445153E-01
4.3838044E-07, 1.0077807E+00, 9.456633E-01
4.3844294E-07, 1.0149235E+00, 9.433674E-01
4.3850544E-07, 1.0242347E+00, 9.381378E-01
4.3856794E-07, 1.0313776E+00, 9.327806E-01
4.3863044E-07, 1.0335460E+00, 9.288265E-01
4.3869294E-07, 1.0318878E+00, 9.271684E-01
4.3875544E-07, 1.0271684E+00, 9.288265E-01
4.3881794E-07, 1.0229592E+00, 9.315051E-01
4.3888044E-07, 1.0219388E+00, 9.343112E-01
4.3894294E-07, 1.0225766E+00, 9.360970E-01
4.3900544E-07, 1.0243622E+00, 9.350765E-01
4.3906794E-07, 1.0265306E+00, 9.331633E-01
4.3913044E-07, 1.0274235E+00, 9.329082E-01
4.3919294E-07, 1.0269133E+00, 9.350765E-01
4.3925544E-07, 1.0260204E+00, 9.390306E-01
4.3931794E-07, 1.0260204E+00, 9.432398E-01
4.3938044E-07, 1.0270408E+00, 9.451531E-01
4.3944294E-07, 1.0284439E+00, 9.436225E-01
4.3950544E-07, 1.0292091E+00, 9.391581E-01
4.3956794E-07, 1.0275511E+00, 9.343112E-01
4.3963044E-07, 1.0235969E+00, 9.312500E-01
4.3969294E-07, 1.0190051E+00, 9.321429E-01
4.3975544E-07, 1.0156888E+00, 9.372449E-01
4.3981794E-07, 1.0150510E+00, 9.447704E-01
4.3988044E-07, 1.0178572E+00, 9.515306E-01
4.3994294E-07, 1.0234693E+00, 9.553571E-01
4.4000544E-07, 1.0290816E+00, 9.552296E-01
4.4006794E-07, 1.0327806E+00, 9.512755E-01
4.4013044E-07, 1.0343112E+00, 9.454082E-01
4.4019294E-07, 1.0321429E+00, 9.406888E-01
4.4025544E-07, 1.0281888E+00, 9.371173E-01
4.4031794E-07, 1.0248724E+00, 9.355868E-01
4.4038044E-07, 1.0218112E+00, 9.368622E-01
4.4044294E-07, 1.0213010E+00, 9.381378E-01
4.4050544E-07, 1.0219388E+00, 9.397959E-01
4.4056794E-07, 1.0234693E+00, 9.401786E-01
4.4063044E-07, 1.0253826E+00, 9.395408E-01
4.4069294E-07, 1.0264031E+00, 9.390306E-01
4.4075544E-07, 1.0270408E+00, 9.385204E-01
4.4081794E-07, 1.0248724E+00, 9.399235E-01
4.4088044E-07, 1.0197704E+00, 9.409439E-01
4.4094294E-07, 1.0142857E+00, 9.419643E-01
4.4100544E-07, 1.0080357E+00, 9.442602E-01
4.4106794E-07, 1.0047194E+00, 9.455357E-01
4.4113044E-07, 1.0070153E+00, 9.471939E-01
4.4119294E-07, 1.0131377E+00, 9.502551E-01
4.4125544E-07, 1.0225766E+00, 9.528061E-01
4.4131794E-07, 1.0330358E+00, 9.551020E-01
4.4138044E-07, 1.0400510E+00, 9.575255E-01
4.4144294E-07, 1.0420918E+00, 9.584184E-01
4.4150544E-07, 1.0389031E+00, 9.580357E-01
4.4156794E-07, 1.0329082E+00, 9.563776E-01
4.4163044E-07, 1.0269133E+00, 9.538265E-01
4.4169294E-07, 1.0239795E+00, 9.510204E-01
4.4175544E-07, 1.0244898E+00, 9.489796E-01
4.4181794E-07, 1.0278062E+00, 9.473214E-01
4.4188044E-07, 1.0329082E+00, 9.461735E-01
4.4194294E-07, 1.0372449E+00, 9.461735E-01
4.4200544E-07, 1.0392857E+00, 9.463010E-01
4.4206794E-07, 1.0376276E+00, 9.457908E-01
4.4213044E-07, 1.0332909E+00, 9.433674E-01
4.4219294E-07, 1.0278062E+00, 9.395408E-01
4.4225544E-07, 1.0232143E+00, 9.352041E-01
4.4231794E-07, 1.0205357E+00, 9.322704E-01
4.4238044E-07, 1.0195153E+00, 9.315051E-01
4.4244294E-07, 1.0206633E+00, 9.318877E-01
4.4250544E-07, 1.0233419E+00, 9.339285E-01
4.4256794E-07, 1.0257653E+00, 9.368622E-01
4.4263044E-07, 1.0279337E+00, 9.392857E-01
4.4269294E-07, 1.0292091E+00, 9.420918E-01
4.4275544E-07, 1.0289540E+00, 9.457908E-01
4.4281794E-07, 1.0272959E+00, 9.510204E-01
4.4288044E-07, 1.0246173E+00, 9.566327E-01
4.4294294E-07, 1.0214286E+00, 9.608418E-01
4.4300544E-07, 1.0188775E+00, 9.618623E-01
4.4306794E-07, 1.0190051E+00, 9.581633E-01
4.4313044E-07, 1.0209184E+00, 9.516582E-01
4.4319294E-07, 1.0247449E+00, 9.440051E-01
4.4325544E-07, 1.0283164E+00, 9.392857E-01
4.4331794E-07, 1.0303571E+00, 9.392857E-01
4.4338044E-07, 1.0298469E+00, 9.440051E-01
4.4344294E-07, 1.0269133E+00, 9.510204E-01
4.4350544E-07, 1.0244898E+00, 9.559949E-01
4.4356794E-07, 1.0228317E+00, 9.568878E-01
4.4363044E-07, 1.0252551E+00, 9.512755E-01
4.4369294E-07, 1.0306122E+00, 9.437500E-01
4.4375544E-07, 1.0353316E+00, 9.372449E-01
4.4381794E-07, 1.0381378E+00, 9.340561E-01
4.4388044E-07, 1.0355867E+00, 9.368622E-01
4.4394294E-07, 1.0292091E+00, 9.418367E-01
4.4400544E-07, 1.0214286E+00, 9.471939E-01
4.4406794E-07, 1.0164541E+00, 9.494898E-01
4.4413044E-07, 1.0173470E+00, 9.477041E-01
4.4419294E-07, 1.0238520E+00, 9.440051E-01
4.4425544E-07, 1.0336735E+00, 9.401786E-01
4.4431794E-07, 1.0427296E+00, 9.396684E-01
4.4438044E-07, 1.0480868E+00, 9.431123E-01
4.4444294E-07, 1.0466837E+00, 9.503826E-01
4.4450544E-07, 1.0376276E+00, 9.579082E-01
4.4456794E-07, 1.0247449E+00, 9.609694E-01
4.4463044E-07, 1.0131377E+00, 9.590561E-01
4.4469294E-07, 1.0057398E+00, 9.534439E-01
4.4475544E-07, 1.0042092E+00, 9.459184E-01
4.4481794E-07, 1.0094388E+00, 9.394132E-01
4.4488044E-07, 1.0178572E+00, 9.368622E-01
4.4494294E-07, 1.0261480E+00, 9.369898E-01
4.4500544E-07, 1.0326531E+00, 9.387755E-01
4.4506794E-07, 1.0352041E+00, 9.410715E-01
4.4513044E-07, 1.0340561E+00, 9.417092E-01
4.4519294E-07, 1.0311224E+00, 9.409439E-01
4.4525544E-07, 1.0272959E+00, 9.405612E-01
4.4531794E-07, 1.0238520E+00, 9.411990E-01
4.4538044E-07, 1.0214286E+00, 9.432398E-01
4.4544294E-07, 1.0206633E+00, 9.456633E-01
4.4550544E-07, 1.0224490E+00, 9.475765E-01
4.4556794E-07, 1.0256377E+00, 9.488521E-01
4.4563044E-07, 1.0294642E+00, 9.484694E-01
4.4569294E-07, 1.0334184E+00, 9.473214E-01
4.4575544E-07, 1.0344387E+00, 9.471939E-01
4.4581794E-07, 1.0322704E+00, 9.469388E-01
4.4588044E-07, 1.0290816E+00, 9.463010E-01
4.4594294E-07, 1.0258929E+00, 9.459184E-01
4.4600544E-07, 1.0251275E+00, 9.442602E-01
4.4606794E-07, 1.0269133E+00, 9.419643E-01
4.4613044E-07, 1.0306122E+00, 9.394132E-01
4.4619294E-07, 1.0339285E+00, 9.378827E-01
4.4625544E-07, 1.0341836E+00, 9.381378E-01
4.4631794E-07, 1.0308673E+00, 9.401786E-01
4.4638044E-07, 1.0250000E+00, 9.426020E-01
4.4644294E-07, 1.0207908E+00, 9.441326E-01
4.4650544E-07, 1.0200255E+00, 9.454082E-01
4.4656794E-07, 1.0225766E+00, 9.456633E-01
4.4663044E-07, 1.0278062E+00, 9.451531E-01
4.4669294E-07, 1.0332909E+00, 9.455357E-01
4.4675544E-07, 1.0363520E+00, 9.470663E-01
4.4681794E-07, 1.0369898E+00, 9.492347E-01
4.4688044E-07, 1.0366071E+00, 9.508929E-01
4.4694294E-07, 1.0366071E+00, 9.512755E-01
4.4700544E-07, 1.0376276E+00, 9.488521E-01
4.4706794E-07, 1.0409439E+00, 9.434949E-01
4.4713044E-07, 1.0422194E+00, 9.385204E-01
4.4719294E-07, 1.0401785E+00, 9.329082E-01
4.4725544E-07, 1.0362245E+00, 9.279337E-01
4.4731794E-07, 1.0302296E+00, 9.255102E-01
4.4738044E-07, 1.0269133E+00, 9.233418E-01
4.4744294E-07, 1.0267857E+00, 9.224490E-01
4.4750544E-07, 1.0286989E+00, 9.218112E-01
4.4756794E-07, 1.0326531E+00, 9.209183E-01
4.4763044E-07, 1.0346938E+00, 9.230868E-01
4.4769294E-07, 1.0320153E+00, 9.278061E-01
4.4775544E-07, 1.0272959E+00, 9.340561E-01
4.4781794E-07, 1.0218112E+00, 9.422194E-01
4.4788044E-07, 1.0183673E+00, 9.491072E-01
4.4794294E-07, 1.0211735E+00, 9.528061E-01
4.4800544E-07, 1.0280613E+00, 9.548469E-01
4.4806794E-07, 1.0355867E+00, 9.545918E-01
4.4813044E-07, 1.0411990E+00, 9.533163E-01
4.4819294E-07, 1.0408163E+00, 9.533163E-01
4.4825544E-07, 1.0344387E+00, 9.534439E-01
4.4831794E-07, 1.0260204E+00, 9.534439E-01
4.4838044E-07, 1.0182397E+00, 9.535714E-01
4.4844294E-07, 1.0141581E+00, 9.517857E-01
4.4850544E-07, 1.0147959E+00, 9.482143E-01
4.4856794E-07, 1.0184948E+00, 9.432398E-01
4.4863044E-07, 1.0227041E+00, 9.377551E-01
4.4869294E-07, 1.0255102E+00, 9.330357E-01
4.4875544E-07, 1.0253826E+00, 9.307398E-01
4.4881794E-07, 1.0218112E+00, 9.313775E-01
4.4888044E-07, 1.0159439E+00, 9.348214E-01
4.4894294E-07, 1.0095663E+00, 9.401786E-01
4.4900544E-07, 1.0065051E+00, 9.463010E-01
4.4906794E-07, 1.0068878E+00, 9.528061E-01
4.4913044E-07, 1.0105867E+00, 9.573979E-01
4.4919294E-07, 1.0193877E+00, 9.576530E-01
4.4925544E-07, 1.0295918E+00, 9.561225E-01
4.4931794E-07, 1.0390307E+00, 9.517857E-01
4.4938044E-07, 1.0447704E+00, 9.464286E-01
4.4944294E-07, 1.0438776E+00, 9.411990E-01
4.4950544E-07, 1.0369898E+00, 9.355868E-01
4.4956794E-07, 1.0258929E+00, 9.306123E-01
4.4963044E-07, 1.0154337E+00, 9.257653E-01
4.4969294E-07, 1.0089285E+00, 9.219388E-01
4.4975544E-07, 1.0090561E+00, 9.186224E-01
4.4981794E-07, 1.0164541E+00, 9.169643E-01
4.4988044E-07, 1.0279337E+00, 9.188775E-01
4.4994294E-07, 1.0387756E+00, 9.238520E-01
4.5000544E-07, 1.0443877E+00, 9.302296E-01
4.5006794E-07, 1.0434949E+00, 9.363520E-01
4.5013044E-07, 1.0372449E+00, 9.408163E-01
4.5019294E-07, 1.0286989E+00, 9.422194E-01
4.5025544E-07, 1.0229592E+00, 9.406888E-01
4.5031794E-07, 1.0210459E+00, 9.385204E-01
4.5038044E-07, 1.0228317E+00, 9.366071E-01
4.5044294E-07, 1.0260204E+00, 9.359694E-01
4.5050544E-07, 1.0280613E+00, 9.368622E-01
4.5056794E-07, 1.0286989E+00, 9.394132E-01
4.5063044E-07, 1.0262755E+00, 9.445153E-01
4.5069294E-07, 1.0225766E+00, 9.492347E-01
4.5075544E-07, 1.0201530E+00, 9.538265E-01
4.5081794E-07, 1.0198979E+00, 9.577806E-01
4.5088044E-07, 1.0216837E+00, 9.604592E-01
4.5094294E-07, 1.0237244E+00, 9.612245E-01
4.5100544E-07, 1.0251275E+00, 9.589286E-01
4.5106794E-07, 1.0251275E+00, 9.542092E-01
4.5113044E-07, 1.0251275E+00, 9.480867E-01
4.5119294E-07, 1.0250000E+00, 9.428571E-01
4.5125544E-07, 1.0252551E+00, 9.394132E-01
4.5131794E-07, 1.0272959E+00, 9.383929E-01
4.5138044E-07, 1.0297194E+00, 9.405612E-01
4.5144294E-07, 1.0311224E+00, 9.441326E-01
4.5150544E-07, 1.0309949E+00, 9.474490E-01
4.5156794E-07, 1.0280613E+00, 9.496173E-01
4.5163044E-07, 1.0232143E+00, 9.493622E-01
4.5169294E-07, 1.0191326E+00, 9.471939E-01
4.5175544E-07, 1.0170919E+00, 9.456633E-01
4.5181794E-07, 1.0173470E+00, 9.450255E-01
4.5188044E-07, 1.0209184E+00, 9.441326E-01
4.5194294E-07, 1.0261480E+00, 9.437500E-01
4.5200544E-07, 1.0304847E+00, 9.426020E-01
4.5206794E-07, 1.0317602E+00, 9.396684E-01
4.5213044E-07, 1.0279337E+00, 9.357143E-01
4.5219294E-07, 1.0195153E+00, 9.308674E-01
4.5225544E-07, 1.0091836E+00, 9.270408E-01
4.5231794E-07, 1.0006378E+00, 9.264030E-01
4.5238044E-07, 9.960459E-01, 9.295918E-01
4.5244294E-07, 9.971939E-01, 9.352041E-01
4.5250544E-07, 1.0049745E+00, 9.415816E-01
4.5256794E-07, 1.0151786E+00, 9.484694E-01
4.5263044E-07, 1.0239795E+00, 9.531888E-01
4.5269294E-07, 1.0301020E+00, 9.551020E-01
4.5275544E-07, 1.0306122E+00, 9.570153E-01
4.5281794E-07, 1.0271684E+00, 9.573979E-01
4.5288044E-07, 1.0243622E+00, 9.573979E-01
4.5294294E-07, 1.0232143E+00, 9.579082E-01
4.5300544E-07, 1.0258929E+00, 9.563776E-01
4.5306794E-07, 1.0313776E+00, 9.531888E-01
4.5313044E-07, 1.0359694E+00, 9.487245E-01
4.5319294E-07, 1.0368623E+00, 9.442602E-01
4.5325544E-07, 1.0329082E+00, 9.418367E-01
4.5331794E-07, 1.0243622E+00, 9.434949E-01
4.5338044E-07, 1.0150510E+00, 9.480867E-01
4.5344294E-07, 1.0104592E+00, 9.535714E-01
4.5350544E-07, 1.0108418E+00, 9.579082E-01
4.5356794E-07, 1.0178572E+00, 9.565051E-01
4.5363044E-07, 1.0289540E+00, 9.508929E-01
4.5369294E-07, 1.0376276E+00, 9.432398E-01
4.5375544E-07, 1.0418367E+00, 9.352041E-01
4.5381794E-07, 1.0406888E+00, 9.315051E-01
4.5388044E-07, 1.0354592E+00, 9.330357E-01
4.5394294E-07, 1.0288265E+00, 9.380102E-01
4.5400544E-07, 1.0251275E+00, 9.429847E-01
4.5406794E-07, 1.0251275E+00, 9.460459E-01
4.5413044E-07, 1.0280613E+00, 9.457908E-01
4.5419294E-07, 1.0317602E+00, 9.433674E-01
4.5425544E-07, 1.0338011E+00, 9.408163E-01
4.5431794E-07, 1.0341836E+00, 9.408163E-01
4.5438044E-07, 1.0323980E+00, 9.447704E-01
4.5444294E-07, 1.0301020E+00, 9.501275E-01
4.5450544E-07, 1.0294642E+00, 9.542092E-01
4.5456794E-07, 1.0301020E+00, 9.545918E-01
4.5463044E-07, 1.0307398E+00, 9.501275E-01
4.5469294E-07, 1.0302296E+00, 9.410715E-01
4.5475544E-07, 1.0279337E+00, 9.312500E-01
4.5481794E-07, 1.0246173E+00, 9.243622E-01
4.5488044E-07, 1.0215561E+00, 9.239796E-01
4.5494294E-07, 1.0200255E+00, 9.304847E-01
4.5500544E-07, 1.0204082E+00, 9.415816E-01
4.5506794E-07, 1.0219388E+00, 9.535714E-01
4.5513044E-07, 1.0225766E+00, 9.628826E-01
4.5519294E-07, 1.0218112E+00, 9.670919E-01
4.5525544E-07, 1.0198979E+00, 9.673470E-01
4.5531794E-07, 1.0158163E+00, 9.659439E-01
4.5538044E-07, 1.0125000E+00, 9.625000E-01
4.5544294E-07, 1.0116072E+00, 9.588010E-01
4.5550544E-07, 1.0126276E+00, 9.549745E-01
4.5556794E-07, 1.0159439E+00, 9.492347E-01
4.5563044E-07, 1.0206633E+00, 9.431123E-01
4.5569294E-07, 1.0233419E+00, 9.381378E-01
4.5575544E-07, 1.0238520E+00, 9.350765E-01
4.5581794E-07, 1.0224490E+00, 9.362245E-01
4.5588044E-07, 1.0196428E+00, 9.417092E-01
4.5594294E-07, 1.0179847E+00, 9.494898E-01
4.5600544E-07, 1.0176021E+00, 9.576530E-01
4.5606794E-07, 1.0181123E+00, 9.621174E-01
4.5613044E-07, 1.0196428E+00, 9.612245E-01
4.5619294E-07, 1.0218112E+00, 9.562500E-01
4.5625544E-07, 1.0225766E+00, 9.501275E-01
4.5631794E-07, 1.0216837E+00, 9.445153E-01
4.5638044E-07, 1.0202806E+00, 9.414541E-01
4.5644294E-07, 1.0197704E+00, 9.420918E-01
4.5650544E-07, 1.0206633E+00, 9.452806E-01
4.5656794E-07, 1.0243622E+00, 9.488521E-01
4.5663044E-07, 1.0290816E+00, 9.517857E-01
4.5669294E-07, 1.0329082E+00, 9.516582E-01
4.5675544E-07, 1.0360969E+00, 9.483418E-01
4.5681794E-07, 1.0359694E+00, 9.448979E-01
4.5688044E-07, 1.0326531E+00, 9.418367E-01
4.5694294E-07, 1.0275511E+00, 9.401786E-01
4.5700544E-07, 1.0215561E+00, 9.410715E-01
4.5706794E-07, 1.0165817E+00, 9.420918E-01
4.5713044E-07, 1.0142857E+00, 9.423469E-01
4.5719294E-07, 1.0141581E+00, 9.413266E-01
4.5725544E-07, 1.0154337E+00, 9.385204E-01
4.5731794E-07, 1.0172194E+00, 9.358419E-01
4.5738044E-07, 1.0191326E+00, 9.360970E-01
4.5744294E-07, 1.0200255E+00, 9.409439E-01
4.5750544E-07, 1.0198979E+00, 9.494898E-01
4.5756794E-07, 1.0182397E+00, 9.594388E-01
4.5763044E-07, 1.0158163E+00, 9.661990E-01
4.5769294E-07, 1.0144132E+00, 9.673470E-01
4.5775544E-07, 1.0133928E+00, 9.635204E-01
4.5781794E-07, 1.0151786E+00, 9.557398E-01
4.5788044E-07, 1.0190051E+00, 9.494898E-01
4.5794294E-07, 1.0232143E+00, 9.477041E-01
4.5800544E-07, 1.0276786E+00, 9.498724E-01
4.5806794E-07, 1.0313776E+00, 9.552296E-01
4.5813044E-07, 1.0335460E+00, 9.602041E-01
4.5819294E-07, 1.0338011E+00, 9.614796E-01
4.5825544E-07, 1.0338011E+00, 9.575255E-01
4.5831794E-07, 1.0331633E+00, 9.508929E-01
4.5838044E-07, 1.0315051E+00, 9.440051E-01
4.5844294E-07, 1.0306122E+00, 9.395408E-01
4.5850544E-07, 1.0298469E+00, 9.408163E-01
4.5856794E-07, 1.0278062E+00, 9.468112E-01
4.5863044E-07, 1.0248724E+00, 9.534439E-01
4.5869294E-07, 1.0211735E+00, 9.579082E-01
4.5875544E-07, 1.0173470E+00, 9.573979E-01
4.5881794E-07, 1.0137755E+00, 9.529337E-01
4.5888044E-07, 1.0108418E+00, 9.463010E-01
4.5894294E-07, 1.0103316E+00, 9.401786E-01
4.5900544E-07, 1.0114796E+00, 9.392857E-01
4.5906794E-07, 1.0150510E+00, 9.432398E-01
4.5913044E-07, 1.0190051E+00, 9.515306E-01
4.5919294E-07, 1.0220664E+00, 9.594388E-01
4.5925544E-07, 1.0246173E+00, 9.625000E-01
4.5931794E-07, 1.0257653E+00, 9.602041E-01
4.5938044E-07, 1.0274235E+00, 9.522959E-01
4.5944294E-07, 1.0293367E+00, 9.428571E-01
4.5950544E-07, 1.0313776E+00, 9.352041E-01
4.5956794E-07, 1.0349489E+00, 9.321429E-01
4.5963044E-07, 1.0363520E+00, 9.360970E-01
4.5969294E-07, 1.0335460E+00, 9.429847E-01
4.5975544E-07, 1.0284439E+00, 9.493622E-01
4.5981794E-07, 1.0197704E+00, 9.549745E-01
4.5988044E-07, 1.0104592E+00, 9.565051E-01
4.5994294E-07, 1.0061225E+00, 9.553571E-01
4.6000544E-07, 1.0058674E+00, 9.554847E-01
4.6006794E-07, 1.0121174E+00, 9.554847E-01
4.6013044E-07, 1.0233419E+00, 9.575255E-01
4.6019294E-07, 1.0335460E+00, 9.610969E-01
4.6025544E-07, 1.0406888E+00, 9.623724E-01
4.6031794E-07, 1.0422194E+00, 9.621174E-01
4.6038044E-07, 1.0376276E+00, 9.602041E-01
4.6044294E-07, 1.0297194E+00, 9.573979E-01
4.6050544E-07, 1.0219388E+00, 9.556122E-01
4.6056794E-07, 1.0160714E+00, 9.563776E-01
4.6063044E-07, 1.0140306E+00, 9.582908E-01
4.6069294E-07, 1.0159439E+00, 9.608418E-01
4.6075544E-07, 1.0188775E+00, 9.635204E-01
4.6081794E-07, 1.0215561E+00, 9.637755E-01
4.6088044E-07, 1.0229592E+00, 9.617347E-01
4.6094294E-07, 1.0233419E+00, 9.575255E-01
4.6100544E-07, 1.0247449E+00, 9.520408E-01
4.6106794E-07, 1.0261480E+00, 9.466836E-01
4.6113044E-07, 1.0288265E+00, 9.404337E-01
4.6119294E-07, 1.0316327E+00, 9.353316E-01
4.6125544E-07, 1.0316327E+00, 9.321429E-01
4.6131794E-07, 1.0278062E+00, 9.302296E-01
4.6138044E-07, 1.0210459E+00, 9.304847E-01
4.6144294E-07, 1.0130103E+00, 9.339285E-01
4.6150544E-07, 1.0058674E+00, 9.390306E-01
4.6156794E-07, 1.0036989E+00, 9.437500E-01
4.6163044E-07, 1.0061225E+00, 9.469388E-01
4.6169294E-07, 1.0137755E+00, 9.465562E-01
4.6175544E-07, 1.0250000E+00, 9.442602E-01
4.6181794E-07, 1.0340561E+00, 9.424745E-01
4.6188044E-07, 1.0385205E+00, 9.409439E-01
4.6194294E-07, 1.0381378E+00, 9.415816E-01
4.6200544E-07, 1.0322704E+00, 9.448979E-01
4.6206794E-07, 1.0244898E+00, 9.475765E-01
4.6213044E-07, 1.0190051E+00, 9.480867E-01
4.6219294E-07, 1.0167092E+00, 9.466836E-01
4.6225544E-07, 1.0176021E+00, 9.426020E-01
4.6231794E-07, 1.0198979E+00, 9.373724E-01
4.6238044E-07, 1.0216837E+00, 9.332908E-01
4.6244294E-07, 1.0206633E+00, 9.323980E-01
4.6250544E-07, 1.0163265E+00, 9.340561E-01
4.6256794E-07, 1.0122449E+00, 9.377551E-01
4.6263044E-07, 1.0093112E+00, 9.433674E-01
4.6269294E-07, 1.0086734E+00, 9.488521E-01
4.6275544E-07, 1.0099490E+00, 9.528061E-01
4.6281794E-07, 1.0122449E+00, 9.544643E-01
4.6288044E-07, 1.0145408E+00, 9.539541E-01
4.6294294E-07, 1.0161990E+00, 9.519132E-01
4.6300544E-07, 1.0173470E+00, 9.487245E-01
4.6306794E-07, 1.0205357E+00, 9.450255E-01
4.6313044E-07, 1.0256377E+00, 9.429847E-01
4.6319294E-07, 1.0302296E+00, 9.429847E-01
4.6325544E-07, 1.0339285E+00, 9.438776E-01
4.6331794E-07, 1.0327806E+00, 9.469388E-01
4.6338044E-07, 1.0272959E+00, 9.493622E-01
4.6344294E-07, 1.0200255E+00, 9.512755E-01
4.6350544E-07, 1.0121174E+00, 9.530612E-01
4.6356794E-07, 1.0095663E+00, 9.520408E-01
4.6363044E-07, 1.0127552E+00, 9.508929E-01
4.6369294E-07, 1.0200255E+00, 9.492347E-01
4.6375544E-07, 1.0276786E+00, 9.474490E-01
4.6381794E-07, 1.0311224E+00, 9.460459E-01
4.6388044E-07, 1.0289540E+00, 9.454082E-01
4.6394294E-07, 1.0204082E+00, 9.470663E-01
4.6400544E-07, 1.0107143E+00, 9.492347E-01
4.6406794E-07, 1.0042092E+00, 9.530612E-01
4.6413044E-07, 1.0034438E+00, 9.566327E-01
4.6419294E-07, 1.0098214E+00, 9.588010E-01
4.6425544E-07, 1.0192602E+00, 9.595664E-01
4.6431794E-07, 1.0275511E+00, 9.566327E-01
4.6438044E-07, 1.0322704E+00, 9.512755E-01
4.6444294E-07, 1.0313776E+00, 9.454082E-01
4.6450544E-07, 1.0253826E+00, 9.401786E-01
4.6456794E-07, 1.0177296E+00, 9.367347E-01
4.6463044E-07, 1.0123725E+00, 9.359694E-01
4.6469294E-07, 1.0102041E+00, 9.385204E-01
4.6475544E-07, 1.0108418E+00, 9.424745E-01
4.6481794E-07, 1.0132653E+00, 9.456633E-01
4.6488044E-07, 1.0160714E+00, 9.471939E-01
4.6494294E-07, 1.0187500E+00, 9.474490E-01
4.6500544E-07, 1.0190051E+00, 9.484694E-01
4.6506794E-07, 1.0190051E+00, 9.496173E-01
4.6513044E-07, 1.0191326E+00, 9.533163E-01
4.6519294E-07, 1.0197704E+00, 9.593112E-01
4.6525544E-07, 1.0221939E+00, 9.649234E-01
4.6531794E-07, 1.0253826E+00, 9.691327E-01
4.6538044E-07, 1.0295918E+00, 9.692602E-01
4.6544294E-07, 1.0330358E+00, 9.660714E-01
4.6550544E-07, 1.0346938E+00, 9.598214E-01
4.6556794E-07, 1.0357143E+00, 9.531888E-01
4.6563044E-07, 1.0353316E+00, 9.500000E-01
4.6569294E-07, 1.0334184E+00, 9.508929E-01
4.6575544E-07, 1.0321429E+00, 9.543368E-01
4.6581794E-07, 1.0315051E+00, 9.600765E-01
4.6588044E-07, 1.0312500E+00, 9.649234E-01
4.6594294E-07, 1.0309949E+00, 9.665816E-01
4.6600544E-07, 1.0298469E+00, 9.646684E-01
4.6606794E-07, 1.0295918E+00, 9.594388E-01
4.6613044E-07, 1.0303571E+00, 9.542092E-01
4.6619294E-07, 1.0322704E+00, 9.503826E-01
4.6625544E-07, 1.0362245E+00, 9.485970E-01
4.6631794E-07, 1.0390307E+00, 9.500000E-01
4.6638044E-07, 1.0396683E+00, 9.519132E-01
4.6644294E-07, 1.0368623E+00, 9.534439E-01
4.6650544E-07, 1.0315051E+00, 9.536990E-01
4.6656794E-07, 1.0246173E+00, 9.525510E-01
4.6663044E-07, 1.0192602E+00, 9.494898E-01
4.6669294E-07, 1.0176021E+00, 9.463010E-01
4.6675544E-07, 1.0182397E+00, 9.437500E-01
4.6681794E-07, 1.0227041E+00, 9.408163E-01
4.6688044E-07, 1.0267857E+00, 9.406888E-01
4.6694294E-07, 1.0286989E+00, 9.414541E-01
4.6700544E-07, 1.0285715E+00, 9.432398E-01
4.6706794E-07, 1.0257653E+00, 9.461735E-01
4.6713044E-07, 1.0216837E+00, 9.484694E-01
4.6719294E-07, 1.0168368E+00, 9.500000E-01
4.6725544E-07, 1.0136479E+00, 9.500000E-01
4.6731794E-07, 1.0113521E+00, 9.497449E-01
4.6738044E-07, 1.0108418E+00, 9.487245E-01
4.6744294E-07, 1.0125000E+00, 9.484694E-01
4.6750544E-07, 1.0153061E+00, 9.494898E-01
4.6756794E-07, 1.0196428E+00, 9.512755E-01
4.6763044E-07, 1.0227041E+00, 9.552296E-01
4.6769294E-07, 1.0241071E+00, 9.593112E-01
4.6775544E-07, 1.0229592E+00, 9.639031E-01
4.6781794E-07, 1.0187500E+00, 9.682398E-01
4.6788044E-07, 1.0149235E+00, 9.704081E-01
4.6794294E-07, 1.0119898E+00, 9.718112E-01
4.6800544E-07, 1.0131377E+00, 9.710459E-01
4.6806794E-07, 1.0176021E+00, 9.695153E-01
4.6813044E-07, 1.0229592E+00, 9.667092E-01
4.6819294E-07, 1.0281888E+00, 9.618623E-01
4.6825544E-07, 1.0293367E+00, 9.563776E-01
4.6831794E-07, 1.0278062E+00, 9.483418E-01
4.6838044E-07, 1.0247449E+00, 9.408163E-01
4.6844294E-07, 1.0214286E+00, 9.349490E-01
4.6850544E-07, 1.0211735E+00, 9.318877E-01
4.6856794E-07, 1.0238520E+00, 9.341837E-01
4.6863044E-07, 1.0280613E+00, 9.413266E-01
4.6869294E-07, 1.0299745E+00, 9.517857E-01
4.6875544E-07, 1.0289540E+00, 9.609694E-01
4.6881794E-07, 1.0248724E+00, 9.676020E-01
4.6888044E-07, 1.0172194E+00, 9.702806E-01
4.6894294E-07, 1.0098214E+00, 9.673470E-01
4.6900544E-07, 1.0070153E+00, 9.613521E-01
4.6906794E-07, 1.0096939E+00, 9.561225E-01
4.6913044E-07, 1.0172194E+00, 9.525510E-01
4.6919294E-07, 1.0276786E+00, 9.510204E-01
4.6925544E-07, 1.0372449E+00, 9.514031E-01
4.6931794E-07, 1.0415816E+00, 9.521683E-01
4.6938044E-07, 1.0392857E+00, 9.515306E-01
4.6944294E-07, 1.0322704E+00, 9.502551E-01
4.6950544E-07, 1.0214286E+00, 9.506378E-01
4.6956794E-07, 1.0116072E+00, 9.515306E-01
4.6963044E-07, 1.0051020E+00, 9.543368E-01
4.6969294E-07, 1.0029336E+00, 9.566327E-01
4.6975544E-07, 1.0063776E+00, 9.558674E-01
4.6981794E-07, 1.0123725E+00, 9.528061E-01
4.6988044E-07, 1.0179847E+00, 9.470663E-01
4.6994294E-07, 1.0218112E+00, 9.409439E-01
4.7000544E-07, 1.0215561E+00, 9.385204E-01
4.7006794E-07, 1.0174745E+00, 9.406888E-01
4.7013044E-07, 1.0123725E+00, 9.459184E-01
4.7019294E-07, 1.0082908E+00, 9.528061E-01
4.7025544E-07, 1.0081632E+00, 9.576530E-01
4.7031794E-07, 1.0128827E+00, 9.596938E-01
4.7038044E-07, 1.0197704E+00, 9.603316E-01
4.7044294E-07, 1.0279337E+00, 9.607143E-01
4.7050544E-07, 1.0338011E+00, 9.647959E-01
4.7056794E-07, 1.0344387E+00, 9.718112E-01
4.7063044E-07, 1.0316327E+00, 9.780612E-01
4.7069294E-07, 1.0251275E+00, 9.809949E-01
4.7075544E-07, 1.0183673E+00, 9.761479E-01
4.7081794E-07, 1.0140306E+00, 9.647959E-01
4.7088044E-07, 1.0114796E+00, 9.511480E-01
4.7094294E-07, 1.0119898E+00, 9.391581E-01
4.7100544E-07, 1.0142857E+00, 9.344388E-01
4.7106794E-07, 1.0169643E+00, 9.372449E-01
4.7113044E-07, 1.0178572E+00, 9.446428E-01
4.7119294E-07, 1.0168368E+00, 9.508929E-01
4.7125544E-07, 1.0151786E+00, 9.525510E-01
4.7131794E-07, 1.0128827E+00, 9.505102E-01
4.7138044E-07, 1.0096939E+00, 9.468112E-01
4.7144294E-07, 1.0075256E+00, 9.443877E-01
4.7150544E-07, 1.0075256E+00, 9.465562E-01
4.7156794E-07, 1.0079081E+00, 9.529337E-01
4.7163044E-07, 1.0102041E+00, 9.588010E-01
4.7169294E-07, 1.0137755E+00, 9.614796E-01
4.7175544E-07, 1.0165817E+00, 9.599490E-01
4.7181794E-07, 1.0197704E+00, 9.540817E-01
4.7188044E-07, 1.0225766E+00, 9.494898E-01
4.7194294E-07, 1.0253826E+00, 9.489796E-01
4.7200544E-07, 1.0279337E+00, 9.543368E-01
4.7206794E-07, 1.0297194E+00, 9.622449E-01
4.7213044E-07, 1.0306122E+00, 9.673470E-01
4.7219294E-07, 1.0299745E+00, 9.658163E-01
4.7225544E-07, 1.0285715E+00, 9.563776E-01
4.7231794E-07, 1.0260204E+00, 9.431123E-01
4.7238044E-07, 1.0239795E+00, 9.313775E-01
4.7244294E-07, 1.0235969E+00, 9.271684E-01
4.7250544E-07, 1.0255102E+00, 9.331633E-01
4.7256794E-07, 1.0289540E+00, 9.460459E-01
4.7263044E-07, 1.0320153E+00, 9.599490E-01
4.7269294E-07, 1.0340561E+00, 9.674745E-01
4.7275544E-07, 1.0338011E+00, 9.656888E-01
4.7281794E-07, 1.0323980E+00, 9.562500E-01
4.7288044E-07, 1.0313776E+00, 9.450255E-01
4.7294294E-07, 1.0308673E+00, 9.389030E-01
4.7300544E-07, 1.0322704E+00, 9.404337E-01
4.7306794E-07, 1.0343112E+00, 9.500000E-01
4.7313044E-07, 1.0355867E+00, 9.617347E-01
4.7319294E-07, 1.0354592E+00, 9.701530E-01
4.7325544E-07, 1.0334184E+00, 9.710459E-01
4.7331794E-07, 1.0309949E+00, 9.641582E-01
4.7338044E-07, 1.0299745E+00, 9.529337E-01
4.7344294E-07, 1.0309949E+00, 9.420918E-01
4.7350544E-07, 1.0344387E+00, 9.350765E-01
4.7356794E-07, 1.0394132E+00, 9.334184E-01
4.7363044E-07, 1.0426021E+00, 9.363520E-01
4.7369294E-07, 1.0422194E+00, 9.406888E-01
4.7375544E-07, 1.0377551E+00, 9.442602E-01
4.7381794E-07, 1.0308673E+00, 9.469388E-01
4.7388044E-07, 1.0237244E+00, 9.491072E-01
4.7394294E-07, 1.0184948E+00, 9.507653E-01
4.7400544E-07, 1.0172194E+00, 9.520408E-01
4.7406794E-07, 1.0186224E+00, 9.525510E-01
4.7413044E-07, 1.0210459E+00, 9.510204E-01
4.7419294E-07, 1.0230868E+00, 9.473214E-01
4.7425544E-07, 1.0241071E+00, 9.433674E-01
4.7431794E-07, 1.0244898E+00, 9.410715E-01
4.7438044E-07, 1.0248724E+00, 9.424745E-01
4.7444294E-07, 1.0266582E+00, 9.477041E-01
4.7450544E-07, 1.0294642E+00, 9.556122E-01
4.7456794E-07, 1.0307398E+00, 9.630102E-01
4.7463044E-07, 1.0299745E+00, 9.659439E-01
4.7469294E-07, 1.0267857E+00, 9.636480E-01
4.7475544E-07, 1.0224490E+00, 9.563776E-01
4.7481794E-07, 1.0188775E+00, 9.471939E-01
4.7488044E-07, 1.0178572E+00, 9.396684E-01
4.7494294E-07, 1.0200255E+00, 9.364796E-01
4.7500544E-07, 1.0225766E+00, 9.385204E-01
4.7506794E-07, 1.0253826E+00, 9.426020E-01
4.7513044E-07, 1.0276786E+00, 9.483418E-01
4.7519294E-07, 1.0281888E+00, 9.536990E-01
4.7525544E-07, 1.0288265E+00, 9.565051E-01
4.7531794E-07, 1.0298469E+00, 9.586735E-01
4.7538044E-07, 1.0326531E+00, 9.595664E-01
4.7544294E-07, 1.0355867E+00, 9.617347E-01
4.7550544E-07, 1.0359694E+00, 9.639031E-01
4.7556794E-07, 1.0348214E+00, 9.640306E-01
4.7563044E-07, 1.0295918E+00, 9.640306E-01
4.7569294E-07, 1.0214286E+00, 9.608418E-01
4.7575544E-07, 1.0155612E+00, 9.557398E-01
4.7581794E-07, 1.0119898E+00, 9.526786E-01
4.7588044E-07, 1.0130103E+00, 9.505102E-01
4.7594294E-07, 1.0192602E+00, 9.502551E-01
4.7600544E-07, 1.0280613E+00, 9.515306E-01
4.7606794E-07, 1.0363520E+00, 9.514031E-01
4.7613044E-07, 1.0417092E+00, 9.484694E-01
4.7619294E-07, 1.0417092E+00, 9.432398E-01
4.7625544E-07, 1.0366071E+00, 9.377551E-01
4.7631794E-07, 1.0275511E+00, 9.348214E-01
4.7638044E-07, 1.0159439E+00, 9.364796E-01
4.7644294E-07, 1.0061225E+00, 9.419643E-01
4.7650544E-07, 1.0007653E+00, 9.498724E-01
4.7656794E-07, 1.0002551E+00, 9.566327E-01
4.7663044E-07, 1.0051020E+00, 9.581633E-01
4.7669294E-07, 1.0135204E+00, 9.539541E-01
4.7675544E-07, 1.0223215E+00, 9.466836E-01
4.7681794E-07, 1.0294642E+00, 9.392857E-01
4.7688044E-07, 1.0313776E+00, 9.357143E-01
4.7694294E-07, 1.0283164E+00, 9.358419E-01
4.7700544E-07, 1.0238520E+00, 9.389030E-01
4.7706794E-07, 1.0195153E+00, 9.436225E-01
4.7713044E-07, 1.0191326E+00, 9.461735E-01
4.7719294E-07, 1.0215561E+00, 9.468112E-01
4.7725544E-07, 1.0246173E+00, 9.447704E-01
4.7731794E-07, 1.0271684E+00, 9.418367E-01
4.7738044E-07, 1.0255102E+00, 9.419643E-01
4.7744294E-07, 1.0184948E+00, 9.446428E-01
4.7750544E-07, 1.0098214E+00, 9.485970E-01
4.7756794E-07, 1.0038265E+00, 9.531888E-01
4.7763044E-07, 1.0030612E+00, 9.572704E-01
4.7769294E-07, 1.0102041E+00, 9.585459E-01
4.7775544E-07, 1.0233419E+00, 9.595664E-01
4.7781794E-07, 1.0376276E+00, 9.610969E-01
4.7788044E-07, 1.0484694E+00, 9.641582E-01
4.7794294E-07, 1.0501275E+00, 9.687500E-01
4.7800544E-07, 1.0436225E+00, 9.705357E-01
4.7806794E-07, 1.0309949E+00, 9.692602E-01
4.7813044E-07, 1.0184948E+00, 9.630102E-01
4.7819294E-07, 1.0114796E+00, 9.553571E-01
4.7825544E-07, 1.0100765E+00, 9.502551E-01
4.7831794E-07, 1.0153061E+00, 9.488521E-01
4.7838044E-07, 1.0229592E+00, 9.543368E-01
4.7844294E-07, 1.0286989E+00, 9.632653E-01
4.7850544E-07, 1.0294642E+00, 9.700255E-01
4.7856794E-07, 1.0258929E+00, 9.695153E-01
4.7863044E-07, 1.0223215E+00, 9.605867E-01
4.7869294E-07, 1.0198979E+00, 9.475765E-01
4.7875544E-07, 1.0198979E+00, 9.349490E-01
4.7881794E-07, 1.0230868E+00, 9.276786E-01
4.7888044E-07, 1.0261480E+00, 9.297194E-01
4.7894294E-07, 1.0267857E+00, 9.383929E-01
4.7900544E-07, 1.0253826E+00, 9.491072E-01
4.7906794E-07, 1.0221939E+00, 9.577806E-01
4.7913044E-07, 1.0182397E+00, 9.609694E-01
4.7919294E-07, 1.0168368E+00, 9.580357E-01
4.7925544E-07, 1.0190051E+00, 9.519132E-01
4.7931794E-07, 1.0242347E+00, 9.463010E-01
4.7938044E-07, 1.0309949E+00, 9.434949E-01
4.7944294E-07, 1.0353316E+00, 9.438776E-01
4.7950544E-07, 1.0364796E+00, 9.454082E-01
4.7956794E-07, 1.0338011E+00, 9.478316E-01
4.7963044E-07, 1.0290816E+00, 9.502551E-01
4.7969294E-07, 1.0246173E+00, 9.529337E-01
4.7975544E-07, 1.0219388E+00, 9.561225E-01
4.7981794E-07, 1.0234693E+00, 9.584184E-01
4.7988044E-07, 1.0272959E+00, 9.602041E-01
4.7994294E-07, 1.0322704E+00, 9.584184E-01
4.8000544E-07, 1.0367347E+00, 9.535714E-01
4.8006794E-07, 1.0382653E+00, 9.478316E-01
4.8013044E-07, 1.0362245E+00, 9.428571E-01
4.8019294E-07, 1.0307398E+00, 9.411990E-01
4.8025544E-07, 1.0253826E+00, 9.436225E-01
4.8031794E-07, 1.0216837E+00, 9.511480E-01
4.8038044E-07, 1.0196428E+00, 9.608418E-01
4.8044294E-07, 1.0201530E+00, 9.681122E-01
4.8050544E-07, 1.0220664E+00, 9.714286E-01
4.8056794E-07, 1.0238520E+00, 9.693878E-01
4.8063044E-07, 1.0239795E+00, 9.630102E-01
4.8069294E-07, 1.0220664E+00, 9.545918E-01
4.8075544E-07, 1.0195153E+00, 9.469388E-01
4.8081794E-07, 1.0159439E+00, 9.426020E-01
4.8088044E-07, 1.0127552E+00, 9.413266E-01
4.8094294E-07, 1.0125000E+00, 9.420918E-01
4.8100544E-07, 1.0153061E+00, 9.448979E-01
4.8106794E-07, 1.0187500E+00, 9.471939E-01
4.8113044E-07, 1.0235969E+00, 9.459184E-01
4.8119294E-07, 1.0271684E+00, 9.423469E-01
4.8125544E-07, 1.0276786E+00, 9.371173E-01
4.8131794E-07, 1.0264031E+00, 9.313775E-01
4.8138044E-07, 1.0239795E+00, 9.297194E-01
4.8144294E-07, 1.0215561E+00, 9.331633E-01
4.8150544E-07, 1.0211735E+00, 9.409439E-01
4.8156794E-07, 1.0239795E+00, 9.505102E-01
4.8163044E-07, 1.0289540E+00, 9.589286E-01
4.8169294E-07, 1.0349489E+00, 9.623724E-01
4.8175544E-07, 1.0401785E+00, 9.600765E-01
4.8181794E-07, 1.0429847E+00, 9.538265E-01
4.8188044E-07, 1.0432398E+00, 9.466836E-01
4.8194294E-07, 1.0399234E+00, 9.432398E-01
4.8200544E-07, 1.0340561E+00, 9.434949E-01
4.8206794E-07, 1.0279337E+00, 9.474490E-01
4.8213044E-07, 1.0218112E+00, 9.526786E-01
4.8219294E-07, 1.0176021E+00, 9.547194E-01
4.8225544E-07, 1.0173470E+00, 9.524235E-01
4.8231794E-07, 1.0196428E+00, 9.471939E-01
4.8238044E-07, 1.0234693E+00, 9.394132E-01
4.8244294E-07, 1.0286989E+00, 9.321429E-01
4.8250544E-07, 1.0327806E+00, 9.297194E-01
4.8256794E-07, 1.0336735E+00, 9.322704E-01
4.8263044E-07, 1.0316327E+00, 9.383929E-01
4.8269294E-07, 1.0281888E+00, 9.469388E-01
4.8275544E-07, 1.0233419E+00, 9.561225E-01
4.8281794E-07, 1.0192602E+00, 9.630102E-01
4.8288044E-07, 1.0172194E+00, 9.660714E-01
4.8294294E-07, 1.0167092E+00, 9.656888E-01
4.8300544E-07, 1.0170919E+00, 9.617347E-01
4.8306794E-07, 1.0174745E+00, 9.554847E-01
4.8313044E-07, 1.0176021E+00, 9.489796E-01
4.8319294E-07, 1.0167092E+00, 9.434949E-01
4.8325544E-07, 1.0164541E+00, 9.385204E-01
4.8331794E-07, 1.0177296E+00, 9.354592E-01
4.8338044E-07, 1.0216837E+00, 9.326531E-01
4.8344294E-07, 1.0284439E+00, 9.301021E-01
4.8350544E-07, 1.0340561E+00, 9.283164E-01
4.8356794E-07, 1.0378827E+00, 9.257653E-01
4.8363044E-07, 1.0382653E+00, 9.246174E-01
4.8369294E-07, 1.0355867E+00, 9.253827E-01
4.8375544E-07, 1.0320153E+00, 9.286990E-01
4.8381794E-07, 1.0284439E+00, 9.331633E-01
4.8388044E-07, 1.0260204E+00, 9.363520E-01
4.8394294E-07, 1.0248724E+00, 9.371173E-01
4.8400544E-07, 1.0242347E+00, 9.352041E-01
4.8406794E-07, 1.0220664E+00, 9.325255E-01
4.8413044E-07, 1.0182397E+00, 9.297194E-01
4.8419294E-07, 1.0144132E+00, 9.283164E-01
4.8425544E-07, 1.0121174E+00, 9.286990E-01
4.8431794E-07, 1.0126276E+00, 9.294643E-01
4.8438044E-07, 1.0159439E+00, 9.297194E-01
4.8444294E-07, 1.0183673E+00, 9.301021E-01
4.8450544E-07, 1.0178572E+00, 9.304847E-01
4.8456794E-07, 1.0144132E+00, 9.339285E-01
4.8463044E-07, 1.0075256E+00, 9.426020E-01
4.8469294E-07, 1.0006378E+00, 9.545918E-01
4.8475544E-07, 9.978316E-01, 9.673470E-01
4.8481794E-07, 9.985970E-01, 9.783163E-01
4.8488044E-07, 1.0024235E+00, 9.836735E-01
4.8494294E-07, 1.0061225E+00, 9.846939E-01
4.8500544E-07, 1.0056123E+00, 9.844388E-01
4.8506794E-07, 1.0015306E+00, 9.858418E-01
4.8513044E-07, 9.942602E-01, 9.918367E-01
4.8519294E-07, 9.890306E-01, 9.997449E-01
4.8525544E-07, 9.901786E-01, 1.0066327E+00
4.8531794E-07, 9.985970E-01, 1.0088010E+00
4.8538044E-07, 1.0131377E+00, 1.0034438E+00
4.8544294E-07, 1.0289540E+00, 9.924745E-01
4.8550544E-07, 1.0399234E+00, 9.789541E-01
4.8556794E-07, 1.0443877E+00, 9.651785E-01
4.8563044E-07, 1.0441327E+00, 9.539541E-01
4.8569294E-07, 1.0413265E+00, 9.447704E-01
4.8575544E-07, 1.0419643E+00, 9.325255E-01
4.8581794E-07, 1.0468112E+00, 9.153062E-01
4.8588044E-07, 1.0551020E+00, 8.890306E-01
4.8594294E-07, 1.0656887E+00, 8.536990E-01
4.8600544E-07, 1.0744898E+00, 8.142857E-01
4.8606794E-07, 1.0804847E+00, 7.747449E-01
4.8613044E-07, 1.0836735E+00, 7.394133E-01
4.8619294E-07, 1.0854592E+00, 7.103316E-01
4.8625544E-07, 1.0867347E+00, 6.859694E-01
4.8631794E-07, 1.0875000E+00, 6.626276E-01
4.8638044E-07, 1.0857143E+00, 6.364796E-01
4.8644294E-07, 1.0798470E+00, 6.029336E-01
4.8650544E-07, 1.0698980E+00, 5.612245E-01
4.8656794E-07, 1.0556122E+00, 5.145408E-01
4.8663044E-07, 1.0392857E+00, 4.667092E-01
4.8669294E-07, 1.0204082E+00, 4.233418E-01
4.8675544E-07, 9.992347E-01, 3.866071E-01
4.8681794E-07, 9.769133E-01, 3.565051E-01
4.8688044E-07, 9.521683E-01, 3.323980E-01
4.8694294E-07, 9.235969E-01, 3.095663E-01
4.8700544E-07, 8.913265E-01, 2.832908E-01
4.8706794E-07, 8.562500E-01, 2.521684E-01
4.8713044E-07, 8.193877E-01, 2.176020E-01
4.8719294E-07, 7.804847E-01, 1.838010E-01
4.8725544E-07, 7.394133E-01, 1.543367E-01
4.8731794E-07, 6.983418E-01, 1.317602E-01
4.8738044E-07, 6.568878E-01, 1.174745E-01
4.8744294E-07, 6.165816E-01, 1.075255E-01
4.8750544E-07, 5.792092E-01, 9.91071E-02
4.8756794E-07, 5.422194E-01, 9.06888E-02
4.8763044E-07, 5.031888E-01, 7.98469E-02
4.8769294E-07, 4.608418E-01, 6.74745E-02
4.8775544E-07, 4.144133E-01, 5.58673E-02
4.8781794E-07, 3.655612E-01, 4.66837E-02
4.8788044E-07, 3.174745E-01, 3.99235E-02
4.8794294E-07, 2.735969E-01, 3.48214E-02
4.8800544E-07, 2.373724E-01, 3.01020E-02
4.8806794E-07, 2.089286E-01, 2.61480E-02
4.8813044E-07, 1.855867E-01, 2.35969E-02
4.8819294E-07, 1.637755E-01, 2.38520E-02
4.8825544E-07, 1.404337E-01, 2.71684E-02
4.8831794E-07, 1.151786E-01, 3.32908E-02
4.8838044E-07, 8.96684E-02, 4.06888E-02
4.8844294E-07, 6.73469E-02, 4.71939E-02
4.8850544E-07, 5.07653E-02, 5.21684E-02
4.8856794E-07, 3.96684E-02, 5.49745E-02
4.8863044E-07, 3.34184E-02, 5.48469E-02
4.8869294E-07, 2.99745E-02, 5.31888E-02
4.8875544E-07, 2.51276E-02, 5.11480E-02
4.8881794E-07, 1.81122E-02, 4.74490E-02
4.8888044E-07, 8.6735E-03, 4.23469E-02
4.8894294E-07, -8.929E-04, 3.62245E-02
4.8900544E-07, -9.0561E-03, 3.08673E-02
4.8906794E-07, -1.45408E-02, 2.69133E-02
4.8913044E-07, -1.40306E-02, 2.47449E-02
4.8919294E-07, -8.9286E-03, 2.61480E-02
4.8925544E-07, -2.551E-04, 2.85714E-02
4.8931794E-07, 9.9490E-03, 2.97194E-02
4.8938044E-07, 1.87500E-02, 2.79337E-02
4.8944294E-07, 2.53827E-02, 2.25765E-02
4.8950544E-07, 2.81888E-02, 1.64541E-02
4.8956794E-07, 2.89541E-02, 1.14796E-02
4.8963044E-07, 2.85714E-02, 1.05867E-02
4.8969294E-07, 2.86990E-02, 1.32653E-02
4.8975544E-07, 3.23980E-02, 1.78571E-02
4.8981794E-07, 3.92857E-02, 2.30867E-02
4.8988044E-07, 4.66837E-02, 2.60204E-02
4.8994294E-07, 5.39541E-02, 2.47449E-02
4.9000544E-07, 5.93112E-02, 2.19388E-02
4.9006794E-07, 5.96939E-02, 1.96429E-02
4.9013044E-07, 5.70153E-02, 1.73469E-02
4.9019294E-07, 5.31888E-02, 1.67092E-02
4.9025544E-07, 5.00000E-02, 1.76020E-02
4.9031794E-07, 4.83418E-02, 1.83673E-02
4.9038044E-07, 4.71939E-02, 1.81122E-02
4.9044294E-07, 4.66837E-02, 1.51786E-02
4.9050544E-07, 4.54082E-02, 1.10969E-02
4.9056794E-07, 4.19643E-02, 6.5051E-03
4.9063044E-07, 3.80102E-02, 1.0204E-03
4.9069294E-07, 3.36735E-02, -2.8061E-03
4.9075544E-07, 2.94643E-02, -5.6122E-03
4.9081794E-07, 2.53827E-02, -7.7806E-03
4.9088044E-07, 2.18112E-02, -9.6939E-03
4.9094294E-07, 2.11735E-02, -1.10969E-02
4.9100544E-07, 2.25765E-02, -1.04592E-02
4.9106794E-07, 2.52551E-02, -9.0561E-03
4.9113044E-07, 3.03571E-02, -8.4184E-03
4.9119294E-07, 3.39286E-02, -7.0153E-03
4.9125544E-07, 3.40561E-02, -7.5255E-03
4.9131794E-07, 3.03571E-02, -9.9490E-03
4.9138044E-07, 2.28316E-02, -1.33929E-02
4.9144294E-07, 1.45408E-02, -1.84949E-02
4.9150544E-07, 9.1837E-03, -2.41071E-02
4.9156794E-07, 9.6939E-03, -2.93367E-02
4.9163044E-07, 1.47959E-02, -3.26531E-02
4.9169294E-07, 2.18112E-02, -3.44388E-02
4.9175544E-07, 2.71684E-02, -3.40561E-02
4.9181794E-07, 2.66582E-02, -3.07398E-02
4.9188044E-07, 1.98980E-02, -2.56378E-02
4.9194294E-07, 9.6939E-03, -1.95153E-02
4.9200544E-07, 2.551E-04, -1.37755E-02
4.9206794E-07, -4.5918E-03, -1.00765E-02
4.9213044E-07, -3.8265E-03, -9.8214E-03
4.9219294E-07, 6.378E-04, -1.35204E-02
4.9225544E-07, 5.4847E-03, -1.98980E-02
4.9231794E-07, 8.5459E-03, -2.67857E-02
4.9238044E-07, 8.4184E-03, -3.06122E-02
4.9244294E-07, 4.9745E-03, -2.95918E-02
4.9250544E-07, 1.1480E-03, -2.51276E-02
4.9256794E-07, -1.4031E-03, -1.88776E-02
4.9263044E-07, -1.4031E-03, -1.55612E-02
4.9269294E-07, 7.653E-04, -1.76020E-02
4.9275544E-07, 3.0612E-03, -2.57653E-02
4.9281794E-07, 4.7194E-03, -3.89031E-02
4.9288044E-07, 5.7398E-03, -5.12755E-02
4.9294294E-07, 6.6327E-03, -5.81633E-02
4.9300544E-07, 6.5051E-03, -5.70153E-02
4.9306794E-07, 6.8878E-03, -4.94898E-02
4.9313044E-07, 7.7806E-03, -3.77551E-02
4.9319294E-07, 7.2704E-03, -2.60204E-02
4.9325544E-07, 5.8673E-03, -1.90051E-02
4.9331794E-07, 3.3163E-03, -1.74745E-02
4.9338044E-07, 1.0204E-03, -2.02806E-02
4.9344294E-07, -1.276E-04, -2.41071E-02
4.9350544E-07, -2.551E-04, -2.65306E-02
4.9356794E-07, 2.0408E-03, -2.71684E-02
4.9363044E-07, 5.6122E-03, -2.48724E-02
4.9369294E-07, 7.7806E-03, -2.11735E-02
4.9375544E-07, 8.4184E-03, -1.97704E-02
4.9381794E-07, 7.7806E-03, -2.09184E-02
4.9388044E-07, 5.7398E-03, -2.43622E-02
4.9394294E-07, 3.9541E-03, -2.98469E-02
4.9400544E-07, 4.3367E-03, -3.55867E-02
4.9406794E-07, 5.8673E-03, -3.94133E-02
4.9413044E-07, 8.2908E-03, -4.19643E-02
4.9419294E-07, 1.14796E-02, -4.33673E-02
4.9425544E-07, 1.40306E-02, -4.28571E-02
4.9431794E-07, 1.40306E-02, -4.18367E-02
4.9438044E-07, 1.27551E-02, -4.20918E-02
4.9444294E-07, 1.07143E-02, -4.28571E-02
4.9450544E-07, 8.9286E-03, -4.38775E-02
4.9456794E-07, 8.4184E-03, -4.41327E-02
4.9463044E-07, 8.1633E-03, -4.20918E-02
4.9469294E-07, 8.0357E-03, -3.85204E-02
4.9475544E-07, 6.7602E-03, -3.34184E-02
4.9481794E-07, 4.9745E-03, -2.99745E-02
4.9488044E-07, 3.1888E-03, -2.88265E-02
4.9494294E-07, 1.7857E-03, -3.08673E-02
4.9500544E-07, 1.1480E-03, -3.63520E-02
4.9506794E-07, 2.0408E-03, -4.33673E-02
4.9513044E-07, 2.9337E-03, -4.88520E-02
4.9519294E-07, 2.9337E-03, -5.15306E-02
4.9525544E-07, 2.0408E-03, -5.12755E-02
4.9531794E-07, -6.378E-04, -4.83418E-02
4.9538044E-07, -2.4235E-03, -4.55357E-02
4.9544294E-07, -2.2959E-03, -4.23469E-02
4.9550544E-07, 3.827E-04, -3.95408E-02
4.9556794E-07, 6.3776E-03, -3.68622E-02
4.9563044E-07, 1.19898E-02, -3.32908E-02
4.9569294E-07, 1.61990E-02, -3.12500E-02
4.9575544E-07, 1.73469E-02, -3.11224E-02
4.9581794E-07, 1.37755E-02, -3.34184E-02
4.9588044E-07, 7.2704E-03, -3.89031E-02
4.9594294E-07, 2.551E-04, -4.45153E-02
4.9600544E-07, -7.1429E-03, -4.77041E-02
4.9606794E-07, -1.28827E-02, -4.84694E-02
4.9613044E-07, -1.46684E-02, -4.61735E-02
4.9619294E-07, -1.36480E-02, -4.08163E-02
4.9625544E-07, -1.19898E-02, -3.54592E-02
4.9631794E-07, -9.8214E-03, -3.35459E-02
4.9638044E-07, -7.9082E-03, -3.50765E-02
4.9644294E-07, -7.2704E-03, -3.95408E-02
4.9650544E-07, -6.7602E-03, -4.61735E-02
4.9656794E-07, -5.3571E-03, -5.20408E-02
4.9663044E-07, -2.9337E-03, -5.53571E-02
4.9669294E-07, 7.653E-04, -5.53571E-02
4.9675544E-07, 4.4643E-03, -5.21684E-02
4.9681794E-07, 6.8878E-03, -4.77041E-02
4.9688044E-07, 7.9082E-03, -4.31122E-02
4.9694294E-07, 5.4847E-03, -3.91582E-02
4.9700544E-07, 1.0204E-03, -3.81378E-02
4.9706794E-07, -4.2092E-03, -3.91582E-02
4.9713044E-07, -9.5663E-03, -4.18367E-02
4.9719294E-07, -1.23724E-02, -4.64286E-02
4.9725544E-07, -1.18622E-02, -4.96173E-02
4.9731794E-07, -8.8010E-03, -5.01276E-02
4.9738044E-07, -4.0816E-03, -4.79592E-02
4.9744294E-07, -8.929E-04, -4.29847E-02
4.9750544E-07, -1.276E-04, -3.85204E-02
4.9756794E-07, -1.2755E-03, -3.59694E-02
4.9763044E-07, -4.5918E-03, -3.59694E-02
4.9769294E-07, -7.9082E-03, -4.04337E-02
4.9775544E-07, -1.00765E-02, -4.74490E-02
4.9781794E-07, -9.9490E-03, -5.51020E-02
4.9788044E-07, -7.5255E-03, -6.05867E-02
4.9794294E-07, -4.2092E-03, -6.10969E-02
4.9800544E-07, -1.5306E-03, -5.66327E-02
4.9806794E-07, 1.276E-04, -4.83418E-02
4.9813044E-07, 1.5306E-03, -3.89031E-02
4.9819294E-07, 2.2959E-03, -3.09949E-02
4.9825544E-07, 3.1888E-03, -2.88265E-02
4.9831794E-07, 6.1224E-03, -3.32908E-02
4.9838044E-07, 9.8214E-03, -4.17092E-02
4.9844294E-07, 1.30102E-02, -5.14031E-02
4.9850544E-07, 1.41582E-02, -5.89286E-02
4.9856794E-07, 1.25000E-02, -6.18622E-02
4.9863044E-07, 7.9082E-03, -5.95663E-02
4.9869294E-07, 1.4031E-03, -5.42092E-02
4.9875544E-07, -5.1020E-03, -4.96173E-02
4.9881794E-07, -1.00765E-02, -4.87245E-02
4.9888044E-07, -1.18622E-02, -5.26786E-02
4.9894294E-07, -1.10969E-02, -5.96939E-02
4.9900544E-07, -8.2908E-03, -6.76020E-02
4.9906794E-07, -4.8469E-03, -7.33418E-02
4.9913044E-07, -1.6582E-03, -7.46173E-02
4.9919294E-07, 1.5306E-03, -7.16837E-02
4.9925544E-07, 2.8061E-03, -6.47959E-02
4.9931794E-07, 2.5510E-03, -5.81633E-02
4.9938044E-07, 1.9133E-03, -5.38265E-02
4.9944294E-07, 0.0E+00, -5.19133E-02
4.9950544E-07, -1.5306E-03, -5.30612E-02
4.9956794E-07, -3.8265E-03, -5.51020E-02
4.9963044E-07, -5.9949E-03, -5.81633E-02
4.9969294E-07, -7.5255E-03, -6.08418E-02
4.9975544E-07, -9.0561E-03, -6.25000E-02
4.9981794E-07, -1.02041E-02, -6.37755E-02
4.9988044E-07, -1.23724E-02, -6.47959E-02
4.9994294E-07, -1.41582E-02, -6.67092E-02
