-1.206621E-08, -1.05867E-02, -7.76786E-03
-1.205058E-08, -1.14796E-02, -7.90816E-03
-1.203496E-08, -1.23724E-02, -8.07398E-03
-1.201933E-08, -1.32653E-02, -8.29082E-03
-1.200371E-08, -1.39031E-02, -8.52041E-03
-1.198808E-08, -1.45408E-02, -8.77551E-03
-1.197246E-08, -1.50510E-02, -9.01786E-03
-1.195683E-08, -1.54337E-02, -9.26020E-03
-1.194121E-08, -1.56888E-02, -9.48980E-03
-1.192558E-08, -1.58163E-02, -9.69388E-03
-1.190996E-08, -1.59439E-02, -9.85969E-03
-1.189433E-08, -1.58163E-02, -1.001276E-02
-1.187871E-08, -1.55612E-02, -1.012755E-02
-1.186308E-08, -1.51786E-02, -1.021684E-02
-1.184746E-08, -1.47959E-02, -1.026786E-02
-1.183183E-08, -1.42857E-02, -1.029337E-02
-1.181621E-08, -1.39031E-02, -1.029337E-02
-1.180058E-08, -1.35204E-02, -1.028061E-02
-1.178496E-08, -1.32653E-02, -1.024235E-02
-1.176933E-08, -1.30102E-02, -1.019133E-02
-1.175371E-08, -1.30102E-02, -1.015306E-02
-1.173808E-08, -1.28827E-02, -1.011480E-02
-1.172246E-08, -1.30102E-02, -1.008929E-02
-1.170683E-08, -1.30102E-02, -1.007653E-02
-1.169121E-08, -1.32653E-02, -1.008929E-02
-1.167558E-08, -1.35204E-02, -1.010204E-02
-1.165996E-08, -1.37755E-02, -1.014031E-02
-1.164433E-08, -1.41582E-02, -1.017857E-02
-1.162871E-08, -1.47959E-02, -1.024235E-02
-1.161308E-08, -1.53061E-02, -1.030612E-02
-1.159746E-08, -1.60714E-02, -1.038265E-02
-1.158183E-08, -1.67092E-02, -1.047194E-02
-1.156621E-08, -1.74745E-02, -1.057398E-02
-1.155058E-08, -1.82398E-02, -1.066327E-02
-1.153496E-08, -1.88776E-02, -1.075255E-02
-1.151933E-08, -1.95153E-02, -1.081633E-02
-1.150371E-08, -1.98980E-02, -1.086735E-02
-1.148808E-08, -2.00255E-02, -1.089286E-02
-1.147246E-08, -2.01531E-02, -1.089286E-02
-1.145683E-08, -2.00255E-02, -1.084184E-02
-1.144121E-08, -1.98980E-02, -1.075255E-02
-1.142558E-08, -1.96429E-02, -1.063776E-02
-1.140996E-08, -1.93878E-02, -1.047194E-02
-1.139433E-08, -1.91327E-02, -1.028061E-02
-1.137871E-08, -1.87500E-02, -1.006378E-02
-1.136308E-08, -1.83673E-02, -9.82143E-03
-1.134746E-08, -1.78571E-02, -9.57908E-03
-1.133183E-08, -1.73469E-02, -9.33674E-03
-1.131621E-08, -1.67092E-02, -9.09439E-03
-1.130058E-08, -1.60714E-02, -8.85204E-03
-1.128496E-08, -1.54337E-02, -8.63520E-03
-1.126933E-08, -1.49235E-02, -8.44388E-03
-1.125371E-08, -1.44133E-02, -8.26531E-03
-1.123808E-08, -1.41582E-02, -8.11225E-03
-1.122246E-08, -1.41582E-02, -8.01020E-03
-1.120683E-08, -1.42857E-02, -7.94643E-03
-1.119121E-08, -1.46684E-02, -7.93367E-03
-1.117558E-08, -1.53061E-02, -7.98469E-03
-1.115996E-08, -1.60714E-02, -8.08673E-03
-1.114433E-08, -1.68367E-02, -8.25255E-03
-1.112871E-08, -1.76020E-02, -8.46939E-03
-1.111308E-08, -1.82398E-02, -8.72449E-03
-1.109746E-08, -1.88776E-02, -9.00510E-03
-1.108183E-08, -1.95153E-02, -9.29847E-03
-1.106621E-08, -2.00255E-02, -9.60459E-03
-1.105058E-08, -2.05357E-02, -9.88520E-03
-1.103496E-08, -2.09184E-02, -1.015306E-02
-1.101933E-08, -2.14286E-02, -1.039541E-02
-1.100371E-08, -2.18112E-02, -1.059949E-02
-1.098808E-08, -2.21939E-02, -1.077806E-02
-1.097246E-08, -2.23214E-02, -1.090561E-02
-1.095683E-08, -2.24490E-02, -1.100765E-02
-1.094121E-08, -2.21939E-02, -1.105867E-02
-1.092558E-08, -2.19388E-02, -1.107143E-02
-1.090996E-08, -2.15561E-02, -1.103316E-02
-1.089433E-08, -2.11735E-02, -1.093112E-02
-1.087871E-08, -2.07908E-02, -1.080357E-02
-1.086308E-08, -2.04082E-02, -1.062500E-02
-1.084746E-08, -2.00255E-02, -1.042092E-02
-1.083183E-08, -1.96429E-02, -1.020408E-02
-1.081621E-08, -1.91327E-02, -1.000000E-02
-1.080058E-08, -1.87500E-02, -9.79592E-03
-1.078496E-08, -1.82398E-02, -9.60459E-03
-1.076933E-08, -1.77296E-02, -9.43878E-03
-1.075371E-08, -1.72194E-02, -9.28571E-03
-1.073808E-08, -1.68367E-02, -9.17092E-03
-1.072246E-08, -1.64541E-02, -9.08163E-03
-1.070683E-08, -1.63265E-02, -9.01786E-03
-1.069121E-08, -1.63265E-02, -9.00510E-03
-1.067558E-08, -1.63265E-02, -9.01786E-03
-1.065996E-08, -1.65816E-02, -9.09439E-03
-1.064433E-08, -1.68367E-02, -9.20918E-03
-1.062871E-08, -1.70918E-02, -9.37500E-03
-1.061308E-08, -1.74745E-02, -9.57908E-03
-1.059746E-08, -1.78571E-02, -9.80867E-03
-1.058183E-08, -1.82398E-02, -1.006378E-02
-1.056621E-08, -1.84949E-02, -1.031888E-02
-1.055058E-08, -1.86224E-02, -1.057398E-02
-1.053496E-08, -1.87500E-02, -1.082908E-02
-1.051933E-08, -1.87500E-02, -1.105867E-02
-1.050371E-08, -1.86224E-02, -1.126275E-02
-1.048808E-08, -1.84949E-02, -1.141582E-02
-1.047246E-08, -1.83673E-02, -1.154337E-02
-1.045683E-08, -1.83673E-02, -1.161990E-02
-1.044121E-08, -1.82398E-02, -1.165816E-02
-1.042558E-08, -1.83673E-02, -1.167092E-02
-1.040996E-08, -1.84949E-02, -1.163265E-02
-1.039433E-08, -1.84949E-02, -1.156888E-02
-1.037871E-08, -1.86224E-02, -1.147959E-02
-1.036308E-08, -1.87500E-02, -1.137755E-02
-1.034746E-08, -1.90051E-02, -1.123725E-02
-1.033183E-08, -1.92602E-02, -1.108418E-02
-1.031621E-08, -1.96429E-02, -1.090561E-02
-1.030058E-08, -2.01531E-02, -1.072704E-02
-1.028496E-08, -2.07908E-02, -1.054847E-02
-1.026933E-08, -2.15561E-02, -1.036990E-02
-1.025371E-08, -2.25765E-02, -1.021684E-02
-1.023808E-08, -2.37245E-02, -1.007653E-02
-1.022246E-08, -2.48724E-02, -9.96173E-03
-1.020683E-08, -2.61480E-02, -9.87245E-03
-1.019121E-08, -2.75510E-02, -9.80867E-03
-1.017558E-08, -2.89541E-02, -9.77041E-03
-1.015996E-08, -3.02296E-02, -9.74490E-03
-1.014433E-08, -3.16327E-02, -9.74490E-03
-1.012871E-08, -3.27806E-02, -9.77041E-03
-1.011308E-08, -3.38010E-02, -9.80867E-03
-1.009746E-08, -3.46939E-02, -9.84694E-03
-1.008183E-08, -3.54592E-02, -9.88520E-03
-1.006621E-08, -3.59694E-02, -9.93622E-03
-1.005058E-08, -3.63520E-02, -9.96173E-03
-1.003496E-08, -3.66071E-02, -9.98725E-03
-1.001933E-08, -3.66071E-02, -9.98725E-03
-1.000371E-08, -3.66071E-02, -9.97449E-03
-9.98808E-09, -3.63520E-02, -9.94898E-03
-9.97246E-09, -3.59694E-02, -9.89796E-03
-9.95683E-09, -3.54592E-02, -9.84694E-03
-9.94121E-09, -3.48214E-02, -9.78316E-03
-9.92558E-09, -3.40561E-02, -9.70663E-03
-9.90996E-09, -3.32908E-02, -9.61735E-03
-9.89433E-09, -3.23980E-02, -9.54082E-03
-9.87871E-09, -3.16327E-02, -9.45153E-03
-9.86308E-09, -3.08673E-02, -9.36224E-03
-9.84746E-09, -3.01020E-02, -9.29847E-03
-9.83183E-09, -2.94643E-02, -9.23469E-03
-9.81621E-09, -2.88265E-02, -9.18367E-03
-9.80058E-09, -2.83163E-02, -9.15816E-03
-9.78496E-09, -2.78061E-02, -9.15816E-03
-9.76933E-09, -2.74235E-02, -9.15816E-03
-9.75371E-09, -2.70408E-02, -9.19643E-03
-9.73808E-09, -2.67857E-02, -9.24745E-03
-9.72246E-09, -2.66582E-02, -9.31122E-03
-9.70683E-09, -2.66582E-02, -9.38775E-03
-9.69121E-09, -2.66582E-02, -9.47704E-03
-9.67558E-09, -2.66582E-02, -9.57908E-03
-9.65996E-09, -2.67857E-02, -9.69388E-03
-9.64433E-09, -2.67857E-02, -9.79592E-03
-9.62871E-09, -2.67857E-02, -9.91071E-03
-9.61308E-09, -2.66582E-02, -1.001276E-02
-9.59746E-09, -2.64031E-02, -1.010204E-02
-9.58183E-09, -2.61480E-02, -1.016582E-02
-9.56621E-09, -2.56378E-02, -1.021684E-02
-9.55058E-09, -2.51276E-02, -1.022959E-02
-9.53496E-09, -2.46173E-02, -1.020408E-02
-9.51933E-09, -2.41071E-02, -1.015306E-02
-9.50371E-09, -2.35969E-02, -1.006378E-02
-9.48808E-09, -2.32143E-02, -9.96173E-03
-9.47246E-09, -2.28316E-02, -9.82143E-03
-9.45683E-09, -2.23214E-02, -9.66837E-03
-9.44121E-09, -2.20663E-02, -9.50255E-03
-9.42558E-09, -2.18112E-02, -9.32398E-03
-9.40996E-09, -2.16837E-02, -9.13265E-03
-9.39433E-09, -2.16837E-02, -8.94133E-03
-9.37871E-09, -2.19388E-02, -8.75000E-03
-9.36308E-09, -2.23214E-02, -8.55867E-03
-9.34746E-09, -2.28316E-02, -8.38010E-03
-9.33183E-09, -2.35969E-02, -8.21429E-03
-9.31621E-09, -2.44898E-02, -8.06122E-03
-9.30058E-09, -2.55102E-02, -7.93367E-03
-9.28496E-09, -2.67857E-02, -7.83163E-03
-9.26933E-09, -2.83163E-02, -7.75510E-03
-9.25371E-09, -2.98469E-02, -7.70408E-03
-9.23808E-09, -3.16327E-02, -7.69133E-03
-9.22246E-09, -3.34184E-02, -7.70408E-03
-9.20683E-09, -3.50765E-02, -7.75510E-03
-9.19121E-09, -3.67347E-02, -7.84439E-03
-9.17558E-09, -3.81378E-02, -7.95918E-03
-9.15996E-09, -3.92857E-02, -8.08673E-03
-9.14433E-09, -4.00510E-02, -8.23980E-03
-9.12871E-09, -4.04337E-02, -8.39286E-03
-9.11308E-09, -4.05612E-02, -8.54592E-03
-9.09746E-09, -4.03061E-02, -8.69898E-03
-9.08183E-09, -3.97959E-02, -8.83929E-03
-9.06621E-09, -3.89031E-02, -8.96684E-03
-9.05058E-09, -3.77551E-02, -9.08163E-03
-9.03496E-09, -3.63520E-02, -9.18367E-03
-9.01933E-09, -3.45663E-02, -9.27296E-03
-9.00371E-09, -3.26531E-02, -9.34949E-03
-8.98808E-09, -3.04847E-02, -9.41327E-03
-8.97246E-09, -2.81888E-02, -9.45153E-03
-8.95683E-09, -2.57653E-02, -9.47704E-03
-8.94121E-09, -2.33418E-02, -9.48980E-03
-8.92558E-09, -2.07908E-02, -9.47704E-03
-8.90996E-09, -1.84949E-02, -9.45153E-03
-8.89433E-09, -1.63265E-02, -9.41327E-03
-8.87871E-09, -1.42857E-02, -9.34949E-03
-8.86308E-09, -1.26276E-02, -9.28571E-03
-8.84746E-09, -1.12245E-02, -9.19643E-03
-8.83183E-09, -1.03316E-02, -9.10714E-03
-8.81621E-09, -9.8214E-03, -9.01786E-03
-8.80058E-09, -9.8214E-03, -8.92857E-03
-8.78496E-09, -1.02041E-02, -8.85204E-03
-8.76933E-09, -1.10969E-02, -8.77551E-03
-8.75371E-09, -1.21173E-02, -8.71173E-03
-8.73808E-09, -1.35204E-02, -8.66071E-03
-8.72246E-09, -1.50510E-02, -8.62245E-03
-8.70683E-09, -1.65816E-02, -8.58418E-03
-8.69121E-09, -1.82398E-02, -8.55867E-03
-8.67558E-09, -2.00255E-02, -8.53316E-03
-8.65996E-09, -2.16837E-02, -8.50765E-03
-8.64433E-09, -2.34694E-02, -8.48214E-03
-8.62871E-09, -2.53827E-02, -8.44388E-03
-8.61308E-09, -2.71684E-02, -8.43112E-03
-8.59746E-09, -2.88265E-02, -8.41837E-03
-8.58183E-09, -3.02296E-02, -8.41837E-03
-8.56621E-09, -3.13776E-02, -8.44388E-03
-8.55058E-09, -3.20153E-02, -8.48214E-03
-8.53496E-09, -3.23980E-02, -8.53316E-03
-8.51933E-09, -3.22704E-02, -8.59694E-03
-8.50371E-09, -3.18878E-02, -8.66071E-03
-8.48808E-09, -3.11224E-02, -8.71173E-03
-8.47246E-09, -3.01020E-02, -8.76276E-03
-8.45683E-09, -2.89541E-02, -8.81378E-03
-8.44121E-09, -2.75510E-02, -8.85204E-03
-8.42558E-09, -2.60204E-02, -8.90306E-03
-8.40996E-09, -2.43622E-02, -8.95408E-03
-8.39433E-09, -2.25765E-02, -8.99235E-03
-8.37871E-09, -2.07908E-02, -9.03061E-03
-8.36308E-09, -1.88776E-02, -9.06888E-03
-8.34746E-09, -1.72194E-02, -9.08163E-03
-8.33183E-09, -1.56888E-02, -9.08163E-03
-8.31621E-09, -1.44133E-02, -9.06888E-03
-8.30058E-09, -1.33929E-02, -9.04337E-03
-8.28496E-09, -1.26276E-02, -9.00510E-03
-8.26933E-09, -1.22449E-02, -8.95408E-03
-8.25371E-09, -1.21173E-02, -8.90306E-03
-8.23808E-09, -1.22449E-02, -8.83929E-03
-8.22246E-09, -1.25000E-02, -8.77551E-03
-8.20683E-09, -1.30102E-02, -8.71173E-03
-8.19121E-09, -1.36480E-02, -8.62245E-03
-8.17558E-09, -1.44133E-02, -8.53316E-03
-8.15996E-09, -1.54337E-02, -8.44388E-03
-8.14433E-09, -1.67092E-02, -8.34184E-03
-8.12871E-09, -1.79847E-02, -8.23980E-03
-8.11308E-09, -1.93878E-02, -8.15051E-03
-8.09746E-09, -2.07908E-02, -8.07398E-03
-8.08183E-09, -2.21939E-02, -8.02296E-03
-8.06621E-09, -2.35969E-02, -7.98469E-03
-8.05058E-09, -2.47449E-02, -7.97194E-03
-8.03496E-09, -2.56378E-02, -7.98469E-03
-8.01933E-09, -2.62755E-02, -8.03571E-03
-8.00371E-09, -2.66582E-02, -8.09949E-03
-7.98808E-09, -2.67857E-02, -8.18878E-03
-7.97246E-09, -2.65306E-02, -8.30357E-03
-7.95683E-09, -2.61480E-02, -8.43112E-03
-7.94121E-09, -2.56378E-02, -8.57143E-03
-7.92558E-09, -2.48724E-02, -8.72449E-03
-7.90996E-09, -2.42347E-02, -8.87755E-03
-7.89433E-09, -2.34694E-02, -9.04337E-03
-7.87871E-09, -2.27041E-02, -9.22194E-03
-7.86308E-09, -2.18112E-02, -9.40051E-03
-7.84746E-09, -2.09184E-02, -9.57908E-03
-7.83183E-09, -2.00255E-02, -9.77041E-03
-7.81621E-09, -1.91327E-02, -9.96173E-03
-7.80058E-09, -1.81122E-02, -1.012755E-02
-7.78496E-09, -1.73469E-02, -1.028061E-02
-7.76933E-09, -1.65816E-02, -1.040816E-02
-7.75371E-09, -1.61990E-02, -1.049745E-02
-7.73808E-09, -1.59439E-02, -1.054847E-02
-7.72246E-09, -1.60714E-02, -1.057398E-02
-7.70683E-09, -1.65816E-02, -1.057398E-02
-7.69121E-09, -1.72194E-02, -1.056122E-02
-7.67558E-09, -1.79847E-02, -1.052296E-02
-7.65996E-09, -1.88776E-02, -1.048469E-02
-7.64433E-09, -1.97704E-02, -1.043367E-02
-7.62871E-09, -2.06633E-02, -1.036990E-02
-7.61308E-09, -2.15561E-02, -1.029337E-02
-7.59746E-09, -2.24490E-02, -1.021684E-02
-7.58183E-09, -2.33418E-02, -1.011480E-02
-7.56621E-09, -2.41071E-02, -1.001276E-02
-7.55058E-09, -2.48724E-02, -9.91071E-03
-7.53496E-09, -2.55102E-02, -9.82143E-03
-7.51933E-09, -2.61480E-02, -9.73214E-03
-7.50371E-09, -2.65306E-02, -9.66837E-03
-7.48808E-09, -2.67857E-02, -9.61735E-03
-7.47246E-09, -2.67857E-02, -9.59184E-03
-7.45683E-09, -2.66582E-02, -9.59184E-03
-7.44121E-09, -2.61480E-02, -9.61735E-03
-7.42558E-09, -2.55102E-02, -9.65561E-03
-7.40996E-09, -2.46173E-02, -9.71939E-03
-7.39433E-09, -2.35969E-02, -9.79592E-03
-7.37871E-09, -2.24490E-02, -9.88520E-03
-7.36308E-09, -2.11735E-02, -9.97449E-03
-7.34746E-09, -1.98980E-02, -1.007653E-02
-7.33183E-09, -1.86224E-02, -1.017857E-02
-7.31621E-09, -1.74745E-02, -1.028061E-02
-7.30058E-09, -1.65816E-02, -1.038265E-02
-7.28496E-09, -1.56888E-02, -1.048469E-02
-7.26933E-09, -1.51786E-02, -1.058673E-02
-7.25371E-09, -1.46684E-02, -1.068878E-02
-7.23808E-09, -1.45408E-02, -1.079082E-02
-7.22246E-09, -1.45408E-02, -1.089286E-02
-7.20683E-09, -1.47959E-02, -1.098214E-02
-7.19121E-09, -1.54337E-02, -1.105867E-02
-7.17558E-09, -1.64541E-02, -1.113520E-02
-7.15996E-09, -1.77296E-02, -1.119898E-02
-7.14433E-09, -1.92602E-02, -1.125000E-02
-7.12871E-09, -2.10459E-02, -1.131378E-02
-7.11308E-09, -2.30867E-02, -1.137755E-02
-7.09746E-09, -2.53827E-02, -1.145408E-02
-7.08183E-09, -2.75510E-02, -1.151786E-02
-7.06621E-09, -2.98469E-02, -1.159439E-02
-7.05058E-09, -3.21429E-02, -1.168367E-02
-7.03496E-09, -3.43112E-02, -1.174745E-02
-7.01933E-09, -3.64796E-02, -1.181122E-02
-7.00371E-09, -3.83929E-02, -1.186224E-02
-6.98808E-09, -4.00510E-02, -1.190051E-02
-6.97246E-09, -4.15816E-02, -1.193878E-02
-6.95683E-09, -4.27296E-02, -1.195153E-02
-6.94121E-09, -4.36224E-02, -1.195153E-02
-6.92558E-09, -4.40051E-02, -1.192602E-02
-6.90996E-09, -4.40051E-02, -1.190051E-02
-6.89433E-09, -4.34949E-02, -1.183673E-02
-6.87871E-09, -4.27296E-02, -1.173469E-02
-6.86308E-09, -4.15816E-02, -1.160714E-02
-6.84746E-09, -4.00510E-02, -1.144133E-02
-6.83183E-09, -3.82653E-02, -1.123725E-02
-6.81621E-09, -3.63520E-02, -1.100765E-02
-6.80058E-09, -3.40561E-02, -1.073980E-02
-6.78496E-09, -3.17602E-02, -1.044643E-02
-6.76933E-09, -2.93367E-02, -1.015306E-02
-6.75371E-09, -2.66582E-02, -9.83418E-03
-6.73808E-09, -2.41071E-02, -9.51531E-03
-6.72246E-09, -2.14286E-02, -9.18367E-03
-6.70683E-09, -1.90051E-02, -8.86480E-03
-6.69121E-09, -1.65816E-02, -8.53316E-03
-6.67558E-09, -1.45408E-02, -8.22704E-03
-6.65996E-09, -1.27551E-02, -7.92092E-03
-6.64433E-09, -1.14796E-02, -7.65306E-03
-6.62871E-09, -1.04592E-02, -7.41071E-03
-6.61308E-09, -9.9490E-03, -7.21939E-03
-6.59746E-09, -9.8214E-03, -7.06633E-03
-6.58183E-09, -1.00765E-02, -6.97704E-03
-6.56621E-09, -1.07143E-02, -6.93878E-03
-6.55058E-09, -1.17347E-02, -6.96429E-03
-6.53496E-09, -1.30102E-02, -7.04082E-03
-6.51933E-09, -1.44133E-02, -7.15561E-03
-6.50371E-09, -1.60714E-02, -7.32143E-03
-6.48808E-09, -1.78571E-02, -7.51276E-03
-6.47246E-09, -1.98980E-02, -7.74235E-03
-6.45683E-09, -2.19388E-02, -7.98469E-03
-6.44121E-09, -2.41071E-02, -8.23980E-03
-6.42558E-09, -2.62755E-02, -8.49490E-03
-6.40996E-09, -2.85714E-02, -8.76276E-03
-6.39433E-09, -3.06122E-02, -9.01786E-03
-6.37871E-09, -3.26531E-02, -9.26020E-03
-6.36308E-09, -3.44388E-02, -9.48980E-03
-6.34746E-09, -3.60969E-02, -9.69388E-03
-6.33183E-09, -3.73724E-02, -9.85969E-03
-6.31621E-09, -3.82653E-02, -9.98725E-03
-6.30058E-09, -3.89031E-02, -1.006378E-02
-6.28496E-09, -3.91582E-02, -1.010204E-02
-6.26933E-09, -3.91582E-02, -1.008929E-02
-6.25371E-09, -3.87755E-02, -1.002551E-02
-6.23808E-09, -3.82653E-02, -9.91071E-03
-6.22246E-09, -3.73724E-02, -9.75765E-03
-6.20683E-09, -3.63520E-02, -9.56633E-03
-6.19121E-09, -3.52041E-02, -9.34949E-03
-6.17558E-09, -3.39286E-02, -9.09439E-03
-6.15996E-09, -3.26531E-02, -8.83929E-03
-6.14433E-09, -3.12500E-02, -8.55867E-03
-6.12871E-09, -2.99745E-02, -8.29082E-03
-6.11308E-09, -2.85714E-02, -8.02296E-03
-6.09746E-09, -2.71684E-02, -7.78061E-03
-6.08183E-09, -2.57653E-02, -7.55102E-03
-6.06621E-09, -2.44898E-02, -7.34694E-03
-6.05058E-09, -2.32143E-02, -7.16837E-03
-6.03496E-09, -2.21939E-02, -7.01531E-03
-6.01933E-09, -2.13010E-02, -6.90051E-03
-6.00371E-09, -2.06633E-02, -6.82398E-03
-5.98808E-09, -2.01531E-02, -6.78571E-03
-5.97246E-09, -1.97704E-02, -6.77296E-03
-5.95683E-09, -1.95153E-02, -6.79847E-03
-5.94121E-09, -1.95153E-02, -6.86225E-03
-5.92558E-09, -1.96429E-02, -6.93878E-03
-5.90996E-09, -2.00255E-02, -7.05357E-03
-5.89433E-09, -2.05357E-02, -7.18112E-03
-5.87871E-09, -2.13010E-02, -7.33418E-03
-5.86308E-09, -2.21939E-02, -7.48724E-03
-5.84746E-09, -2.30867E-02, -7.66582E-03
-5.83183E-09, -2.41071E-02, -7.84439E-03
-5.81621E-09, -2.51276E-02, -8.02296E-03
-5.80058E-09, -2.61480E-02, -8.20153E-03
-5.78496E-09, -2.70408E-02, -8.36735E-03
-5.76933E-09, -2.80612E-02, -8.52041E-03
-5.75371E-09, -2.89541E-02, -8.66071E-03
-5.73808E-09, -2.98469E-02, -8.77551E-03
-5.72246E-09, -3.07398E-02, -8.86480E-03
-5.70683E-09, -3.16327E-02, -8.91582E-03
-5.69121E-09, -3.25255E-02, -8.95408E-03
-5.67558E-09, -3.34184E-02, -8.97959E-03
-5.65996E-09, -3.41837E-02, -8.97959E-03
-5.64433E-09, -3.49490E-02, -8.96684E-03
-5.62871E-09, -3.57143E-02, -8.92857E-03
-5.61308E-09, -3.64796E-02, -8.89031E-03
-5.59746E-09, -3.72449E-02, -8.83929E-03
-5.58183E-09, -3.80102E-02, -8.77551E-03
-5.56621E-09, -3.87755E-02, -8.71173E-03
-5.55058E-09, -3.95408E-02, -8.64796E-03
-5.53496E-09, -4.01786E-02, -8.58418E-03
-5.51933E-09, -4.08163E-02, -8.53316E-03
-5.50371E-09, -4.11990E-02, -8.48214E-03
-5.48808E-09, -4.15816E-02, -8.44388E-03
-5.47246E-09, -4.18367E-02, -8.39286E-03
-5.45683E-09, -4.20918E-02, -8.34184E-03
-5.44121E-09, -4.24745E-02, -8.29082E-03
-5.42558E-09, -4.28571E-02, -8.22704E-03
-5.40996E-09, -4.33673E-02, -8.18878E-03
-5.39433E-09, -4.40051E-02, -8.13776E-03
-5.37871E-09, -4.46429E-02, -8.12500E-03
-5.36308E-09, -4.51531E-02, -8.12500E-03
-5.34746E-09, -4.55357E-02, -8.15051E-03
-5.33183E-09, -4.56633E-02, -8.20153E-03
-5.31621E-09, -4.56633E-02, -8.26531E-03
-5.30058E-09, -4.52806E-02, -8.32908E-03
-5.28496E-09, -4.48980E-02, -8.40561E-03
-5.26933E-09, -4.42602E-02, -8.46939E-03
-5.25371E-09, -4.36224E-02, -8.52041E-03
-5.23808E-09, -4.27296E-02, -8.58418E-03
-5.22246E-09, -4.17092E-02, -8.64796E-03
-5.20683E-09, -4.06888E-02, -8.71173E-03
-5.19121E-09, -3.94133E-02, -8.76276E-03
-5.17558E-09, -3.80102E-02, -8.83929E-03
-5.15996E-09, -3.64796E-02, -8.90306E-03
-5.14433E-09, -3.48214E-02, -8.95408E-03
-5.12871E-09, -3.30357E-02, -9.01786E-03
-5.11308E-09, -3.11224E-02, -9.06888E-03
-5.09746E-09, -2.90816E-02, -9.11990E-03
-5.08183E-09, -2.69133E-02, -9.15816E-03
-5.06621E-09, -2.46173E-02, -9.18367E-03
-5.05058E-09, -2.24490E-02, -9.20918E-03
-5.03496E-09, -2.02806E-02, -9.20918E-03
-5.01933E-09, -1.82398E-02, -9.20918E-03
-5.00371E-09, -1.64541E-02, -9.18367E-03
-4.98808E-09, -1.46684E-02, -9.15816E-03
-4.97246E-09, -1.32653E-02, -9.11990E-03
-4.95683E-09, -1.21173E-02, -9.08163E-03
-4.94121E-09, -1.10969E-02, -9.04337E-03
-4.92558E-09, -1.03316E-02, -9.00510E-03
-4.90996E-09, -9.9490E-03, -8.96684E-03
-4.89433E-09, -9.6939E-03, -8.92857E-03
-4.87871E-09, -9.8214E-03, -8.90306E-03
-4.86308E-09, -1.02041E-02, -8.86480E-03
-4.84746E-09, -1.09694E-02, -8.83929E-03
-4.83183E-09, -1.19898E-02, -8.81378E-03
-4.81621E-09, -1.32653E-02, -8.78827E-03
-4.80058E-09, -1.47959E-02, -8.76276E-03
-4.78496E-09, -1.65816E-02, -8.75000E-03
-4.76933E-09, -1.86224E-02, -8.73724E-03
-4.75371E-09, -2.06633E-02, -8.73724E-03
-4.73808E-09, -2.29592E-02, -8.73724E-03
-4.72246E-09, -2.51276E-02, -8.75000E-03
-4.70683E-09, -2.72959E-02, -8.76276E-03
-4.69121E-09, -2.93367E-02, -8.78827E-03
-4.67558E-09, -3.12500E-02, -8.80102E-03
-4.65996E-09, -3.30357E-02, -8.81378E-03
-4.64433E-09, -3.44388E-02, -8.82653E-03
-4.62871E-09, -3.57143E-02, -8.83929E-03
-4.61308E-09, -3.64796E-02, -8.83929E-03
-4.59746E-09, -3.69898E-02, -8.83929E-03
-4.58183E-09, -3.71173E-02, -8.82653E-03
-4.56621E-09, -3.67347E-02, -8.81378E-03
-4.55058E-09, -3.60969E-02, -8.77551E-03
-4.53496E-09, -3.49490E-02, -8.73724E-03
-4.51933E-09, -3.36735E-02, -8.68622E-03
-4.50371E-09, -3.20153E-02, -8.60969E-03
-4.48808E-09, -3.03571E-02, -8.53316E-03
-4.47246E-09, -2.84439E-02, -8.44388E-03
-4.45683E-09, -2.65306E-02, -8.34184E-03
-4.44121E-09, -2.44898E-02, -8.23980E-03
-4.42558E-09, -2.25765E-02, -8.13776E-03
-4.40996E-09, -2.06633E-02, -8.03571E-03
-4.39433E-09, -1.87500E-02, -7.92092E-03
-4.37871E-09, -1.72194E-02, -7.80612E-03
-4.36308E-09, -1.58163E-02, -7.69133E-03
-4.34746E-09, -1.46684E-02, -7.57653E-03
-4.33183E-09, -1.39031E-02, -7.44898E-03
-4.31621E-09, -1.35204E-02, -7.32143E-03
-4.30058E-09, -1.35204E-02, -7.19388E-03
-4.28496E-09, -1.39031E-02, -7.05357E-03
-4.26933E-09, -1.45408E-02, -6.92602E-03
-4.25371E-09, -1.55612E-02, -6.79847E-03
-4.23808E-09, -1.68367E-02, -6.65816E-03
-4.22246E-09, -1.84949E-02, -6.53061E-03
-4.20683E-09, -2.05357E-02, -6.39031E-03
-4.19121E-09, -2.28316E-02, -6.25000E-03
-4.17558E-09, -2.52551E-02, -6.12245E-03
-4.15996E-09, -2.79337E-02, -6.00765E-03
-4.14433E-09, -3.06122E-02, -5.90561E-03
-4.12871E-09, -3.31633E-02, -5.81633E-03
-4.11308E-09, -3.58418E-02, -5.75255E-03
-4.09746E-09, -3.81378E-02, -5.70153E-03
-4.08183E-09, -4.03061E-02, -5.66327E-03
-4.06621E-09, -4.22194E-02, -5.65051E-03
-4.05058E-09, -4.37500E-02, -5.65051E-03
-4.03496E-09, -4.50255E-02, -5.67602E-03
-4.01933E-09, -4.60459E-02, -5.71429E-03
-4.00371E-09, -4.65561E-02, -5.76531E-03
-3.98808E-09, -4.69388E-02, -5.84184E-03
-3.97246E-09, -4.69388E-02, -5.93112E-03
-3.95683E-09, -4.65561E-02, -6.03316E-03
-3.94121E-09, -4.60459E-02, -6.16071E-03
-3.92558E-09, -4.52806E-02, -6.30102E-03
-3.90996E-09, -4.43878E-02, -6.45408E-03
-3.89433E-09, -4.32398E-02, -6.61990E-03
-3.87871E-09, -4.19643E-02, -6.78571E-03
-3.86308E-09, -4.05612E-02, -6.96429E-03
-3.84746E-09, -3.91582E-02, -7.14286E-03
-3.83183E-09, -3.75000E-02, -7.30867E-03
-3.81621E-09, -3.59694E-02, -7.46173E-03
-3.80058E-09, -3.43112E-02, -7.60204E-03
-3.78496E-09, -3.27806E-02, -7.70408E-03
-3.76933E-09, -3.12500E-02, -7.79337E-03
-3.75371E-09, -2.99745E-02, -7.84439E-03
-3.73808E-09, -2.88265E-02, -7.88265E-03
-3.72246E-09, -2.79337E-02, -7.89541E-03
-3.70683E-09, -2.71684E-02, -7.88265E-03
-3.69121E-09, -2.65306E-02, -7.86990E-03
-3.67558E-09, -2.58929E-02, -7.85714E-03
-3.65996E-09, -2.52551E-02, -7.84439E-03
-3.64433E-09, -2.44898E-02, -7.81888E-03
-3.62871E-09, -2.37245E-02, -7.80612E-03
-3.61308E-09, -2.27041E-02, -7.79337E-03
-3.59746E-09, -2.18112E-02, -7.78061E-03
-3.58183E-09, -2.07908E-02, -7.76786E-03
-3.56621E-09, -1.97704E-02, -7.76786E-03
-3.55058E-09, -1.87500E-02, -7.78061E-03
-3.53496E-09, -1.77296E-02, -7.81888E-03
-3.51933E-09, -1.67092E-02, -7.89541E-03
-3.50371E-09, -1.54337E-02, -8.01020E-03
-3.48808E-09, -1.40306E-02, -8.17602E-03
-3.47246E-09, -1.25000E-02, -8.36735E-03
-3.45683E-09, -1.09694E-02, -8.60969E-03
-3.44121E-09, -9.3112E-03, -8.86480E-03
-3.42558E-09, -7.6531E-03, -9.15816E-03
-3.40996E-09, -6.2500E-03, -9.45153E-03
-3.39433E-09, -4.8469E-03, -9.77041E-03
-3.37871E-09, -3.6990E-03, -1.008929E-02
-3.36308E-09, -2.6786E-03, -1.042092E-02
-3.34746E-09, -1.7857E-03, -1.075255E-02
-3.33183E-09, -8.929E-04, -1.108418E-02
-3.31621E-09, -3.827E-04, -1.141582E-02
-3.30058E-09, 1.276E-04, -1.172194E-02
-3.28496E-09, 2.551E-04, -1.200255E-02
-3.26933E-09, 1.276E-04, -1.223214E-02
-3.25371E-09, -3.827E-04, -1.243622E-02
-3.23808E-09, -1.0204E-03, -1.260204E-02
-3.22246E-09, -2.0408E-03, -1.272959E-02
-3.20683E-09, -3.1888E-03, -1.283163E-02
-3.19121E-09, -4.3367E-03, -1.289541E-02
-3.17558E-09, -5.6122E-03, -1.293367E-02
-3.15996E-09, -6.7602E-03, -1.293367E-02
-3.14433E-09, -8.0357E-03, -1.290816E-02
-3.12871E-09, -9.3112E-03, -1.285714E-02
-3.11308E-09, -1.05867E-02, -1.278061E-02
-3.09746E-09, -1.18622E-02, -1.269133E-02
-3.08183E-09, -1.31378E-02, -1.258929E-02
-3.06621E-09, -1.42857E-02, -1.250000E-02
-3.05058E-09, -1.54337E-02, -1.243622E-02
-3.03496E-09, -1.61990E-02, -1.239796E-02
-3.01933E-09, -1.68367E-02, -1.239796E-02
-3.00371E-09, -1.70918E-02, -1.244898E-02
-2.98808E-09, -1.72194E-02, -1.253827E-02
-2.97246E-09, -1.69643E-02, -1.266582E-02
-2.95683E-09, -1.65816E-02, -1.284439E-02
-2.94121E-09, -1.60714E-02, -1.306122E-02
-2.92558E-09, -1.53061E-02, -1.331633E-02
-2.90996E-09, -1.46684E-02, -1.360969E-02
-2.89433E-09, -1.39031E-02, -1.394133E-02
-2.87871E-09, -1.32653E-02, -1.431122E-02
-2.86308E-09, -1.26276E-02, -1.470663E-02
-2.84746E-09, -1.21173E-02, -1.514031E-02
-2.83183E-09, -1.18622E-02, -1.558673E-02
-2.81621E-09, -1.17347E-02, -1.603316E-02
-2.80058E-09, -1.17347E-02, -1.649235E-02
-2.78496E-09, -1.19898E-02, -1.693878E-02
-2.76933E-09, -1.25000E-02, -1.734694E-02
-2.75371E-09, -1.30102E-02, -1.772959E-02
-2.73808E-09, -1.39031E-02, -1.807398E-02
-2.72246E-09, -1.49235E-02, -1.835459E-02
-2.70683E-09, -1.60714E-02, -1.855867E-02
-2.69121E-09, -1.74745E-02, -1.869898E-02
-2.67558E-09, -1.90051E-02, -1.876275E-02
-2.65996E-09, -2.07908E-02, -1.873725E-02
-2.64433E-09, -2.25765E-02, -1.862245E-02
-2.62871E-09, -2.43622E-02, -1.844388E-02
-2.61308E-09, -2.62755E-02, -1.817602E-02
-2.59746E-09, -2.80612E-02, -1.783163E-02
-2.58183E-09, -2.98469E-02, -1.742347E-02
-2.56621E-09, -3.15051E-02, -1.696429E-02
-2.55058E-09, -3.30357E-02, -1.644133E-02
-2.53496E-09, -3.43112E-02, -1.589286E-02
-2.51933E-09, -3.54592E-02, -1.530612E-02
-2.50371E-09, -3.63520E-02, -1.469388E-02
-2.48808E-09, -3.69898E-02, -1.409439E-02
-2.47246E-09, -3.75000E-02, -1.348214E-02
-2.45683E-09, -3.76276E-02, -1.289541E-02
-2.44121E-09, -3.76276E-02, -1.232143E-02
-2.42558E-09, -3.75000E-02, -1.178571E-02
-2.40996E-09, -3.71173E-02, -1.128827E-02
-2.39433E-09, -3.66071E-02, -1.084184E-02
-2.37871E-09, -3.60969E-02, -1.043367E-02
-2.36308E-09, -3.55867E-02, -1.008929E-02
-2.34746E-09, -3.50765E-02, -9.79592E-03
-2.33183E-09, -3.46939E-02, -9.54082E-03
-2.31621E-09, -3.45663E-02, -9.34949E-03
-2.30058E-09, -3.46939E-02, -9.19643E-03
-2.28496E-09, -3.49490E-02, -9.08163E-03
-2.26933E-09, -3.55867E-02, -9.01786E-03
-2.25371E-09, -3.63520E-02, -8.96684E-03
-2.23808E-09, -3.72449E-02, -8.95408E-03
-2.22246E-09, -3.85204E-02, -8.94133E-03
-2.20683E-09, -3.99235E-02, -8.91582E-03
-2.19121E-09, -4.15816E-02, -8.87755E-03
-2.17558E-09, -4.34949E-02, -8.80102E-03
-2.15996E-09, -4.56633E-02, -8.69898E-03
-2.14433E-09, -4.80867E-02, -8.54592E-03
-2.12871E-09, -5.06378E-02, -8.35459E-03
-2.11308E-09, -5.34439E-02, -8.11225E-03
-2.09746E-09, -5.62500E-02, -7.81888E-03
-2.08183E-09, -5.90561E-02, -7.47449E-03
-2.06621E-09, -6.16071E-02, -7.07908E-03
-2.05058E-09, -6.40306E-02, -6.63265E-03
-2.03496E-09, -6.60714E-02, -6.14796E-03
-2.01933E-09, -6.77296E-02, -5.58673E-03
-2.00371E-09, -6.91327E-02, -4.98724E-03
-1.98808E-09, -7.01531E-02, -4.33673E-03
-1.97246E-09, -7.10459E-02, -3.62245E-03
-1.95683E-09, -7.16837E-02, -2.88265E-03
-1.94121E-09, -7.21939E-02, -2.09184E-03
-1.92558E-09, -7.24490E-02, -1.28827E-03
-1.90996E-09, -7.27041E-02, -4.7194E-04
-1.89433E-09, -7.27041E-02, 3.3163E-04
-1.87871E-09, -7.24490E-02, 1.12245E-03
-1.86308E-09, -7.19388E-02, 1.90051E-03
-1.84746E-09, -7.13010E-02, 2.66582E-03
-1.83183E-09, -7.05357E-02, 3.41837E-03
-1.81621E-09, -6.96429E-02, 4.15816E-03
-1.80058E-09, -6.88775E-02, 4.89796E-03
-1.78496E-09, -6.82398E-02, 5.62500E-03
-1.76933E-09, -6.77296E-02, 6.36480E-03
-1.75371E-09, -6.74745E-02, 7.09184E-03
-1.73808E-09, -6.74745E-02, 7.81888E-03
-1.72246E-09, -6.74745E-02, 8.53316E-03
-1.70683E-09, -6.74745E-02, 9.23469E-03
-1.69121E-09, -6.76020E-02, 9.93622E-03
-1.67558E-09, -6.77296E-02, 1.065051E-02
-1.65996E-09, -6.78571E-02, 1.139031E-02
-1.64433E-09, -6.82398E-02, 1.215561E-02
-1.62871E-09, -6.87500E-02, 1.295918E-02
-1.61308E-09, -6.93878E-02, 1.378827E-02
-1.59746E-09, -7.01531E-02, 1.465561E-02
-1.58183E-09, -7.09184E-02, 1.553571E-02
-1.56621E-09, -7.16837E-02, 1.642857E-02
-1.55058E-09, -7.21939E-02, 1.733418E-02
-1.53496E-09, -7.24490E-02, 1.826531E-02
-1.51933E-09, -7.24490E-02, 1.919643E-02
-1.50371E-09, -7.21939E-02, 2.015306E-02
-1.48808E-09, -7.15561E-02, 2.113520E-02
-1.47246E-09, -7.06633E-02, 2.214286E-02
-1.45683E-09, -6.93878E-02, 2.315051E-02
-1.44121E-09, -6.78571E-02, 2.417092E-02
-1.42558E-09, -6.58163E-02, 2.520408E-02
-1.40996E-09, -6.33929E-02, 2.622449E-02
-1.39433E-09, -6.05867E-02, 2.725765E-02
-1.37871E-09, -5.72704E-02, 2.827806E-02
-1.36308E-09, -5.38265E-02, 2.931122E-02
-1.34746E-09, -5.00000E-02, 3.034439E-02
-1.33183E-09, -4.60459E-02, 3.137755E-02
-1.31621E-09, -4.18367E-02, 3.239796E-02
-1.30058E-09, -3.73724E-02, 3.343112E-02
-1.28496E-09, -3.26531E-02, 3.445153E-02
-1.26933E-09, -2.76786E-02, 3.545918E-02
-1.25371E-09, -2.23214E-02, 3.646684E-02
-1.23808E-09, -1.67092E-02, 3.747449E-02
-1.22246E-09, -1.08418E-02, 3.849490E-02
-1.20683E-09, -4.7194E-03, 3.952806E-02
-1.19121E-09, 1.5306E-03, 4.057398E-02
-1.17558E-09, 7.9082E-03, 4.164541E-02
-1.15996E-09, 1.42857E-02, 4.274235E-02
-1.14433E-09, 2.06633E-02, 4.383929E-02
-1.12871E-09, 2.71684E-02, 4.494898E-02
-1.11308E-09, 3.38010E-02, 4.605867E-02
-1.09746E-09, 4.06888E-02, 4.715561E-02
-1.08183E-09, 4.78316E-02, 4.823980E-02
-1.06621E-09, 5.53571E-02, 4.932398E-02
-1.05058E-09, 6.30102E-02, 5.039541E-02
-1.03496E-09, 7.09184E-02, 5.146684E-02
-1.01933E-09, 7.89541E-02, 5.251275E-02
-1.00371E-09, 8.72449E-02, 5.355867E-02
-9.8808E-10, 9.57908E-02, 5.457908E-02
-9.7246E-10, 1.044643E-01, 5.557398E-02
-9.5683E-10, 1.132653E-01, 5.651786E-02
-9.4121E-10, 1.225765E-01, 5.743622E-02
-9.2558E-10, 1.320153E-01, 5.830357E-02
-9.0996E-10, 1.418367E-01, 5.913265E-02
-8.9433E-10, 1.519133E-01, 5.991071E-02
-8.7871E-10, 1.621173E-01, 6.065051E-02
-8.6308E-10, 1.724490E-01, 6.135204E-02
-8.4746E-10, 1.827806E-01, 6.202806E-02
-8.3183E-10, 1.932398E-01, 6.264031E-02
-8.1621E-10, 2.038265E-01, 6.321429E-02
-8.0058E-10, 2.144133E-01, 6.375000E-02
-7.8496E-10, 2.251275E-01, 6.424745E-02
-7.6933E-10, 2.358418E-01, 6.470663E-02
-7.5371E-10, 2.466837E-01, 6.515306E-02
-7.3808E-10, 2.573979E-01, 6.557398E-02
-7.2246E-10, 2.681122E-01, 6.599490E-02
-7.0683E-10, 2.786990E-01, 6.640306E-02
-6.9121E-10, 2.891582E-01, 6.681123E-02
-6.7558E-10, 2.996174E-01, 6.723214E-02
-6.5996E-10, 3.098214E-01, 6.765306E-02
-6.4433E-10, 3.198979E-01, 6.807398E-02
-6.2871E-10, 3.298469E-01, 6.852041E-02
-6.1308E-10, 3.395408E-01, 6.897959E-02
-5.9746E-10, 3.489796E-01, 6.946429E-02
-5.8183E-10, 3.581633E-01, 6.994898E-02
-5.6621E-10, 3.673469E-01, 7.044643E-02
-5.5058E-10, 3.764031E-01, 7.095663E-02
-5.3496E-10, 3.855867E-01, 7.147959E-02
-5.1933E-10, 3.946429E-01, 7.197704E-02
-5.0371E-10, 4.040816E-01, 7.248724E-02
-4.8808E-10, 4.135204E-01, 7.301021E-02
-4.7246E-10, 4.232143E-01, 7.354592E-02
-4.5683E-10, 4.329082E-01, 7.408163E-02
-4.4121E-10, 4.428571E-01, 7.463010E-02
-4.2558E-10, 4.528061E-01, 7.517857E-02
-4.0996E-10, 4.628827E-01, 7.572704E-02
-3.9433E-10, 4.729592E-01, 7.623725E-02
-3.7871E-10, 4.834184E-01, 7.672194E-02
-3.6308E-10, 4.941327E-01, 7.718112E-02
-3.4746E-10, 5.051020E-01, 7.760204E-02
-3.3183E-10, 5.161990E-01, 7.798469E-02
-3.1621E-10, 5.275510E-01, 7.832908E-02
-3.0058E-10, 5.390306E-01, 7.866071E-02
-2.8496E-10, 5.507653E-01, 7.896683E-02
-2.6933E-10, 5.623724E-01, 7.923470E-02
-2.5371E-10, 5.741072E-01, 7.947704E-02
-2.3808E-10, 5.860969E-01, 7.969388E-02
-2.2246E-10, 5.980867E-01, 7.989796E-02
-2.0683E-10, 6.100765E-01, 8.003826E-02
-1.9121E-10, 6.221939E-01, 8.017857E-02
-1.7558E-10, 6.343112E-01, 8.030612E-02
-1.5996E-10, 6.463010E-01, 8.043367E-02
-1.4433E-10, 6.579081E-01, 8.053572E-02
-1.2871E-10, 6.695153E-01, 8.066326E-02
-1.1308E-10, 6.807398E-01, 8.079082E-02
-9.746E-11, 6.917092E-01, 8.091836E-02
-8.183E-11, 7.024235E-01, 8.103316E-02
-6.621E-11, 7.127551E-01, 8.116072E-02
-5.058E-11, 7.229592E-01, 8.130102E-02
-3.496E-11, 7.329082E-01, 8.144133E-02
-1.933E-11, 7.422194E-01, 8.158163E-02
-3.71E-12, 7.512755E-01, 8.174745E-02
1.192E-11, 7.599490E-01, 8.191326E-02
2.754E-11, 7.683674E-01, 8.209184E-02
4.317E-11, 7.761480E-01, 8.227041E-02
5.879E-11, 7.838010E-01, 8.243623E-02
7.442E-11, 7.911990E-01, 8.261479E-02
9.004E-11, 7.983418E-01, 8.278061E-02
1.0567E-10, 8.051021E-01, 8.290816E-02
1.2129E-10, 8.117347E-01, 8.304847E-02
1.3692E-10, 8.179847E-01, 8.317602E-02
1.5254E-10, 8.241072E-01, 8.329082E-02
1.6817E-10, 8.297194E-01, 8.336735E-02
1.8379E-10, 8.352041E-01, 8.344388E-02
1.9942E-10, 8.405612E-01, 8.348215E-02
2.1504E-10, 8.459184E-01, 8.350765E-02
2.3067E-10, 8.508928E-01, 8.346939E-02
2.4629E-10, 8.559949E-01, 8.340561E-02
2.6192E-10, 8.612245E-01, 8.331633E-02
2.7754E-10, 8.665816E-01, 8.320153E-02
2.9317E-10, 8.718112E-01, 8.304847E-02
3.0879E-10, 8.771684E-01, 8.289541E-02
3.2442E-10, 8.825255E-01, 8.272959E-02
3.4004E-10, 8.878826E-01, 8.257653E-02
3.5567E-10, 8.931122E-01, 8.239796E-02
3.7129E-10, 8.983418E-01, 8.221938E-02
3.8692E-10, 9.035714E-01, 8.204082E-02
4.0254E-10, 9.089286E-01, 8.187500E-02
4.1817E-10, 9.141582E-01, 8.169643E-02
4.3379E-10, 9.196429E-01, 8.154336E-02
4.4942E-10, 9.250000E-01, 8.140306E-02
4.6504E-10, 9.306123E-01, 8.128826E-02
4.8067E-10, 9.357143E-01, 8.118623E-02
4.9629E-10, 9.409439E-01, 8.113521E-02
5.1192E-10, 9.457908E-01, 8.110970E-02
5.2754E-10, 9.505102E-01, 8.113521E-02
5.4317E-10, 9.547194E-01, 8.116072E-02
5.5879E-10, 9.586735E-01, 8.122449E-02
5.7442E-10, 9.622449E-01, 8.131377E-02
5.9004E-10, 9.658163E-01, 8.141582E-02
6.0567E-10, 9.688776E-01, 8.151786E-02
6.2129E-10, 9.716837E-01, 8.163265E-02
6.3692E-10, 9.743623E-01, 8.177296E-02
6.5254E-10, 9.766582E-01, 8.192602E-02
6.6817E-10, 9.783163E-01, 8.206633E-02
6.8379E-10, 9.797194E-01, 8.223214E-02
6.9942E-10, 9.808673E-01, 8.238520E-02
7.1504E-10, 9.816326E-01, 8.255102E-02
7.3067E-10, 9.820153E-01, 8.266582E-02
7.4629E-10, 9.823980E-01, 8.276786E-02
7.6192E-10, 9.827806E-01, 8.283164E-02
7.7754E-10, 9.832908E-01, 8.288265E-02
7.9317E-10, 9.834183E-01, 8.289541E-02
8.0879E-10, 9.836735E-01, 8.288265E-02
8.2442E-10, 9.838010E-01, 8.285714E-02
8.4004E-10, 9.839286E-01, 8.283164E-02
8.5567E-10, 9.839286E-01, 8.275510E-02
8.7129E-10, 9.839286E-01, 8.266582E-02
8.8692E-10, 9.840561E-01, 8.255102E-02
9.0254E-10, 9.845663E-01, 8.241072E-02
9.1817E-10, 9.850765E-01, 8.223214E-02
9.3379E-10, 9.859694E-01, 8.205357E-02
9.4942E-10, 9.869898E-01, 8.186225E-02
9.6504E-10, 9.881378E-01, 8.169643E-02
9.8067E-10, 9.891582E-01, 8.153062E-02
9.9629E-10, 9.901786E-01, 8.137755E-02
1.01192E-09, 9.910714E-01, 8.126275E-02
1.02754E-09, 9.919643E-01, 8.116072E-02
1.04317E-09, 9.926021E-01, 8.104592E-02
1.05879E-09, 9.933674E-01, 8.096939E-02
1.07442E-09, 9.940051E-01, 8.089285E-02
1.09004E-09, 9.947704E-01, 8.085459E-02
1.10567E-09, 9.951531E-01, 8.081633E-02
1.12129E-09, 9.955357E-01, 8.081633E-02
1.13692E-09, 9.956633E-01, 8.084184E-02
1.15254E-09, 9.955357E-01, 8.091836E-02
1.16817E-09, 9.950255E-01, 8.100765E-02
1.18379E-09, 9.945153E-01, 8.112245E-02
1.19942E-09, 9.937500E-01, 8.125000E-02
1.21504E-09, 9.929847E-01, 8.140306E-02
1.23067E-09, 9.919643E-01, 8.154336E-02
1.24629E-09, 9.909438E-01, 8.170918E-02
1.26192E-09, 9.897959E-01, 8.187500E-02
1.27754E-09, 9.886479E-01, 8.205357E-02
1.29317E-09, 9.872449E-01, 8.221938E-02
1.30879E-09, 9.858418E-01, 8.239796E-02
1.32442E-09, 9.843112E-01, 8.256377E-02
1.34004E-09, 9.830357E-01, 8.272959E-02
1.35567E-09, 9.816326E-01, 8.284439E-02
1.37129E-09, 9.804847E-01, 8.295918E-02
1.38692E-09, 9.793367E-01, 8.306123E-02
1.40254E-09, 9.784439E-01, 8.315051E-02
1.41817E-09, 9.772959E-01, 8.320153E-02
1.43379E-09, 9.764031E-01, 8.326530E-02
1.44942E-09, 9.753826E-01, 8.330357E-02
1.46504E-09, 9.744898E-01, 8.335459E-02
1.48067E-09, 9.734694E-01, 8.335459E-02
1.49629E-09, 9.724490E-01, 8.336735E-02
1.51192E-09, 9.714286E-01, 8.335459E-02
1.52754E-09, 9.706632E-01, 8.332908E-02
1.54317E-09, 9.695153E-01, 8.327806E-02
1.55879E-09, 9.686224E-01, 8.323979E-02
1.57442E-09, 9.676020E-01, 8.318877E-02
1.59004E-09, 9.667092E-01, 8.315051E-02
1.60567E-09, 9.655612E-01, 8.309949E-02
1.62129E-09, 9.646684E-01, 8.306123E-02
1.63692E-09, 9.637755E-01, 8.303571E-02
1.65254E-09, 9.631377E-01, 8.302296E-02
1.66817E-09, 9.623724E-01, 8.299745E-02
1.68379E-09, 9.617347E-01, 8.301020E-02
1.69942E-09, 9.613521E-01, 8.303571E-02
1.71504E-09, 9.610969E-01, 8.307398E-02
1.73067E-09, 9.608418E-01, 8.312500E-02
1.74629E-09, 9.607143E-01, 8.320153E-02
1.76192E-09, 9.607143E-01, 8.329082E-02
1.77754E-09, 9.610969E-01, 8.340561E-02
1.79317E-09, 9.612245E-01, 8.350765E-02
1.80879E-09, 9.614796E-01, 8.363520E-02
1.82442E-09, 9.618623E-01, 8.375000E-02
1.84004E-09, 9.623724E-01, 8.389030E-02
1.85567E-09, 9.626275E-01, 8.399235E-02
1.87129E-09, 9.631377E-01, 8.410715E-02
1.88692E-09, 9.635204E-01, 8.419643E-02
1.90254E-09, 9.639031E-01, 8.429847E-02
1.91817E-09, 9.641582E-01, 8.437500E-02
1.93379E-09, 9.642857E-01, 8.443878E-02
1.94942E-09, 9.641582E-01, 8.450255E-02
1.96504E-09, 9.640306E-01, 8.455357E-02
1.98067E-09, 9.633929E-01, 8.457908E-02
1.99629E-09, 9.626275E-01, 8.459184E-02
2.01192E-09, 9.616072E-01, 8.459184E-02
2.02754E-09, 9.605867E-01, 8.456632E-02
2.04317E-09, 9.593112E-01, 8.450255E-02
2.05879E-09, 9.580357E-01, 8.443878E-02
2.07442E-09, 9.567602E-01, 8.434949E-02
2.09004E-09, 9.556122E-01, 8.427296E-02
2.10567E-09, 9.540817E-01, 8.418367E-02
2.12129E-09, 9.528061E-01, 8.410715E-02
2.13692E-09, 9.515306E-01, 8.403061E-02
2.15254E-09, 9.505102E-01, 8.396684E-02
2.16817E-09, 9.493622E-01, 8.389030E-02
2.18379E-09, 9.485970E-01, 8.382653E-02
2.19942E-09, 9.479592E-01, 8.376276E-02
2.21504E-09, 9.478316E-01, 8.372449E-02
2.23067E-09, 9.478316E-01, 8.367347E-02
2.24629E-09, 9.482143E-01, 8.364796E-02
2.26192E-09, 9.488521E-01, 8.364796E-02
2.27754E-09, 9.500000E-01, 8.366071E-02
2.29317E-09, 9.511480E-01, 8.368623E-02
2.30879E-09, 9.528061E-01, 8.373725E-02
2.32442E-09, 9.545918E-01, 8.380102E-02
2.34004E-09, 9.567602E-01, 8.387755E-02
2.35567E-09, 9.588010E-01, 8.395408E-02
2.37129E-09, 9.610969E-01, 8.405612E-02
2.38692E-09, 9.633929E-01, 8.417092E-02
2.40254E-09, 9.658163E-01, 8.429847E-02
2.41817E-09, 9.677296E-01, 8.441327E-02
2.43379E-09, 9.696429E-01, 8.452806E-02
2.44942E-09, 9.713010E-01, 8.465561E-02
2.46504E-09, 9.729592E-01, 8.477041E-02
2.48067E-09, 9.739796E-01, 8.485969E-02
2.49629E-09, 9.747449E-01, 8.494898E-02
2.51192E-09, 9.752551E-01, 8.502551E-02
2.52754E-09, 9.756377E-01, 8.508929E-02
2.54317E-09, 9.752551E-01, 8.512755E-02
2.55879E-09, 9.748725E-01, 8.514030E-02
2.57442E-09, 9.741071E-01, 8.512755E-02
2.59004E-09, 9.734694E-01, 8.511480E-02
2.60567E-09, 9.725766E-01, 8.505102E-02
2.62129E-09, 9.718112E-01, 8.497449E-02
2.63692E-09, 9.710459E-01, 8.488520E-02
2.65254E-09, 9.704081E-01, 8.479592E-02
2.66817E-09, 9.697704E-01, 8.469388E-02
2.68379E-09, 9.692602E-01, 8.459184E-02
2.69942E-09, 9.687500E-01, 8.448979E-02
2.71504E-09, 9.683673E-01, 8.441327E-02
2.73067E-09, 9.681122E-01, 8.429847E-02
2.74629E-09, 9.679847E-01, 8.420918E-02
2.76192E-09, 9.682398E-01, 8.410715E-02
2.77754E-09, 9.690051E-01, 8.401786E-02
2.79317E-09, 9.697704E-01, 8.392857E-02
2.80879E-09, 9.711735E-01, 8.385204E-02
2.82442E-09, 9.727041E-01, 8.381378E-02
2.84004E-09, 9.744898E-01, 8.382653E-02
2.85567E-09, 9.761479E-01, 8.385204E-02
2.87129E-09, 9.778062E-01, 8.394133E-02
2.88692E-09, 9.794643E-01, 8.405612E-02
2.90254E-09, 9.809949E-01, 8.420918E-02
2.91817E-09, 9.822704E-01, 8.438776E-02
2.93379E-09, 9.836735E-01, 8.457908E-02
2.94942E-09, 9.848214E-01, 8.480867E-02
2.96504E-09, 9.860969E-01, 8.506378E-02
2.98067E-09, 9.868622E-01, 8.531888E-02
2.99629E-09, 9.875000E-01, 8.561224E-02
3.01192E-09, 9.878827E-01, 8.593112E-02
3.02754E-09, 9.880102E-01, 8.627551E-02
3.04317E-09, 9.877551E-01, 8.660714E-02
3.05879E-09, 9.871174E-01, 8.695153E-02
3.07442E-09, 9.864796E-01, 8.728316E-02
3.09004E-09, 9.857143E-01, 8.760204E-02
3.10567E-09, 9.845663E-01, 8.788265E-02
3.12129E-09, 9.835459E-01, 8.815051E-02
3.13692E-09, 9.823980E-01, 8.838010E-02
3.15254E-09, 9.813775E-01, 8.858418E-02
3.16817E-09, 9.801021E-01, 8.873724E-02
3.18379E-09, 9.789541E-01, 8.885204E-02
3.19942E-09, 9.778062E-01, 8.894133E-02
3.21504E-09, 9.769133E-01, 8.899235E-02
3.23067E-09, 9.758928E-01, 8.896684E-02
3.24629E-09, 9.752551E-01, 8.891582E-02
3.26192E-09, 9.747449E-01, 8.881377E-02
3.27754E-09, 9.746174E-01, 8.868623E-02
3.29317E-09, 9.744898E-01, 8.850765E-02
3.30879E-09, 9.746174E-01, 8.832908E-02
3.32442E-09, 9.748725E-01, 8.812500E-02
3.34004E-09, 9.755102E-01, 8.793367E-02
3.35567E-09, 9.757653E-01, 8.770408E-02
3.37129E-09, 9.762755E-01, 8.750000E-02
3.38692E-09, 9.767857E-01, 8.730868E-02
3.40254E-09, 9.774235E-01, 8.714285E-02
3.41817E-09, 9.776786E-01, 8.698980E-02
3.43379E-09, 9.780612E-01, 8.686224E-02
3.44942E-09, 9.783163E-01, 8.677296E-02
3.46504E-09, 9.786990E-01, 8.673470E-02
3.48067E-09, 9.788265E-01, 8.670919E-02
3.49629E-09, 9.790816E-01, 8.673470E-02
3.51192E-09, 9.794643E-01, 8.679847E-02
3.52754E-09, 9.798470E-01, 8.692602E-02
3.54317E-09, 9.798470E-01, 8.707908E-02
3.55879E-09, 9.798470E-01, 8.728316E-02
3.57442E-09, 9.798470E-01, 8.753826E-02
3.59004E-09, 9.798470E-01, 8.781888E-02
3.60567E-09, 9.797194E-01, 8.809949E-02
3.62129E-09, 9.795918E-01, 8.839285E-02
3.63692E-09, 9.797194E-01, 8.868623E-02
3.65254E-09, 9.801021E-01, 8.896684E-02
3.66817E-09, 9.804847E-01, 8.922194E-02
3.68379E-09, 9.811224E-01, 8.946428E-02
3.69942E-09, 9.818878E-01, 8.969387E-02
3.71504E-09, 9.830357E-01, 8.991072E-02
3.73067E-09, 9.839286E-01, 9.007653E-02
3.74629E-09, 9.852041E-01, 9.021684E-02
3.76192E-09, 9.866071E-01, 9.030613E-02
3.77754E-09, 9.881378E-01, 9.035714E-02
3.79317E-09, 9.896684E-01, 9.034438E-02
3.80879E-09, 9.914541E-01, 9.029337E-02
3.82442E-09, 9.931123E-01, 9.020408E-02
3.84004E-09, 9.948980E-01, 9.008928E-02
3.85567E-09, 9.963010E-01, 8.991072E-02
3.87129E-09, 9.977041E-01, 8.973214E-02
3.88692E-09, 9.988520E-01, 8.951531E-02
3.90254E-09, 1.0000000E+00, 8.929847E-02
3.91817E-09, 1.0006378E+00, 8.903061E-02
3.93379E-09, 1.0012755E+00, 8.877551E-02
3.94942E-09, 1.0016582E+00, 8.850765E-02
3.96504E-09, 1.0019133E+00, 8.826531E-02
3.98067E-09, 1.0016582E+00, 8.802296E-02
3.99629E-09, 1.0012755E+00, 8.780612E-02
4.01192E-09, 1.0006378E+00, 8.762755E-02
4.02754E-09, 9.998724E-01, 8.748724E-02
4.04317E-09, 9.985970E-01, 8.735970E-02
4.05879E-09, 9.971939E-01, 8.727041E-02
4.07442E-09, 9.956633E-01, 8.721939E-02
4.09004E-09, 9.941326E-01, 8.720663E-02
4.10567E-09, 9.920918E-01, 8.720663E-02
4.12129E-09, 9.903061E-01, 8.723214E-02
4.13692E-09, 9.882653E-01, 8.729592E-02
4.15254E-09, 9.866071E-01, 8.737245E-02
4.16817E-09, 9.848214E-01, 8.743622E-02
4.18379E-09, 9.832908E-01, 8.751275E-02
4.19942E-09, 9.821429E-01, 8.757653E-02
4.21504E-09, 9.813775E-01, 8.766582E-02
4.23067E-09, 9.807398E-01, 8.772959E-02
4.24629E-09, 9.804847E-01, 8.781888E-02
4.26192E-09, 9.803572E-01, 8.789541E-02
4.27754E-09, 9.806122E-01, 8.799745E-02
4.29317E-09, 9.808673E-01, 8.806122E-02
4.30879E-09, 9.813775E-01, 8.812500E-02
4.32442E-09, 9.820153E-01, 8.817602E-02
4.34004E-09, 9.830357E-01, 8.820153E-02
4.35567E-09, 9.839286E-01, 8.820153E-02
4.37129E-09, 9.849490E-01, 8.818877E-02
4.38692E-09, 9.860969E-01, 8.817602E-02
4.40254E-09, 9.873725E-01, 8.817602E-02
4.41817E-09, 9.882653E-01, 8.816326E-02
4.43379E-09, 9.891582E-01, 8.817602E-02
4.44942E-09, 9.899235E-01, 8.818877E-02
4.46504E-09, 9.906888E-01, 8.823980E-02
4.48067E-09, 9.908164E-01, 8.827806E-02
4.49629E-09, 9.909438E-01, 8.834184E-02
4.51192E-09, 9.908164E-01, 8.840561E-02
4.52754E-09, 9.904337E-01, 8.850765E-02
4.54317E-09, 9.896684E-01, 8.859694E-02
4.55879E-09, 9.887755E-01, 8.871173E-02
4.57442E-09, 9.877551E-01, 8.883929E-02
4.59004E-09, 9.867347E-01, 8.897959E-02
4.60567E-09, 9.855868E-01, 8.910714E-02
4.62129E-09, 9.845663E-01, 8.926021E-02
4.63692E-09, 9.836735E-01, 8.940051E-02
4.65254E-09, 9.829082E-01, 8.955357E-02
4.66817E-09, 9.822704E-01, 8.969387E-02
4.68379E-09, 9.817602E-01, 8.983418E-02
4.69942E-09, 9.813775E-01, 8.997449E-02
4.71504E-09, 9.813775E-01, 9.011479E-02
4.73067E-09, 9.813775E-01, 9.021684E-02
4.74629E-09, 9.817602E-01, 9.029337E-02
4.76192E-09, 9.823980E-01, 9.034438E-02
4.77754E-09, 9.835459E-01, 9.038265E-02
4.79317E-09, 9.846939E-01, 9.038265E-02
4.80879E-09, 9.863520E-01, 9.035714E-02
4.82442E-09, 9.880102E-01, 9.033164E-02
4.84004E-09, 9.900510E-01, 9.029337E-02
4.85567E-09, 9.918367E-01, 9.022959E-02
4.87129E-09, 9.937500E-01, 9.016582E-02
4.88692E-09, 9.956633E-01, 9.008928E-02
4.90254E-09, 9.974490E-01, 9.001275E-02
4.91817E-09, 9.988520E-01, 8.992347E-02
4.93379E-09, 1.0002551E+00, 8.983418E-02
4.94942E-09, 1.0012755E+00, 8.974490E-02
4.96504E-09, 1.0022960E+00, 8.966837E-02
4.98067E-09, 1.0025511E+00, 8.959184E-02
4.99629E-09, 1.0028061E+00, 8.951531E-02
5.01192E-09, 1.0026785E+00, 8.945153E-02
5.02754E-09, 1.0024235E+00, 8.941326E-02
5.04317E-09, 1.0016582E+00, 8.934949E-02
5.05879E-09, 1.0008929E+00, 8.929847E-02
5.07442E-09, 1.0000000E+00, 8.927296E-02
5.09004E-09, 9.989796E-01, 8.924745E-02
5.10567E-09, 9.975765E-01, 8.922194E-02
5.12129E-09, 9.963010E-01, 8.920918E-02
5.13692E-09, 9.948980E-01, 8.920918E-02
5.15254E-09, 9.936224E-01, 8.920918E-02
5.16817E-09, 9.922194E-01, 8.918367E-02
5.18379E-09, 9.911990E-01, 8.914541E-02
5.19942E-09, 9.904337E-01, 8.910714E-02
5.21504E-09, 9.901786E-01, 8.905612E-02
5.23067E-09, 9.897959E-01, 8.897959E-02
5.24629E-09, 9.899235E-01, 8.891582E-02
5.26192E-09, 9.901786E-01, 8.886480E-02
5.27754E-09, 9.908164E-01, 8.881377E-02
5.29317E-09, 9.911990E-01, 8.876275E-02
5.30879E-09, 9.918367E-01, 8.871173E-02
5.32442E-09, 9.924745E-01, 8.866072E-02
5.34004E-09, 9.933674E-01, 8.860970E-02
5.35567E-09, 9.941326E-01, 8.853316E-02
5.37129E-09, 9.948980E-01, 8.845663E-02
5.38692E-09, 9.956633E-01, 8.839285E-02
5.40254E-09, 9.965561E-01, 8.834184E-02
5.41817E-09, 9.968112E-01, 8.829082E-02
5.43379E-09, 9.971939E-01, 8.826531E-02
5.44942E-09, 9.971939E-01, 8.825255E-02
5.46504E-09, 9.971939E-01, 8.826531E-02
5.48067E-09, 9.968112E-01, 8.826531E-02
5.49629E-09, 9.964285E-01, 8.827806E-02
5.51192E-09, 9.959184E-01, 8.829082E-02
5.52754E-09, 9.954082E-01, 8.832908E-02
5.54317E-09, 9.945153E-01, 8.835460E-02
5.55879E-09, 9.936224E-01, 8.839285E-02
5.57442E-09, 9.926021E-01, 8.844388E-02
5.59004E-09, 9.915816E-01, 8.850765E-02
5.60567E-09, 9.903061E-01, 8.854592E-02
5.62129E-09, 9.891582E-01, 8.858418E-02
5.63692E-09, 9.881378E-01, 8.860970E-02
5.65254E-09, 9.875000E-01, 8.862245E-02
5.66817E-09, 9.867347E-01, 8.859694E-02
5.68379E-09, 9.863520E-01, 8.857143E-02
5.69942E-09, 9.860969E-01, 8.853316E-02
5.71504E-09, 9.862245E-01, 8.849490E-02
5.73067E-09, 9.863520E-01, 8.843112E-02
5.74629E-09, 9.866071E-01, 8.838010E-02
5.76192E-09, 9.872449E-01, 8.831633E-02
5.77754E-09, 9.881378E-01, 8.825255E-02
5.79317E-09, 9.890306E-01, 8.816326E-02
5.80879E-09, 9.903061E-01, 8.808673E-02
5.82442E-09, 9.918367E-01, 8.802296E-02
5.84004E-09, 9.934949E-01, 8.797194E-02
5.85567E-09, 9.950255E-01, 8.792092E-02
5.87129E-09, 9.965561E-01, 8.790816E-02
5.88692E-09, 9.982143E-01, 8.792092E-02
5.90254E-09, 9.997449E-01, 8.797194E-02
5.91817E-09, 1.0010204E+00, 8.802296E-02
5.93379E-09, 1.0024235E+00, 8.809949E-02
5.94942E-09, 1.0035714E+00, 8.817602E-02
5.96504E-09, 1.0049745E+00, 8.829082E-02
5.98067E-09, 1.0058674E+00, 8.839285E-02
5.99629E-09, 1.0067602E+00, 8.852041E-02
6.01192E-09, 1.0075256E+00, 8.864796E-02
6.02754E-09, 1.0084183E+00, 8.881377E-02
6.04317E-09, 1.0088010E+00, 8.894133E-02
6.05879E-09, 1.0094388E+00, 8.908163E-02
6.07442E-09, 1.0098214E+00, 8.922194E-02
6.09004E-09, 1.0103316E+00, 8.936224E-02
6.10567E-09, 1.0105867E+00, 8.946428E-02
6.12129E-09, 1.0109694E+00, 8.956633E-02
6.13692E-09, 1.0110970E+00, 8.964286E-02
6.15254E-09, 1.0114796E+00, 8.971938E-02
6.16817E-09, 1.0114796E+00, 8.974490E-02
6.18379E-09, 1.0116072E+00, 8.977041E-02
6.19942E-09, 1.0117347E+00, 8.977041E-02
6.21504E-09, 1.0119898E+00, 8.975765E-02
6.23067E-09, 1.0121174E+00, 8.969387E-02
6.24629E-09, 1.0122449E+00, 8.964286E-02
6.26192E-09, 1.0122449E+00, 8.957908E-02
6.27754E-09, 1.0122449E+00, 8.951531E-02
6.29317E-09, 1.0118623E+00, 8.943877E-02
6.30879E-09, 1.0116072E+00, 8.936224E-02
6.32442E-09, 1.0110970E+00, 8.928572E-02
6.34004E-09, 1.0108418E+00, 8.922194E-02
6.35567E-09, 1.0103316E+00, 8.911990E-02
6.37129E-09, 1.0098214E+00, 8.905612E-02
6.38692E-09, 1.0094388E+00, 8.899235E-02
6.40254E-09, 1.0089285E+00, 8.896684E-02
6.41817E-09, 1.0081632E+00, 8.892857E-02
6.43379E-09, 1.0073980E+00, 8.894133E-02
6.44942E-09, 1.0065051E+00, 8.896684E-02
6.46504E-09, 1.0056123E+00, 8.901786E-02
6.48067E-09, 1.0045918E+00, 8.905612E-02
6.49629E-09, 1.0038265E+00, 8.910714E-02
6.51192E-09, 1.0030612E+00, 8.915816E-02
6.52754E-09, 1.0026785E+00, 8.922194E-02
6.54317E-09, 1.0020409E+00, 8.928572E-02
6.55879E-09, 1.0015306E+00, 8.936224E-02
6.57442E-09, 1.0010204E+00, 8.945153E-02
6.59004E-09, 1.0006378E+00, 8.956633E-02
6.60567E-09, 9.998724E-01, 8.965562E-02
6.62129E-09, 9.993622E-01, 8.974490E-02
6.63692E-09, 9.988520E-01, 8.982143E-02
6.65254E-09, 9.987245E-01, 8.987245E-02
6.66817E-09, 9.984694E-01, 8.989796E-02
6.68379E-09, 9.984694E-01, 8.992347E-02
6.69942E-09, 9.985970E-01, 8.993623E-02
6.71504E-09, 9.988520E-01, 8.996174E-02
6.73067E-09, 9.987245E-01, 8.996174E-02
6.74629E-09, 9.988520E-01, 8.998725E-02
6.76192E-09, 9.988520E-01, 9.000000E-02
6.77754E-09, 9.989796E-01, 9.001275E-02
6.79317E-09, 9.989796E-01, 8.998725E-02
6.80879E-09, 9.991071E-01, 8.997449E-02
6.82442E-09, 9.992347E-01, 8.994898E-02
6.84004E-09, 9.996173E-01, 8.994898E-02
6.85567E-09, 9.997449E-01, 8.992347E-02
6.87129E-09, 1.0000000E+00, 8.991072E-02
6.88692E-09, 1.0001276E+00, 8.992347E-02
6.90254E-09, 1.0002551E+00, 8.994898E-02
6.91817E-09, 1.0001276E+00, 8.996174E-02
6.93379E-09, 1.0001276E+00, 8.998725E-02
6.94942E-09, 1.0001276E+00, 9.001275E-02
6.96504E-09, 1.0002551E+00, 9.005102E-02
6.98067E-09, 1.0003827E+00, 9.006377E-02
6.99629E-09, 1.0006378E+00, 9.010204E-02
7.01192E-09, 1.0008929E+00, 9.014031E-02
7.02754E-09, 1.0014031E+00, 9.020408E-02
7.04317E-09, 1.0016582E+00, 9.025510E-02
7.05879E-09, 1.0020409E+00, 9.031888E-02
7.07442E-09, 1.0022960E+00, 9.039541E-02
7.09004E-09, 1.0028061E+00, 9.049745E-02
7.10567E-09, 1.0028061E+00, 9.056123E-02
7.12129E-09, 1.0029336E+00, 9.065051E-02
7.13692E-09, 1.0029336E+00, 9.072704E-02
7.15254E-09, 1.0029336E+00, 9.079082E-02
7.16817E-09, 1.0026785E+00, 9.084184E-02
7.18379E-09, 1.0024235E+00, 9.088010E-02
7.19942E-09, 1.0022960E+00, 9.089286E-02
7.21504E-09, 1.0021684E+00, 9.090561E-02
7.23067E-09, 1.0019133E+00, 9.089286E-02
7.24629E-09, 1.0017858E+00, 9.086735E-02
7.26192E-09, 1.0015306E+00, 9.082908E-02
7.27754E-09, 1.0015306E+00, 9.079082E-02
7.29317E-09, 1.0011480E+00, 9.072704E-02
7.30879E-09, 1.0008929E+00, 9.067602E-02
7.32442E-09, 1.0006378E+00, 9.059949E-02
7.34004E-09, 1.0005102E+00, 9.053572E-02
7.35567E-09, 1.0002551E+00, 9.042092E-02
7.37129E-09, 1.0002551E+00, 9.029337E-02
7.38692E-09, 1.0003827E+00, 9.016582E-02
7.40254E-09, 1.0007653E+00, 9.002551E-02
7.41817E-09, 1.0012755E+00, 8.985969E-02
7.43379E-09, 1.0019133E+00, 8.971938E-02
7.44942E-09, 1.0028061E+00, 8.957908E-02
7.46504E-09, 1.0039541E+00, 8.946428E-02
7.48067E-09, 1.0049745E+00, 8.936224E-02
7.49629E-09, 1.0059949E+00, 8.927296E-02
7.51192E-09, 1.0071429E+00, 8.922194E-02
7.52754E-09, 1.0084183E+00, 8.918367E-02
7.54317E-09, 1.0094388E+00, 8.914541E-02
7.55879E-09, 1.0107143E+00, 8.913265E-02
7.57442E-09, 1.0117347E+00, 8.914541E-02
7.59004E-09, 1.0130103E+00, 8.918367E-02
7.60567E-09, 1.0137755E+00, 8.922194E-02
7.62129E-09, 1.0145408E+00, 8.929847E-02
7.63692E-09, 1.0151786E+00, 8.938775E-02
7.65254E-09, 1.0158163E+00, 8.952806E-02
7.66817E-09, 1.0160714E+00, 8.964286E-02
7.68379E-09, 1.0163265E+00, 8.978316E-02
7.69942E-09, 1.0164541E+00, 8.993623E-02
7.71504E-09, 1.0167092E+00, 9.010204E-02
7.73067E-09, 1.0164541E+00, 9.025510E-02
7.74629E-09, 1.0163265E+00, 9.042092E-02
7.76192E-09, 1.0160714E+00, 9.058674E-02
7.77754E-09, 1.0158163E+00, 9.075255E-02
7.79317E-09, 1.0150510E+00, 9.089286E-02
7.80879E-09, 1.0142857E+00, 9.103316E-02
7.82442E-09, 1.0135204E+00, 9.113520E-02
7.84004E-09, 1.0128827E+00, 9.123725E-02
7.85567E-09, 1.0119898E+00, 9.127551E-02
7.87129E-09, 1.0112245E+00, 9.128827E-02
7.88692E-09, 1.0104592E+00, 9.127551E-02
7.90254E-09, 1.0099490E+00, 9.126276E-02
7.91817E-09, 1.0091836E+00, 9.118623E-02
7.93379E-09, 1.0085459E+00, 9.110969E-02
7.94942E-09, 1.0079081E+00, 9.102041E-02
7.96504E-09, 1.0072705E+00, 9.091837E-02
7.98067E-09, 1.0065051E+00, 9.076530E-02
7.99629E-09, 1.0058674E+00, 9.062500E-02
8.01192E-09, 1.0053571E+00, 9.045918E-02
8.02754E-09, 1.0048469E+00, 9.030613E-02
8.04317E-09, 1.0042092E+00, 9.012755E-02
8.05879E-09, 1.0038265E+00, 8.996174E-02
8.07442E-09, 1.0033163E+00, 8.982143E-02
8.09004E-09, 1.0029336E+00, 8.971938E-02
8.10567E-09, 1.0024235E+00, 8.961735E-02
8.12129E-09, 1.0019133E+00, 8.954082E-02
8.13692E-09, 1.0014031E+00, 8.950255E-02
8.15254E-09, 1.0008929E+00, 8.948980E-02
8.16817E-09, 1.0001276E+00, 8.948980E-02
8.18379E-09, 9.994898E-01, 8.951531E-02
8.19942E-09, 9.989796E-01, 8.955357E-02
8.21504E-09, 9.984694E-01, 8.961735E-02
8.23067E-09, 9.978316E-01, 8.968112E-02
8.24629E-09, 9.975765E-01, 8.975765E-02
8.26192E-09, 9.973214E-01, 8.984694E-02
8.27754E-09, 9.974490E-01, 8.994898E-02
8.29317E-09, 9.973214E-01, 9.002551E-02
8.30879E-09, 9.974490E-01, 9.012755E-02
8.32442E-09, 9.977041E-01, 9.021684E-02
8.34004E-09, 9.980868E-01, 9.030613E-02
8.35567E-09, 9.983419E-01, 9.035714E-02
8.37129E-09, 9.988520E-01, 9.038265E-02
8.38692E-09, 9.993622E-01, 9.039541E-02
8.40254E-09, 1.0002551E+00, 9.038265E-02
8.41817E-09, 1.0010204E+00, 9.031888E-02
8.43379E-09, 1.0021684E+00, 9.024235E-02
8.44942E-09, 1.0033163E+00, 9.012755E-02
8.46504E-09, 1.0047194E+00, 9.002551E-02
8.48067E-09, 1.0059949E+00, 8.987245E-02
8.49629E-09, 1.0073980E+00, 8.973214E-02
8.51192E-09, 1.0088010E+00, 8.957908E-02
8.52754E-09, 1.0102041E+00, 8.943877E-02
8.54317E-09, 1.0113521E+00, 8.928572E-02
8.55879E-09, 1.0126276E+00, 8.914541E-02
8.57442E-09, 1.0137755E+00, 8.900511E-02
8.59004E-09, 1.0149235E+00, 8.889031E-02
8.60567E-09, 1.0156888E+00, 8.877551E-02
8.62129E-09, 1.0164541E+00, 8.867347E-02
8.63692E-09, 1.0170919E+00, 8.859694E-02
8.65254E-09, 1.0177296E+00, 8.855867E-02
8.66817E-09, 1.0179847E+00, 8.852041E-02
8.68379E-09, 1.0182397E+00, 8.850765E-02
8.69942E-09, 1.0183673E+00, 8.853316E-02
8.71504E-09, 1.0186224E+00, 8.857143E-02
8.73067E-09, 1.0184948E+00, 8.862245E-02
8.74629E-09, 1.0183673E+00, 8.871173E-02
8.76192E-09, 1.0181123E+00, 8.880102E-02
8.77754E-09, 1.0178572E+00, 8.891582E-02
8.79317E-09, 1.0173470E+00, 8.903061E-02
8.80879E-09, 1.0168368E+00, 8.914541E-02
8.82442E-09, 1.0160714E+00, 8.926021E-02
8.84004E-09, 1.0154337E+00, 8.938775E-02
8.85567E-09, 1.0144132E+00, 8.947704E-02
8.87129E-09, 1.0133928E+00, 8.956633E-02
8.88692E-09, 1.0123725E+00, 8.963010E-02
8.90254E-09, 1.0114796E+00, 8.969387E-02
8.91817E-09, 1.0103316E+00, 8.970663E-02
8.93379E-09, 1.0093112E+00, 8.971938E-02
8.94942E-09, 1.0082908E+00, 8.971938E-02
8.96504E-09, 1.0073980E+00, 8.971938E-02
8.98067E-09, 1.0062500E+00, 8.969387E-02
8.99629E-09, 1.0052296E+00, 8.966837E-02
9.01192E-09, 1.0040816E+00, 8.965562E-02
9.02754E-09, 1.0031887E+00, 8.964286E-02
9.04317E-09, 1.0020409E+00, 8.960459E-02
9.05879E-09, 1.0010204E+00, 8.959184E-02
9.07442E-09, 1.0001276E+00, 8.957908E-02
9.09004E-09, 9.994898E-01, 8.959184E-02
9.10567E-09, 9.987245E-01, 8.959184E-02
9.12129E-09, 9.980868E-01, 8.961735E-02
9.13692E-09, 9.975765E-01, 8.966837E-02
9.15254E-09, 9.971939E-01, 8.975765E-02
9.16817E-09, 9.968112E-01, 8.984694E-02
9.18379E-09, 9.966837E-01, 8.996174E-02
9.19942E-09, 9.966837E-01, 9.008928E-02
9.21504E-09, 9.969388E-01, 9.024235E-02
9.23067E-09, 9.971939E-01, 9.039541E-02
9.24629E-09, 9.975765E-01, 9.057398E-02
9.26192E-09, 9.982143E-01, 9.076530E-02
9.27754E-09, 9.988520E-01, 9.096939E-02
9.29317E-09, 9.993622E-01, 9.114796E-02
9.30879E-09, 1.0001276E+00, 9.133928E-02
9.32442E-09, 1.0007653E+00, 9.151786E-02
9.34004E-09, 1.0016582E+00, 9.168367E-02
9.35567E-09, 1.0022960E+00, 9.181122E-02
9.37129E-09, 1.0029336E+00, 9.193878E-02
9.38692E-09, 1.0035714E+00, 9.202806E-02
9.40254E-09, 1.0040816E+00, 9.210459E-02
9.41817E-09, 1.0042092E+00, 9.214286E-02
9.43379E-09, 1.0042092E+00, 9.215561E-02
9.44942E-09, 1.0040816E+00, 9.213010E-02
9.46504E-09, 1.0039541E+00, 9.209184E-02
9.48067E-09, 1.0034438E+00, 9.198979E-02
9.49629E-09, 1.0030612E+00, 9.186225E-02
9.51192E-09, 1.0026785E+00, 9.172194E-02
9.52754E-09, 1.0024235E+00, 9.155612E-02
9.54317E-09, 1.0017858E+00, 9.136479E-02
9.55879E-09, 1.0011480E+00, 9.118623E-02
9.57442E-09, 1.0003827E+00, 9.100765E-02
9.59004E-09, 9.997449E-01, 9.084184E-02
9.60567E-09, 9.987245E-01, 9.065051E-02
9.62129E-09, 9.978316E-01, 9.047194E-02
9.63692E-09, 9.970663E-01, 9.029337E-02
9.65254E-09, 9.966837E-01, 9.012755E-02
9.66817E-09, 9.961734E-01, 8.994898E-02
9.68379E-09, 9.959184E-01, 8.979592E-02
9.69942E-09, 9.959184E-01, 8.966837E-02
9.71504E-09, 9.963010E-01, 8.956633E-02
9.73067E-09, 9.964285E-01, 8.947704E-02
9.74629E-09, 9.968112E-01, 8.943877E-02
9.76192E-09, 9.971939E-01, 8.942602E-02
9.77754E-09, 9.978316E-01, 8.945153E-02
9.79317E-09, 9.982143E-01, 8.947704E-02
9.80879E-09, 9.988520E-01, 8.952806E-02
9.82442E-09, 9.996173E-01, 8.959184E-02
9.84004E-09, 1.0003827E+00, 8.968112E-02
9.85567E-09, 1.0011480E+00, 8.975765E-02
9.87129E-09, 1.0019133E+00, 8.985969E-02
9.88692E-09, 1.0026785E+00, 8.997449E-02
9.90254E-09, 1.0035714E+00, 9.011479E-02
9.91817E-09, 1.0040816E+00, 9.024235E-02
9.93379E-09, 1.0048469E+00, 9.038265E-02
9.94942E-09, 1.0054847E+00, 9.053572E-02
9.96504E-09, 1.0062500E+00, 9.070153E-02
9.98067E-09, 1.0067602E+00, 9.085459E-02
9.99629E-09, 1.0071429E+00, 9.102041E-02
1.001192E-08, 1.0075256E+00, 9.117347E-02
1.002754E-08, 1.0077807E+00, 9.135204E-02
1.004317E-08, 1.0076531E+00, 9.147959E-02
1.005879E-08, 1.0075256E+00, 9.161990E-02
1.007442E-08, 1.0075256E+00, 9.173469E-02
1.009004E-08, 1.0076531E+00, 9.183674E-02
1.010567E-08, 1.0076531E+00, 9.188776E-02
1.012129E-08, 1.0079081E+00, 9.193878E-02
1.013692E-08, 1.0082908E+00, 9.197704E-02
1.015254E-08, 1.0088010E+00, 9.201530E-02
1.016817E-08, 1.0091836E+00, 9.202806E-02
1.018379E-08, 1.0095663E+00, 9.204081E-02
1.019942E-08, 1.0099490E+00, 9.205357E-02
1.021504E-08, 1.0104592E+00, 9.206633E-02
1.023067E-08, 1.0107143E+00, 9.202806E-02
1.024629E-08, 1.0110970E+00, 9.200255E-02
1.026192E-08, 1.0114796E+00, 9.195153E-02
1.027754E-08, 1.0121174E+00, 9.190051E-02
1.029317E-08, 1.0123725E+00, 9.181122E-02
1.030879E-08, 1.0127552E+00, 9.173469E-02
1.032442E-08, 1.0130103E+00, 9.164540E-02
1.034004E-08, 1.0132653E+00, 9.158164E-02
1.035567E-08, 1.0130103E+00, 9.147959E-02
1.037129E-08, 1.0128827E+00, 9.140306E-02
1.038692E-08, 1.0126276E+00, 9.131377E-02
1.040254E-08, 1.0123725E+00, 9.122449E-02
1.041817E-08, 1.0117347E+00, 9.112245E-02
1.043379E-08, 1.0112245E+00, 9.102041E-02
1.044942E-08, 1.0107143E+00, 9.093112E-02
1.046504E-08, 1.0100765E+00, 9.085459E-02
1.048067E-08, 1.0093112E+00, 9.075255E-02
1.049629E-08, 1.0085459E+00, 9.067602E-02
1.051192E-08, 1.0076531E+00, 9.059949E-02
1.052754E-08, 1.0068878E+00, 9.053572E-02
1.054317E-08, 1.0059949E+00, 9.045918E-02
1.055879E-08, 1.0051020E+00, 9.039541E-02
1.057442E-08, 1.0042092E+00, 9.031888E-02
1.059004E-08, 1.0035714E+00, 9.026786E-02
1.060567E-08, 1.0028061E+00, 9.019133E-02
1.062129E-08, 1.0022960E+00, 9.011479E-02
1.063692E-08, 1.0020409E+00, 9.005102E-02
1.065254E-08, 1.0020409E+00, 9.000000E-02
1.066817E-08, 1.0020409E+00, 8.993623E-02
1.068379E-08, 1.0022960E+00, 8.989796E-02
1.069942E-08, 1.0028061E+00, 8.987245E-02
1.071504E-08, 1.0035714E+00, 8.988521E-02
1.073067E-08, 1.0043367E+00, 8.989796E-02
1.074629E-08, 1.0052296E+00, 8.993623E-02
1.076192E-08, 1.0061225E+00, 9.000000E-02
1.077754E-08, 1.0072705E+00, 9.010204E-02
1.079317E-08, 1.0082908E+00, 9.020408E-02
1.080879E-08, 1.0095663E+00, 9.033164E-02
1.082442E-08, 1.0108418E+00, 9.047194E-02
1.084004E-08, 1.0122449E+00, 9.063776E-02
1.085567E-08, 1.0135204E+00, 9.081633E-02
1.087129E-08, 1.0149235E+00, 9.100765E-02
1.088692E-08, 1.0163265E+00, 9.121174E-02
1.090254E-08, 1.0177296E+00, 9.144133E-02
1.091817E-08, 1.0188775E+00, 9.165816E-02
1.093379E-08, 1.0200255E+00, 9.187500E-02
1.094942E-08, 1.0210459E+00, 9.209184E-02
1.096504E-08, 1.0220664E+00, 9.230867E-02
1.098067E-08, 1.0227041E+00, 9.247449E-02
1.099629E-08, 1.0233419E+00, 9.262755E-02
1.101192E-08, 1.0238520E+00, 9.275510E-02
1.102754E-08, 1.0243622E+00, 9.286990E-02
1.104317E-08, 1.0246173E+00, 9.290817E-02
1.105879E-08, 1.0248724E+00, 9.293368E-02
1.107442E-08, 1.0251275E+00, 9.290817E-02
1.109004E-08, 1.0252551E+00, 9.286990E-02
1.110567E-08, 1.0250000E+00, 9.276786E-02
1.112129E-08, 1.0248724E+00, 9.264030E-02
1.113692E-08, 1.0244898E+00, 9.247449E-02
1.115254E-08, 1.0242347E+00, 9.229591E-02
1.116817E-08, 1.0237244E+00, 9.205357E-02
1.118379E-08, 1.0232143E+00, 9.179847E-02
1.119942E-08, 1.0228317E+00, 9.153061E-02
1.121504E-08, 1.0224490E+00, 9.126276E-02
1.123067E-08, 1.0219388E+00, 9.098215E-02
1.124629E-08, 1.0214286E+00, 9.070153E-02
1.126192E-08, 1.0209184E+00, 9.044643E-02
1.127754E-08, 1.0204082E+00, 9.022959E-02
1.129317E-08, 1.0197704E+00, 9.000000E-02
1.130879E-08, 1.0192602E+00, 8.982143E-02
1.132442E-08, 1.0187500E+00, 8.965562E-02
1.134004E-08, 1.0186224E+00, 8.954082E-02
1.135567E-08, 1.0183673E+00, 8.943877E-02
1.137129E-08, 1.0183673E+00, 8.938775E-02
1.138692E-08, 1.0184948E+00, 8.937500E-02
1.140254E-08, 1.0187500E+00, 8.943877E-02
1.141817E-08, 1.0186224E+00, 8.951531E-02
1.143379E-08, 1.0187500E+00, 8.963010E-02
1.144942E-08, 1.0188775E+00, 8.978316E-02
1.146504E-08, 1.0191326E+00, 8.996174E-02
1.148067E-08, 1.0192602E+00, 9.012755E-02
1.149629E-08, 1.0197704E+00, 9.030613E-02
1.151192E-08, 1.0204082E+00, 9.048469E-02
1.152754E-08, 1.0213010E+00, 9.067602E-02
1.154317E-08, 1.0220664E+00, 9.084184E-02
1.155879E-08, 1.0230868E+00, 9.102041E-02
1.157442E-08, 1.0239795E+00, 9.119898E-02
1.159004E-08, 1.0250000E+00, 9.137755E-02
1.160567E-08, 1.0257653E+00, 9.151786E-02
1.162129E-08, 1.0265306E+00, 9.164540E-02
1.163692E-08, 1.0272959E+00, 9.174745E-02
1.165254E-08, 1.0280613E+00, 9.181122E-02
1.166817E-08, 1.0285715E+00, 9.182398E-02
1.168379E-08, 1.0292091E+00, 9.181122E-02
1.169942E-08, 1.0297194E+00, 9.176020E-02
1.171504E-08, 1.0303571E+00, 9.170918E-02
1.173067E-08, 1.0306122E+00, 9.160715E-02
1.174629E-08, 1.0307398E+00, 9.150510E-02
1.176192E-08, 1.0308673E+00, 9.139030E-02
1.177754E-08, 1.0309949E+00, 9.128827E-02
1.179317E-08, 1.0306122E+00, 9.114796E-02
1.180879E-08, 1.0303571E+00, 9.102041E-02
1.182442E-08, 1.0298469E+00, 9.088010E-02
1.184004E-08, 1.0294642E+00, 9.076530E-02
1.185567E-08, 1.0285715E+00, 9.063776E-02
1.187129E-08, 1.0278062E+00, 9.053572E-02
1.188692E-08, 1.0267857E+00, 9.044643E-02
1.190254E-08, 1.0258929E+00, 9.039541E-02
1.191817E-08, 1.0246173E+00, 9.033164E-02
1.193379E-08, 1.0233419E+00, 9.028061E-02
1.194942E-08, 1.0221939E+00, 9.026786E-02
1.196504E-08, 1.0210459E+00, 9.026786E-02
1.198067E-08, 1.0197704E+00, 9.025510E-02
1.199629E-08, 1.0184948E+00, 9.028061E-02
1.201192E-08, 1.0173470E+00, 9.030613E-02
1.202754E-08, 1.0163265E+00, 9.036990E-02
1.204317E-08, 1.0150510E+00, 9.040816E-02
1.205879E-08, 1.0140306E+00, 9.047194E-02
1.207442E-08, 1.0130103E+00, 9.052296E-02
1.209004E-08, 1.0125000E+00, 9.058674E-02
1.210567E-08, 1.0118623E+00, 9.061225E-02
1.212129E-08, 1.0116072E+00, 9.065051E-02
1.213692E-08, 1.0114796E+00, 9.068877E-02
1.215254E-08, 1.0117347E+00, 9.072704E-02
1.216817E-08, 1.0118623E+00, 9.076530E-02
1.218379E-08, 1.0121174E+00, 9.080357E-02
1.219942E-08, 1.0125000E+00, 9.085459E-02
1.221504E-08, 1.0130103E+00, 9.090561E-02
1.223067E-08, 1.0135204E+00, 9.093112E-02
1.224629E-08, 1.0141581E+00, 9.094388E-02
1.226192E-08, 1.0149235E+00, 9.095664E-02
1.227754E-08, 1.0159439E+00, 9.098215E-02
1.229317E-08, 1.0168368E+00, 9.099489E-02
1.230879E-08, 1.0178572E+00, 9.102041E-02
1.232442E-08, 1.0188775E+00, 9.105867E-02
1.234004E-08, 1.0200255E+00, 9.113520E-02
1.235567E-08, 1.0209184E+00, 9.121174E-02
1.237129E-08, 1.0218112E+00, 9.130102E-02
1.238692E-08, 1.0227041E+00, 9.141582E-02
1.240254E-08, 1.0235969E+00, 9.154337E-02
1.241817E-08, 1.0243622E+00, 9.165816E-02
1.243379E-08, 1.0251275E+00, 9.179847E-02
1.244942E-08, 1.0257653E+00, 9.195153E-02
1.246504E-08, 1.0264031E+00, 9.211735E-02
1.248067E-08, 1.0267857E+00, 9.228317E-02
1.249629E-08, 1.0270408E+00, 9.244898E-02
1.251192E-08, 1.0272959E+00, 9.262755E-02
1.252754E-08, 1.0275511E+00, 9.279337E-02
1.254317E-08, 1.0275511E+00, 9.292092E-02
1.255879E-08, 1.0275511E+00, 9.304847E-02
1.257442E-08, 1.0275511E+00, 9.316327E-02
1.259004E-08, 1.0276786E+00, 9.325255E-02
1.260567E-08, 1.0272959E+00, 9.331632E-02
1.262129E-08, 1.0271684E+00, 9.335459E-02
1.263692E-08, 1.0267857E+00, 9.336735E-02
1.265254E-08, 1.0265306E+00, 9.336735E-02
1.266817E-08, 1.0258929E+00, 9.330357E-02
1.268379E-08, 1.0252551E+00, 9.322704E-02
1.269942E-08, 1.0247449E+00, 9.309949E-02
1.271504E-08, 1.0242347E+00, 9.297194E-02
1.273067E-08, 1.0234693E+00, 9.279337E-02
1.274629E-08, 1.0228317E+00, 9.260204E-02
1.276192E-08, 1.0221939E+00, 9.241071E-02
1.277754E-08, 1.0216837E+00, 9.221939E-02
1.279317E-08, 1.0209184E+00, 9.200255E-02
1.280879E-08, 1.0202806E+00, 9.181122E-02
1.282442E-08, 1.0195153E+00, 9.161990E-02
1.284004E-08, 1.0188775E+00, 9.145408E-02
1.285567E-08, 1.0178572E+00, 9.127551E-02
1.287129E-08, 1.0170919E+00, 9.113520E-02
1.288692E-08, 1.0163265E+00, 9.099489E-02
1.290254E-08, 1.0155612E+00, 9.090561E-02
1.291817E-08, 1.0146683E+00, 9.080357E-02
1.293379E-08, 1.0139030E+00, 9.075255E-02
1.294942E-08, 1.0131377E+00, 9.072704E-02
1.296504E-08, 1.0125000E+00, 9.073979E-02
1.298067E-08, 1.0116072E+00, 9.075255E-02
1.299629E-08, 1.0108418E+00, 9.079082E-02
1.301192E-08, 1.0100765E+00, 9.085459E-02
1.302754E-08, 1.0094388E+00, 9.091837E-02
1.304317E-08, 1.0088010E+00, 9.098215E-02
1.305879E-08, 1.0084183E+00, 9.104592E-02
1.307442E-08, 1.0081632E+00, 9.110969E-02
1.309004E-08, 1.0080357E+00, 9.118623E-02
1.310567E-08, 1.0079081E+00, 9.123725E-02
1.312129E-08, 1.0079081E+00, 9.130102E-02
1.313692E-08, 1.0080357E+00, 9.135204E-02
1.315254E-08, 1.0082908E+00, 9.140306E-02
1.316817E-08, 1.0082908E+00, 9.141582E-02
1.318379E-08, 1.0085459E+00, 9.141582E-02
1.319942E-08, 1.0088010E+00, 9.139030E-02
1.321504E-08, 1.0091836E+00, 9.135204E-02
1.323067E-08, 1.0093112E+00, 9.128827E-02
1.324629E-08, 1.0095663E+00, 9.119898E-02
1.326192E-08, 1.0099490E+00, 9.110969E-02
1.327754E-08, 1.0103316E+00, 9.100765E-02
1.329317E-08, 1.0105867E+00, 9.086735E-02
1.330879E-08, 1.0109694E+00, 9.072704E-02
1.332442E-08, 1.0113521E+00, 9.058674E-02
1.334004E-08, 1.0119898E+00, 9.045918E-02
1.335567E-08, 1.0123725E+00, 9.031888E-02
1.337129E-08, 1.0128827E+00, 9.020408E-02
1.338692E-08, 1.0133928E+00, 9.010204E-02
1.340254E-08, 1.0140306E+00, 9.003826E-02
1.341817E-08, 1.0144132E+00, 8.996174E-02
1.343379E-08, 1.0149235E+00, 8.992347E-02
1.344942E-08, 1.0154337E+00, 8.991072E-02
1.346504E-08, 1.0161990E+00, 8.992347E-02
1.348067E-08, 1.0167092E+00, 8.994898E-02
1.349629E-08, 1.0173470E+00, 9.001275E-02
1.351192E-08, 1.0179847E+00, 9.008928E-02
1.352754E-08, 1.0187500E+00, 9.022959E-02
1.354317E-08, 1.0192602E+00, 9.036990E-02
1.355879E-08, 1.0196428E+00, 9.054847E-02
1.357442E-08, 1.0200255E+00, 9.073979E-02
1.359004E-08, 1.0204082E+00, 9.096939E-02
1.360567E-08, 1.0205357E+00, 9.117347E-02
1.362129E-08, 1.0206633E+00, 9.137755E-02
1.363692E-08, 1.0206633E+00, 9.158164E-02
1.365254E-08, 1.0207908E+00, 9.178571E-02
1.366817E-08, 1.0206633E+00, 9.196428E-02
1.368379E-08, 1.0205357E+00, 9.213010E-02
1.369942E-08, 1.0202806E+00, 9.228317E-02
1.371504E-08, 1.0201530E+00, 9.243622E-02
1.373067E-08, 1.0197704E+00, 9.253827E-02
1.374629E-08, 1.0195153E+00, 9.262755E-02
1.376192E-08, 1.0191326E+00, 9.269132E-02
1.377754E-08, 1.0191326E+00, 9.271684E-02
1.379317E-08, 1.0188775E+00, 9.269132E-02
1.380879E-08, 1.0188775E+00, 9.265306E-02
1.382442E-08, 1.0190051E+00, 9.258929E-02
1.384004E-08, 1.0192602E+00, 9.250000E-02
1.385567E-08, 1.0193877E+00, 9.237245E-02
1.387129E-08, 1.0195153E+00, 9.224490E-02
1.388692E-08, 1.0198979E+00, 9.210459E-02
1.390254E-08, 1.0202806E+00, 9.195153E-02
1.391817E-08, 1.0206633E+00, 9.176020E-02
1.393379E-08, 1.0213010E+00, 9.158164E-02
1.394942E-08, 1.0219388E+00, 9.139030E-02
1.396504E-08, 1.0229592E+00, 9.121174E-02
1.398067E-08, 1.0237244E+00, 9.102041E-02
1.399629E-08, 1.0247449E+00, 9.086735E-02
1.401192E-08, 1.0257653E+00, 9.073979E-02
1.402754E-08, 1.0269133E+00, 9.066326E-02
1.404317E-08, 1.0276786E+00, 9.058674E-02
1.405879E-08, 1.0284439E+00, 9.054847E-02
1.407442E-08, 1.0289540E+00, 9.054847E-02
1.409004E-08, 1.0294642E+00, 9.058674E-02
1.410567E-08, 1.0295918E+00, 9.062500E-02
1.412129E-08, 1.0294642E+00, 9.068877E-02
1.413692E-08, 1.0293367E+00, 9.077806E-02
1.415254E-08, 1.0289540E+00, 9.089286E-02
1.416817E-08, 1.0283164E+00, 9.100765E-02
1.418379E-08, 1.0276786E+00, 9.112245E-02
1.419942E-08, 1.0267857E+00, 9.126276E-02
1.421504E-08, 1.0261480E+00, 9.140306E-02
1.423067E-08, 1.0250000E+00, 9.153061E-02
1.424629E-08, 1.0239795E+00, 9.167092E-02
1.426192E-08, 1.0229592E+00, 9.178571E-02
1.427754E-08, 1.0220664E+00, 9.191327E-02
1.429317E-08, 1.0207908E+00, 9.200255E-02
1.430879E-08, 1.0196428E+00, 9.207908E-02
1.432442E-08, 1.0184948E+00, 9.213010E-02
1.434004E-08, 1.0176021E+00, 9.215561E-02
1.435567E-08, 1.0164541E+00, 9.214286E-02
1.437129E-08, 1.0156888E+00, 9.210459E-02
1.438692E-08, 1.0151786E+00, 9.204081E-02
1.440254E-08, 1.0149235E+00, 9.196428E-02
1.441817E-08, 1.0146683E+00, 9.184949E-02
1.443379E-08, 1.0147959E+00, 9.173469E-02
1.444942E-08, 1.0149235E+00, 9.160715E-02
1.446504E-08, 1.0154337E+00, 9.149235E-02
1.448067E-08, 1.0156888E+00, 9.136479E-02
1.449629E-08, 1.0160714E+00, 9.125000E-02
1.451192E-08, 1.0165817E+00, 9.113520E-02
1.452754E-08, 1.0173470E+00, 9.104592E-02
1.454317E-08, 1.0179847E+00, 9.093112E-02
1.455879E-08, 1.0187500E+00, 9.084184E-02
1.457442E-08, 1.0196428E+00, 9.077806E-02
1.459004E-08, 1.0206633E+00, 9.075255E-02
1.460567E-08, 1.0214286E+00, 9.072704E-02
1.462129E-08, 1.0221939E+00, 9.073979E-02
1.463692E-08, 1.0228317E+00, 9.079082E-02
1.465254E-08, 1.0234693E+00, 9.086735E-02
1.466817E-08, 1.0237244E+00, 9.094388E-02
1.468379E-08, 1.0238520E+00, 9.103316E-02
1.469942E-08, 1.0239795E+00, 9.112245E-02
1.471504E-08, 1.0241071E+00, 9.122449E-02
1.473067E-08, 1.0239795E+00, 9.128827E-02
1.474629E-08, 1.0239795E+00, 9.135204E-02
1.476192E-08, 1.0239795E+00, 9.141582E-02
1.477754E-08, 1.0243622E+00, 9.146684E-02
1.479317E-08, 1.0243622E+00, 9.149235E-02
1.480879E-08, 1.0246173E+00, 9.151786E-02
1.482442E-08, 1.0248724E+00, 9.151786E-02
1.484004E-08, 1.0252551E+00, 9.153061E-02
1.485567E-08, 1.0252551E+00, 9.149235E-02
1.487129E-08, 1.0255102E+00, 9.145408E-02
1.488692E-08, 1.0256377E+00, 9.140306E-02
1.490254E-08, 1.0258929E+00, 9.133928E-02
1.491817E-08, 1.0260204E+00, 9.123725E-02
1.493379E-08, 1.0262755E+00, 9.114796E-02
1.494942E-08, 1.0265306E+00, 9.103316E-02
1.496504E-08, 1.0269133E+00, 9.094388E-02
1.498067E-08, 1.0270408E+00, 9.082908E-02
1.499629E-08, 1.0271684E+00, 9.075255E-02
1.501192E-08, 1.0270408E+00, 9.068877E-02
1.502754E-08, 1.0270408E+00, 9.065051E-02
1.504317E-08, 1.0265306E+00, 9.062500E-02
1.505879E-08, 1.0260204E+00, 9.062500E-02
1.507442E-08, 1.0253826E+00, 9.063776E-02
1.509004E-08, 1.0247449E+00, 9.068877E-02
1.510567E-08, 1.0238520E+00, 9.073979E-02
1.512129E-08, 1.0229592E+00, 9.081633E-02
1.513692E-08, 1.0219388E+00, 9.093112E-02
1.515254E-08, 1.0209184E+00, 9.105867E-02
1.516817E-08, 1.0193877E+00, 9.119898E-02
1.518379E-08, 1.0179847E+00, 9.135204E-02
1.519942E-08, 1.0164541E+00, 9.151786E-02
1.521504E-08, 1.0150510E+00, 9.168367E-02
1.523067E-08, 1.0133928E+00, 9.182398E-02
1.524629E-08, 1.0119898E+00, 9.193878E-02
1.526192E-08, 1.0108418E+00, 9.204081E-02
1.527754E-08, 1.0098214E+00, 9.213010E-02
1.529317E-08, 1.0088010E+00, 9.218112E-02
1.530879E-08, 1.0079081E+00, 9.221939E-02
1.532442E-08, 1.0070153E+00, 9.223215E-02
1.534004E-08, 1.0063776E+00, 9.223215E-02
1.535567E-08, 1.0054847E+00, 9.218112E-02
1.537129E-08, 1.0048469E+00, 9.210459E-02
1.538692E-08, 1.0044643E+00, 9.200255E-02
1.540254E-08, 1.0042092E+00, 9.187500E-02
1.541817E-08, 1.0039541E+00, 9.170918E-02
1.543379E-08, 1.0039541E+00, 9.153061E-02
1.544942E-08, 1.0042092E+00, 9.133928E-02
1.546504E-08, 1.0044643E+00, 9.116071E-02
1.548067E-08, 1.0045918E+00, 9.096939E-02
1.549629E-08, 1.0045918E+00, 9.080357E-02
1.551192E-08, 1.0047194E+00, 9.065051E-02
1.552754E-08, 1.0047194E+00, 9.053572E-02
1.554317E-08, 1.0045918E+00, 9.042092E-02
1.555879E-08, 1.0045918E+00, 9.034438E-02
1.557442E-08, 1.0047194E+00, 9.029337E-02
1.559004E-08, 1.0049745E+00, 9.030613E-02
1.560567E-08, 1.0049745E+00, 9.031888E-02
1.562129E-08, 1.0051020E+00, 9.040816E-02
1.563692E-08, 1.0051020E+00, 9.053572E-02
1.565254E-08, 1.0051020E+00, 9.072704E-02
1.566817E-08, 1.0048469E+00, 9.093112E-02
1.568379E-08, 1.0047194E+00, 9.118623E-02
1.569942E-08, 1.0045918E+00, 9.146684E-02
1.571504E-08, 1.0047194E+00, 9.177296E-02
1.573067E-08, 1.0047194E+00, 9.207908E-02
1.574629E-08, 1.0051020E+00, 9.239796E-02
1.576192E-08, 1.0056123E+00, 9.274235E-02
1.577754E-08, 1.0063776E+00, 9.308673E-02
1.579317E-08, 1.0068878E+00, 9.341837E-02
1.580879E-08, 1.0076531E+00, 9.375000E-02
1.582442E-08, 1.0084183E+00, 9.406888E-02
1.584004E-08, 1.0094388E+00, 9.436224E-02
1.585567E-08, 1.0104592E+00, 9.459183E-02
1.587129E-08, 1.0117347E+00, 9.479592E-02
1.588692E-08, 1.0132653E+00, 9.494898E-02
1.590254E-08, 1.0153061E+00, 9.507653E-02
1.591817E-08, 1.0170919E+00, 9.514031E-02
1.593379E-08, 1.0192602E+00, 9.517857E-02
1.594942E-08, 1.0215561E+00, 9.520409E-02
1.596504E-08, 1.0238520E+00, 9.520409E-02
1.598067E-08, 1.0258929E+00, 9.515306E-02
1.599629E-08, 1.0279337E+00, 9.507653E-02
1.601192E-08, 1.0298469E+00, 9.498724E-02
1.602754E-08, 1.0317602E+00, 9.487245E-02
1.604317E-08, 1.0332909E+00, 9.470663E-02
1.605879E-08, 1.0345663E+00, 9.454082E-02
1.607442E-08, 1.0357143E+00, 9.436224E-02
1.609004E-08, 1.0368623E+00, 9.418368E-02
1.610567E-08, 1.0373725E+00, 9.399235E-02
1.612129E-08, 1.0377551E+00, 9.381378E-02
1.613692E-08, 1.0378827E+00, 9.364796E-02
1.615254E-08, 1.0378827E+00, 9.349490E-02
1.616817E-08, 1.0373725E+00, 9.335459E-02
1.618379E-08, 1.0366071E+00, 9.325255E-02
1.619942E-08, 1.0355867E+00, 9.317602E-02
1.621504E-08, 1.0344387E+00, 9.313776E-02
1.623067E-08, 1.0326531E+00, 9.311225E-02
1.624629E-08, 1.0307398E+00, 9.312500E-02
1.626192E-08, 1.0286989E+00, 9.316327E-02
1.627754E-08, 1.0265306E+00, 9.322704E-02
1.629317E-08, 1.0239795E+00, 9.329081E-02
1.630879E-08, 1.0215561E+00, 9.338010E-02
1.632442E-08, 1.0192602E+00, 9.346939E-02
1.634004E-08, 1.0170919E+00, 9.359694E-02
1.635567E-08, 1.0147959E+00, 9.368622E-02
1.637129E-08, 1.0126276E+00, 9.380102E-02
1.638692E-08, 1.0107143E+00, 9.391581E-02
1.640254E-08, 1.0089285E+00, 9.404337E-02
1.641817E-08, 1.0071429E+00, 9.413265E-02
1.643379E-08, 1.0054847E+00, 9.422194E-02
1.644942E-08, 1.0040816E+00, 9.427296E-02
1.646504E-08, 1.0030612E+00, 9.429847E-02
1.648067E-08, 1.0021684E+00, 9.427296E-02
1.649629E-08, 1.0016582E+00, 9.422194E-02
1.651192E-08, 1.0016582E+00, 9.411990E-02
1.652754E-08, 1.0019133E+00, 9.400510E-02
1.654317E-08, 1.0022960E+00, 9.383929E-02
1.655879E-08, 1.0030612E+00, 9.366071E-02
1.657442E-08, 1.0038265E+00, 9.345663E-02
1.659004E-08, 1.0048469E+00, 9.325255E-02
1.660567E-08, 1.0056123E+00, 9.299745E-02
1.662129E-08, 1.0065051E+00, 9.274235E-02
1.663692E-08, 1.0075256E+00, 9.246174E-02
1.665254E-08, 1.0086734E+00, 9.216837E-02
1.666817E-08, 1.0095663E+00, 9.184949E-02
1.668379E-08, 1.0104592E+00, 9.154337E-02
1.669942E-08, 1.0110970E+00, 9.125000E-02
1.671504E-08, 1.0118623E+00, 9.099489E-02
1.673067E-08, 1.0119898E+00, 9.073979E-02
1.674629E-08, 1.0121174E+00, 9.051020E-02
1.676192E-08, 1.0119898E+00, 9.031888E-02
1.677754E-08, 1.0118623E+00, 9.016582E-02
1.679317E-08, 1.0114796E+00, 9.001275E-02
1.680879E-08, 1.0110970E+00, 8.991072E-02
1.682442E-08, 1.0104592E+00, 8.983418E-02
1.684004E-08, 1.0099490E+00, 8.980867E-02
1.685567E-08, 1.0090561E+00, 8.982143E-02
1.687129E-08, 1.0079081E+00, 8.987245E-02
1.688692E-08, 1.0067602E+00, 8.997449E-02
1.690254E-08, 1.0056123E+00, 9.011479E-02
1.691817E-08, 1.0040816E+00, 9.025510E-02
1.693379E-08, 1.0029336E+00, 9.040816E-02
1.694942E-08, 1.0017858E+00, 9.057398E-02
1.696504E-08, 1.0008929E+00, 9.075255E-02
1.698067E-08, 9.998724E-01, 9.091837E-02
1.699629E-08, 9.991071E-01, 9.109694E-02
1.701192E-08, 9.984694E-01, 9.127551E-02
1.702754E-08, 9.979592E-01, 9.145408E-02
1.704317E-08, 9.973214E-01, 9.159439E-02
1.705879E-08, 9.969388E-01, 9.172194E-02
1.707442E-08, 9.968112E-01, 9.182398E-02
1.709004E-08, 9.970663E-01, 9.190051E-02
1.710567E-08, 9.974490E-01, 9.191327E-02
1.712129E-08, 9.982143E-01, 9.190051E-02
1.713692E-08, 9.992347E-01, 9.187500E-02
1.715254E-08, 1.0005102E+00, 9.184949E-02
1.716817E-08, 1.0017858E+00, 9.177296E-02
1.718379E-08, 1.0031887E+00, 9.170918E-02
1.719942E-08, 1.0047194E+00, 9.163266E-02
1.721504E-08, 1.0063776E+00, 9.154337E-02
1.723067E-08, 1.0080357E+00, 9.144133E-02
1.724629E-08, 1.0098214E+00, 9.132653E-02
1.726192E-08, 1.0117347E+00, 9.122449E-02
1.727754E-08, 1.0139030E+00, 9.113520E-02
1.729317E-08, 1.0158163E+00, 9.105867E-02
1.730879E-08, 1.0178572E+00, 9.100765E-02
1.732442E-08, 1.0196428E+00, 9.099489E-02
1.734004E-08, 1.0215561E+00, 9.102041E-02
1.735567E-08, 1.0230868E+00, 9.105867E-02
1.737129E-08, 1.0246173E+00, 9.113520E-02
1.738692E-08, 1.0258929E+00, 9.123725E-02
1.740254E-08, 1.0272959E+00, 9.137755E-02
1.741817E-08, 1.0281888E+00, 9.151786E-02
1.743379E-08, 1.0290816E+00, 9.168367E-02
1.744942E-08, 1.0299745E+00, 9.187500E-02
1.746504E-08, 1.0306122E+00, 9.209184E-02
1.748067E-08, 1.0309949E+00, 9.230867E-02
1.749629E-08, 1.0312500E+00, 9.253827E-02
1.751192E-08, 1.0315051E+00, 9.278061E-02
1.752754E-08, 1.0316327E+00, 9.302296E-02
1.754317E-08, 1.0313776E+00, 9.322704E-02
1.755879E-08, 1.0311224E+00, 9.343112E-02
1.757442E-08, 1.0306122E+00, 9.360969E-02
1.759004E-08, 1.0301020E+00, 9.377551E-02
1.760567E-08, 1.0293367E+00, 9.387755E-02
1.762129E-08, 1.0284439E+00, 9.395408E-02
1.763692E-08, 1.0275511E+00, 9.397959E-02
1.765254E-08, 1.0269133E+00, 9.397959E-02
1.766817E-08, 1.0260204E+00, 9.390306E-02
1.768379E-08, 1.0253826E+00, 9.378827E-02
1.769942E-08, 1.0247449E+00, 9.364796E-02
1.771504E-08, 1.0243622E+00, 9.348214E-02
1.773067E-08, 1.0238520E+00, 9.326530E-02
1.774629E-08, 1.0233419E+00, 9.303571E-02
1.776192E-08, 1.0228317E+00, 9.279337E-02
1.777754E-08, 1.0224490E+00, 9.253827E-02
1.779317E-08, 1.0218112E+00, 9.225766E-02
1.780879E-08, 1.0214286E+00, 9.196428E-02
1.782442E-08, 1.0210459E+00, 9.167092E-02
1.784004E-08, 1.0210459E+00, 9.139030E-02
1.785567E-08, 1.0209184E+00, 9.109694E-02
1.787129E-08, 1.0211735E+00, 9.082908E-02
1.788692E-08, 1.0215561E+00, 9.058674E-02
1.790254E-08, 1.0220664E+00, 9.039541E-02
1.791817E-08, 1.0223215E+00, 9.024235E-02
1.793379E-08, 1.0225766E+00, 9.014031E-02
1.794942E-08, 1.0227041E+00, 9.008928E-02
1.796504E-08, 1.0228317E+00, 9.010204E-02
1.798067E-08, 1.0225766E+00, 9.011479E-02
1.799629E-08, 1.0224490E+00, 9.016582E-02
1.801192E-08, 1.0223215E+00, 9.022959E-02
1.802754E-08, 1.0224490E+00, 9.033164E-02
1.804317E-08, 1.0225766E+00, 9.043367E-02
1.805879E-08, 1.0228317E+00, 9.057398E-02
1.807442E-08, 1.0230868E+00, 9.073979E-02
1.809004E-08, 1.0233419E+00, 9.095664E-02
1.810567E-08, 1.0233419E+00, 9.117347E-02
1.812129E-08, 1.0233419E+00, 9.142857E-02
1.813692E-08, 1.0232143E+00, 9.167092E-02
1.815254E-08, 1.0232143E+00, 9.193878E-02
1.816817E-08, 1.0228317E+00, 9.214286E-02
1.818379E-08, 1.0228317E+00, 9.234694E-02
1.819942E-08, 1.0228317E+00, 9.251276E-02
1.821504E-08, 1.0232143E+00, 9.265306E-02
1.823067E-08, 1.0234693E+00, 9.275510E-02
1.824629E-08, 1.0238520E+00, 9.284439E-02
1.826192E-08, 1.0242347E+00, 9.292092E-02
1.827754E-08, 1.0248724E+00, 9.298469E-02
1.829317E-08, 1.0251275E+00, 9.299745E-02
1.830879E-08, 1.0256377E+00, 9.301020E-02
1.832442E-08, 1.0261480E+00, 9.298469E-02
1.834004E-08, 1.0267857E+00, 9.293368E-02
1.835567E-08, 1.0272959E+00, 9.284439E-02
1.837129E-08, 1.0278062E+00, 9.272959E-02
1.838692E-08, 1.0283164E+00, 9.261479E-02
1.840254E-08, 1.0286989E+00, 9.248725E-02
1.841817E-08, 1.0288265E+00, 9.233418E-02
1.843379E-08, 1.0289540E+00, 9.218112E-02
1.844942E-08, 1.0289540E+00, 9.202806E-02
1.846504E-08, 1.0289540E+00, 9.188776E-02
1.848067E-08, 1.0285715E+00, 9.170918E-02
1.849629E-08, 1.0283164E+00, 9.155612E-02
1.851192E-08, 1.0279337E+00, 9.141582E-02
1.852754E-08, 1.0276786E+00, 9.130102E-02
1.854317E-08, 1.0269133E+00, 9.118623E-02
1.855879E-08, 1.0260204E+00, 9.110969E-02
1.857442E-08, 1.0250000E+00, 9.107143E-02
1.859004E-08, 1.0238520E+00, 9.107143E-02
1.860567E-08, 1.0221939E+00, 9.107143E-02
1.862129E-08, 1.0206633E+00, 9.110969E-02
1.863692E-08, 1.0190051E+00, 9.116071E-02
1.865254E-08, 1.0174745E+00, 9.123725E-02
1.866817E-08, 1.0156888E+00, 9.131377E-02
1.868379E-08, 1.0140306E+00, 9.141582E-02
1.869942E-08, 1.0125000E+00, 9.153061E-02
1.871504E-08, 1.0110970E+00, 9.169643E-02
1.873067E-08, 1.0094388E+00, 9.184949E-02
1.874629E-08, 1.0080357E+00, 9.202806E-02
1.876192E-08, 1.0066327E+00, 9.221939E-02
1.877754E-08, 1.0056123E+00, 9.242347E-02
1.879317E-08, 1.0045918E+00, 9.260204E-02
1.880879E-08, 1.0039541E+00, 9.278061E-02
1.882442E-08, 1.0035714E+00, 9.295918E-02
1.884004E-08, 1.0035714E+00, 9.313776E-02
1.885567E-08, 1.0035714E+00, 9.327806E-02
1.887129E-08, 1.0036989E+00, 9.343112E-02
1.888692E-08, 1.0042092E+00, 9.355868E-02
1.890254E-08, 1.0048469E+00, 9.369898E-02
1.891817E-08, 1.0053571E+00, 9.378827E-02
1.893379E-08, 1.0062500E+00, 9.386480E-02
1.894942E-08, 1.0072705E+00, 9.391581E-02
1.896504E-08, 1.0085459E+00, 9.395408E-02
1.898067E-08, 1.0098214E+00, 9.395408E-02
1.899629E-08, 1.0112245E+00, 9.394132E-02
1.901192E-08, 1.0126276E+00, 9.390306E-02
1.902754E-08, 1.0140306E+00, 9.387755E-02
1.904317E-08, 1.0150510E+00, 9.382653E-02
1.905879E-08, 1.0160714E+00, 9.376276E-02
1.907442E-08, 1.0170919E+00, 9.369898E-02
1.909004E-08, 1.0181123E+00, 9.363520E-02
1.910567E-08, 1.0187500E+00, 9.353317E-02
1.912129E-08, 1.0195153E+00, 9.343112E-02
1.913692E-08, 1.0202806E+00, 9.332908E-02
1.915254E-08, 1.0209184E+00, 9.325255E-02
1.916817E-08, 1.0211735E+00, 9.316327E-02
1.918379E-08, 1.0215561E+00, 9.308673E-02
1.919942E-08, 1.0216837E+00, 9.302296E-02
1.921504E-08, 1.0219388E+00, 9.297194E-02
1.923067E-08, 1.0218112E+00, 9.290817E-02
1.924629E-08, 1.0216837E+00, 9.286990E-02
1.926192E-08, 1.0216837E+00, 9.281888E-02
1.927754E-08, 1.0218112E+00, 9.279337E-02
1.929317E-08, 1.0216837E+00, 9.272959E-02
1.930879E-08, 1.0215561E+00, 9.269132E-02
1.932442E-08, 1.0215561E+00, 9.265306E-02
1.934004E-08, 1.0216837E+00, 9.261479E-02
1.935567E-08, 1.0215561E+00, 9.255102E-02
1.937129E-08, 1.0216837E+00, 9.247449E-02
1.938692E-08, 1.0219388E+00, 9.239796E-02
1.940254E-08, 1.0224490E+00, 9.230867E-02
1.941817E-08, 1.0228317E+00, 9.218112E-02
1.943379E-08, 1.0235969E+00, 9.205357E-02
1.944942E-08, 1.0243622E+00, 9.192602E-02
1.946504E-08, 1.0252551E+00, 9.181122E-02
1.948067E-08, 1.0260204E+00, 9.167092E-02
1.949629E-08, 1.0267857E+00, 9.154337E-02
1.951192E-08, 1.0275511E+00, 9.141582E-02
1.952754E-08, 1.0283164E+00, 9.128827E-02
1.954317E-08, 1.0286989E+00, 9.114796E-02
1.955879E-08, 1.0292091E+00, 9.100765E-02
1.957442E-08, 1.0294642E+00, 9.088010E-02
1.959004E-08, 1.0298469E+00, 9.077806E-02
1.960567E-08, 1.0297194E+00, 9.065051E-02
1.962129E-08, 1.0295918E+00, 9.057398E-02
1.963692E-08, 1.0290816E+00, 9.051020E-02
1.965254E-08, 1.0283164E+00, 9.048469E-02
1.966817E-08, 1.0271684E+00, 9.045918E-02
1.968379E-08, 1.0258929E+00, 9.047194E-02
1.969942E-08, 1.0243622E+00, 9.048469E-02
1.971504E-08, 1.0228317E+00, 9.053572E-02
1.973067E-08, 1.0210459E+00, 9.057398E-02
1.974629E-08, 1.0192602E+00, 9.063776E-02
1.976192E-08, 1.0174745E+00, 9.071428E-02
1.977754E-08, 1.0158163E+00, 9.082908E-02
1.979317E-08, 1.0137755E+00, 9.094388E-02
1.980879E-08, 1.0119898E+00, 9.107143E-02
1.982442E-08, 1.0102041E+00, 9.121174E-02
1.984004E-08, 1.0085459E+00, 9.136479E-02
1.985567E-08, 1.0068878E+00, 9.146684E-02
1.987129E-08, 1.0054847E+00, 9.158164E-02
1.988692E-08, 1.0044643E+00, 9.165816E-02
1.990254E-08, 1.0039541E+00, 9.172194E-02
1.991817E-08, 1.0035714E+00, 9.173469E-02
1.993379E-08, 1.0036989E+00, 9.173469E-02
1.994942E-08, 1.0043367E+00, 9.172194E-02
1.996504E-08, 1.0053571E+00, 9.169643E-02
1.998067E-08, 1.0065051E+00, 9.161990E-02
1.999629E-08, 1.0080357E+00, 9.154337E-02
2.001192E-08, 1.0098214E+00, 9.145408E-02
2.002754E-08, 1.0119898E+00, 9.135204E-02
2.004317E-08, 1.0140306E+00, 9.121174E-02
2.005879E-08, 1.0161990E+00, 9.105867E-02
2.007442E-08, 1.0186224E+00, 9.090561E-02
2.009004E-08, 1.0211735E+00, 9.075255E-02
2.010567E-08, 1.0235969E+00, 9.057398E-02
2.012129E-08, 1.0261480E+00, 9.040816E-02
2.013692E-08, 1.0285715E+00, 9.025510E-02
2.015254E-08, 1.0311224E+00, 9.015306E-02
2.016817E-08, 1.0332909E+00, 9.003826E-02
2.018379E-08, 1.0352041E+00, 8.997449E-02
2.019942E-08, 1.0369898E+00, 8.994898E-02
2.021504E-08, 1.0385205E+00, 8.997449E-02
2.023067E-08, 1.0395408E+00, 9.001275E-02
2.024629E-08, 1.0403061E+00, 9.010204E-02
2.026192E-08, 1.0406888E+00, 9.021684E-02
2.027754E-08, 1.0408163E+00, 9.038265E-02
2.029317E-08, 1.0403061E+00, 9.056123E-02
2.030879E-08, 1.0396683E+00, 9.077806E-02
2.032442E-08, 1.0385205E+00, 9.102041E-02
2.034004E-08, 1.0372449E+00, 9.128827E-02
2.035567E-08, 1.0355867E+00, 9.153061E-02
2.037129E-08, 1.0336735E+00, 9.179847E-02
2.038692E-08, 1.0317602E+00, 9.205357E-02
2.040254E-08, 1.0298469E+00, 9.229591E-02
2.041817E-08, 1.0278062E+00, 9.250000E-02
2.043379E-08, 1.0258929E+00, 9.269132E-02
2.044942E-08, 1.0239795E+00, 9.286990E-02
2.046504E-08, 1.0224490E+00, 9.302296E-02
2.048067E-08, 1.0206633E+00, 9.313776E-02
2.049629E-08, 1.0192602E+00, 9.322704E-02
2.051192E-08, 1.0179847E+00, 9.329081E-02
2.052754E-08, 1.0170919E+00, 9.334183E-02
2.054317E-08, 1.0160714E+00, 9.332908E-02
2.055879E-08, 1.0153061E+00, 9.330357E-02
2.057442E-08, 1.0147959E+00, 9.323980E-02
2.059004E-08, 1.0145408E+00, 9.316327E-02
2.060567E-08, 1.0142857E+00, 9.303571E-02
2.062129E-08, 1.0142857E+00, 9.290817E-02
2.063692E-08, 1.0144132E+00, 9.275510E-02
2.065254E-08, 1.0149235E+00, 9.261479E-02
2.066817E-08, 1.0153061E+00, 9.243622E-02
2.068379E-08, 1.0158163E+00, 9.229591E-02
2.069942E-08, 1.0165817E+00, 9.215561E-02
2.071504E-08, 1.0172194E+00, 9.205357E-02
2.073067E-08, 1.0177296E+00, 9.195153E-02
2.074629E-08, 1.0181123E+00, 9.188776E-02
2.076192E-08, 1.0183673E+00, 9.186225E-02
2.077754E-08, 1.0184948E+00, 9.186225E-02
2.079317E-08, 1.0182397E+00, 9.184949E-02
2.080879E-08, 1.0179847E+00, 9.186225E-02
2.082442E-08, 1.0177296E+00, 9.188776E-02
2.084004E-08, 1.0176021E+00, 9.193878E-02
2.085567E-08, 1.0170919E+00, 9.196428E-02
2.087129E-08, 1.0168368E+00, 9.201530E-02
2.088692E-08, 1.0165817E+00, 9.207908E-02
2.090254E-08, 1.0165817E+00, 9.216837E-02
2.091817E-08, 1.0163265E+00, 9.223215E-02
2.093379E-08, 1.0164541E+00, 9.233418E-02
2.094942E-08, 1.0167092E+00, 9.242347E-02
2.096504E-08, 1.0172194E+00, 9.252551E-02
2.098067E-08, 1.0178572E+00, 9.260204E-02
2.099629E-08, 1.0187500E+00, 9.267857E-02
2.101192E-08, 1.0200255E+00, 9.274235E-02
2.102754E-08, 1.0214286E+00, 9.283163E-02
2.104317E-08, 1.0228317E+00, 9.288266E-02
2.105879E-08, 1.0246173E+00, 9.294643E-02
2.107442E-08, 1.0262755E+00, 9.301020E-02
2.109004E-08, 1.0283164E+00, 9.307398E-02
2.110567E-08, 1.0302296E+00, 9.309949E-02
2.112129E-08, 1.0323980E+00, 9.313776E-02
2.113692E-08, 1.0346938E+00, 9.316327E-02
2.115254E-08, 1.0372449E+00, 9.318878E-02
2.116817E-08, 1.0395408E+00, 9.318878E-02
2.118379E-08, 1.0418367E+00, 9.321429E-02
2.119942E-08, 1.0440052E+00, 9.323980E-02
2.121504E-08, 1.0460459E+00, 9.329081E-02
2.123067E-08, 1.0474490E+00, 9.331632E-02
2.124629E-08, 1.0484694E+00, 9.336735E-02
2.126192E-08, 1.0491072E+00, 9.340561E-02
2.127754E-08, 1.0494897E+00, 9.344388E-02
2.129317E-08, 1.0492347E+00, 9.344388E-02
2.130879E-08, 1.0488521E+00, 9.341837E-02
2.132442E-08, 1.0482143E+00, 9.339286E-02
2.134004E-08, 1.0474490E+00, 9.334183E-02
2.135567E-08, 1.0460459E+00, 9.327806E-02
2.137129E-08, 1.0443877E+00, 9.320153E-02
2.138692E-08, 1.0424745E+00, 9.312500E-02
2.140254E-08, 1.0401785E+00, 9.306122E-02
2.141817E-08, 1.0375000E+00, 9.294643E-02
2.143379E-08, 1.0345663E+00, 9.283163E-02
2.144942E-08, 1.0316327E+00, 9.269132E-02
2.146504E-08, 1.0289540E+00, 9.255102E-02
2.148067E-08, 1.0260204E+00, 9.235969E-02
2.149629E-08, 1.0234693E+00, 9.218112E-02
2.151192E-08, 1.0211735E+00, 9.200255E-02
2.152754E-08, 1.0193877E+00, 9.183674E-02
2.154317E-08, 1.0174745E+00, 9.167092E-02
2.155879E-08, 1.0158163E+00, 9.155612E-02
2.157442E-08, 1.0144132E+00, 9.146684E-02
2.159004E-08, 1.0132653E+00, 9.141582E-02
2.160567E-08, 1.0121174E+00, 9.136479E-02
2.162129E-08, 1.0112245E+00, 9.136479E-02
2.163692E-08, 1.0107143E+00, 9.137755E-02
2.165254E-08, 1.0104592E+00, 9.141582E-02
2.166817E-08, 1.0103316E+00, 9.146684E-02
2.168379E-08, 1.0104592E+00, 9.155612E-02
2.169942E-08, 1.0107143E+00, 9.167092E-02
2.171504E-08, 1.0113521E+00, 9.183674E-02
2.173067E-08, 1.0116072E+00, 9.200255E-02
2.174629E-08, 1.0119898E+00, 9.221939E-02
2.176192E-08, 1.0123725E+00, 9.243622E-02
2.177754E-08, 1.0127552E+00, 9.269132E-02
2.179317E-08, 1.0128827E+00, 9.293368E-02
2.180879E-08, 1.0128827E+00, 9.317602E-02
2.182442E-08, 1.0128827E+00, 9.341837E-02
2.184004E-08, 1.0128827E+00, 9.366071E-02
2.185567E-08, 1.0125000E+00, 9.386480E-02
2.187129E-08, 1.0119898E+00, 9.406888E-02
2.188692E-08, 1.0114796E+00, 9.424745E-02
2.190254E-08, 1.0108418E+00, 9.441327E-02
2.191817E-08, 1.0099490E+00, 9.452806E-02
2.193379E-08, 1.0091836E+00, 9.461734E-02
2.194942E-08, 1.0084183E+00, 9.468112E-02
2.196504E-08, 1.0077807E+00, 9.470663E-02
2.198067E-08, 1.0070153E+00, 9.469388E-02
2.199629E-08, 1.0063776E+00, 9.464286E-02
2.201192E-08, 1.0059949E+00, 9.457908E-02
2.202754E-08, 1.0057398E+00, 9.447704E-02
2.204317E-08, 1.0056123E+00, 9.433673E-02
2.205879E-08, 1.0057398E+00, 9.417092E-02
2.207442E-08, 1.0061225E+00, 9.399235E-02
2.209004E-08, 1.0071429E+00, 9.378827E-02
2.210567E-08, 1.0080357E+00, 9.354592E-02
2.212129E-08, 1.0094388E+00, 9.331632E-02
2.213692E-08, 1.0109694E+00, 9.307398E-02
2.215254E-08, 1.0128827E+00, 9.284439E-02
2.216817E-08, 1.0145408E+00, 9.260204E-02
2.218379E-08, 1.0164541E+00, 9.235969E-02
2.219942E-08, 1.0184948E+00, 9.213010E-02
2.221504E-08, 1.0205357E+00, 9.191327E-02
2.223067E-08, 1.0224490E+00, 9.167092E-02
2.224629E-08, 1.0244898E+00, 9.145408E-02
2.226192E-08, 1.0265306E+00, 9.125000E-02
2.227754E-08, 1.0284439E+00, 9.105867E-02
2.229317E-08, 1.0298469E+00, 9.089286E-02
2.230879E-08, 1.0311224E+00, 9.075255E-02
2.232442E-08, 1.0320153E+00, 9.063776E-02
2.234004E-08, 1.0325255E+00, 9.057398E-02
2.235567E-08, 1.0325255E+00, 9.051020E-02
2.237129E-08, 1.0322704E+00, 9.047194E-02
2.238692E-08, 1.0317602E+00, 9.045918E-02
2.240254E-08, 1.0309949E+00, 9.048469E-02
2.241817E-08, 1.0297194E+00, 9.049745E-02
2.243379E-08, 1.0281888E+00, 9.056123E-02
2.244942E-08, 1.0264031E+00, 9.065051E-02
2.246504E-08, 1.0243622E+00, 9.077806E-02
2.248067E-08, 1.0219388E+00, 9.090561E-02
2.249629E-08, 1.0195153E+00, 9.105867E-02
2.251192E-08, 1.0169643E+00, 9.122449E-02
2.252754E-08, 1.0147959E+00, 9.140306E-02
2.254317E-08, 1.0125000E+00, 9.155612E-02
2.255879E-08, 1.0105867E+00, 9.173469E-02
2.257442E-08, 1.0089285E+00, 9.191327E-02
2.259004E-08, 1.0077807E+00, 9.209184E-02
2.260567E-08, 1.0066327E+00, 9.225766E-02
2.262129E-08, 1.0059949E+00, 9.243622E-02
2.263692E-08, 1.0056123E+00, 9.258929E-02
2.265254E-08, 1.0056123E+00, 9.275510E-02
2.266817E-08, 1.0057398E+00, 9.285714E-02
2.268379E-08, 1.0063776E+00, 9.294643E-02
2.269942E-08, 1.0072705E+00, 9.301020E-02
2.271504E-08, 1.0085459E+00, 9.304847E-02
2.273067E-08, 1.0098214E+00, 9.302296E-02
2.274629E-08, 1.0114796E+00, 9.298469E-02
2.276192E-08, 1.0132653E+00, 9.292092E-02
2.277754E-08, 1.0153061E+00, 9.283163E-02
2.279317E-08, 1.0172194E+00, 9.270408E-02
2.280879E-08, 1.0193877E+00, 9.256378E-02
2.282442E-08, 1.0214286E+00, 9.241071E-02
2.284004E-08, 1.0235969E+00, 9.225766E-02
2.285567E-08, 1.0253826E+00, 9.209184E-02
2.287129E-08, 1.0269133E+00, 9.195153E-02
2.288692E-08, 1.0281888E+00, 9.182398E-02
2.290254E-08, 1.0292091E+00, 9.172194E-02
2.291817E-08, 1.0297194E+00, 9.160715E-02
2.293379E-08, 1.0298469E+00, 9.151786E-02
2.294942E-08, 1.0298469E+00, 9.145408E-02
2.296504E-08, 1.0297194E+00, 9.141582E-02
2.298067E-08, 1.0290816E+00, 9.137755E-02
2.299629E-08, 1.0284439E+00, 9.136479E-02
2.301192E-08, 1.0276786E+00, 9.139030E-02
2.302754E-08, 1.0267857E+00, 9.146684E-02
2.304317E-08, 1.0255102E+00, 9.154337E-02
2.305879E-08, 1.0243622E+00, 9.165816E-02
2.307442E-08, 1.0233419E+00, 9.179847E-02
2.309004E-08, 1.0225766E+00, 9.196428E-02
2.310567E-08, 1.0218112E+00, 9.210459E-02
2.312129E-08, 1.0214286E+00, 9.227041E-02
2.313692E-08, 1.0213010E+00, 9.244898E-02
2.315254E-08, 1.0215561E+00, 9.264030E-02
2.316817E-08, 1.0219388E+00, 9.281888E-02
2.318379E-08, 1.0225766E+00, 9.302296E-02
2.319942E-08, 1.0233419E+00, 9.321429E-02
2.321504E-08, 1.0244898E+00, 9.340561E-02
2.323067E-08, 1.0255102E+00, 9.355868E-02
2.324629E-08, 1.0269133E+00, 9.369898E-02
2.326192E-08, 1.0284439E+00, 9.381378E-02
2.327754E-08, 1.0302296E+00, 9.390306E-02
2.329317E-08, 1.0317602E+00, 9.395408E-02
2.330879E-08, 1.0334184E+00, 9.400510E-02
2.332442E-08, 1.0349489E+00, 9.403061E-02
2.334004E-08, 1.0363520E+00, 9.406888E-02
2.335567E-08, 1.0372449E+00, 9.405612E-02
2.337129E-08, 1.0378827E+00, 9.404337E-02
2.338692E-08, 1.0383929E+00, 9.401786E-02
2.340254E-08, 1.0387756E+00, 9.397959E-02
2.341817E-08, 1.0387756E+00, 9.389031E-02
2.343379E-08, 1.0386480E+00, 9.381378E-02
2.344942E-08, 1.0382653E+00, 9.373724E-02
2.346504E-08, 1.0376276E+00, 9.368622E-02
2.348067E-08, 1.0363520E+00, 9.362245E-02
2.349629E-08, 1.0349489E+00, 9.358419E-02
2.351192E-08, 1.0331633E+00, 9.355868E-02
2.352754E-08, 1.0312500E+00, 9.355868E-02
2.354317E-08, 1.0288265E+00, 9.353317E-02
2.355879E-08, 1.0265306E+00, 9.352041E-02
2.357442E-08, 1.0241071E+00, 9.350765E-02
2.359004E-08, 1.0218112E+00, 9.350765E-02
2.360567E-08, 1.0193877E+00, 9.348214E-02
2.362129E-08, 1.0173470E+00, 9.348214E-02
2.363692E-08, 1.0153061E+00, 9.349490E-02
2.365254E-08, 1.0136479E+00, 9.352041E-02
2.366817E-08, 1.0118623E+00, 9.352041E-02
2.368379E-08, 1.0104592E+00, 9.354592E-02
2.369942E-08, 1.0093112E+00, 9.355868E-02
2.371504E-08, 1.0085459E+00, 9.358419E-02
2.373067E-08, 1.0077807E+00, 9.358419E-02
2.374629E-08, 1.0075256E+00, 9.358419E-02
2.376192E-08, 1.0075256E+00, 9.357143E-02
2.377754E-08, 1.0079081E+00, 9.357143E-02
2.379317E-08, 1.0081632E+00, 9.354592E-02
2.380879E-08, 1.0088010E+00, 9.352041E-02
2.382442E-08, 1.0094388E+00, 9.349490E-02
2.384004E-08, 1.0104592E+00, 9.345663E-02
2.385567E-08, 1.0113521E+00, 9.339286E-02
2.387129E-08, 1.0125000E+00, 9.332908E-02
2.388692E-08, 1.0137755E+00, 9.325255E-02
2.390254E-08, 1.0154337E+00, 9.317602E-02
2.391817E-08, 1.0169643E+00, 9.306122E-02
2.393379E-08, 1.0186224E+00, 9.297194E-02
2.394942E-08, 1.0204082E+00, 9.288266E-02
2.396504E-08, 1.0221939E+00, 9.281888E-02
2.398067E-08, 1.0234693E+00, 9.272959E-02
2.399629E-08, 1.0248724E+00, 9.266581E-02
2.401192E-08, 1.0258929E+00, 9.258929E-02
2.402754E-08, 1.0270408E+00, 9.251276E-02
2.404317E-08, 1.0278062E+00, 9.241071E-02
2.405879E-08, 1.0286989E+00, 9.230867E-02
2.407442E-08, 1.0294642E+00, 9.219388E-02
2.409004E-08, 1.0302296E+00, 9.209184E-02
2.410567E-08, 1.0307398E+00, 9.197704E-02
2.412129E-08, 1.0311224E+00, 9.187500E-02
2.413692E-08, 1.0312500E+00, 9.177296E-02
2.415254E-08, 1.0315051E+00, 9.170918E-02
2.416817E-08, 1.0312500E+00, 9.160715E-02
2.418379E-08, 1.0311224E+00, 9.153061E-02
2.419942E-08, 1.0308673E+00, 9.146684E-02
2.421504E-08, 1.0307398E+00, 9.141582E-02
2.423067E-08, 1.0301020E+00, 9.135204E-02
2.424629E-08, 1.0295918E+00, 9.132653E-02
2.426192E-08, 1.0288265E+00, 9.131377E-02
2.427754E-08, 1.0279337E+00, 9.133928E-02
2.429317E-08, 1.0266582E+00, 9.136479E-02
2.430879E-08, 1.0252551E+00, 9.141582E-02
2.432442E-08, 1.0238520E+00, 9.146684E-02
2.434004E-08, 1.0225766E+00, 9.154337E-02
2.435567E-08, 1.0211735E+00, 9.158164E-02
2.437129E-08, 1.0198979E+00, 9.164540E-02
2.438692E-08, 1.0187500E+00, 9.172194E-02
2.440254E-08, 1.0178572E+00, 9.182398E-02
2.441817E-08, 1.0165817E+00, 9.191327E-02
2.443379E-08, 1.0154337E+00, 9.202806E-02
2.444942E-08, 1.0142857E+00, 9.214286E-02
2.446504E-08, 1.0133928E+00, 9.227041E-02
2.448067E-08, 1.0121174E+00, 9.235969E-02
2.449629E-08, 1.0112245E+00, 9.244898E-02
2.451192E-08, 1.0105867E+00, 9.250000E-02
2.452754E-08, 1.0103316E+00, 9.253827E-02
2.454317E-08, 1.0100765E+00, 9.253827E-02
2.455879E-08, 1.0102041E+00, 9.252551E-02
2.457442E-08, 1.0105867E+00, 9.250000E-02
2.459004E-08, 1.0112245E+00, 9.247449E-02
2.460567E-08, 1.0117347E+00, 9.242347E-02
2.462129E-08, 1.0126276E+00, 9.237245E-02
2.463692E-08, 1.0135204E+00, 9.229591E-02
2.465254E-08, 1.0146683E+00, 9.223215E-02
2.466817E-08, 1.0156888E+00, 9.211735E-02
2.468379E-08, 1.0170919E+00, 9.201530E-02
2.469942E-08, 1.0184948E+00, 9.190051E-02
2.471504E-08, 1.0200255E+00, 9.179847E-02
2.473067E-08, 1.0214286E+00, 9.169643E-02
2.474629E-08, 1.0228317E+00, 9.161990E-02
2.476192E-08, 1.0241071E+00, 9.155612E-02
2.477754E-08, 1.0253826E+00, 9.154337E-02
2.479317E-08, 1.0261480E+00, 9.151786E-02
2.480879E-08, 1.0270408E+00, 9.151786E-02
2.482442E-08, 1.0276786E+00, 9.154337E-02
2.484004E-08, 1.0281888E+00, 9.159439E-02
2.485567E-08, 1.0284439E+00, 9.164540E-02
2.487129E-08, 1.0285715E+00, 9.173469E-02
2.488692E-08, 1.0284439E+00, 9.183674E-02
2.490254E-08, 1.0283164E+00, 9.197704E-02
2.491817E-08, 1.0276786E+00, 9.210459E-02
2.493379E-08, 1.0270408E+00, 9.225766E-02
2.494942E-08, 1.0260204E+00, 9.242347E-02
2.496504E-08, 1.0251275E+00, 9.258929E-02
2.498067E-08, 1.0238520E+00, 9.272959E-02
2.499629E-08, 1.0225766E+00, 9.286990E-02
2.501192E-08, 1.0214286E+00, 9.298469E-02
2.502754E-08, 1.0204082E+00, 9.308673E-02
2.504317E-08, 1.0192602E+00, 9.315051E-02
2.505879E-08, 1.0182397E+00, 9.320153E-02
2.507442E-08, 1.0174745E+00, 9.322704E-02
2.509004E-08, 1.0169643E+00, 9.325255E-02
2.510567E-08, 1.0161990E+00, 9.322704E-02
2.512129E-08, 1.0156888E+00, 9.318878E-02
2.513692E-08, 1.0154337E+00, 9.313776E-02
2.515254E-08, 1.0153061E+00, 9.307398E-02
2.516817E-08, 1.0151786E+00, 9.295918E-02
2.518379E-08, 1.0154337E+00, 9.285714E-02
2.519942E-08, 1.0156888E+00, 9.272959E-02
2.521504E-08, 1.0163265E+00, 9.261479E-02
2.523067E-08, 1.0168368E+00, 9.248725E-02
2.524629E-08, 1.0176021E+00, 9.237245E-02
2.526192E-08, 1.0184948E+00, 9.228317E-02
2.527754E-08, 1.0195153E+00, 9.221939E-02
2.529317E-08, 1.0201530E+00, 9.214286E-02
2.530879E-08, 1.0210459E+00, 9.211735E-02
2.532442E-08, 1.0216837E+00, 9.210459E-02
2.534004E-08, 1.0223215E+00, 9.213010E-02
2.535567E-08, 1.0224490E+00, 9.216837E-02
2.537129E-08, 1.0227041E+00, 9.224490E-02
2.538692E-08, 1.0225766E+00, 9.233418E-02
2.540254E-08, 1.0224490E+00, 9.244898E-02
2.541817E-08, 1.0219388E+00, 9.256378E-02
2.543379E-08, 1.0213010E+00, 9.269132E-02
2.544942E-08, 1.0207908E+00, 9.281888E-02
2.546504E-08, 1.0201530E+00, 9.295918E-02
2.548067E-08, 1.0193877E+00, 9.307398E-02
2.549629E-08, 1.0186224E+00, 9.320153E-02
2.551192E-08, 1.0178572E+00, 9.332908E-02
2.552754E-08, 1.0172194E+00, 9.345663E-02
2.554317E-08, 1.0161990E+00, 9.354592E-02
2.555879E-08, 1.0154337E+00, 9.362245E-02
2.557442E-08, 1.0147959E+00, 9.367347E-02
2.559004E-08, 1.0142857E+00, 9.371173E-02
2.560567E-08, 1.0137755E+00, 9.369898E-02
2.562129E-08, 1.0135204E+00, 9.366071E-02
2.563692E-08, 1.0135204E+00, 9.360969E-02
2.565254E-08, 1.0137755E+00, 9.353317E-02
2.566817E-08, 1.0141581E+00, 9.341837E-02
2.568379E-08, 1.0146683E+00, 9.330357E-02
2.569942E-08, 1.0154337E+00, 9.317602E-02
2.571504E-08, 1.0164541E+00, 9.306122E-02
2.573067E-08, 1.0173470E+00, 9.292092E-02
2.574629E-08, 1.0183673E+00, 9.279337E-02
2.576192E-08, 1.0195153E+00, 9.267857E-02
2.577754E-08, 1.0207908E+00, 9.257653E-02
2.579317E-08, 1.0216837E+00, 9.247449E-02
2.580879E-08, 1.0227041E+00, 9.239796E-02
2.582442E-08, 1.0235969E+00, 9.234694E-02
2.584004E-08, 1.0243622E+00, 9.233418E-02
2.585567E-08, 1.0247449E+00, 9.233418E-02
2.587129E-08, 1.0250000E+00, 9.235969E-02
2.588692E-08, 1.0250000E+00, 9.241071E-02
2.590254E-08, 1.0250000E+00, 9.248725E-02
2.591817E-08, 1.0247449E+00, 9.256378E-02
2.593379E-08, 1.0243622E+00, 9.267857E-02
2.594942E-08, 1.0239795E+00, 9.279337E-02
2.596504E-08, 1.0235969E+00, 9.293368E-02
2.598067E-08, 1.0229592E+00, 9.307398E-02
2.599629E-08, 1.0224490E+00, 9.322704E-02
2.601192E-08, 1.0219388E+00, 9.339286E-02
2.602754E-08, 1.0215561E+00, 9.357143E-02
2.604317E-08, 1.0209184E+00, 9.372449E-02
2.605879E-08, 1.0206633E+00, 9.387755E-02
2.607442E-08, 1.0205357E+00, 9.400510E-02
2.609004E-08, 1.0207908E+00, 9.413265E-02
2.610567E-08, 1.0209184E+00, 9.422194E-02
2.612129E-08, 1.0214286E+00, 9.429847E-02
2.613692E-08, 1.0221939E+00, 9.434949E-02
2.615254E-08, 1.0230868E+00, 9.440051E-02
2.616817E-08, 1.0239795E+00, 9.440051E-02
2.618379E-08, 1.0251275E+00, 9.440051E-02
2.619942E-08, 1.0262755E+00, 9.437500E-02
2.621504E-08, 1.0275511E+00, 9.433673E-02
2.623067E-08, 1.0285715E+00, 9.424745E-02
2.624629E-08, 1.0295918E+00, 9.415817E-02
2.626192E-08, 1.0306122E+00, 9.404337E-02
2.627754E-08, 1.0315051E+00, 9.394132E-02
2.629317E-08, 1.0318878E+00, 9.378827E-02
2.630879E-08, 1.0322704E+00, 9.364796E-02
2.632442E-08, 1.0322704E+00, 9.349490E-02
2.634004E-08, 1.0321429E+00, 9.335459E-02
2.635567E-08, 1.0313776E+00, 9.318878E-02
2.637129E-08, 1.0306122E+00, 9.302296E-02
2.638692E-08, 1.0297194E+00, 9.285714E-02
2.640254E-08, 1.0285715E+00, 9.271684E-02
2.641817E-08, 1.0270408E+00, 9.255102E-02
2.643379E-08, 1.0253826E+00, 9.241071E-02
2.644942E-08, 1.0234693E+00, 9.228317E-02
2.646504E-08, 1.0216837E+00, 9.216837E-02
2.648067E-08, 1.0195153E+00, 9.205357E-02
2.649629E-08, 1.0174745E+00, 9.193878E-02
2.651192E-08, 1.0155612E+00, 9.182398E-02
2.652754E-08, 1.0140306E+00, 9.173469E-02
2.654317E-08, 1.0126276E+00, 9.161990E-02
2.655879E-08, 1.0114796E+00, 9.151786E-02
2.657442E-08, 1.0107143E+00, 9.142857E-02
2.659004E-08, 1.0103316E+00, 9.136479E-02
2.660567E-08, 1.0099490E+00, 9.128827E-02
2.662129E-08, 1.0099490E+00, 9.122449E-02
2.663692E-08, 1.0102041E+00, 9.118623E-02
2.665254E-08, 1.0108418E+00, 9.114796E-02
2.666817E-08, 1.0116072E+00, 9.108418E-02
2.668379E-08, 1.0127552E+00, 9.103316E-02
2.669942E-08, 1.0142857E+00, 9.098215E-02
2.671504E-08, 1.0163265E+00, 9.093112E-02
2.673067E-08, 1.0182397E+00, 9.088010E-02
2.674629E-08, 1.0204082E+00, 9.085459E-02
2.676192E-08, 1.0225766E+00, 9.084184E-02
2.677754E-08, 1.0247449E+00, 9.085459E-02
2.679317E-08, 1.0265306E+00, 9.086735E-02
2.680879E-08, 1.0283164E+00, 9.089286E-02
2.682442E-08, 1.0298469E+00, 9.093112E-02
2.684004E-08, 1.0313776E+00, 9.099489E-02
2.685567E-08, 1.0322704E+00, 9.103316E-02
2.687129E-08, 1.0330358E+00, 9.108418E-02
2.688692E-08, 1.0334184E+00, 9.114796E-02
2.690254E-08, 1.0336735E+00, 9.122449E-02
2.691817E-08, 1.0332909E+00, 9.127551E-02
2.693379E-08, 1.0327806E+00, 9.133928E-02
2.694942E-08, 1.0318878E+00, 9.141582E-02
2.696504E-08, 1.0311224E+00, 9.149235E-02
2.698067E-08, 1.0298469E+00, 9.154337E-02
2.699629E-08, 1.0286989E+00, 9.159439E-02
2.701192E-08, 1.0275511E+00, 9.164540E-02
2.702754E-08, 1.0265306E+00, 9.170918E-02
2.704317E-08, 1.0253826E+00, 9.174745E-02
2.705879E-08, 1.0242347E+00, 9.181122E-02
2.707442E-08, 1.0230868E+00, 9.186225E-02
2.709004E-08, 1.0220664E+00, 9.193878E-02
2.710567E-08, 1.0210459E+00, 9.197704E-02
2.712129E-08, 1.0201530E+00, 9.202806E-02
2.713692E-08, 1.0196428E+00, 9.205357E-02
2.715254E-08, 1.0195153E+00, 9.209184E-02
2.716817E-08, 1.0193877E+00, 9.210459E-02
2.718379E-08, 1.0196428E+00, 9.213010E-02
2.719942E-08, 1.0200255E+00, 9.215561E-02
2.721504E-08, 1.0207908E+00, 9.219388E-02
2.723067E-08, 1.0211735E+00, 9.221939E-02
2.724629E-08, 1.0218112E+00, 9.225766E-02
2.726192E-08, 1.0223215E+00, 9.229591E-02
2.727754E-08, 1.0228317E+00, 9.234694E-02
2.729317E-08, 1.0230868E+00, 9.235969E-02
2.730879E-08, 1.0234693E+00, 9.238520E-02
2.732442E-08, 1.0237244E+00, 9.238520E-02
2.734004E-08, 1.0239795E+00, 9.239796E-02
2.735567E-08, 1.0239795E+00, 9.237245E-02
2.737129E-08, 1.0239795E+00, 9.235969E-02
2.738692E-08, 1.0238520E+00, 9.233418E-02
2.740254E-08, 1.0235969E+00, 9.233418E-02
2.741817E-08, 1.0228317E+00, 9.229591E-02
2.743379E-08, 1.0220664E+00, 9.225766E-02
2.744942E-08, 1.0211735E+00, 9.221939E-02
2.746504E-08, 1.0202806E+00, 9.216837E-02
2.748067E-08, 1.0190051E+00, 9.209184E-02
2.749629E-08, 1.0179847E+00, 9.202806E-02
2.751192E-08, 1.0170919E+00, 9.195153E-02
2.752754E-08, 1.0163265E+00, 9.188776E-02
2.754317E-08, 1.0154337E+00, 9.181122E-02
2.755879E-08, 1.0146683E+00, 9.176020E-02
2.757442E-08, 1.0140306E+00, 9.172194E-02
2.759004E-08, 1.0136479E+00, 9.170918E-02
2.760567E-08, 1.0131377E+00, 9.169643E-02
2.762129E-08, 1.0127552E+00, 9.170918E-02
2.763692E-08, 1.0126276E+00, 9.173469E-02
2.765254E-08, 1.0127552E+00, 9.178571E-02
2.766817E-08, 1.0127552E+00, 9.184949E-02
2.768379E-08, 1.0128827E+00, 9.192602E-02
2.769942E-08, 1.0132653E+00, 9.204081E-02
2.771504E-08, 1.0137755E+00, 9.216837E-02
2.773067E-08, 1.0140306E+00, 9.230867E-02
2.774629E-08, 1.0144132E+00, 9.247449E-02
2.776192E-08, 1.0147959E+00, 9.265306E-02
2.777754E-08, 1.0153061E+00, 9.285714E-02
2.779317E-08, 1.0154337E+00, 9.303571E-02
2.780879E-08, 1.0156888E+00, 9.321429E-02
2.782442E-08, 1.0158163E+00, 9.340561E-02
2.784004E-08, 1.0159439E+00, 9.358419E-02
2.785567E-08, 1.0156888E+00, 9.373724E-02
2.787129E-08, 1.0153061E+00, 9.386480E-02
2.788692E-08, 1.0147959E+00, 9.397959E-02
2.790254E-08, 1.0141581E+00, 9.406888E-02
2.791817E-08, 1.0132653E+00, 9.409439E-02
2.793379E-08, 1.0123725E+00, 9.408163E-02
2.794942E-08, 1.0116072E+00, 9.404337E-02
2.796504E-08, 1.0110970E+00, 9.396683E-02
2.798067E-08, 1.0105867E+00, 9.382653E-02
2.799629E-08, 1.0103316E+00, 9.367347E-02
2.801192E-08, 1.0103316E+00, 9.349490E-02
2.802754E-08, 1.0105867E+00, 9.332908E-02
2.804317E-08, 1.0107143E+00, 9.312500E-02
2.805879E-08, 1.0110970E+00, 9.293368E-02
2.807442E-08, 1.0116072E+00, 9.274235E-02
2.809004E-08, 1.0123725E+00, 9.258929E-02
2.810567E-08, 1.0130103E+00, 9.241071E-02
2.812129E-08, 1.0139030E+00, 9.225766E-02
2.813692E-08, 1.0149235E+00, 9.211735E-02
2.815254E-08, 1.0163265E+00, 9.201530E-02
2.816817E-08, 1.0176021E+00, 9.191327E-02
2.818379E-08, 1.0192602E+00, 9.184949E-02
2.819942E-08, 1.0210459E+00, 9.182398E-02
2.821504E-08, 1.0229592E+00, 9.186225E-02
2.823067E-08, 1.0246173E+00, 9.192602E-02
2.824629E-08, 1.0262755E+00, 9.205357E-02
2.826192E-08, 1.0278062E+00, 9.221939E-02
2.827754E-08, 1.0292091E+00, 9.244898E-02
2.829317E-08, 1.0299745E+00, 9.267857E-02
2.830879E-08, 1.0307398E+00, 9.294643E-02
2.832442E-08, 1.0311224E+00, 9.322704E-02
2.834004E-08, 1.0313776E+00, 9.352041E-02
2.835567E-08, 1.0312500E+00, 9.377551E-02
2.837129E-08, 1.0309949E+00, 9.404337E-02
2.838692E-08, 1.0306122E+00, 9.428571E-02
2.840254E-08, 1.0302296E+00, 9.451531E-02
2.841817E-08, 1.0294642E+00, 9.469388E-02
2.843379E-08, 1.0285715E+00, 9.485970E-02
2.844942E-08, 1.0274235E+00, 9.500000E-02
2.846504E-08, 1.0264031E+00, 9.511480E-02
2.848067E-08, 1.0248724E+00, 9.516582E-02
2.849629E-08, 1.0235969E+00, 9.517857E-02
2.851192E-08, 1.0223215E+00, 9.514031E-02
2.852754E-08, 1.0213010E+00, 9.506378E-02
2.854317E-08, 1.0200255E+00, 9.492347E-02
2.855879E-08, 1.0192602E+00, 9.474490E-02
2.857442E-08, 1.0184948E+00, 9.455357E-02
2.859004E-08, 1.0181123E+00, 9.433673E-02
2.860567E-08, 1.0177296E+00, 9.408163E-02
2.862129E-08, 1.0176021E+00, 9.383929E-02
2.863692E-08, 1.0176021E+00, 9.358419E-02
2.865254E-08, 1.0181123E+00, 9.334183E-02
2.866817E-08, 1.0184948E+00, 9.307398E-02
2.868379E-08, 1.0193877E+00, 9.284439E-02
2.869942E-08, 1.0204082E+00, 9.262755E-02
2.871504E-08, 1.0218112E+00, 9.246174E-02
2.873067E-08, 1.0229592E+00, 9.229591E-02
2.874629E-08, 1.0244898E+00, 9.219388E-02
2.876192E-08, 1.0258929E+00, 9.213010E-02
2.877754E-08, 1.0274235E+00, 9.211735E-02
2.879317E-08, 1.0286989E+00, 9.214286E-02
2.880879E-08, 1.0298469E+00, 9.220663E-02
2.882442E-08, 1.0308673E+00, 9.229591E-02
2.884004E-08, 1.0317602E+00, 9.243622E-02
2.885567E-08, 1.0322704E+00, 9.257653E-02
2.887129E-08, 1.0326531E+00, 9.274235E-02
2.888692E-08, 1.0327806E+00, 9.292092E-02
2.890254E-08, 1.0327806E+00, 9.311225E-02
2.891817E-08, 1.0323980E+00, 9.329081E-02
2.893379E-08, 1.0317602E+00, 9.348214E-02
2.894942E-08, 1.0309949E+00, 9.364796E-02
2.896504E-08, 1.0301020E+00, 9.381378E-02
2.898067E-08, 1.0286989E+00, 9.394132E-02
2.899629E-08, 1.0271684E+00, 9.404337E-02
2.901192E-08, 1.0255102E+00, 9.411990E-02
2.902754E-08, 1.0237244E+00, 9.418368E-02
2.904317E-08, 1.0215561E+00, 9.417092E-02
2.905879E-08, 1.0195153E+00, 9.414541E-02
2.907442E-08, 1.0174745E+00, 9.408163E-02
2.909004E-08, 1.0156888E+00, 9.397959E-02
2.910567E-08, 1.0137755E+00, 9.382653E-02
2.912129E-08, 1.0122449E+00, 9.364796E-02
2.913692E-08, 1.0108418E+00, 9.343112E-02
2.915254E-08, 1.0099490E+00, 9.322704E-02
2.916817E-08, 1.0091836E+00, 9.297194E-02
2.918379E-08, 1.0086734E+00, 9.274235E-02
2.919942E-08, 1.0082908E+00, 9.251276E-02
2.921504E-08, 1.0082908E+00, 9.230867E-02
2.923067E-08, 1.0081632E+00, 9.209184E-02
2.924629E-08, 1.0084183E+00, 9.190051E-02
2.926192E-08, 1.0088010E+00, 9.172194E-02
2.927754E-08, 1.0096939E+00, 9.155612E-02
2.929317E-08, 1.0104592E+00, 9.137755E-02
2.930879E-08, 1.0116072E+00, 9.123725E-02
2.932442E-08, 1.0128827E+00, 9.110969E-02
2.934004E-08, 1.0144132E+00, 9.102041E-02
2.935567E-08, 1.0156888E+00, 9.094388E-02
2.937129E-08, 1.0169643E+00, 9.090561E-02
2.938692E-08, 1.0179847E+00, 9.089286E-02
2.940254E-08, 1.0190051E+00, 9.091837E-02
2.941817E-08, 1.0195153E+00, 9.093112E-02
2.943379E-08, 1.0200255E+00, 9.095664E-02
2.944942E-08, 1.0204082E+00, 9.098215E-02
2.946504E-08, 1.0209184E+00, 9.102041E-02
2.948067E-08, 1.0210459E+00, 9.103316E-02
2.949629E-08, 1.0211735E+00, 9.104592E-02
2.951192E-08, 1.0213010E+00, 9.107143E-02
2.952754E-08, 1.0213010E+00, 9.110969E-02
2.954317E-08, 1.0209184E+00, 9.114796E-02
2.955879E-08, 1.0205357E+00, 9.119898E-02
2.957442E-08, 1.0198979E+00, 9.125000E-02
2.959004E-08, 1.0193877E+00, 9.130102E-02
2.960567E-08, 1.0184948E+00, 9.133928E-02
2.962129E-08, 1.0178572E+00, 9.137755E-02
2.963692E-08, 1.0170919E+00, 9.141582E-02
2.965254E-08, 1.0167092E+00, 9.145408E-02
2.966817E-08, 1.0160714E+00, 9.147959E-02
2.968379E-08, 1.0158163E+00, 9.153061E-02
2.969942E-08, 1.0154337E+00, 9.159439E-02
2.971504E-08, 1.0153061E+00, 9.168367E-02
2.973067E-08, 1.0150510E+00, 9.176020E-02
2.974629E-08, 1.0147959E+00, 9.187500E-02
2.976192E-08, 1.0145408E+00, 9.198979E-02
2.977754E-08, 1.0144132E+00, 9.213010E-02
2.979317E-08, 1.0141581E+00, 9.224490E-02
2.980879E-08, 1.0140306E+00, 9.238520E-02
2.982442E-08, 1.0141581E+00, 9.251276E-02
2.984004E-08, 1.0144132E+00, 9.266581E-02
2.985567E-08, 1.0145408E+00, 9.279337E-02
2.987129E-08, 1.0149235E+00, 9.294643E-02
2.988692E-08, 1.0151786E+00, 9.311225E-02
2.990254E-08, 1.0155612E+00, 9.329081E-02
2.991817E-08, 1.0155612E+00, 9.345663E-02
2.993379E-08, 1.0155612E+00, 9.363520E-02
2.994942E-08, 1.0154337E+00, 9.380102E-02
2.996504E-08, 1.0151786E+00, 9.395408E-02
2.998067E-08, 1.0147959E+00, 9.406888E-02
2.999629E-08, 1.0144132E+00, 9.417092E-02
3.001192E-08, 1.0140306E+00, 9.424745E-02
3.002754E-08, 1.0140306E+00, 9.431122E-02
3.004317E-08, 1.0137755E+00, 9.432398E-02
3.005879E-08, 1.0137755E+00, 9.434949E-02
3.007442E-08, 1.0139030E+00, 9.434949E-02
3.009004E-08, 1.0141581E+00, 9.436224E-02
3.010567E-08, 1.0141581E+00, 9.434949E-02
3.012129E-08, 1.0144132E+00, 9.432398E-02
3.013692E-08, 1.0146683E+00, 9.428571E-02
3.015254E-08, 1.0150510E+00, 9.424745E-02
3.016817E-08, 1.0153061E+00, 9.418368E-02
3.018379E-08, 1.0158163E+00, 9.410714E-02
3.019942E-08, 1.0164541E+00, 9.401786E-02
3.021504E-08, 1.0173470E+00, 9.394132E-02
3.023067E-08, 1.0178572E+00, 9.383929E-02
3.024629E-08, 1.0186224E+00, 9.376276E-02
3.026192E-08, 1.0192602E+00, 9.368622E-02
3.027754E-08, 1.0198979E+00, 9.363520E-02
3.029317E-08, 1.0204082E+00, 9.355868E-02
3.030879E-08, 1.0207908E+00, 9.349490E-02
3.032442E-08, 1.0211735E+00, 9.343112E-02
3.034004E-08, 1.0216837E+00, 9.338010E-02
3.035567E-08, 1.0219388E+00, 9.331632E-02
3.037129E-08, 1.0221939E+00, 9.327806E-02
3.038692E-08, 1.0223215E+00, 9.323980E-02
3.040254E-08, 1.0223215E+00, 9.323980E-02
3.041817E-08, 1.0220664E+00, 9.321429E-02
3.043379E-08, 1.0216837E+00, 9.321429E-02
3.044942E-08, 1.0211735E+00, 9.321429E-02
3.046504E-08, 1.0206633E+00, 9.322704E-02
3.048067E-08, 1.0198979E+00, 9.322704E-02
3.049629E-08, 1.0192602E+00, 9.322704E-02
3.051192E-08, 1.0186224E+00, 9.321429E-02
3.052754E-08, 1.0181123E+00, 9.322704E-02
3.054317E-08, 1.0173470E+00, 9.321429E-02
3.055879E-08, 1.0167092E+00, 9.322704E-02
3.057442E-08, 1.0160714E+00, 9.323980E-02
3.059004E-08, 1.0155612E+00, 9.327806E-02
3.060567E-08, 1.0147959E+00, 9.327806E-02
3.062129E-08, 1.0142857E+00, 9.330357E-02
3.063692E-08, 1.0139030E+00, 9.331632E-02
3.065254E-08, 1.0137755E+00, 9.332908E-02
3.066817E-08, 1.0135204E+00, 9.332908E-02
3.068379E-08, 1.0133928E+00, 9.334183E-02
3.069942E-08, 1.0133928E+00, 9.336735E-02
3.071504E-08, 1.0133928E+00, 9.339286E-02
3.073067E-08, 1.0132653E+00, 9.341837E-02
3.074629E-08, 1.0130103E+00, 9.345663E-02
3.076192E-08, 1.0127552E+00, 9.349490E-02
3.077754E-08, 1.0126276E+00, 9.353317E-02
3.079317E-08, 1.0122449E+00, 9.354592E-02
3.080879E-08, 1.0121174E+00, 9.355868E-02
3.082442E-08, 1.0121174E+00, 9.357143E-02
3.084004E-08, 1.0122449E+00, 9.358419E-02
3.085567E-08, 1.0122449E+00, 9.358419E-02
3.087129E-08, 1.0122449E+00, 9.358419E-02
3.088692E-08, 1.0123725E+00, 9.359694E-02
3.090254E-08, 1.0125000E+00, 9.360969E-02
3.091817E-08, 1.0122449E+00, 9.359694E-02
3.093379E-08, 1.0122449E+00, 9.358419E-02
3.094942E-08, 1.0122449E+00, 9.354592E-02
3.096504E-08, 1.0125000E+00, 9.349490E-02
3.098067E-08, 1.0126276E+00, 9.340561E-02
3.099629E-08, 1.0131377E+00, 9.330357E-02
3.101192E-08, 1.0137755E+00, 9.318878E-02
3.102754E-08, 1.0146683E+00, 9.306122E-02
3.104317E-08, 1.0154337E+00, 9.292092E-02
3.105879E-08, 1.0163265E+00, 9.278061E-02
3.107442E-08, 1.0172194E+00, 9.262755E-02
3.109004E-08, 1.0183673E+00, 9.248725E-02
3.110567E-08, 1.0192602E+00, 9.230867E-02
3.112129E-08, 1.0205357E+00, 9.214286E-02
3.113692E-08, 1.0218112E+00, 9.196428E-02
3.115254E-08, 1.0232143E+00, 9.178571E-02
3.116817E-08, 1.0244898E+00, 9.160715E-02
3.118379E-08, 1.0257653E+00, 9.145408E-02
3.119942E-08, 1.0269133E+00, 9.132653E-02
3.121504E-08, 1.0279337E+00, 9.123725E-02
3.123067E-08, 1.0285715E+00, 9.116071E-02
3.124629E-08, 1.0293367E+00, 9.110969E-02
3.126192E-08, 1.0298469E+00, 9.108418E-02
3.127754E-08, 1.0306122E+00, 9.109694E-02
3.129317E-08, 1.0309949E+00, 9.110969E-02
3.130879E-08, 1.0315051E+00, 9.117347E-02
3.132442E-08, 1.0320153E+00, 9.127551E-02
3.134004E-08, 1.0322704E+00, 9.142857E-02
3.135567E-08, 1.0321429E+00, 9.161990E-02
3.137129E-08, 1.0320153E+00, 9.184949E-02
3.138692E-08, 1.0315051E+00, 9.210459E-02
3.140254E-08, 1.0311224E+00, 9.238520E-02
3.141817E-08, 1.0304847E+00, 9.265306E-02
3.143379E-08, 1.0301020E+00, 9.293368E-02
3.144942E-08, 1.0298469E+00, 9.320153E-02
3.146504E-08, 1.0297194E+00, 9.348214E-02
3.148067E-08, 1.0294642E+00, 9.373724E-02
3.149629E-08, 1.0294642E+00, 9.399235E-02
3.151192E-08, 1.0295918E+00, 9.423470E-02
3.152754E-08, 1.0297194E+00, 9.446429E-02
3.154317E-08, 1.0297194E+00, 9.465561E-02
3.155879E-08, 1.0298469E+00, 9.482143E-02
3.157442E-08, 1.0302296E+00, 9.493622E-02
3.159004E-08, 1.0307398E+00, 9.501275E-02
3.160567E-08, 1.0312500E+00, 9.503826E-02
3.162129E-08, 1.0318878E+00, 9.502551E-02
3.163692E-08, 1.0325255E+00, 9.497449E-02
3.165254E-08, 1.0331633E+00, 9.491071E-02
3.166817E-08, 1.0334184E+00, 9.479592E-02
3.168379E-08, 1.0335460E+00, 9.466837E-02
3.169942E-08, 1.0334184E+00, 9.450255E-02
3.171504E-08, 1.0332909E+00, 9.433673E-02
3.173067E-08, 1.0326531E+00, 9.411990E-02
3.174629E-08, 1.0318878E+00, 9.390306E-02
3.176192E-08, 1.0309949E+00, 9.367347E-02
3.177754E-08, 1.0299745E+00, 9.344388E-02
3.179317E-08, 1.0285715E+00, 9.320153E-02
3.180879E-08, 1.0271684E+00, 9.299745E-02
3.182442E-08, 1.0255102E+00, 9.280612E-02
3.184004E-08, 1.0238520E+00, 9.265306E-02
3.185567E-08, 1.0218112E+00, 9.251276E-02
3.187129E-08, 1.0197704E+00, 9.241071E-02
3.188692E-08, 1.0178572E+00, 9.234694E-02
3.190254E-08, 1.0159439E+00, 9.232143E-02
3.191817E-08, 1.0139030E+00, 9.230867E-02
3.193379E-08, 1.0119898E+00, 9.233418E-02
3.194942E-08, 1.0104592E+00, 9.239796E-02
3.196504E-08, 1.0091836E+00, 9.247449E-02
3.198067E-08, 1.0079081E+00, 9.256378E-02
3.199629E-08, 1.0072705E+00, 9.266581E-02
3.201192E-08, 1.0068878E+00, 9.278061E-02
3.202754E-08, 1.0070153E+00, 9.290817E-02
3.204317E-08, 1.0072705E+00, 9.301020E-02
3.205879E-08, 1.0080357E+00, 9.313776E-02
3.207442E-08, 1.0089285E+00, 9.323980E-02
3.209004E-08, 1.0103316E+00, 9.334183E-02
3.210567E-08, 1.0114796E+00, 9.340561E-02
3.212129E-08, 1.0130103E+00, 9.345663E-02
3.213692E-08, 1.0147959E+00, 9.348214E-02
3.215254E-08, 1.0167092E+00, 9.348214E-02
3.216817E-08, 1.0184948E+00, 9.341837E-02
3.218379E-08, 1.0204082E+00, 9.334183E-02
3.219942E-08, 1.0223215E+00, 9.323980E-02
3.221504E-08, 1.0242347E+00, 9.313776E-02
3.223067E-08, 1.0256377E+00, 9.298469E-02
3.224629E-08, 1.0269133E+00, 9.284439E-02
3.226192E-08, 1.0279337E+00, 9.269132E-02
3.227754E-08, 1.0286989E+00, 9.253827E-02
3.229317E-08, 1.0289540E+00, 9.235969E-02
3.230879E-08, 1.0289540E+00, 9.219388E-02
3.232442E-08, 1.0285715E+00, 9.204081E-02
3.234004E-08, 1.0281888E+00, 9.188776E-02
3.235567E-08, 1.0272959E+00, 9.173469E-02
3.237129E-08, 1.0262755E+00, 9.160715E-02
3.238692E-08, 1.0250000E+00, 9.150510E-02
3.240254E-08, 1.0238520E+00, 9.144133E-02
3.241817E-08, 1.0223215E+00, 9.137755E-02
3.243379E-08, 1.0209184E+00, 9.136479E-02
3.244942E-08, 1.0196428E+00, 9.136479E-02
3.246504E-08, 1.0184948E+00, 9.141582E-02
3.248067E-08, 1.0172194E+00, 9.144133E-02
3.249629E-08, 1.0161990E+00, 9.151786E-02
3.251192E-08, 1.0153061E+00, 9.159439E-02
3.252754E-08, 1.0147959E+00, 9.169643E-02
3.254317E-08, 1.0141581E+00, 9.177296E-02
3.255879E-08, 1.0140306E+00, 9.184949E-02
3.257442E-08, 1.0140306E+00, 9.192602E-02
3.259004E-08, 1.0144132E+00, 9.200255E-02
3.260567E-08, 1.0149235E+00, 9.202806E-02
3.262129E-08, 1.0156888E+00, 9.204081E-02
3.263692E-08, 1.0167092E+00, 9.204081E-02
3.265254E-08, 1.0178572E+00, 9.202806E-02
3.266817E-08, 1.0186224E+00, 9.197704E-02
3.268379E-08, 1.0193877E+00, 9.192602E-02
3.269942E-08, 1.0200255E+00, 9.183674E-02
3.271504E-08, 1.0206633E+00, 9.173469E-02
3.273067E-08, 1.0209184E+00, 9.158164E-02
3.274629E-08, 1.0211735E+00, 9.141582E-02
3.276192E-08, 1.0215561E+00, 9.122449E-02
3.277754E-08, 1.0219388E+00, 9.103316E-02
3.279317E-08, 1.0219388E+00, 9.081633E-02
3.280879E-08, 1.0220664E+00, 9.063776E-02
3.282442E-08, 1.0220664E+00, 9.048469E-02
3.284004E-08, 1.0219388E+00, 9.036990E-02
3.285567E-08, 1.0213010E+00, 9.028061E-02
3.287129E-08, 1.0206633E+00, 9.024235E-02
3.288692E-08, 1.0200255E+00, 9.024235E-02
3.290254E-08, 1.0193877E+00, 9.028061E-02
3.291817E-08, 1.0184948E+00, 9.034438E-02
3.293379E-08, 1.0178572E+00, 9.045918E-02
3.294942E-08, 1.0173470E+00, 9.059949E-02
3.296504E-08, 1.0169643E+00, 9.080357E-02
3.298067E-08, 1.0165817E+00, 9.103316E-02
3.299629E-08, 1.0163265E+00, 9.130102E-02
3.301192E-08, 1.0161990E+00, 9.160715E-02
3.302754E-08, 1.0163265E+00, 9.195153E-02
3.304317E-08, 1.0161990E+00, 9.228317E-02
3.305879E-08, 1.0161990E+00, 9.262755E-02
3.307442E-08, 1.0163265E+00, 9.297194E-02
3.309004E-08, 1.0165817E+00, 9.330357E-02
3.310567E-08, 1.0167092E+00, 9.358419E-02
3.312129E-08, 1.0168368E+00, 9.385204E-02
3.313692E-08, 1.0169643E+00, 9.408163E-02
3.315254E-08, 1.0172194E+00, 9.427296E-02
3.316817E-08, 1.0170919E+00, 9.440051E-02
3.318379E-08, 1.0169643E+00, 9.448980E-02
3.319942E-08, 1.0168368E+00, 9.452806E-02
3.321504E-08, 1.0167092E+00, 9.452806E-02
3.323067E-08, 1.0160714E+00, 9.447704E-02
3.324629E-08, 1.0154337E+00, 9.438775E-02
3.326192E-08, 1.0145408E+00, 9.426020E-02
3.327754E-08, 1.0136479E+00, 9.411990E-02
3.329317E-08, 1.0123725E+00, 9.392857E-02
3.330879E-08, 1.0110970E+00, 9.372449E-02
3.332442E-08, 1.0099490E+00, 9.350765E-02
3.334004E-08, 1.0089285E+00, 9.329081E-02
3.335567E-08, 1.0077807E+00, 9.306122E-02
3.337129E-08, 1.0067602E+00, 9.286990E-02
3.338692E-08, 1.0059949E+00, 9.269132E-02
3.340254E-08, 1.0053571E+00, 9.256378E-02
3.341817E-08, 1.0045918E+00, 9.244898E-02
3.343379E-08, 1.0040816E+00, 9.237245E-02
3.344942E-08, 1.0038265E+00, 9.233418E-02
3.346504E-08, 1.0039541E+00, 9.232143E-02
3.348067E-08, 1.0040816E+00, 9.233418E-02
3.349629E-08, 1.0047194E+00, 9.237245E-02
3.351192E-08, 1.0057398E+00, 9.242347E-02
3.352754E-08, 1.0071429E+00, 9.252551E-02
3.354317E-08, 1.0085459E+00, 9.261479E-02
3.355879E-08, 1.0102041E+00, 9.272959E-02
3.357442E-08, 1.0119898E+00, 9.284439E-02
3.359004E-08, 1.0139030E+00, 9.298469E-02
3.360567E-08, 1.0154337E+00, 9.307398E-02
3.362129E-08, 1.0172194E+00, 9.315051E-02
3.363692E-08, 1.0188775E+00, 9.318878E-02
3.365254E-08, 1.0206633E+00, 9.320153E-02
3.366817E-08, 1.0221939E+00, 9.316327E-02
3.368379E-08, 1.0237244E+00, 9.308673E-02
3.369942E-08, 1.0250000E+00, 9.297194E-02
3.371504E-08, 1.0262755E+00, 9.284439E-02
3.373067E-08, 1.0270408E+00, 9.267857E-02
3.374629E-08, 1.0275511E+00, 9.248725E-02
3.376192E-08, 1.0278062E+00, 9.227041E-02
3.377754E-08, 1.0280613E+00, 9.205357E-02
3.379317E-08, 1.0278062E+00, 9.179847E-02
3.380879E-08, 1.0275511E+00, 9.155612E-02
3.382442E-08, 1.0271684E+00, 9.130102E-02
3.384004E-08, 1.0267857E+00, 9.108418E-02
3.385567E-08, 1.0261480E+00, 9.086735E-02
3.387129E-08, 1.0255102E+00, 9.067602E-02
3.388692E-08, 1.0248724E+00, 9.053572E-02
3.390254E-08, 1.0242347E+00, 9.043367E-02
3.391817E-08, 1.0234693E+00, 9.034438E-02
3.393379E-08, 1.0229592E+00, 9.030613E-02
3.394942E-08, 1.0227041E+00, 9.028061E-02
3.396504E-08, 1.0228317E+00, 9.030613E-02
3.398067E-08, 1.0228317E+00, 9.033164E-02
3.399629E-08, 1.0233419E+00, 9.040816E-02
3.401192E-08, 1.0238520E+00, 9.051020E-02
3.402754E-08, 1.0247449E+00, 9.066326E-02
3.404317E-08, 1.0255102E+00, 9.080357E-02
3.405879E-08, 1.0265306E+00, 9.096939E-02
3.407442E-08, 1.0275511E+00, 9.113520E-02
3.409004E-08, 1.0289540E+00, 9.130102E-02
3.410567E-08, 1.0301020E+00, 9.144133E-02
3.412129E-08, 1.0315051E+00, 9.156888E-02
3.413692E-08, 1.0327806E+00, 9.169643E-02
3.415254E-08, 1.0341836E+00, 9.182398E-02
3.416817E-08, 1.0350765E+00, 9.191327E-02
3.418379E-08, 1.0358418E+00, 9.202806E-02
3.419942E-08, 1.0363520E+00, 9.211735E-02
3.421504E-08, 1.0366071E+00, 9.220663E-02
3.423067E-08, 1.0363520E+00, 9.225766E-02
3.424629E-08, 1.0358418E+00, 9.230867E-02
3.426192E-08, 1.0350765E+00, 9.235969E-02
3.427754E-08, 1.0341836E+00, 9.241071E-02
3.429317E-08, 1.0326531E+00, 9.244898E-02
3.430879E-08, 1.0308673E+00, 9.250000E-02
3.432442E-08, 1.0288265E+00, 9.257653E-02
3.434004E-08, 1.0265306E+00, 9.267857E-02
3.435567E-08, 1.0238520E+00, 9.276786E-02
3.437129E-08, 1.0211735E+00, 9.286990E-02
3.438692E-08, 1.0184948E+00, 9.298469E-02
3.440254E-08, 1.0160714E+00, 9.309949E-02
3.441817E-08, 1.0136479E+00, 9.321429E-02
3.443379E-08, 1.0113521E+00, 9.332908E-02
3.444942E-08, 1.0093112E+00, 9.346939E-02
3.446504E-08, 1.0076531E+00, 9.360969E-02
3.448067E-08, 1.0059949E+00, 9.373724E-02
3.449629E-08, 1.0047194E+00, 9.385204E-02
3.451192E-08, 1.0036989E+00, 9.395408E-02
3.452754E-08, 1.0031887E+00, 9.404337E-02
3.454317E-08, 1.0029336E+00, 9.406888E-02
3.455879E-08, 1.0033163E+00, 9.408163E-02
3.457442E-08, 1.0042092E+00, 9.404337E-02
3.459004E-08, 1.0057398E+00, 9.399235E-02
3.460567E-08, 1.0075256E+00, 9.389031E-02
3.462129E-08, 1.0096939E+00, 9.377551E-02
3.463692E-08, 1.0122449E+00, 9.364796E-02
3.465254E-08, 1.0150510E+00, 9.352041E-02
3.466817E-08, 1.0179847E+00, 9.335459E-02
3.468379E-08, 1.0210459E+00, 9.320153E-02
3.469942E-08, 1.0241071E+00, 9.303571E-02
3.471504E-08, 1.0274235E+00, 9.289541E-02
3.473067E-08, 1.0303571E+00, 9.272959E-02
3.474629E-08, 1.0334184E+00, 9.258929E-02
3.476192E-08, 1.0362245E+00, 9.246174E-02
3.477754E-08, 1.0390307E+00, 9.238520E-02
3.479317E-08, 1.0411990E+00, 9.230867E-02
3.480879E-08, 1.0432398E+00, 9.228317E-02
3.482442E-08, 1.0448979E+00, 9.228317E-02
3.484004E-08, 1.0464286E+00, 9.234694E-02
3.485567E-08, 1.0471939E+00, 9.241071E-02
3.487129E-08, 1.0477041E+00, 9.252551E-02
3.488692E-08, 1.0478317E+00, 9.266581E-02
3.490254E-08, 1.0478317E+00, 9.284439E-02
3.491817E-08, 1.0471939E+00, 9.302296E-02
3.493379E-08, 1.0463010E+00, 9.323980E-02
3.494942E-08, 1.0452806E+00, 9.345663E-02
3.496504E-08, 1.0440052E+00, 9.369898E-02
3.498067E-08, 1.0423470E+00, 9.391581E-02
3.499629E-08, 1.0405612E+00, 9.413265E-02
3.501192E-08, 1.0386480E+00, 9.434949E-02
3.502754E-08, 1.0367347E+00, 9.454082E-02
3.504317E-08, 1.0344387E+00, 9.469388E-02
3.505879E-08, 1.0322704E+00, 9.483419E-02
3.507442E-08, 1.0301020E+00, 9.493622E-02
3.509004E-08, 1.0280613E+00, 9.501275E-02
3.510567E-08, 1.0258929E+00, 9.503826E-02
3.512129E-08, 1.0237244E+00, 9.505102E-02
3.513692E-08, 1.0216837E+00, 9.502551E-02
3.515254E-08, 1.0198979E+00, 9.497449E-02
3.516817E-08, 1.0178572E+00, 9.487245E-02
3.518379E-08, 1.0161990E+00, 9.475765E-02
3.519942E-08, 1.0146683E+00, 9.460459E-02
3.521504E-08, 1.0135204E+00, 9.445153E-02
3.523067E-08, 1.0123725E+00, 9.426020E-02
3.524629E-08, 1.0116072E+00, 9.406888E-02
3.526192E-08, 1.0112245E+00, 9.386480E-02
3.527754E-08, 1.0112245E+00, 9.368622E-02
3.529317E-08, 1.0112245E+00, 9.349490E-02
3.530879E-08, 1.0117347E+00, 9.332908E-02
3.532442E-08, 1.0123725E+00, 9.317602E-02
3.534004E-08, 1.0133928E+00, 9.304847E-02
3.535567E-08, 1.0144132E+00, 9.292092E-02
3.537129E-08, 1.0156888E+00, 9.281888E-02
3.538692E-08, 1.0170919E+00, 9.274235E-02
3.540254E-08, 1.0187500E+00, 9.269132E-02
3.541817E-08, 1.0201530E+00, 9.264030E-02
3.543379E-08, 1.0216837E+00, 9.260204E-02
3.544942E-08, 1.0233419E+00, 9.258929E-02
3.546504E-08, 1.0251275E+00, 9.260204E-02
3.548067E-08, 1.0265306E+00, 9.258929E-02
3.549629E-08, 1.0280613E+00, 9.261479E-02
3.551192E-08, 1.0294642E+00, 9.265306E-02
3.552754E-08, 1.0309949E+00, 9.270408E-02
3.554317E-08, 1.0318878E+00, 9.275510E-02
3.555879E-08, 1.0326531E+00, 9.283163E-02
3.557442E-08, 1.0330358E+00, 9.293368E-02
3.559004E-08, 1.0331633E+00, 9.304847E-02
3.560567E-08, 1.0326531E+00, 9.313776E-02
3.562129E-08, 1.0318878E+00, 9.325255E-02
3.563692E-08, 1.0308673E+00, 9.336735E-02
3.565254E-08, 1.0297194E+00, 9.348214E-02
3.566817E-08, 1.0283164E+00, 9.357143E-02
3.568379E-08, 1.0267857E+00, 9.367347E-02
3.569942E-08, 1.0252551E+00, 9.376276E-02
3.571504E-08, 1.0238520E+00, 9.389031E-02
3.573067E-08, 1.0219388E+00, 9.399235E-02
3.574629E-08, 1.0202806E+00, 9.411990E-02
3.576192E-08, 1.0184948E+00, 9.424745E-02
3.577754E-08, 1.0169643E+00, 9.437500E-02
3.579317E-08, 1.0153061E+00, 9.447704E-02
3.580879E-08, 1.0141581E+00, 9.457908E-02
3.582442E-08, 1.0132653E+00, 9.465561E-02
3.584004E-08, 1.0128827E+00, 9.473214E-02
3.585567E-08, 1.0126276E+00, 9.477041E-02
3.587129E-08, 1.0127552E+00, 9.479592E-02
3.588692E-08, 1.0131377E+00, 9.482143E-02
3.590254E-08, 1.0137755E+00, 9.484694E-02
3.591817E-08, 1.0142857E+00, 9.482143E-02
3.593379E-08, 1.0150510E+00, 9.479592E-02
3.594942E-08, 1.0159439E+00, 9.471939E-02
3.596504E-08, 1.0172194E+00, 9.463010E-02
3.598067E-08, 1.0183673E+00, 9.447704E-02
3.599629E-08, 1.0198979E+00, 9.428571E-02
3.601192E-08, 1.0214286E+00, 9.408163E-02
3.602754E-08, 1.0232143E+00, 9.387755E-02
3.604317E-08, 1.0244898E+00, 9.363520E-02
3.605879E-08, 1.0256377E+00, 9.340561E-02
3.607442E-08, 1.0264031E+00, 9.317602E-02
3.609004E-08, 1.0270408E+00, 9.297194E-02
3.610567E-08, 1.0271684E+00, 9.272959E-02
3.612129E-08, 1.0271684E+00, 9.251276E-02
3.613692E-08, 1.0270408E+00, 9.228317E-02
3.615254E-08, 1.0267857E+00, 9.207908E-02
3.616817E-08, 1.0261480E+00, 9.187500E-02
3.618379E-08, 1.0255102E+00, 9.170918E-02
3.619942E-08, 1.0246173E+00, 9.158164E-02
3.621504E-08, 1.0237244E+00, 9.151786E-02
3.623067E-08, 1.0223215E+00, 9.145408E-02
3.624629E-08, 1.0210459E+00, 9.145408E-02
3.626192E-08, 1.0197704E+00, 9.147959E-02
3.627754E-08, 1.0186224E+00, 9.155612E-02
3.629317E-08, 1.0174745E+00, 9.164540E-02
3.630879E-08, 1.0164541E+00, 9.177296E-02
3.632442E-08, 1.0155612E+00, 9.193878E-02
3.634004E-08, 1.0149235E+00, 9.214286E-02
3.635567E-08, 1.0141581E+00, 9.235969E-02
3.637129E-08, 1.0136479E+00, 9.260204E-02
3.638692E-08, 1.0132653E+00, 9.284439E-02
3.640254E-08, 1.0131377E+00, 9.309949E-02
3.641817E-08, 1.0131377E+00, 9.332908E-02
3.643379E-08, 1.0135204E+00, 9.355868E-02
3.644942E-08, 1.0140306E+00, 9.378827E-02
3.646504E-08, 1.0149235E+00, 9.400510E-02
3.648067E-08, 1.0155612E+00, 9.418368E-02
3.649629E-08, 1.0164541E+00, 9.437500E-02
3.651192E-08, 1.0173470E+00, 9.452806E-02
3.652754E-08, 1.0182397E+00, 9.466837E-02
3.654317E-08, 1.0188775E+00, 9.475765E-02
3.655879E-08, 1.0196428E+00, 9.483419E-02
3.657442E-08, 1.0204082E+00, 9.485970E-02
3.659004E-08, 1.0211735E+00, 9.487245E-02
3.660567E-08, 1.0216837E+00, 9.483419E-02
3.662129E-08, 1.0221939E+00, 9.479592E-02
3.663692E-08, 1.0225766E+00, 9.473214E-02
3.665254E-08, 1.0230868E+00, 9.466837E-02
3.666817E-08, 1.0232143E+00, 9.457908E-02
3.668379E-08, 1.0233419E+00, 9.447704E-02
3.669942E-08, 1.0234693E+00, 9.437500E-02
3.671504E-08, 1.0235969E+00, 9.428571E-02
3.673067E-08, 1.0234693E+00, 9.417092E-02
3.674629E-08, 1.0235969E+00, 9.408163E-02
3.676192E-08, 1.0234693E+00, 9.399235E-02
3.677754E-08, 1.0235969E+00, 9.394132E-02
3.679317E-08, 1.0233419E+00, 9.389031E-02
3.680879E-08, 1.0233419E+00, 9.385204E-02
3.682442E-08, 1.0232143E+00, 9.382653E-02
3.684004E-08, 1.0232143E+00, 9.382653E-02
3.685567E-08, 1.0232143E+00, 9.381378E-02
3.687129E-08, 1.0232143E+00, 9.382653E-02
3.688692E-08, 1.0233419E+00, 9.383929E-02
3.690254E-08, 1.0235969E+00, 9.389031E-02
3.691817E-08, 1.0234693E+00, 9.391581E-02
3.693379E-08, 1.0234693E+00, 9.397959E-02
3.694942E-08, 1.0233419E+00, 9.403061E-02
3.696504E-08, 1.0233419E+00, 9.409439E-02
3.698067E-08, 1.0230868E+00, 9.413265E-02
3.699629E-08, 1.0228317E+00, 9.417092E-02
3.701192E-08, 1.0225766E+00, 9.419643E-02
3.702754E-08, 1.0224490E+00, 9.420919E-02
3.704317E-08, 1.0220664E+00, 9.418368E-02
3.705879E-08, 1.0218112E+00, 9.417092E-02
3.707442E-08, 1.0214286E+00, 9.414541E-02
3.709004E-08, 1.0211735E+00, 9.413265E-02
3.710567E-08, 1.0204082E+00, 9.406888E-02
3.712129E-08, 1.0198979E+00, 9.401786E-02
3.713692E-08, 1.0192602E+00, 9.395408E-02
3.715254E-08, 1.0188775E+00, 9.387755E-02
3.716817E-08, 1.0183673E+00, 9.376276E-02
3.718379E-08, 1.0179847E+00, 9.363520E-02
3.719942E-08, 1.0177296E+00, 9.350765E-02
3.721504E-08, 1.0177296E+00, 9.338010E-02
3.723067E-08, 1.0176021E+00, 9.322704E-02
3.724629E-08, 1.0176021E+00, 9.308673E-02
3.726192E-08, 1.0177296E+00, 9.295918E-02
3.727754E-08, 1.0179847E+00, 9.283163E-02
3.729317E-08, 1.0181123E+00, 9.269132E-02
3.730879E-08, 1.0186224E+00, 9.255102E-02
3.732442E-08, 1.0191326E+00, 9.242347E-02
3.734004E-08, 1.0200255E+00, 9.229591E-02
3.735567E-08, 1.0207908E+00, 9.216837E-02
3.737129E-08, 1.0218112E+00, 9.206633E-02
3.738692E-08, 1.0228317E+00, 9.197704E-02
3.740254E-08, 1.0241071E+00, 9.193878E-02
3.741817E-08, 1.0250000E+00, 9.191327E-02
3.743379E-08, 1.0260204E+00, 9.192602E-02
3.744942E-08, 1.0269133E+00, 9.196428E-02
3.746504E-08, 1.0278062E+00, 9.202806E-02
3.748067E-08, 1.0284439E+00, 9.210459E-02
3.749629E-08, 1.0290816E+00, 9.220663E-02
3.751192E-08, 1.0295918E+00, 9.233418E-02
3.752754E-08, 1.0301020E+00, 9.248725E-02
3.754317E-08, 1.0301020E+00, 9.265306E-02
3.755879E-08, 1.0301020E+00, 9.284439E-02
3.757442E-08, 1.0297194E+00, 9.306122E-02
3.759004E-08, 1.0294642E+00, 9.329081E-02
3.760567E-08, 1.0286989E+00, 9.350765E-02
3.762129E-08, 1.0280613E+00, 9.372449E-02
3.763692E-08, 1.0274235E+00, 9.394132E-02
3.765254E-08, 1.0270408E+00, 9.414541E-02
3.766817E-08, 1.0264031E+00, 9.431122E-02
3.768379E-08, 1.0258929E+00, 9.446429E-02
3.769942E-08, 1.0253826E+00, 9.461734E-02
3.771504E-08, 1.0250000E+00, 9.474490E-02
3.773067E-08, 1.0242347E+00, 9.483419E-02
3.774629E-08, 1.0237244E+00, 9.489796E-02
3.776192E-08, 1.0232143E+00, 9.493622E-02
3.777754E-08, 1.0228317E+00, 9.492347E-02
3.779317E-08, 1.0224490E+00, 9.485970E-02
3.780879E-08, 1.0223215E+00, 9.475765E-02
3.782442E-08, 1.0221939E+00, 9.461734E-02
3.784004E-08, 1.0224490E+00, 9.445153E-02
3.785567E-08, 1.0224490E+00, 9.424745E-02
3.787129E-08, 1.0225766E+00, 9.403061E-02
3.788692E-08, 1.0228317E+00, 9.380102E-02
3.790254E-08, 1.0232143E+00, 9.358419E-02
3.791817E-08, 1.0234693E+00, 9.334183E-02
3.793379E-08, 1.0238520E+00, 9.311225E-02
3.794942E-08, 1.0242347E+00, 9.290817E-02
3.796504E-08, 1.0248724E+00, 9.272959E-02
3.798067E-08, 1.0251275E+00, 9.256378E-02
3.799629E-08, 1.0253826E+00, 9.244898E-02
3.801192E-08, 1.0255102E+00, 9.237245E-02
3.802754E-08, 1.0256377E+00, 9.234694E-02
3.804317E-08, 1.0253826E+00, 9.234694E-02
3.805879E-08, 1.0251275E+00, 9.239796E-02
3.807442E-08, 1.0248724E+00, 9.247449E-02
3.809004E-08, 1.0247449E+00, 9.260204E-02
3.810567E-08, 1.0243622E+00, 9.272959E-02
3.812129E-08, 1.0241071E+00, 9.290817E-02
3.813692E-08, 1.0239795E+00, 9.311225E-02
3.815254E-08, 1.0238520E+00, 9.334183E-02
3.816817E-08, 1.0235969E+00, 9.357143E-02
3.818379E-08, 1.0234693E+00, 9.382653E-02
3.819942E-08, 1.0233419E+00, 9.406888E-02
3.821504E-08, 1.0233419E+00, 9.432398E-02
3.823067E-08, 1.0233419E+00, 9.452806E-02
3.824629E-08, 1.0234693E+00, 9.471939E-02
3.826192E-08, 1.0238520E+00, 9.488521E-02
3.827754E-08, 1.0243622E+00, 9.501275E-02
3.829317E-08, 1.0248724E+00, 9.508929E-02
3.830879E-08, 1.0256377E+00, 9.514031E-02
3.832442E-08, 1.0264031E+00, 9.516582E-02
3.834004E-08, 1.0271684E+00, 9.515306E-02
3.835567E-08, 1.0276786E+00, 9.510204E-02
3.837129E-08, 1.0281888E+00, 9.501275E-02
3.838692E-08, 1.0286989E+00, 9.489796E-02
3.840254E-08, 1.0290816E+00, 9.475765E-02
3.841817E-08, 1.0293367E+00, 9.457908E-02
3.843379E-08, 1.0295918E+00, 9.436224E-02
3.844942E-08, 1.0297194E+00, 9.414541E-02
3.846504E-08, 1.0301020E+00, 9.392857E-02
3.848067E-08, 1.0299745E+00, 9.368622E-02
3.849629E-08, 1.0298469E+00, 9.346939E-02
3.851192E-08, 1.0295918E+00, 9.327806E-02
3.852754E-08, 1.0293367E+00, 9.311225E-02
3.854317E-08, 1.0285715E+00, 9.295918E-02
3.855879E-08, 1.0278062E+00, 9.284439E-02
3.857442E-08, 1.0270408E+00, 9.275510E-02
3.859004E-08, 1.0262755E+00, 9.270408E-02
3.860567E-08, 1.0253826E+00, 9.265306E-02
3.862129E-08, 1.0246173E+00, 9.264030E-02
3.863692E-08, 1.0238520E+00, 9.265306E-02
3.865254E-08, 1.0232143E+00, 9.270408E-02
3.866817E-08, 1.0223215E+00, 9.276786E-02
3.868379E-08, 1.0216837E+00, 9.288266E-02
3.869942E-08, 1.0210459E+00, 9.299745E-02
3.871504E-08, 1.0205357E+00, 9.316327E-02
3.873067E-08, 1.0200255E+00, 9.330357E-02
3.874629E-08, 1.0196428E+00, 9.345663E-02
3.876192E-08, 1.0195153E+00, 9.362245E-02
3.877754E-08, 1.0196428E+00, 9.378827E-02
3.879317E-08, 1.0195153E+00, 9.394132E-02
3.880879E-08, 1.0197704E+00, 9.409439E-02
3.882442E-08, 1.0198979E+00, 9.424745E-02
3.884004E-08, 1.0202806E+00, 9.440051E-02
3.885567E-08, 1.0205357E+00, 9.452806E-02
3.887129E-08, 1.0209184E+00, 9.464286E-02
3.888692E-08, 1.0214286E+00, 9.473214E-02
3.890254E-08, 1.0220664E+00, 9.482143E-02
3.891817E-08, 1.0224490E+00, 9.487245E-02
3.893379E-08, 1.0229592E+00, 9.492347E-02
3.894942E-08, 1.0233419E+00, 9.494898E-02
3.896504E-08, 1.0237244E+00, 9.498724E-02
3.898067E-08, 1.0238520E+00, 9.497449E-02
3.899629E-08, 1.0239795E+00, 9.493622E-02
3.901192E-08, 1.0239795E+00, 9.488521E-02
3.902754E-08, 1.0242347E+00, 9.480868E-02
3.904317E-08, 1.0239795E+00, 9.468112E-02
3.905879E-08, 1.0239795E+00, 9.452806E-02
3.907442E-08, 1.0237244E+00, 9.436224E-02
3.909004E-08, 1.0235969E+00, 9.418368E-02
3.910567E-08, 1.0232143E+00, 9.396683E-02
3.912129E-08, 1.0228317E+00, 9.373724E-02
3.913692E-08, 1.0224490E+00, 9.349490E-02
3.915254E-08, 1.0224490E+00, 9.323980E-02
3.916817E-08, 1.0221939E+00, 9.294643E-02
3.918379E-08, 1.0221939E+00, 9.266581E-02
3.919942E-08, 1.0221939E+00, 9.238520E-02
3.921504E-08, 1.0223215E+00, 9.211735E-02
3.923067E-08, 1.0221939E+00, 9.186225E-02
3.924629E-08, 1.0220664E+00, 9.161990E-02
3.926192E-08, 1.0218112E+00, 9.141582E-02
3.927754E-08, 1.0218112E+00, 9.125000E-02
3.929317E-08, 1.0214286E+00, 9.107143E-02
3.930879E-08, 1.0213010E+00, 9.094388E-02
3.932442E-08, 1.0213010E+00, 9.084184E-02
3.934004E-08, 1.0214286E+00, 9.079082E-02
3.935567E-08, 1.0214286E+00, 9.075255E-02
3.937129E-08, 1.0213010E+00, 9.079082E-02
3.938692E-08, 1.0211735E+00, 9.088010E-02
3.940254E-08, 1.0211735E+00, 9.103316E-02
3.941817E-08, 1.0206633E+00, 9.121174E-02
3.943379E-08, 1.0204082E+00, 9.144133E-02
3.944942E-08, 1.0200255E+00, 9.168367E-02
3.946504E-08, 1.0197704E+00, 9.197704E-02
3.948067E-08, 1.0192602E+00, 9.225766E-02
3.949629E-08, 1.0188775E+00, 9.256378E-02
3.951192E-08, 1.0186224E+00, 9.286990E-02
3.952754E-08, 1.0183673E+00, 9.320153E-02
3.954317E-08, 1.0179847E+00, 9.350765E-02
3.955879E-08, 1.0176021E+00, 9.380102E-02
3.957442E-08, 1.0173470E+00, 9.408163E-02
3.959004E-08, 1.0170919E+00, 9.433673E-02
3.960567E-08, 1.0165817E+00, 9.452806E-02
3.962129E-08, 1.0161990E+00, 9.469388E-02
3.963692E-08, 1.0158163E+00, 9.479592E-02
3.965254E-08, 1.0155612E+00, 9.485970E-02
3.966817E-08, 1.0150510E+00, 9.484694E-02
3.968379E-08, 1.0147959E+00, 9.479592E-02
3.969942E-08, 1.0145408E+00, 9.468112E-02
3.971504E-08, 1.0146683E+00, 9.452806E-02
3.973067E-08, 1.0145408E+00, 9.431122E-02
3.974629E-08, 1.0147959E+00, 9.408163E-02
3.976192E-08, 1.0150510E+00, 9.381378E-02
3.977754E-08, 1.0154337E+00, 9.355868E-02
3.979317E-08, 1.0154337E+00, 9.326530E-02
3.980879E-08, 1.0156888E+00, 9.298469E-02
3.982442E-08, 1.0159439E+00, 9.270408E-02
3.984004E-08, 1.0161990E+00, 9.244898E-02
3.985567E-08, 1.0163265E+00, 9.218112E-02
3.987129E-08, 1.0165817E+00, 9.195153E-02
3.988692E-08, 1.0168368E+00, 9.173469E-02
3.990254E-08, 1.0172194E+00, 9.158164E-02
3.991817E-08, 1.0172194E+00, 9.144133E-02
3.993379E-08, 1.0174745E+00, 9.136479E-02
3.994942E-08, 1.0176021E+00, 9.133928E-02
3.996504E-08, 1.0177296E+00, 9.136479E-02
3.998067E-08, 1.0176021E+00, 9.140306E-02
3.999629E-08, 1.0174745E+00, 9.149235E-02
4.001192E-08, 1.0173470E+00, 9.160715E-02
4.002754E-08, 1.0172194E+00, 9.177296E-02
4.004317E-08, 1.0168368E+00, 9.192602E-02
4.005879E-08, 1.0164541E+00, 9.210459E-02
4.007442E-08, 1.0159439E+00, 9.230867E-02
4.009004E-08, 1.0154337E+00, 9.252551E-02
4.010567E-08, 1.0145408E+00, 9.271684E-02
4.012129E-08, 1.0139030E+00, 9.290817E-02
4.013692E-08, 1.0131377E+00, 9.308673E-02
4.015254E-08, 1.0126276E+00, 9.323980E-02
4.016817E-08, 1.0118623E+00, 9.334183E-02
4.018379E-08, 1.0113521E+00, 9.343112E-02
4.019942E-08, 1.0109694E+00, 9.348214E-02
4.021504E-08, 1.0108418E+00, 9.353317E-02
4.023067E-08, 1.0104592E+00, 9.353317E-02
4.024629E-08, 1.0104592E+00, 9.352041E-02
4.026192E-08, 1.0103316E+00, 9.348214E-02
4.027754E-08, 1.0105867E+00, 9.343112E-02
4.029317E-08, 1.0107143E+00, 9.332908E-02
4.030879E-08, 1.0112245E+00, 9.322704E-02
4.032442E-08, 1.0117347E+00, 9.309949E-02
4.034004E-08, 1.0127552E+00, 9.295918E-02
4.035567E-08, 1.0136479E+00, 9.279337E-02
4.037129E-08, 1.0149235E+00, 9.262755E-02
4.038692E-08, 1.0163265E+00, 9.247449E-02
4.040254E-08, 1.0179847E+00, 9.233418E-02
4.041817E-08, 1.0193877E+00, 9.219388E-02
4.043379E-08, 1.0209184E+00, 9.207908E-02
4.044942E-08, 1.0223215E+00, 9.197704E-02
4.046504E-08, 1.0238520E+00, 9.188776E-02
4.048067E-08, 1.0251275E+00, 9.179847E-02
4.049629E-08, 1.0264031E+00, 9.172194E-02
4.051192E-08, 1.0276786E+00, 9.164540E-02
4.052754E-08, 1.0289540E+00, 9.159439E-02
4.054317E-08, 1.0299745E+00, 9.151786E-02
4.055879E-08, 1.0308673E+00, 9.147959E-02
4.057442E-08, 1.0316327E+00, 9.145408E-02
4.059004E-08, 1.0321429E+00, 9.145408E-02
4.060567E-08, 1.0322704E+00, 9.144133E-02
4.062129E-08, 1.0320153E+00, 9.144133E-02
4.063692E-08, 1.0317602E+00, 9.145408E-02
4.065254E-08, 1.0313776E+00, 9.145408E-02
4.066817E-08, 1.0306122E+00, 9.144133E-02
4.068379E-08, 1.0301020E+00, 9.142857E-02
4.069942E-08, 1.0294642E+00, 9.140306E-02
4.071504E-08, 1.0289540E+00, 9.140306E-02
4.073067E-08, 1.0281888E+00, 9.140306E-02
4.074629E-08, 1.0274235E+00, 9.141582E-02
4.076192E-08, 1.0266582E+00, 9.144133E-02
4.077754E-08, 1.0258929E+00, 9.149235E-02
4.079317E-08, 1.0247449E+00, 9.153061E-02
4.080879E-08, 1.0238520E+00, 9.156888E-02
4.082442E-08, 1.0230868E+00, 9.159439E-02
4.084004E-08, 1.0227041E+00, 9.163266E-02
4.085567E-08, 1.0220664E+00, 9.164540E-02
4.087129E-08, 1.0218112E+00, 9.168367E-02
4.088692E-08, 1.0215561E+00, 9.173469E-02
4.090254E-08, 1.0215561E+00, 9.179847E-02
4.091817E-08, 1.0213010E+00, 9.184949E-02
4.093379E-08, 1.0214286E+00, 9.192602E-02
4.094942E-08, 1.0215561E+00, 9.200255E-02
4.096504E-08, 1.0219388E+00, 9.207908E-02
4.098067E-08, 1.0223215E+00, 9.214286E-02
4.099629E-08, 1.0228317E+00, 9.220663E-02
4.101192E-08, 1.0234693E+00, 9.228317E-02
4.102754E-08, 1.0241071E+00, 9.237245E-02
4.104317E-08, 1.0244898E+00, 9.244898E-02
4.105879E-08, 1.0247449E+00, 9.253827E-02
4.107442E-08, 1.0250000E+00, 9.264030E-02
4.109004E-08, 1.0251275E+00, 9.272959E-02
4.110567E-08, 1.0250000E+00, 9.280612E-02
4.112129E-08, 1.0251275E+00, 9.288266E-02
4.113692E-08, 1.0251275E+00, 9.293368E-02
4.115254E-08, 1.0252551E+00, 9.299745E-02
4.116817E-08, 1.0251275E+00, 9.303571E-02
4.118379E-08, 1.0250000E+00, 9.308673E-02
4.119942E-08, 1.0248724E+00, 9.315051E-02
4.121504E-08, 1.0247449E+00, 9.322704E-02
4.123067E-08, 1.0242347E+00, 9.327806E-02
4.124629E-08, 1.0238520E+00, 9.334183E-02
4.126192E-08, 1.0235969E+00, 9.339286E-02
4.127754E-08, 1.0235969E+00, 9.345663E-02
4.129317E-08, 1.0234693E+00, 9.349490E-02
4.130879E-08, 1.0235969E+00, 9.354592E-02
4.132442E-08, 1.0237244E+00, 9.360969E-02
4.134004E-08, 1.0241071E+00, 9.368622E-02
4.135567E-08, 1.0239795E+00, 9.373724E-02
4.137129E-08, 1.0241071E+00, 9.381378E-02
4.138692E-08, 1.0239795E+00, 9.387755E-02
4.140254E-08, 1.0241071E+00, 9.394132E-02
4.141817E-08, 1.0239795E+00, 9.395408E-02
4.143379E-08, 1.0241071E+00, 9.396683E-02
4.144942E-08, 1.0242347E+00, 9.394132E-02
4.146504E-08, 1.0246173E+00, 9.391581E-02
4.148067E-08, 1.0248724E+00, 9.385204E-02
4.149629E-08, 1.0251275E+00, 9.378827E-02
4.151192E-08, 1.0253826E+00, 9.372449E-02
4.152754E-08, 1.0255102E+00, 9.367347E-02
4.154317E-08, 1.0253826E+00, 9.358419E-02
4.155879E-08, 1.0251275E+00, 9.349490E-02
4.157442E-08, 1.0247449E+00, 9.340561E-02
4.159004E-08, 1.0243622E+00, 9.330357E-02
4.160567E-08, 1.0237244E+00, 9.316327E-02
4.162129E-08, 1.0229592E+00, 9.302296E-02
4.163692E-08, 1.0221939E+00, 9.289541E-02
4.165254E-08, 1.0215561E+00, 9.276786E-02
4.166817E-08, 1.0204082E+00, 9.262755E-02
4.168379E-08, 1.0193877E+00, 9.251276E-02
4.169942E-08, 1.0183673E+00, 9.242347E-02
4.171504E-08, 1.0174745E+00, 9.234694E-02
4.173067E-08, 1.0163265E+00, 9.227041E-02
4.174629E-08, 1.0153061E+00, 9.221939E-02
4.176192E-08, 1.0142857E+00, 9.219388E-02
4.177754E-08, 1.0135204E+00, 9.219388E-02
4.179317E-08, 1.0126276E+00, 9.219388E-02
4.180879E-08, 1.0119898E+00, 9.223215E-02
4.182442E-08, 1.0114796E+00, 9.228317E-02
4.184004E-08, 1.0113521E+00, 9.237245E-02
4.185567E-08, 1.0110970E+00, 9.244898E-02
4.187129E-08, 1.0110970E+00, 9.255102E-02
4.188692E-08, 1.0112245E+00, 9.267857E-02
4.190254E-08, 1.0114796E+00, 9.283163E-02
4.191817E-08, 1.0116072E+00, 9.297194E-02
4.193379E-08, 1.0118623E+00, 9.311225E-02
4.194942E-08, 1.0122449E+00, 9.325255E-02
4.196504E-08, 1.0128827E+00, 9.338010E-02
4.198067E-08, 1.0135204E+00, 9.346939E-02
4.199629E-08, 1.0145408E+00, 9.354592E-02
4.201192E-08, 1.0155612E+00, 9.360969E-02
4.202754E-08, 1.0168368E+00, 9.367347E-02
4.204317E-08, 1.0179847E+00, 9.371173E-02
4.205879E-08, 1.0191326E+00, 9.375000E-02
4.207442E-08, 1.0201530E+00, 9.377551E-02
4.209004E-08, 1.0211735E+00, 9.381378E-02
4.210567E-08, 1.0218112E+00, 9.380102E-02
4.212129E-08, 1.0225766E+00, 9.378827E-02
4.213692E-08, 1.0232143E+00, 9.375000E-02
4.215254E-08, 1.0241071E+00, 9.369898E-02
4.216817E-08, 1.0244898E+00, 9.360969E-02
4.218379E-08, 1.0251275E+00, 9.352041E-02
4.219942E-08, 1.0255102E+00, 9.343112E-02
4.221504E-08, 1.0258929E+00, 9.335459E-02
4.223067E-08, 1.0256377E+00, 9.325255E-02
4.224629E-08, 1.0253826E+00, 9.317602E-02
4.226192E-08, 1.0250000E+00, 9.308673E-02
4.227754E-08, 1.0244898E+00, 9.301020E-02
4.229317E-08, 1.0235969E+00, 9.289541E-02
4.230879E-08, 1.0227041E+00, 9.278061E-02
4.232442E-08, 1.0218112E+00, 9.266581E-02
4.234004E-08, 1.0211735E+00, 9.255102E-02
4.235567E-08, 1.0202806E+00, 9.242347E-02
4.237129E-08, 1.0196428E+00, 9.230867E-02
4.238692E-08, 1.0191326E+00, 9.219388E-02
4.240254E-08, 1.0188775E+00, 9.211735E-02
4.241817E-08, 1.0186224E+00, 9.204081E-02
4.243379E-08, 1.0184948E+00, 9.198979E-02
4.244942E-08, 1.0186224E+00, 9.196428E-02
4.246504E-08, 1.0188775E+00, 9.197704E-02
4.248067E-08, 1.0190051E+00, 9.197704E-02
4.249629E-08, 1.0193877E+00, 9.202806E-02
4.251192E-08, 1.0200255E+00, 9.209184E-02
4.252754E-08, 1.0207908E+00, 9.218112E-02
4.254317E-08, 1.0215561E+00, 9.228317E-02
4.255879E-08, 1.0227041E+00, 9.241071E-02
4.257442E-08, 1.0238520E+00, 9.255102E-02
4.259004E-08, 1.0253826E+00, 9.272959E-02
4.260567E-08, 1.0266582E+00, 9.289541E-02
4.262129E-08, 1.0281888E+00, 9.308673E-02
4.263692E-08, 1.0298469E+00, 9.330357E-02
4.265254E-08, 1.0315051E+00, 9.353317E-02
4.266817E-08, 1.0329082E+00, 9.376276E-02
4.268379E-08, 1.0341836E+00, 9.400510E-02
4.269942E-08, 1.0353316E+00, 9.423470E-02
4.271504E-08, 1.0363520E+00, 9.447704E-02
4.273067E-08, 1.0368623E+00, 9.468112E-02
4.274629E-08, 1.0372449E+00, 9.487245E-02
4.276192E-08, 1.0373725E+00, 9.502551E-02
4.277754E-08, 1.0373725E+00, 9.515306E-02
4.279317E-08, 1.0369898E+00, 9.520409E-02
4.280879E-08, 1.0364796E+00, 9.522959E-02
4.282442E-08, 1.0357143E+00, 9.521683E-02
4.284004E-08, 1.0350765E+00, 9.516582E-02
4.285567E-08, 1.0339285E+00, 9.507653E-02
4.287129E-08, 1.0327806E+00, 9.494898E-02
4.288692E-08, 1.0316327E+00, 9.480868E-02
4.290254E-08, 1.0306122E+00, 9.464286E-02
4.291817E-08, 1.0293367E+00, 9.443878E-02
4.293379E-08, 1.0283164E+00, 9.422194E-02
4.294942E-08, 1.0272959E+00, 9.400510E-02
4.296504E-08, 1.0265306E+00, 9.377551E-02
4.298067E-08, 1.0255102E+00, 9.353317E-02
4.299629E-08, 1.0248724E+00, 9.331632E-02
4.301192E-08, 1.0242347E+00, 9.309949E-02
4.302754E-08, 1.0239795E+00, 9.292092E-02
4.304317E-08, 1.0235969E+00, 9.271684E-02
4.305879E-08, 1.0235969E+00, 9.256378E-02
4.307442E-08, 1.0239795E+00, 9.242347E-02
4.309004E-08, 1.0246173E+00, 9.230867E-02
4.310567E-08, 1.0252551E+00, 9.221939E-02
4.312129E-08, 1.0261480E+00, 9.215561E-02
4.313692E-08, 1.0272959E+00, 9.213010E-02
4.315254E-08, 1.0285715E+00, 9.215561E-02
4.316817E-08, 1.0297194E+00, 9.216837E-02
4.318379E-08, 1.0309949E+00, 9.221939E-02
4.319942E-08, 1.0323980E+00, 9.227041E-02
4.321504E-08, 1.0338011E+00, 9.235969E-02
4.323067E-08, 1.0349489E+00, 9.242347E-02
4.324629E-08, 1.0362245E+00, 9.250000E-02
4.326192E-08, 1.0372449E+00, 9.256378E-02
4.327754E-08, 1.0383929E+00, 9.264030E-02
4.329317E-08, 1.0392857E+00, 9.269132E-02
4.330879E-08, 1.0400510E+00, 9.272959E-02
4.332442E-08, 1.0408163E+00, 9.275510E-02
4.334004E-08, 1.0414541E+00, 9.278061E-02
4.335567E-08, 1.0418367E+00, 9.278061E-02
4.337129E-08, 1.0420918E+00, 9.278061E-02
4.338692E-08, 1.0422194E+00, 9.276786E-02
4.340254E-08, 1.0422194E+00, 9.275510E-02
4.341817E-08, 1.0418367E+00, 9.271684E-02
4.343379E-08, 1.0414541E+00, 9.269132E-02
4.344942E-08, 1.0409439E+00, 9.265306E-02
4.346504E-08, 1.0404336E+00, 9.261479E-02
4.348067E-08, 1.0397959E+00, 9.256378E-02
4.349629E-08, 1.0391581E+00, 9.251276E-02
4.351192E-08, 1.0386480E+00, 9.247449E-02
4.352754E-08, 1.0381378E+00, 9.246174E-02
4.354317E-08, 1.0375000E+00, 9.244898E-02
4.355879E-08, 1.0368623E+00, 9.244898E-02
4.357442E-08, 1.0362245E+00, 9.246174E-02
4.359004E-08, 1.0358418E+00, 9.251276E-02
4.360567E-08, 1.0352041E+00, 9.253827E-02
4.362129E-08, 1.0348214E+00, 9.258929E-02
4.363692E-08, 1.0344387E+00, 9.265306E-02
4.365254E-08, 1.0344387E+00, 9.274235E-02
4.366817E-08, 1.0341836E+00, 9.281888E-02
4.368379E-08, 1.0341836E+00, 9.292092E-02
4.369942E-08, 1.0341836E+00, 9.303571E-02
4.371504E-08, 1.0343112E+00, 9.316327E-02
4.373067E-08, 1.0341836E+00, 9.329081E-02
4.374629E-08, 1.0341836E+00, 9.343112E-02
4.376192E-08, 1.0341836E+00, 9.357143E-02
4.377754E-08, 1.0341836E+00, 9.371173E-02
4.379317E-08, 1.0339285E+00, 9.382653E-02
4.380879E-08, 1.0336735E+00, 9.395408E-02
4.382442E-08, 1.0335460E+00, 9.406888E-02
4.384004E-08, 1.0335460E+00, 9.418368E-02
4.385567E-08, 1.0331633E+00, 9.428571E-02
4.387129E-08, 1.0329082E+00, 9.437500E-02
4.388692E-08, 1.0327806E+00, 9.447704E-02
4.390254E-08, 1.0325255E+00, 9.457908E-02
4.391817E-08, 1.0321429E+00, 9.465561E-02
4.393379E-08, 1.0317602E+00, 9.474490E-02
4.394942E-08, 1.0315051E+00, 9.480868E-02
4.396504E-08, 1.0312500E+00, 9.488521E-02
4.398067E-08, 1.0307398E+00, 9.492347E-02
4.399629E-08, 1.0304847E+00, 9.496173E-02
4.401192E-08, 1.0302296E+00, 9.500000E-02
4.402754E-08, 1.0299745E+00, 9.502551E-02
4.404317E-08, 1.0295918E+00, 9.503826E-02
4.405879E-08, 1.0292091E+00, 9.505102E-02
4.407442E-08, 1.0289540E+00, 9.505102E-02
4.409004E-08, 1.0286989E+00, 9.505102E-02
4.410567E-08, 1.0283164E+00, 9.501275E-02
4.412129E-08, 1.0280613E+00, 9.497449E-02
4.413692E-08, 1.0279337E+00, 9.491071E-02
4.415254E-08, 1.0279337E+00, 9.485970E-02
4.416817E-08, 1.0276786E+00, 9.475765E-02
4.418379E-08, 1.0275511E+00, 9.468112E-02
4.419942E-08, 1.0274235E+00, 9.459183E-02
4.421504E-08, 1.0271684E+00, 9.451531E-02
4.423067E-08, 1.0266582E+00, 9.441327E-02
4.424629E-08, 1.0261480E+00, 9.432398E-02
4.426192E-08, 1.0255102E+00, 9.420919E-02
4.427754E-08, 1.0250000E+00, 9.410714E-02
4.429317E-08, 1.0243622E+00, 9.396683E-02
4.430879E-08, 1.0237244E+00, 9.383929E-02
4.432442E-08, 1.0233419E+00, 9.371173E-02
4.434004E-08, 1.0230868E+00, 9.359694E-02
4.435567E-08, 1.0227041E+00, 9.346939E-02
4.437129E-08, 1.0225766E+00, 9.338010E-02
4.438692E-08, 1.0224490E+00, 9.330357E-02
4.440254E-08, 1.0224490E+00, 9.326530E-02
4.441817E-08, 1.0221939E+00, 9.322704E-02
4.443379E-08, 1.0221939E+00, 9.322704E-02
4.444942E-08, 1.0221939E+00, 9.323980E-02
4.446504E-08, 1.0223215E+00, 9.326530E-02
4.448067E-08, 1.0221939E+00, 9.329081E-02
4.449629E-08, 1.0224490E+00, 9.334183E-02
4.451192E-08, 1.0225766E+00, 9.338010E-02
4.452754E-08, 1.0230868E+00, 9.344388E-02
4.454317E-08, 1.0233419E+00, 9.349490E-02
4.455879E-08, 1.0238520E+00, 9.355868E-02
4.457442E-08, 1.0243622E+00, 9.362245E-02
4.459004E-08, 1.0250000E+00, 9.369898E-02
4.460567E-08, 1.0253826E+00, 9.375000E-02
4.462129E-08, 1.0258929E+00, 9.381378E-02
4.463692E-08, 1.0264031E+00, 9.386480E-02
4.465254E-08, 1.0269133E+00, 9.391581E-02
4.466817E-08, 1.0271684E+00, 9.392857E-02
4.468379E-08, 1.0274235E+00, 9.394132E-02
4.469942E-08, 1.0275511E+00, 9.394132E-02
4.471504E-08, 1.0276786E+00, 9.392857E-02
4.473067E-08, 1.0274235E+00, 9.387755E-02
4.474629E-08, 1.0272959E+00, 9.381378E-02
4.476192E-08, 1.0270408E+00, 9.373724E-02
4.477754E-08, 1.0270408E+00, 9.366071E-02
4.479317E-08, 1.0269133E+00, 9.354592E-02
4.480879E-08, 1.0269133E+00, 9.343112E-02
4.482442E-08, 1.0269133E+00, 9.331632E-02
4.484004E-08, 1.0272959E+00, 9.322704E-02
4.485567E-08, 1.0272959E+00, 9.312500E-02
4.487129E-08, 1.0274235E+00, 9.304847E-02
4.488692E-08, 1.0276786E+00, 9.301020E-02
4.490254E-08, 1.0279337E+00, 9.298469E-02
4.491817E-08, 1.0280613E+00, 9.297194E-02
4.493379E-08, 1.0284439E+00, 9.297194E-02
4.494942E-08, 1.0290816E+00, 9.299745E-02
4.496504E-08, 1.0299745E+00, 9.304847E-02
4.498067E-08, 1.0308673E+00, 9.309949E-02
4.499629E-08, 1.0320153E+00, 9.318878E-02
4.501192E-08, 1.0331633E+00, 9.331632E-02
4.502754E-08, 1.0345663E+00, 9.346939E-02
4.504317E-08, 1.0355867E+00, 9.362245E-02
4.505879E-08, 1.0368623E+00, 9.381378E-02
4.507442E-08, 1.0380102E+00, 9.400510E-02
4.509004E-08, 1.0392857E+00, 9.422194E-02
4.510567E-08, 1.0403061E+00, 9.440051E-02
4.512129E-08, 1.0414541E+00, 9.459183E-02
4.513692E-08, 1.0424745E+00, 9.477041E-02
4.515254E-08, 1.0434949E+00, 9.493622E-02
4.516817E-08, 1.0441327E+00, 9.506378E-02
4.518379E-08, 1.0446428E+00, 9.517857E-02
4.519942E-08, 1.0450255E+00, 9.525510E-02
4.521504E-08, 1.0454081E+00, 9.531888E-02
4.523067E-08, 1.0452806E+00, 9.530612E-02
4.524629E-08, 1.0452806E+00, 9.526785E-02
4.526192E-08, 1.0452806E+00, 9.519133E-02
4.527754E-08, 1.0452806E+00, 9.507653E-02
4.529317E-08, 1.0450255E+00, 9.491071E-02
4.530879E-08, 1.0448979E+00, 9.471939E-02
4.532442E-08, 1.0447704E+00, 9.451531E-02
4.534004E-08, 1.0446428E+00, 9.429847E-02
4.535567E-08, 1.0443877E+00, 9.405612E-02
4.537129E-08, 1.0441327E+00, 9.382653E-02
4.538692E-08, 1.0437500E+00, 9.358419E-02
4.540254E-08, 1.0433674E+00, 9.336735E-02
4.541817E-08, 1.0428572E+00, 9.312500E-02
4.543379E-08, 1.0423470E+00, 9.292092E-02
4.544942E-08, 1.0418367E+00, 9.271684E-02
4.546504E-08, 1.0414541E+00, 9.253827E-02
4.548067E-08, 1.0408163E+00, 9.237245E-02
4.549629E-08, 1.0403061E+00, 9.224490E-02
4.551192E-08, 1.0397959E+00, 9.215561E-02
4.552754E-08, 1.0394132E+00, 9.211735E-02
4.554317E-08, 1.0386480E+00, 9.209184E-02
4.555879E-08, 1.0378827E+00, 9.211735E-02
4.557442E-08, 1.0369898E+00, 9.218112E-02
4.559004E-08, 1.0360969E+00, 9.228317E-02
4.560567E-08, 1.0348214E+00, 9.238520E-02
4.562129E-08, 1.0336735E+00, 9.252551E-02
4.563692E-08, 1.0322704E+00, 9.266581E-02
4.565254E-08, 1.0309949E+00, 9.283163E-02
4.566817E-08, 1.0294642E+00, 9.298469E-02
4.568379E-08, 1.0279337E+00, 9.316327E-02
4.569942E-08, 1.0262755E+00, 9.332908E-02
4.571504E-08, 1.0247449E+00, 9.350765E-02
4.573067E-08, 1.0229592E+00, 9.366071E-02
4.574629E-08, 1.0213010E+00, 9.380102E-02
4.576192E-08, 1.0196428E+00, 9.391581E-02
4.577754E-08, 1.0181123E+00, 9.403061E-02
4.579317E-08, 1.0163265E+00, 9.409439E-02
4.580879E-08, 1.0146683E+00, 9.414541E-02
4.582442E-08, 1.0131377E+00, 9.417092E-02
4.584004E-08, 1.0117347E+00, 9.418368E-02
4.585567E-08, 1.0103316E+00, 9.414541E-02
4.587129E-08, 1.0091836E+00, 9.409439E-02
4.588692E-08, 1.0082908E+00, 9.401786E-02
4.590254E-08, 1.0077807E+00, 9.394132E-02
4.591817E-08, 1.0072705E+00, 9.383929E-02
4.593379E-08, 1.0070153E+00, 9.373724E-02
4.594942E-08, 1.0070153E+00, 9.364796E-02
4.596504E-08, 1.0071429E+00, 9.357143E-02
4.598067E-08, 1.0072705E+00, 9.348214E-02
4.599629E-08, 1.0075256E+00, 9.341837E-02
4.601192E-08, 1.0080357E+00, 9.336735E-02
4.602754E-08, 1.0086734E+00, 9.332908E-02
4.604317E-08, 1.0094388E+00, 9.327806E-02
4.605879E-08, 1.0104592E+00, 9.325255E-02
4.607442E-08, 1.0116072E+00, 9.323980E-02
4.609004E-08, 1.0131377E+00, 9.326530E-02
4.610567E-08, 1.0145408E+00, 9.327806E-02
4.612129E-08, 1.0163265E+00, 9.332908E-02
4.613692E-08, 1.0181123E+00, 9.340561E-02
4.615254E-08, 1.0200255E+00, 9.350765E-02
4.616817E-08, 1.0218112E+00, 9.360969E-02
4.618379E-08, 1.0237244E+00, 9.373724E-02
4.619942E-08, 1.0256377E+00, 9.387755E-02
4.621504E-08, 1.0276786E+00, 9.403061E-02
4.623067E-08, 1.0294642E+00, 9.415817E-02
4.624629E-08, 1.0312500E+00, 9.431122E-02
4.626192E-08, 1.0330358E+00, 9.443878E-02
4.627754E-08, 1.0349489E+00, 9.457908E-02
4.629317E-08, 1.0364796E+00, 9.468112E-02
4.630879E-08, 1.0380102E+00, 9.479592E-02
4.632442E-08, 1.0394132E+00, 9.489796E-02
4.634004E-08, 1.0408163E+00, 9.498724E-02
4.635567E-08, 1.0417092E+00, 9.506378E-02
4.637129E-08, 1.0424745E+00, 9.514031E-02
4.638692E-08, 1.0429847E+00, 9.520409E-02
4.640254E-08, 1.0433674E+00, 9.526785E-02
4.641817E-08, 1.0432398E+00, 9.530612E-02
4.643379E-08, 1.0431123E+00, 9.533163E-02
4.644942E-08, 1.0427296E+00, 9.534439E-02
4.646504E-08, 1.0424745E+00, 9.536990E-02
4.648067E-08, 1.0417092E+00, 9.535714E-02
4.649629E-08, 1.0410714E+00, 9.535714E-02
4.651192E-08, 1.0401785E+00, 9.535714E-02
4.652754E-08, 1.0392857E+00, 9.538265E-02
4.654317E-08, 1.0380102E+00, 9.538265E-02
4.655879E-08, 1.0366071E+00, 9.539541E-02
4.657442E-08, 1.0352041E+00, 9.540816E-02
4.659004E-08, 1.0339285E+00, 9.542092E-02
4.660567E-08, 1.0325255E+00, 9.540816E-02
4.662129E-08, 1.0312500E+00, 9.539541E-02
4.663692E-08, 1.0302296E+00, 9.536990E-02
4.665254E-08, 1.0295918E+00, 9.534439E-02
4.666817E-08, 1.0288265E+00, 9.530612E-02
4.668379E-08, 1.0281888E+00, 9.528061E-02
4.669942E-08, 1.0278062E+00, 9.525510E-02
4.671504E-08, 1.0276786E+00, 9.524234E-02
4.673067E-08, 1.0274235E+00, 9.519133E-02
4.674629E-08, 1.0272959E+00, 9.514031E-02
4.676192E-08, 1.0274235E+00, 9.508929E-02
4.677754E-08, 1.0278062E+00, 9.502551E-02
4.679317E-08, 1.0280613E+00, 9.492347E-02
4.680879E-08, 1.0284439E+00, 9.483419E-02
4.682442E-08, 1.0288265E+00, 9.473214E-02
4.684004E-08, 1.0293367E+00, 9.464286E-02
4.685567E-08, 1.0294642E+00, 9.451531E-02
4.687129E-08, 1.0297194E+00, 9.441327E-02
4.688692E-08, 1.0297194E+00, 9.429847E-02
4.690254E-08, 1.0298469E+00, 9.419643E-02
4.691817E-08, 1.0294642E+00, 9.405612E-02
4.693379E-08, 1.0293367E+00, 9.392857E-02
4.694942E-08, 1.0289540E+00, 9.381378E-02
4.696504E-08, 1.0286989E+00, 9.371173E-02
4.698067E-08, 1.0279337E+00, 9.359694E-02
4.699629E-08, 1.0272959E+00, 9.350765E-02
4.701192E-08, 1.0265306E+00, 9.343112E-02
4.702754E-08, 1.0258929E+00, 9.338010E-02
4.704317E-08, 1.0248724E+00, 9.331632E-02
4.705879E-08, 1.0241071E+00, 9.327806E-02
4.707442E-08, 1.0233419E+00, 9.325255E-02
4.709004E-08, 1.0228317E+00, 9.323980E-02
4.710567E-08, 1.0223215E+00, 9.320153E-02
4.712129E-08, 1.0219388E+00, 9.318878E-02
4.713692E-08, 1.0218112E+00, 9.318878E-02
4.715254E-08, 1.0220664E+00, 9.318878E-02
4.716817E-08, 1.0224490E+00, 9.317602E-02
4.718379E-08, 1.0230868E+00, 9.317602E-02
4.719942E-08, 1.0239795E+00, 9.317602E-02
4.721504E-08, 1.0253826E+00, 9.318878E-02
4.723067E-08, 1.0265306E+00, 9.316327E-02
4.724629E-08, 1.0278062E+00, 9.315051E-02
4.726192E-08, 1.0292091E+00, 9.313776E-02
4.727754E-08, 1.0306122E+00, 9.311225E-02
4.729317E-08, 1.0317602E+00, 9.306122E-02
4.730879E-08, 1.0329082E+00, 9.298469E-02
4.732442E-08, 1.0339285E+00, 9.289541E-02
4.734004E-08, 1.0350765E+00, 9.279337E-02
4.735567E-08, 1.0358418E+00, 9.265306E-02
4.737129E-08, 1.0367347E+00, 9.251276E-02
4.738692E-08, 1.0372449E+00, 9.235969E-02
4.740254E-08, 1.0376276E+00, 9.221939E-02
4.741817E-08, 1.0375000E+00, 9.205357E-02
4.743379E-08, 1.0369898E+00, 9.192602E-02
4.744942E-08, 1.0362245E+00, 9.179847E-02
4.746504E-08, 1.0352041E+00, 9.168367E-02
4.748067E-08, 1.0338011E+00, 9.155612E-02
4.749629E-08, 1.0323980E+00, 9.142857E-02
4.751192E-08, 1.0308673E+00, 9.132653E-02
4.752754E-08, 1.0295918E+00, 9.123725E-02
4.754317E-08, 1.0279337E+00, 9.114796E-02
4.755879E-08, 1.0265306E+00, 9.109694E-02
4.757442E-08, 1.0252551E+00, 9.107143E-02
4.759004E-08, 1.0239795E+00, 9.109694E-02
4.760567E-08, 1.0225766E+00, 9.112245E-02
4.762129E-08, 1.0214286E+00, 9.117347E-02
4.763692E-08, 1.0205357E+00, 9.123725E-02
4.765254E-08, 1.0201530E+00, 9.131377E-02
4.766817E-08, 1.0197704E+00, 9.137755E-02
4.768379E-08, 1.0198979E+00, 9.144133E-02
4.769942E-08, 1.0204082E+00, 9.151786E-02
4.771504E-08, 1.0213010E+00, 9.159439E-02
4.773067E-08, 1.0221939E+00, 9.165816E-02
4.774629E-08, 1.0232143E+00, 9.173469E-02
4.776192E-08, 1.0243622E+00, 9.181122E-02
4.777754E-08, 1.0255102E+00, 9.187500E-02
4.779317E-08, 1.0262755E+00, 9.190051E-02
4.780879E-08, 1.0271684E+00, 9.191327E-02
4.782442E-08, 1.0279337E+00, 9.187500E-02
4.784004E-08, 1.0286989E+00, 9.182398E-02
4.785567E-08, 1.0292091E+00, 9.170918E-02
4.787129E-08, 1.0297194E+00, 9.158164E-02
4.788692E-08, 1.0301020E+00, 9.141582E-02
4.790254E-08, 1.0303571E+00, 9.126276E-02
4.791817E-08, 1.0302296E+00, 9.108418E-02
4.793379E-08, 1.0299745E+00, 9.090561E-02
4.794942E-08, 1.0294642E+00, 9.073979E-02
4.796504E-08, 1.0289540E+00, 9.059949E-02
4.798067E-08, 1.0280613E+00, 9.044643E-02
4.799629E-08, 1.0271684E+00, 9.033164E-02
4.801192E-08, 1.0261480E+00, 9.022959E-02
4.802754E-08, 1.0253826E+00, 9.016582E-02
4.804317E-08, 1.0242347E+00, 9.011479E-02
4.805879E-08, 1.0233419E+00, 9.010204E-02
4.807442E-08, 1.0225766E+00, 9.012755E-02
4.809004E-08, 1.0219388E+00, 9.020408E-02
4.810567E-08, 1.0213010E+00, 9.030613E-02
4.812129E-08, 1.0210459E+00, 9.044643E-02
4.813692E-08, 1.0210459E+00, 9.063776E-02
4.815254E-08, 1.0213010E+00, 9.086735E-02
4.816817E-08, 1.0215561E+00, 9.110969E-02
4.818379E-08, 1.0221939E+00, 9.139030E-02
4.819942E-08, 1.0230868E+00, 9.169643E-02
4.821504E-08, 1.0241071E+00, 9.201530E-02
4.823067E-08, 1.0250000E+00, 9.233418E-02
4.824629E-08, 1.0260204E+00, 9.265306E-02
4.826192E-08, 1.0270408E+00, 9.297194E-02
4.827754E-08, 1.0280613E+00, 9.329081E-02
4.829317E-08, 1.0288265E+00, 9.355868E-02
4.830879E-08, 1.0294642E+00, 9.381378E-02
4.832442E-08, 1.0301020E+00, 9.403061E-02
4.834004E-08, 1.0304847E+00, 9.422194E-02
4.835567E-08, 1.0304847E+00, 9.436224E-02
4.837129E-08, 1.0304847E+00, 9.446429E-02
4.838692E-08, 1.0301020E+00, 9.454082E-02
4.840254E-08, 1.0297194E+00, 9.457908E-02
4.841817E-08, 1.0288265E+00, 9.456632E-02
4.843379E-08, 1.0279337E+00, 9.452806E-02
4.844942E-08, 1.0267857E+00, 9.447704E-02
4.846504E-08, 1.0257653E+00, 9.441327E-02
4.848067E-08, 1.0244898E+00, 9.429847E-02
4.849629E-08, 1.0232143E+00, 9.420919E-02
4.851192E-08, 1.0220664E+00, 9.410714E-02
4.852754E-08, 1.0211735E+00, 9.401786E-02
4.854317E-08, 1.0200255E+00, 9.392857E-02
4.855879E-08, 1.0192602E+00, 9.386480E-02
4.857442E-08, 1.0186224E+00, 9.382653E-02
4.859004E-08, 1.0183673E+00, 9.381378E-02
4.860567E-08, 1.0179847E+00, 9.381378E-02
4.862129E-08, 1.0179847E+00, 9.385204E-02
4.863692E-08, 1.0182397E+00, 9.390306E-02
4.865254E-08, 1.0188775E+00, 9.399235E-02
4.866817E-08, 1.0193877E+00, 9.406888E-02
4.868379E-08, 1.0204082E+00, 9.418368E-02
4.869942E-08, 1.0215561E+00, 9.429847E-02
4.871504E-08, 1.0229592E+00, 9.445153E-02
4.873067E-08, 1.0241071E+00, 9.457908E-02
4.874629E-08, 1.0253826E+00, 9.471939E-02
4.876192E-08, 1.0266582E+00, 9.487245E-02
4.877754E-08, 1.0279337E+00, 9.501275E-02
4.879317E-08, 1.0288265E+00, 9.512755E-02
4.880879E-08, 1.0298469E+00, 9.521683E-02
4.882442E-08, 1.0307398E+00, 9.528061E-02
4.884004E-08, 1.0316327E+00, 9.531888E-02
4.885567E-08, 1.0322704E+00, 9.530612E-02
4.887129E-08, 1.0329082E+00, 9.528061E-02
4.888692E-08, 1.0334184E+00, 9.524234E-02
4.890254E-08, 1.0339285E+00, 9.520409E-02
4.891817E-08, 1.0338011E+00, 9.514031E-02
4.893379E-08, 1.0336735E+00, 9.506378E-02
4.894942E-08, 1.0331633E+00, 9.498724E-02
4.896504E-08, 1.0326531E+00, 9.489796E-02
4.898067E-08, 1.0317602E+00, 9.478316E-02
4.899629E-08, 1.0309949E+00, 9.466837E-02
4.901192E-08, 1.0301020E+00, 9.452806E-02
4.902754E-08, 1.0294642E+00, 9.441327E-02
4.904317E-08, 1.0285715E+00, 9.427296E-02
4.905879E-08, 1.0278062E+00, 9.415817E-02
4.907442E-08, 1.0270408E+00, 9.406888E-02
4.909004E-08, 1.0264031E+00, 9.400510E-02
4.910567E-08, 1.0255102E+00, 9.394132E-02
4.912129E-08, 1.0247449E+00, 9.391581E-02
4.913692E-08, 1.0241071E+00, 9.389031E-02
4.915254E-08, 1.0235969E+00, 9.389031E-02
4.916817E-08, 1.0228317E+00, 9.387755E-02
4.918379E-08, 1.0223215E+00, 9.386480E-02
4.919942E-08, 1.0218112E+00, 9.385204E-02
4.921504E-08, 1.0215561E+00, 9.385204E-02
4.923067E-08, 1.0210459E+00, 9.383929E-02
4.924629E-08, 1.0206633E+00, 9.382653E-02
4.926192E-08, 1.0202806E+00, 9.381378E-02
4.927754E-08, 1.0201530E+00, 9.380102E-02
4.929317E-08, 1.0197704E+00, 9.376276E-02
4.930879E-08, 1.0196428E+00, 9.372449E-02
4.932442E-08, 1.0195153E+00, 9.367347E-02
4.934004E-08, 1.0196428E+00, 9.362245E-02
4.935567E-08, 1.0196428E+00, 9.353317E-02
4.937129E-08, 1.0196428E+00, 9.345663E-02
4.938692E-08, 1.0197704E+00, 9.338010E-02
4.940254E-08, 1.0200255E+00, 9.330357E-02
4.941817E-08, 1.0201530E+00, 9.320153E-02
4.943379E-08, 1.0204082E+00, 9.309949E-02
4.944942E-08, 1.0209184E+00, 9.301020E-02
4.946504E-08, 1.0215561E+00, 9.292092E-02
4.948067E-08, 1.0220664E+00, 9.281888E-02
4.949629E-08, 1.0227041E+00, 9.272959E-02
4.951192E-08, 1.0234693E+00, 9.265306E-02
4.952754E-08, 1.0242347E+00, 9.260204E-02
4.954317E-08, 1.0248724E+00, 9.253827E-02
4.955879E-08, 1.0255102E+00, 9.250000E-02
4.957442E-08, 1.0261480E+00, 9.246174E-02
4.959004E-08, 1.0269133E+00, 9.242347E-02
4.960567E-08, 1.0272959E+00, 9.237245E-02
4.962129E-08, 1.0279337E+00, 9.233418E-02
4.963692E-08, 1.0284439E+00, 9.228317E-02
4.965254E-08, 1.0290816E+00, 9.225766E-02
4.966817E-08, 1.0294642E+00, 9.219388E-02
4.968379E-08, 1.0299745E+00, 9.215561E-02
4.969942E-08, 1.0304847E+00, 9.211735E-02
4.971504E-08, 1.0311224E+00, 9.210459E-02
4.973067E-08, 1.0313776E+00, 9.206633E-02
4.974629E-08, 1.0318878E+00, 9.205357E-02
4.976192E-08, 1.0323980E+00, 9.204081E-02
4.977754E-08, 1.0329082E+00, 9.206633E-02
4.979317E-08, 1.0332909E+00, 9.206633E-02
4.980879E-08, 1.0336735E+00, 9.210459E-02
4.982442E-08, 1.0341836E+00, 9.214286E-02
4.984004E-08, 1.0348214E+00, 9.221939E-02
4.985567E-08, 1.0353316E+00, 9.228317E-02
4.987129E-08, 1.0360969E+00, 9.238520E-02
4.988692E-08, 1.0368623E+00, 9.250000E-02
4.990254E-08, 1.0377551E+00, 9.264030E-02
4.991817E-08, 1.0383929E+00, 9.278061E-02
4.993379E-08, 1.0392857E+00, 9.295918E-02
4.994942E-08, 1.0400510E+00, 9.315051E-02
4.996504E-08, 1.0409439E+00, 9.336735E-02
4.998067E-08, 1.0415816E+00, 9.355868E-02
4.999629E-08, 1.0424745E+00, 9.375000E-02
5.001192E-08, 1.0432398E+00, 9.394132E-02
5.002754E-08, 1.0441327E+00, 9.414541E-02
5.004317E-08, 1.0447704E+00, 9.429847E-02
5.005879E-08, 1.0452806E+00, 9.446429E-02
5.007442E-08, 1.0455357E+00, 9.461734E-02
5.009004E-08, 1.0457908E+00, 9.474490E-02
5.010567E-08, 1.0454081E+00, 9.483419E-02
5.012129E-08, 1.0450255E+00, 9.491071E-02
5.013692E-08, 1.0443877E+00, 9.493622E-02
5.015254E-08, 1.0437500E+00, 9.494898E-02
5.016817E-08, 1.0427296E+00, 9.489796E-02
5.018379E-08, 1.0418367E+00, 9.483419E-02
5.019942E-08, 1.0408163E+00, 9.473214E-02
5.021504E-08, 1.0399234E+00, 9.464286E-02
5.023067E-08, 1.0386480E+00, 9.450255E-02
5.024629E-08, 1.0375000E+00, 9.438775E-02
5.026192E-08, 1.0360969E+00, 9.426020E-02
5.027754E-08, 1.0348214E+00, 9.415817E-02
5.029317E-08, 1.0331633E+00, 9.404337E-02
5.030879E-08, 1.0316327E+00, 9.395408E-02
5.032442E-08, 1.0302296E+00, 9.386480E-02
5.034004E-08, 1.0290816E+00, 9.381378E-02
5.035567E-08, 1.0279337E+00, 9.375000E-02
5.037129E-08, 1.0270408E+00, 9.372449E-02
5.038692E-08, 1.0264031E+00, 9.372449E-02
5.040254E-08, 1.0260204E+00, 9.377551E-02
5.041817E-08, 1.0255102E+00, 9.383929E-02
5.043379E-08, 1.0252551E+00, 9.394132E-02
5.044942E-08, 1.0250000E+00, 9.406888E-02
5.046504E-08, 1.0248724E+00, 9.422194E-02
5.048067E-08, 1.0244898E+00, 9.436224E-02
5.049629E-08, 1.0243622E+00, 9.451531E-02
5.051192E-08, 1.0242347E+00, 9.465561E-02
5.052754E-08, 1.0242347E+00, 9.479592E-02
5.054317E-08, 1.0241071E+00, 9.487245E-02
5.055879E-08, 1.0241071E+00, 9.494898E-02
5.057442E-08, 1.0241071E+00, 9.497449E-02
5.059004E-08, 1.0243622E+00, 9.498724E-02
5.060567E-08, 1.0243622E+00, 9.494898E-02
5.062129E-08, 1.0244898E+00, 9.488521E-02
5.063692E-08, 1.0244898E+00, 9.478316E-02
5.065254E-08, 1.0247449E+00, 9.465561E-02
5.066817E-08, 1.0246173E+00, 9.448980E-02
5.068379E-08, 1.0247449E+00, 9.429847E-02
5.069942E-08, 1.0248724E+00, 9.408163E-02
5.071504E-08, 1.0251275E+00, 9.385204E-02
5.073067E-08, 1.0250000E+00, 9.359694E-02
5.074629E-08, 1.0252551E+00, 9.335459E-02
5.076192E-08, 1.0253826E+00, 9.311225E-02
5.077754E-08, 1.0257653E+00, 9.288266E-02
5.079317E-08, 1.0260204E+00, 9.265306E-02
5.080879E-08, 1.0266582E+00, 9.246174E-02
5.082442E-08, 1.0274235E+00, 9.228317E-02
5.084004E-08, 1.0284439E+00, 9.216837E-02
5.085567E-08, 1.0293367E+00, 9.206633E-02
5.087129E-08, 1.0306122E+00, 9.201530E-02
5.088692E-08, 1.0317602E+00, 9.201530E-02
5.090254E-08, 1.0331633E+00, 9.206633E-02
5.091817E-08, 1.0343112E+00, 9.214286E-02
5.093379E-08, 1.0354592E+00, 9.227041E-02
5.094942E-08, 1.0367347E+00, 9.242347E-02
5.096504E-08, 1.0381378E+00, 9.260204E-02
5.098067E-08, 1.0394132E+00, 9.278061E-02
5.099629E-08, 1.0409439E+00, 9.297194E-02
5.101192E-08, 1.0423470E+00, 9.317602E-02
5.102754E-08, 1.0440052E+00, 9.340561E-02
5.104317E-08, 1.0452806E+00, 9.360969E-02
5.105879E-08, 1.0465561E+00, 9.382653E-02
5.107442E-08, 1.0477041E+00, 9.403061E-02
5.109004E-08, 1.0487245E+00, 9.423470E-02
5.110567E-08, 1.0493623E+00, 9.440051E-02
5.112129E-08, 1.0501275E+00, 9.454082E-02
5.113692E-08, 1.0506377E+00, 9.465561E-02
5.115254E-08, 1.0512755E+00, 9.475765E-02
5.116817E-08, 1.0515306E+00, 9.480868E-02
5.118379E-08, 1.0519133E+00, 9.485970E-02
5.119942E-08, 1.0521684E+00, 9.488521E-02
5.121504E-08, 1.0524235E+00, 9.491071E-02
5.123067E-08, 1.0522959E+00, 9.491071E-02
5.124629E-08, 1.0520408E+00, 9.492347E-02
5.126192E-08, 1.0517857E+00, 9.491071E-02
5.127754E-08, 1.0514030E+00, 9.492347E-02
5.129317E-08, 1.0507653E+00, 9.489796E-02
5.130879E-08, 1.0500000E+00, 9.488521E-02
5.132442E-08, 1.0492347E+00, 9.485970E-02
5.134004E-08, 1.0484694E+00, 9.485970E-02
5.135567E-08, 1.0474490E+00, 9.482143E-02
5.137129E-08, 1.0463010E+00, 9.482143E-02
5.138692E-08, 1.0451530E+00, 9.480868E-02
5.140254E-08, 1.0441327E+00, 9.480868E-02
5.141817E-08, 1.0427296E+00, 9.479592E-02
5.143379E-08, 1.0415816E+00, 9.477041E-02
5.144942E-08, 1.0405612E+00, 9.474490E-02
5.146504E-08, 1.0396683E+00, 9.473214E-02
5.148067E-08, 1.0385205E+00, 9.468112E-02
5.149629E-08, 1.0376276E+00, 9.463010E-02
5.151192E-08, 1.0367347E+00, 9.457908E-02
5.152754E-08, 1.0358418E+00, 9.454082E-02
5.154317E-08, 1.0348214E+00, 9.446429E-02
5.155879E-08, 1.0338011E+00, 9.438775E-02
5.157442E-08, 1.0329082E+00, 9.429847E-02
5.159004E-08, 1.0323980E+00, 9.420919E-02
5.160567E-08, 1.0317602E+00, 9.406888E-02
5.162129E-08, 1.0315051E+00, 9.394132E-02
5.163692E-08, 1.0313776E+00, 9.381378E-02
5.165254E-08, 1.0316327E+00, 9.369898E-02
5.166817E-08, 1.0316327E+00, 9.357143E-02
5.168379E-08, 1.0318878E+00, 9.348214E-02
5.169942E-08, 1.0321429E+00, 9.340561E-02
5.171504E-08, 1.0325255E+00, 9.336735E-02
5.173067E-08, 1.0326531E+00, 9.331632E-02
5.174629E-08, 1.0327806E+00, 9.329081E-02
5.176192E-08, 1.0330358E+00, 9.326530E-02
5.177754E-08, 1.0332909E+00, 9.326530E-02
5.179317E-08, 1.0334184E+00, 9.323980E-02
5.180879E-08, 1.0336735E+00, 9.323980E-02
5.182442E-08, 1.0339285E+00, 9.325255E-02
5.184004E-08, 1.0341836E+00, 9.329081E-02
5.185567E-08, 1.0340561E+00, 9.331632E-02
5.187129E-08, 1.0339285E+00, 9.335459E-02
5.188692E-08, 1.0335460E+00, 9.340561E-02
5.190254E-08, 1.0331633E+00, 9.345663E-02
5.191817E-08, 1.0323980E+00, 9.348214E-02
5.193379E-08, 1.0315051E+00, 9.349490E-02
5.194942E-08, 1.0306122E+00, 9.349490E-02
5.196504E-08, 1.0298469E+00, 9.348214E-02
5.198067E-08, 1.0288265E+00, 9.343112E-02
5.199629E-08, 1.0279337E+00, 9.338010E-02
5.201192E-08, 1.0271684E+00, 9.331632E-02
5.202754E-08, 1.0264031E+00, 9.326530E-02
5.204317E-08, 1.0255102E+00, 9.318878E-02
5.205879E-08, 1.0247449E+00, 9.312500E-02
5.207442E-08, 1.0241071E+00, 9.307398E-02
5.209004E-08, 1.0235969E+00, 9.302296E-02
5.210567E-08, 1.0229592E+00, 9.297194E-02
5.212129E-08, 1.0227041E+00, 9.293368E-02
5.213692E-08, 1.0225766E+00, 9.290817E-02
5.215254E-08, 1.0228317E+00, 9.290817E-02
5.216817E-08, 1.0229592E+00, 9.290817E-02
5.218379E-08, 1.0233419E+00, 9.294643E-02
5.219942E-08, 1.0238520E+00, 9.301020E-02
5.221504E-08, 1.0246173E+00, 9.311225E-02
5.223067E-08, 1.0252551E+00, 9.320153E-02
5.224629E-08, 1.0260204E+00, 9.332908E-02
5.226192E-08, 1.0267857E+00, 9.346939E-02
5.227754E-08, 1.0278062E+00, 9.360969E-02
5.229317E-08, 1.0286989E+00, 9.373724E-02
5.230879E-08, 1.0295918E+00, 9.387755E-02
5.232442E-08, 1.0306122E+00, 9.399235E-02
5.234004E-08, 1.0317602E+00, 9.411990E-02
5.235567E-08, 1.0325255E+00, 9.419643E-02
5.237129E-08, 1.0334184E+00, 9.427296E-02
5.238692E-08, 1.0341836E+00, 9.432398E-02
5.240254E-08, 1.0349489E+00, 9.434949E-02
5.241817E-08, 1.0352041E+00, 9.432398E-02
5.243379E-08, 1.0355867E+00, 9.427296E-02
5.244942E-08, 1.0357143E+00, 9.418368E-02
5.246504E-08, 1.0358418E+00, 9.406888E-02
5.248067E-08, 1.0357143E+00, 9.389031E-02
5.249629E-08, 1.0355867E+00, 9.369898E-02
5.251192E-08, 1.0353316E+00, 9.348214E-02
5.252754E-08, 1.0353316E+00, 9.327806E-02
5.254317E-08, 1.0348214E+00, 9.302296E-02
5.255879E-08, 1.0344387E+00, 9.280612E-02
5.257442E-08, 1.0338011E+00, 9.258929E-02
5.259004E-08, 1.0332909E+00, 9.239796E-02
5.260567E-08, 1.0322704E+00, 9.221939E-02
5.262129E-08, 1.0313776E+00, 9.205357E-02
5.263692E-08, 1.0304847E+00, 9.192602E-02
5.265254E-08, 1.0298469E+00, 9.183674E-02
5.266817E-08, 1.0289540E+00, 9.176020E-02
5.268379E-08, 1.0285715E+00, 9.172194E-02
5.269942E-08, 1.0281888E+00, 9.174745E-02
5.271504E-08, 1.0281888E+00, 9.182398E-02
5.273067E-08, 1.0280613E+00, 9.193878E-02
5.274629E-08, 1.0279337E+00, 9.211735E-02
5.276192E-08, 1.0279337E+00, 9.233418E-02
5.277754E-08, 1.0279337E+00, 9.261479E-02
5.279317E-08, 1.0278062E+00, 9.288266E-02
5.280879E-08, 1.0278062E+00, 9.316327E-02
5.282442E-08, 1.0280613E+00, 9.345663E-02
5.284004E-08, 1.0286989E+00, 9.373724E-02
5.285567E-08, 1.0293367E+00, 9.397959E-02
5.287129E-08, 1.0304847E+00, 9.422194E-02
5.288692E-08, 1.0316327E+00, 9.445153E-02
5.290254E-08, 1.0331633E+00, 9.468112E-02
5.291817E-08, 1.0343112E+00, 9.487245E-02
5.293379E-08, 1.0355867E+00, 9.505102E-02
5.294942E-08, 1.0367347E+00, 9.519133E-02
5.296504E-08, 1.0380102E+00, 9.530612E-02
5.298067E-08, 1.0389031E+00, 9.534439E-02
5.299629E-08, 1.0399234E+00, 9.533163E-02
5.301192E-08, 1.0409439E+00, 9.528061E-02
5.302754E-08, 1.0420918E+00, 9.519133E-02
5.304317E-08, 1.0429847E+00, 9.505102E-02
5.305879E-08, 1.0440052E+00, 9.488521E-02
5.307442E-08, 1.0447704E+00, 9.471939E-02
5.309004E-08, 1.0455357E+00, 9.456632E-02
5.310567E-08, 1.0457908E+00, 9.438775E-02
5.312129E-08, 1.0457908E+00, 9.422194E-02
5.313692E-08, 1.0456632E+00, 9.405612E-02
5.315254E-08, 1.0452806E+00, 9.391581E-02
5.316817E-08, 1.0443877E+00, 9.376276E-02
5.318379E-08, 1.0433674E+00, 9.360969E-02
5.319942E-08, 1.0423470E+00, 9.348214E-02
5.321504E-08, 1.0411990E+00, 9.338010E-02
5.323067E-08, 1.0396683E+00, 9.327806E-02
5.324629E-08, 1.0382653E+00, 9.320153E-02
5.326192E-08, 1.0368623E+00, 9.313776E-02
5.327754E-08, 1.0355867E+00, 9.311225E-02
5.329317E-08, 1.0341836E+00, 9.308673E-02
5.330879E-08, 1.0330358E+00, 9.308673E-02
5.332442E-08, 1.0320153E+00, 9.309949E-02
5.334004E-08, 1.0313776E+00, 9.313776E-02
5.335567E-08, 1.0307398E+00, 9.316327E-02
5.337129E-08, 1.0304847E+00, 9.321429E-02
5.338692E-08, 1.0303571E+00, 9.327806E-02
5.340254E-08, 1.0304847E+00, 9.334183E-02
5.341817E-08, 1.0306122E+00, 9.339286E-02
5.343379E-08, 1.0309949E+00, 9.344388E-02
5.344942E-08, 1.0315051E+00, 9.349490E-02
5.346504E-08, 1.0323980E+00, 9.353317E-02
5.348067E-08, 1.0332909E+00, 9.354592E-02
5.349629E-08, 1.0344387E+00, 9.354592E-02
5.351192E-08, 1.0358418E+00, 9.354592E-02
5.352754E-08, 1.0373725E+00, 9.354592E-02
5.354317E-08, 1.0387756E+00, 9.354592E-02
5.355879E-08, 1.0401785E+00, 9.355868E-02
5.357442E-08, 1.0414541E+00, 9.358419E-02
5.359004E-08, 1.0426021E+00, 9.363520E-02
5.360567E-08, 1.0432398E+00, 9.367347E-02
5.362129E-08, 1.0437500E+00, 9.373724E-02
5.363692E-08, 1.0438776E+00, 9.381378E-02
5.365254E-08, 1.0438776E+00, 9.389031E-02
5.366817E-08, 1.0431123E+00, 9.396683E-02
5.368379E-08, 1.0422194E+00, 9.405612E-02
5.369942E-08, 1.0410714E+00, 9.414541E-02
5.371504E-08, 1.0395408E+00, 9.426020E-02
5.373067E-08, 1.0376276E+00, 9.434949E-02
5.374629E-08, 1.0355867E+00, 9.446429E-02
5.376192E-08, 1.0332909E+00, 9.455357E-02
5.377754E-08, 1.0311224E+00, 9.465561E-02
5.379317E-08, 1.0288265E+00, 9.473214E-02
5.380879E-08, 1.0265306E+00, 9.479592E-02
5.382442E-08, 1.0243622E+00, 9.485970E-02
5.384004E-08, 1.0223215E+00, 9.492347E-02
5.385567E-08, 1.0202806E+00, 9.493622E-02
5.387129E-08, 1.0184948E+00, 9.494898E-02
5.388692E-08, 1.0169643E+00, 9.493622E-02
5.390254E-08, 1.0158163E+00, 9.491071E-02
5.391817E-08, 1.0147959E+00, 9.483419E-02
5.393379E-08, 1.0144132E+00, 9.473214E-02
5.394942E-08, 1.0142857E+00, 9.459183E-02
5.396504E-08, 1.0147959E+00, 9.445153E-02
5.398067E-08, 1.0153061E+00, 9.426020E-02
5.399629E-08, 1.0163265E+00, 9.406888E-02
5.401192E-08, 1.0176021E+00, 9.386480E-02
5.402754E-08, 1.0193877E+00, 9.367347E-02
5.404317E-08, 1.0210459E+00, 9.345663E-02
5.405879E-08, 1.0229592E+00, 9.326530E-02
5.407442E-08, 1.0248724E+00, 9.306122E-02
5.409004E-08, 1.0270408E+00, 9.289541E-02
5.410567E-08, 1.0286989E+00, 9.271684E-02
5.412129E-08, 1.0303571E+00, 9.256378E-02
5.413692E-08, 1.0317602E+00, 9.243622E-02
5.415254E-08, 1.0329082E+00, 9.233418E-02
5.416817E-08, 1.0335460E+00, 9.224490E-02
5.418379E-08, 1.0341836E+00, 9.218112E-02
5.419942E-08, 1.0344387E+00, 9.215561E-02
5.421504E-08, 1.0346938E+00, 9.214286E-02
5.423067E-08, 1.0345663E+00, 9.214286E-02
5.424629E-08, 1.0343112E+00, 9.218112E-02
5.426192E-08, 1.0338011E+00, 9.225766E-02
5.427754E-08, 1.0331633E+00, 9.237245E-02
5.429317E-08, 1.0321429E+00, 9.248725E-02
5.430879E-08, 1.0309949E+00, 9.264030E-02
5.432442E-08, 1.0295918E+00, 9.280612E-02
5.434004E-08, 1.0283164E+00, 9.299745E-02
5.435567E-08, 1.0267857E+00, 9.317602E-02
5.437129E-08, 1.0253826E+00, 9.336735E-02
5.438692E-08, 1.0241071E+00, 9.355868E-02
5.440254E-08, 1.0230868E+00, 9.375000E-02
5.441817E-08, 1.0219388E+00, 9.391581E-02
5.443379E-08, 1.0210459E+00, 9.409439E-02
5.444942E-08, 1.0204082E+00, 9.427296E-02
5.446504E-08, 1.0200255E+00, 9.445153E-02
5.448067E-08, 1.0195153E+00, 9.460459E-02
5.449629E-08, 1.0192602E+00, 9.477041E-02
5.451192E-08, 1.0192602E+00, 9.492347E-02
5.452754E-08, 1.0192602E+00, 9.508929E-02
5.454317E-08, 1.0190051E+00, 9.522959E-02
5.455879E-08, 1.0188775E+00, 9.536990E-02
5.457442E-08, 1.0184948E+00, 9.549745E-02
5.459004E-08, 1.0182397E+00, 9.562500E-02
5.460567E-08, 1.0176021E+00, 9.570153E-02
5.462129E-08, 1.0170919E+00, 9.577806E-02
5.463692E-08, 1.0165817E+00, 9.582908E-02
5.465254E-08, 1.0160714E+00, 9.586734E-02
5.466817E-08, 1.0151786E+00, 9.585460E-02
5.468379E-08, 1.0145408E+00, 9.585460E-02
5.469942E-08, 1.0136479E+00, 9.582908E-02
5.471504E-08, 1.0128827E+00, 9.580357E-02
5.473067E-08, 1.0118623E+00, 9.573980E-02
5.474629E-08, 1.0109694E+00, 9.567602E-02
5.476192E-08, 1.0100765E+00, 9.557398E-02
5.477754E-08, 1.0094388E+00, 9.547194E-02
5.479317E-08, 1.0088010E+00, 9.530612E-02
5.480879E-08, 1.0085459E+00, 9.514031E-02
5.482442E-08, 1.0084183E+00, 9.496173E-02
5.484004E-08, 1.0088010E+00, 9.477041E-02
5.485567E-08, 1.0091836E+00, 9.455357E-02
5.487129E-08, 1.0100765E+00, 9.433673E-02
5.488692E-08, 1.0110970E+00, 9.411990E-02
5.490254E-08, 1.0126276E+00, 9.391581E-02
5.491817E-08, 1.0140306E+00, 9.369898E-02
5.493379E-08, 1.0158163E+00, 9.349490E-02
5.494942E-08, 1.0177296E+00, 9.330357E-02
5.496504E-08, 1.0197704E+00, 9.313776E-02
5.498067E-08, 1.0214286E+00, 9.295918E-02
5.499629E-08, 1.0230868E+00, 9.281888E-02
5.501192E-08, 1.0246173E+00, 9.269132E-02
5.502754E-08, 1.0260204E+00, 9.258929E-02
5.504317E-08, 1.0270408E+00, 9.247449E-02
5.505879E-08, 1.0278062E+00, 9.238520E-02
5.507442E-08, 1.0284439E+00, 9.232143E-02
5.509004E-08, 1.0289540E+00, 9.227041E-02
5.510567E-08, 1.0288265E+00, 9.223215E-02
5.512129E-08, 1.0285715E+00, 9.221939E-02
5.513692E-08, 1.0279337E+00, 9.223215E-02
5.515254E-08, 1.0269133E+00, 9.228317E-02
5.516817E-08, 1.0252551E+00, 9.230867E-02
5.518379E-08, 1.0234693E+00, 9.234694E-02
5.519942E-08, 1.0213010E+00, 9.238520E-02
5.521504E-08, 1.0192602E+00, 9.242347E-02
5.523067E-08, 1.0168368E+00, 9.242347E-02
5.524629E-08, 1.0146683E+00, 9.241071E-02
5.526192E-08, 1.0126276E+00, 9.238520E-02
5.527754E-08, 1.0109694E+00, 9.235969E-02
5.529317E-08, 1.0091836E+00, 9.229591E-02
5.530879E-08, 1.0079081E+00, 9.223215E-02
5.532442E-08, 1.0070153E+00, 9.215561E-02
5.534004E-08, 1.0066327E+00, 9.207908E-02
5.535567E-08, 1.0065051E+00, 9.196428E-02
5.537129E-08, 1.0068878E+00, 9.186225E-02
5.538692E-08, 1.0076531E+00, 9.174745E-02
5.540254E-08, 1.0091836E+00, 9.164540E-02
5.541817E-08, 1.0107143E+00, 9.151786E-02
5.543379E-08, 1.0128827E+00, 9.140306E-02
5.544942E-08, 1.0153061E+00, 9.131377E-02
5.546504E-08, 1.0182397E+00, 9.123725E-02
5.548067E-08, 1.0209184E+00, 9.116071E-02
5.549629E-08, 1.0238520E+00, 9.112245E-02
5.551192E-08, 1.0267857E+00, 9.112245E-02
5.552754E-08, 1.0295918E+00, 9.114796E-02
5.554317E-08, 1.0317602E+00, 9.118623E-02
5.555879E-08, 1.0338011E+00, 9.127551E-02
5.557442E-08, 1.0353316E+00, 9.137755E-02
5.559004E-08, 1.0366071E+00, 9.150510E-02
5.560567E-08, 1.0369898E+00, 9.164540E-02
5.562129E-08, 1.0372449E+00, 9.179847E-02
5.563692E-08, 1.0368623E+00, 9.196428E-02
5.565254E-08, 1.0362245E+00, 9.214286E-02
5.566817E-08, 1.0350765E+00, 9.232143E-02
5.568379E-08, 1.0335460E+00, 9.250000E-02
5.569942E-08, 1.0316327E+00, 9.270408E-02
5.571504E-08, 1.0295918E+00, 9.290817E-02
5.573067E-08, 1.0270408E+00, 9.309949E-02
5.574629E-08, 1.0243622E+00, 9.329081E-02
5.576192E-08, 1.0215561E+00, 9.348214E-02
5.577754E-08, 1.0187500E+00, 9.366071E-02
5.579317E-08, 1.0159439E+00, 9.378827E-02
5.580879E-08, 1.0132653E+00, 9.390306E-02
5.582442E-08, 1.0109694E+00, 9.399235E-02
5.584004E-08, 1.0091836E+00, 9.406888E-02
5.585567E-08, 1.0075256E+00, 9.410714E-02
5.587129E-08, 1.0063776E+00, 9.411990E-02
5.588692E-08, 1.0056123E+00, 9.411990E-02
5.590254E-08, 1.0054847E+00, 9.411990E-02
5.591817E-08, 1.0056123E+00, 9.409439E-02
5.593379E-08, 1.0062500E+00, 9.406888E-02
5.594942E-08, 1.0073980E+00, 9.403061E-02
5.596504E-08, 1.0090561E+00, 9.399235E-02
5.598067E-08, 1.0108418E+00, 9.394132E-02
5.599629E-08, 1.0132653E+00, 9.389031E-02
5.601192E-08, 1.0159439E+00, 9.385204E-02
5.602754E-08, 1.0188775E+00, 9.382653E-02
5.604317E-08, 1.0216837E+00, 9.378827E-02
5.605879E-08, 1.0247449E+00, 9.378827E-02
5.607442E-08, 1.0276786E+00, 9.378827E-02
5.609004E-08, 1.0306122E+00, 9.381378E-02
5.610567E-08, 1.0330358E+00, 9.383929E-02
5.612129E-08, 1.0352041E+00, 9.386480E-02
5.613692E-08, 1.0371174E+00, 9.389031E-02
5.615254E-08, 1.0387756E+00, 9.391581E-02
5.616817E-08, 1.0396683E+00, 9.391581E-02
5.618379E-08, 1.0403061E+00, 9.391581E-02
5.619942E-08, 1.0404336E+00, 9.390306E-02
5.621504E-08, 1.0404336E+00, 9.386480E-02
5.623067E-08, 1.0397959E+00, 9.378827E-02
5.624629E-08, 1.0391581E+00, 9.371173E-02
5.626192E-08, 1.0381378E+00, 9.359694E-02
5.627754E-08, 1.0371174E+00, 9.349490E-02
5.629317E-08, 1.0355867E+00, 9.334183E-02
5.630879E-08, 1.0340561E+00, 9.318878E-02
5.632442E-08, 1.0323980E+00, 9.303571E-02
5.634004E-08, 1.0307398E+00, 9.288266E-02
5.635567E-08, 1.0288265E+00, 9.269132E-02
5.637129E-08, 1.0270408E+00, 9.250000E-02
5.638692E-08, 1.0253826E+00, 9.230867E-02
5.640254E-08, 1.0241071E+00, 9.211735E-02
5.641817E-08, 1.0228317E+00, 9.190051E-02
5.643379E-08, 1.0219388E+00, 9.170918E-02
5.644942E-08, 1.0214286E+00, 9.154337E-02
5.646504E-08, 1.0211735E+00, 9.140306E-02
5.648067E-08, 1.0209184E+00, 9.126276E-02
5.649629E-08, 1.0210459E+00, 9.117347E-02
5.651192E-08, 1.0214286E+00, 9.110969E-02
5.652754E-08, 1.0220664E+00, 9.108418E-02
5.654317E-08, 1.0228317E+00, 9.107143E-02
5.655879E-08, 1.0237244E+00, 9.109694E-02
5.657442E-08, 1.0247449E+00, 9.113520E-02
5.659004E-08, 1.0260204E+00, 9.122449E-02
5.660567E-08, 1.0270408E+00, 9.130102E-02
5.662129E-08, 1.0281888E+00, 9.141582E-02
5.663692E-08, 1.0294642E+00, 9.153061E-02
5.665254E-08, 1.0307398E+00, 9.168367E-02
5.666817E-08, 1.0317602E+00, 9.181122E-02
5.668379E-08, 1.0329082E+00, 9.195153E-02
5.669942E-08, 1.0339285E+00, 9.209184E-02
5.671504E-08, 1.0349489E+00, 9.224490E-02
5.673067E-08, 1.0354592E+00, 9.238520E-02
5.674629E-08, 1.0359694E+00, 9.252551E-02
5.676192E-08, 1.0362245E+00, 9.266581E-02
5.677754E-08, 1.0364796E+00, 9.280612E-02
5.679317E-08, 1.0363520E+00, 9.290817E-02
5.680879E-08, 1.0362245E+00, 9.301020E-02
5.682442E-08, 1.0359694E+00, 9.309949E-02
5.684004E-08, 1.0358418E+00, 9.318878E-02
5.685567E-08, 1.0354592E+00, 9.325255E-02
5.687129E-08, 1.0349489E+00, 9.332908E-02
5.688692E-08, 1.0344387E+00, 9.340561E-02
5.690254E-08, 1.0340561E+00, 9.349490E-02
5.691817E-08, 1.0332909E+00, 9.357143E-02
5.693379E-08, 1.0326531E+00, 9.367347E-02
5.694942E-08, 1.0321429E+00, 9.376276E-02
5.696504E-08, 1.0318878E+00, 9.386480E-02
5.698067E-08, 1.0315051E+00, 9.395408E-02
5.699629E-08, 1.0312500E+00, 9.405612E-02
5.701192E-08, 1.0309949E+00, 9.417092E-02
5.702754E-08, 1.0309949E+00, 9.431122E-02
5.704317E-08, 1.0307398E+00, 9.442602E-02
5.705879E-08, 1.0306122E+00, 9.455357E-02
5.707442E-08, 1.0307398E+00, 9.468112E-02
5.709004E-08, 1.0309949E+00, 9.479592E-02
5.710567E-08, 1.0312500E+00, 9.487245E-02
5.712129E-08, 1.0318878E+00, 9.494898E-02
5.713692E-08, 1.0325255E+00, 9.501275E-02
5.715254E-08, 1.0334184E+00, 9.507653E-02
5.716817E-08, 1.0341836E+00, 9.511480E-02
5.718379E-08, 1.0349489E+00, 9.515306E-02
5.719942E-08, 1.0355867E+00, 9.516582E-02
5.721504E-08, 1.0363520E+00, 9.517857E-02
5.723067E-08, 1.0367347E+00, 9.514031E-02
5.724629E-08, 1.0372449E+00, 9.508929E-02
5.726192E-08, 1.0377551E+00, 9.501275E-02
5.727754E-08, 1.0383929E+00, 9.492347E-02
5.729317E-08, 1.0386480E+00, 9.480868E-02
5.730879E-08, 1.0389031E+00, 9.469388E-02
5.732442E-08, 1.0390307E+00, 9.457908E-02
5.734004E-08, 1.0390307E+00, 9.448980E-02
5.735567E-08, 1.0385205E+00, 9.436224E-02
5.737129E-08, 1.0380102E+00, 9.426020E-02
5.738692E-08, 1.0373725E+00, 9.415817E-02
5.740254E-08, 1.0367347E+00, 9.406888E-02
5.741817E-08, 1.0357143E+00, 9.396683E-02
5.743379E-08, 1.0348214E+00, 9.389031E-02
5.744942E-08, 1.0336735E+00, 9.383929E-02
5.746504E-08, 1.0326531E+00, 9.382653E-02
5.748067E-08, 1.0312500E+00, 9.381378E-02
5.749629E-08, 1.0299745E+00, 9.385204E-02
5.751192E-08, 1.0286989E+00, 9.389031E-02
5.752754E-08, 1.0274235E+00, 9.396683E-02
5.754317E-08, 1.0260204E+00, 9.401786E-02
5.755879E-08, 1.0248724E+00, 9.409439E-02
5.757442E-08, 1.0238520E+00, 9.417092E-02
5.759004E-08, 1.0229592E+00, 9.427296E-02
5.760567E-08, 1.0219388E+00, 9.434949E-02
5.762129E-08, 1.0211735E+00, 9.442602E-02
5.763692E-08, 1.0204082E+00, 9.451531E-02
5.765254E-08, 1.0198979E+00, 9.459183E-02
5.766817E-08, 1.0191326E+00, 9.463010E-02
5.768379E-08, 1.0187500E+00, 9.465561E-02
5.769942E-08, 1.0183673E+00, 9.464286E-02
5.771504E-08, 1.0182397E+00, 9.461734E-02
5.773067E-08, 1.0181123E+00, 9.454082E-02
5.774629E-08, 1.0182397E+00, 9.445153E-02
5.776192E-08, 1.0183673E+00, 9.433673E-02
5.777754E-08, 1.0187500E+00, 9.422194E-02
5.779317E-08, 1.0188775E+00, 9.405612E-02
5.780879E-08, 1.0192602E+00, 9.391581E-02
5.782442E-08, 1.0195153E+00, 9.375000E-02
5.784004E-08, 1.0197704E+00, 9.359694E-02
5.785567E-08, 1.0197704E+00, 9.341837E-02
5.787129E-08, 1.0198979E+00, 9.323980E-02
5.788692E-08, 1.0198979E+00, 9.307398E-02
5.790254E-08, 1.0198979E+00, 9.290817E-02
5.791817E-08, 1.0197704E+00, 9.274235E-02
5.793379E-08, 1.0197704E+00, 9.260204E-02
5.794942E-08, 1.0196428E+00, 9.247449E-02
5.796504E-08, 1.0197704E+00, 9.237245E-02
5.798067E-08, 1.0197704E+00, 9.228317E-02
5.799629E-08, 1.0197704E+00, 9.223215E-02
5.801192E-08, 1.0198979E+00, 9.221939E-02
5.802754E-08, 1.0202806E+00, 9.223215E-02
5.804317E-08, 1.0204082E+00, 9.224490E-02
5.805879E-08, 1.0206633E+00, 9.229591E-02
5.807442E-08, 1.0210459E+00, 9.237245E-02
5.809004E-08, 1.0216837E+00, 9.247449E-02
5.810567E-08, 1.0221939E+00, 9.255102E-02
5.812129E-08, 1.0229592E+00, 9.266581E-02
5.813692E-08, 1.0238520E+00, 9.276786E-02
5.815254E-08, 1.0250000E+00, 9.289541E-02
5.816817E-08, 1.0260204E+00, 9.299745E-02
5.818379E-08, 1.0272959E+00, 9.311225E-02
5.819942E-08, 1.0285715E+00, 9.322704E-02
5.821504E-08, 1.0298469E+00, 9.334183E-02
5.823067E-08, 1.0309949E+00, 9.343112E-02
5.824629E-08, 1.0321429E+00, 9.350765E-02
5.826192E-08, 1.0332909E+00, 9.358419E-02
5.827754E-08, 1.0345663E+00, 9.364796E-02
5.829317E-08, 1.0355867E+00, 9.367347E-02
5.830879E-08, 1.0366071E+00, 9.371173E-02
5.832442E-08, 1.0373725E+00, 9.375000E-02
5.834004E-08, 1.0381378E+00, 9.380102E-02
5.835567E-08, 1.0383929E+00, 9.383929E-02
5.837129E-08, 1.0382653E+00, 9.389031E-02
5.838692E-08, 1.0378827E+00, 9.394132E-02
5.840254E-08, 1.0373725E+00, 9.400510E-02
5.841817E-08, 1.0362245E+00, 9.405612E-02
5.843379E-08, 1.0350765E+00, 9.410714E-02
5.844942E-08, 1.0336735E+00, 9.417092E-02
5.846504E-08, 1.0322704E+00, 9.426020E-02
5.848067E-08, 1.0303571E+00, 9.434949E-02
5.849629E-08, 1.0284439E+00, 9.446429E-02
5.851192E-08, 1.0262755E+00, 9.459183E-02
5.852754E-08, 1.0242347E+00, 9.475765E-02
5.854317E-08, 1.0216837E+00, 9.492347E-02
5.855879E-08, 1.0193877E+00, 9.510204E-02
5.857442E-08, 1.0170919E+00, 9.528061E-02
5.859004E-08, 1.0150510E+00, 9.547194E-02
5.860567E-08, 1.0130103E+00, 9.563775E-02
5.862129E-08, 1.0112245E+00, 9.581633E-02
5.863692E-08, 1.0098214E+00, 9.599490E-02
5.865254E-08, 1.0088010E+00, 9.619898E-02
5.866817E-08, 1.0077807E+00, 9.636480E-02
5.868379E-08, 1.0071429E+00, 9.653061E-02
5.869942E-08, 1.0068878E+00, 9.668367E-02
5.871504E-08, 1.0071429E+00, 9.682398E-02
5.873067E-08, 1.0073980E+00, 9.692602E-02
5.874629E-08, 1.0082908E+00, 9.701531E-02
5.876192E-08, 1.0094388E+00, 9.706633E-02
5.877754E-08, 1.0112245E+00, 9.711735E-02
5.879317E-08, 1.0128827E+00, 9.711735E-02
5.880879E-08, 1.0151786E+00, 9.710459E-02
5.882442E-08, 1.0176021E+00, 9.706633E-02
5.884004E-08, 1.0204082E+00, 9.701531E-02
5.885567E-08, 1.0230868E+00, 9.692602E-02
5.887129E-08, 1.0258929E+00, 9.682398E-02
5.888692E-08, 1.0285715E+00, 9.670918E-02
5.890254E-08, 1.0312500E+00, 9.659439E-02
5.891817E-08, 1.0332909E+00, 9.644133E-02
5.893379E-08, 1.0350765E+00, 9.627551E-02
5.894942E-08, 1.0363520E+00, 9.609694E-02
5.896504E-08, 1.0375000E+00, 9.590561E-02
5.898067E-08, 1.0378827E+00, 9.567602E-02
5.899629E-08, 1.0381378E+00, 9.542092E-02
5.901192E-08, 1.0380102E+00, 9.515306E-02
5.902754E-08, 1.0377551E+00, 9.488521E-02
5.904317E-08, 1.0369898E+00, 9.459183E-02
5.905879E-08, 1.0359694E+00, 9.431122E-02
5.907442E-08, 1.0345663E+00, 9.404337E-02
5.909004E-08, 1.0329082E+00, 9.380102E-02
5.910567E-08, 1.0308673E+00, 9.355868E-02
5.912129E-08, 1.0285715E+00, 9.332908E-02
5.913692E-08, 1.0260204E+00, 9.312500E-02
5.915254E-08, 1.0235969E+00, 9.293368E-02
5.916817E-08, 1.0210459E+00, 9.274235E-02
5.918379E-08, 1.0186224E+00, 9.256378E-02
5.919942E-08, 1.0163265E+00, 9.241071E-02
5.921504E-08, 1.0144132E+00, 9.229591E-02
5.923067E-08, 1.0125000E+00, 9.218112E-02
5.924629E-08, 1.0109694E+00, 9.210459E-02
5.926192E-08, 1.0098214E+00, 9.205357E-02
5.927754E-08, 1.0090561E+00, 9.202806E-02
5.929317E-08, 1.0085459E+00, 9.201530E-02
5.930879E-08, 1.0085459E+00, 9.201530E-02
5.932442E-08, 1.0089285E+00, 9.204081E-02
5.934004E-08, 1.0099490E+00, 9.209184E-02
5.935567E-08, 1.0109694E+00, 9.214286E-02
5.937129E-08, 1.0126276E+00, 9.221939E-02
5.938692E-08, 1.0145408E+00, 9.229591E-02
5.940254E-08, 1.0167092E+00, 9.241071E-02
5.941817E-08, 1.0188775E+00, 9.251276E-02
5.943379E-08, 1.0213010E+00, 9.261479E-02
5.944942E-08, 1.0235969E+00, 9.272959E-02
5.946504E-08, 1.0261480E+00, 9.284439E-02
5.948067E-08, 1.0281888E+00, 9.292092E-02
5.949629E-08, 1.0301020E+00, 9.299745E-02
5.951192E-08, 1.0318878E+00, 9.307398E-02
5.952754E-08, 1.0335460E+00, 9.313776E-02
5.954317E-08, 1.0345663E+00, 9.316327E-02
5.955879E-08, 1.0355867E+00, 9.318878E-02
5.957442E-08, 1.0362245E+00, 9.318878E-02
5.959004E-08, 1.0367347E+00, 9.318878E-02
5.960567E-08, 1.0367347E+00, 9.315051E-02
5.962129E-08, 1.0364796E+00, 9.312500E-02
5.963692E-08, 1.0359694E+00, 9.308673E-02
5.965254E-08, 1.0353316E+00, 9.307398E-02
5.966817E-08, 1.0340561E+00, 9.303571E-02
5.968379E-08, 1.0327806E+00, 9.301020E-02
5.969942E-08, 1.0313776E+00, 9.298469E-02
5.971504E-08, 1.0299745E+00, 9.298469E-02
5.973067E-08, 1.0283164E+00, 9.295918E-02
5.974629E-08, 1.0269133E+00, 9.295918E-02
5.976192E-08, 1.0253826E+00, 9.297194E-02
5.977754E-08, 1.0242347E+00, 9.301020E-02
5.979317E-08, 1.0228317E+00, 9.304847E-02
5.980879E-08, 1.0216837E+00, 9.311225E-02
5.982442E-08, 1.0207908E+00, 9.320153E-02
5.984004E-08, 1.0200255E+00, 9.330357E-02
5.985567E-08, 1.0193877E+00, 9.339286E-02
5.987129E-08, 1.0190051E+00, 9.349490E-02
5.988692E-08, 1.0188775E+00, 9.359694E-02
5.990254E-08, 1.0190051E+00, 9.371173E-02
5.991817E-08, 1.0191326E+00, 9.380102E-02
5.993379E-08, 1.0196428E+00, 9.389031E-02
5.994942E-08, 1.0201530E+00, 9.397959E-02
5.996504E-08, 1.0209184E+00, 9.405612E-02
5.998067E-08, 1.0214286E+00, 9.409439E-02
5.999629E-08, 1.0220664E+00, 9.413265E-02
6.001192E-08, 1.0228317E+00, 9.413265E-02
6.002754E-08, 1.0235969E+00, 9.413265E-02
6.004317E-08, 1.0239795E+00, 9.408163E-02
6.005879E-08, 1.0244898E+00, 9.401786E-02
6.007442E-08, 1.0250000E+00, 9.391581E-02
6.009004E-08, 1.0255102E+00, 9.381378E-02
6.010567E-08, 1.0257653E+00, 9.366071E-02
6.012129E-08, 1.0260204E+00, 9.349490E-02
6.013692E-08, 1.0262755E+00, 9.332908E-02
6.015254E-08, 1.0265306E+00, 9.317602E-02
6.016817E-08, 1.0265306E+00, 9.299745E-02
6.018379E-08, 1.0264031E+00, 9.284439E-02
6.019942E-08, 1.0262755E+00, 9.270408E-02
6.021504E-08, 1.0261480E+00, 9.258929E-02
6.023067E-08, 1.0256377E+00, 9.247449E-02
6.024629E-08, 1.0252551E+00, 9.239796E-02
6.026192E-08, 1.0247449E+00, 9.232143E-02
6.027754E-08, 1.0244898E+00, 9.228317E-02
6.029317E-08, 1.0239795E+00, 9.224490E-02
6.030879E-08, 1.0235969E+00, 9.223215E-02
6.032442E-08, 1.0233419E+00, 9.224490E-02
6.034004E-08, 1.0232143E+00, 9.229591E-02
6.035567E-08, 1.0230868E+00, 9.234694E-02
6.037129E-08, 1.0230868E+00, 9.242347E-02
6.038692E-08, 1.0230868E+00, 9.252551E-02
6.040254E-08, 1.0234693E+00, 9.265306E-02
6.041817E-08, 1.0235969E+00, 9.276786E-02
6.043379E-08, 1.0239795E+00, 9.289541E-02
6.044942E-08, 1.0244898E+00, 9.301020E-02
6.046504E-08, 1.0252551E+00, 9.315051E-02
6.048067E-08, 1.0257653E+00, 9.323980E-02
6.049629E-08, 1.0265306E+00, 9.334183E-02
6.051192E-08, 1.0275511E+00, 9.341837E-02
6.052754E-08, 1.0286989E+00, 9.349490E-02
6.054317E-08, 1.0295918E+00, 9.353317E-02
6.055879E-08, 1.0307398E+00, 9.358419E-02
6.057442E-08, 1.0317602E+00, 9.363520E-02
6.059004E-08, 1.0329082E+00, 9.368622E-02
6.060567E-08, 1.0338011E+00, 9.369898E-02
6.062129E-08, 1.0345663E+00, 9.373724E-02
6.063692E-08, 1.0352041E+00, 9.376276E-02
6.065254E-08, 1.0358418E+00, 9.380102E-02
6.066817E-08, 1.0360969E+00, 9.382653E-02
6.068379E-08, 1.0362245E+00, 9.386480E-02
6.069942E-08, 1.0359694E+00, 9.390306E-02
6.071504E-08, 1.0357143E+00, 9.397959E-02
6.073067E-08, 1.0349489E+00, 9.403061E-02
6.074629E-08, 1.0340561E+00, 9.411990E-02
6.076192E-08, 1.0330358E+00, 9.420919E-02
6.077754E-08, 1.0320153E+00, 9.433673E-02
6.079317E-08, 1.0306122E+00, 9.443878E-02
6.080879E-08, 1.0293367E+00, 9.456632E-02
6.082442E-08, 1.0279337E+00, 9.470663E-02
6.084004E-08, 1.0265306E+00, 9.487245E-02
6.085567E-08, 1.0247449E+00, 9.502551E-02
6.087129E-08, 1.0229592E+00, 9.517857E-02
6.088692E-08, 1.0210459E+00, 9.533163E-02
6.090254E-08, 1.0192602E+00, 9.548470E-02
6.091817E-08, 1.0173470E+00, 9.558673E-02
6.093379E-08, 1.0158163E+00, 9.566326E-02
6.094942E-08, 1.0145408E+00, 9.570153E-02
6.096504E-08, 1.0137755E+00, 9.571429E-02
6.098067E-08, 1.0130103E+00, 9.566326E-02
6.099629E-08, 1.0127552E+00, 9.559949E-02
6.101192E-08, 1.0127552E+00, 9.551021E-02
6.102754E-08, 1.0130103E+00, 9.540816E-02
6.104317E-08, 1.0132653E+00, 9.526785E-02
6.105879E-08, 1.0139030E+00, 9.511480E-02
6.107442E-08, 1.0146683E+00, 9.492347E-02
6.109004E-08, 1.0158163E+00, 9.473214E-02
6.110567E-08, 1.0169643E+00, 9.450255E-02
6.112129E-08, 1.0183673E+00, 9.426020E-02
6.113692E-08, 1.0200255E+00, 9.401786E-02
6.115254E-08, 1.0219388E+00, 9.380102E-02
6.116817E-08, 1.0235969E+00, 9.357143E-02
6.118379E-08, 1.0253826E+00, 9.338010E-02
6.119942E-08, 1.0269133E+00, 9.322704E-02
6.121504E-08, 1.0285715E+00, 9.312500E-02
6.123067E-08, 1.0297194E+00, 9.302296E-02
6.124629E-08, 1.0309949E+00, 9.298469E-02
6.126192E-08, 1.0318878E+00, 9.297194E-02
6.127754E-08, 1.0329082E+00, 9.302296E-02
6.129317E-08, 1.0334184E+00, 9.307398E-02
6.130879E-08, 1.0338011E+00, 9.318878E-02
6.132442E-08, 1.0339285E+00, 9.334183E-02
6.134004E-08, 1.0339285E+00, 9.354592E-02
6.135567E-08, 1.0335460E+00, 9.373724E-02
6.137129E-08, 1.0331633E+00, 9.396683E-02
6.138692E-08, 1.0326531E+00, 9.419643E-02
6.140254E-08, 1.0323980E+00, 9.443878E-02
6.141817E-08, 1.0317602E+00, 9.465561E-02
6.143379E-08, 1.0313776E+00, 9.487245E-02
6.144942E-08, 1.0309949E+00, 9.507653E-02
6.146504E-08, 1.0308673E+00, 9.528061E-02
6.148067E-08, 1.0304847E+00, 9.543367E-02
6.149629E-08, 1.0303571E+00, 9.557398E-02
6.151192E-08, 1.0304847E+00, 9.567602E-02
6.152754E-08, 1.0308673E+00, 9.575255E-02
6.154317E-08, 1.0312500E+00, 9.576531E-02
6.155879E-08, 1.0320153E+00, 9.575255E-02
6.157442E-08, 1.0330358E+00, 9.570153E-02
6.159004E-08, 1.0343112E+00, 9.565051E-02
6.160567E-08, 1.0354592E+00, 9.554847E-02
6.162129E-08, 1.0366071E+00, 9.545919E-02
6.163692E-08, 1.0377551E+00, 9.534439E-02
6.165254E-08, 1.0387756E+00, 9.525510E-02
6.166817E-08, 1.0394132E+00, 9.511480E-02
6.168379E-08, 1.0401785E+00, 9.498724E-02
6.169942E-08, 1.0406888E+00, 9.485970E-02
6.171504E-08, 1.0411990E+00, 9.474490E-02
6.173067E-08, 1.0413265E+00, 9.461734E-02
6.174629E-08, 1.0413265E+00, 9.454082E-02
6.176192E-08, 1.0410714E+00, 9.447704E-02
6.177754E-08, 1.0405612E+00, 9.447704E-02
6.179317E-08, 1.0394132E+00, 9.447704E-02
6.180879E-08, 1.0380102E+00, 9.451531E-02
6.182442E-08, 1.0362245E+00, 9.457908E-02
6.184004E-08, 1.0343112E+00, 9.466837E-02
6.185567E-08, 1.0320153E+00, 9.474490E-02
6.187129E-08, 1.0295918E+00, 9.483419E-02
6.188692E-08, 1.0272959E+00, 9.493622E-02
6.190254E-08, 1.0250000E+00, 9.503826E-02
6.191817E-08, 1.0224490E+00, 9.512755E-02
6.193379E-08, 1.0200255E+00, 9.521683E-02
6.194942E-08, 1.0176021E+00, 9.530612E-02
6.196504E-08, 1.0154337E+00, 9.539541E-02
6.198067E-08, 1.0132653E+00, 9.542092E-02
6.199629E-08, 1.0113521E+00, 9.544643E-02
6.201192E-08, 1.0099490E+00, 9.542092E-02
6.202754E-08, 1.0090561E+00, 9.538265E-02
6.204317E-08, 1.0084183E+00, 9.526785E-02
6.205879E-08, 1.0082908E+00, 9.515306E-02
6.207442E-08, 1.0085459E+00, 9.501275E-02
6.209004E-08, 1.0093112E+00, 9.488521E-02
6.210567E-08, 1.0100765E+00, 9.470663E-02
6.212129E-08, 1.0110970E+00, 9.454082E-02
6.213692E-08, 1.0122449E+00, 9.437500E-02
6.215254E-08, 1.0136479E+00, 9.419643E-02
6.216817E-08, 1.0149235E+00, 9.397959E-02
6.218379E-08, 1.0164541E+00, 9.377551E-02
6.219942E-08, 1.0182397E+00, 9.357143E-02
6.221504E-08, 1.0200255E+00, 9.336735E-02
6.223067E-08, 1.0216837E+00, 9.317602E-02
6.224629E-08, 1.0233419E+00, 9.301020E-02
6.226192E-08, 1.0248724E+00, 9.289541E-02
6.227754E-08, 1.0261480E+00, 9.280612E-02
6.229317E-08, 1.0270408E+00, 9.274235E-02
6.230879E-08, 1.0278062E+00, 9.270408E-02
6.232442E-08, 1.0284439E+00, 9.269132E-02
6.234004E-08, 1.0289540E+00, 9.270408E-02
6.235567E-08, 1.0290816E+00, 9.272959E-02
6.237129E-08, 1.0290816E+00, 9.276786E-02
6.238692E-08, 1.0290816E+00, 9.283163E-02
6.240254E-08, 1.0289540E+00, 9.293368E-02
6.241817E-08, 1.0284439E+00, 9.303571E-02
6.243379E-08, 1.0278062E+00, 9.316327E-02
6.244942E-08, 1.0271684E+00, 9.329081E-02
6.246504E-08, 1.0264031E+00, 9.344388E-02
6.248067E-08, 1.0255102E+00, 9.355868E-02
6.249629E-08, 1.0247449E+00, 9.367347E-02
6.251192E-08, 1.0241071E+00, 9.377551E-02
6.252754E-08, 1.0237244E+00, 9.386480E-02
6.254317E-08, 1.0232143E+00, 9.392857E-02
6.255879E-08, 1.0230868E+00, 9.399235E-02
6.257442E-08, 1.0229592E+00, 9.405612E-02
6.259004E-08, 1.0229592E+00, 9.411990E-02
6.260567E-08, 1.0229592E+00, 9.415817E-02
6.262129E-08, 1.0229592E+00, 9.420919E-02
6.263692E-08, 1.0232143E+00, 9.423470E-02
6.265254E-08, 1.0235969E+00, 9.427296E-02
6.266817E-08, 1.0238520E+00, 9.427296E-02
6.268379E-08, 1.0243622E+00, 9.427296E-02
6.269942E-08, 1.0250000E+00, 9.426020E-02
6.271504E-08, 1.0257653E+00, 9.426020E-02
6.273067E-08, 1.0264031E+00, 9.424745E-02
6.274629E-08, 1.0270408E+00, 9.424745E-02
6.276192E-08, 1.0275511E+00, 9.424745E-02
6.277754E-08, 1.0280613E+00, 9.426020E-02
6.279317E-08, 1.0283164E+00, 9.426020E-02
6.280879E-08, 1.0286989E+00, 9.424745E-02
6.282442E-08, 1.0290816E+00, 9.423470E-02
6.284004E-08, 1.0297194E+00, 9.420919E-02
6.285567E-08, 1.0302296E+00, 9.415817E-02
6.287129E-08, 1.0308673E+00, 9.410714E-02
6.288692E-08, 1.0316327E+00, 9.406888E-02
6.290254E-08, 1.0323980E+00, 9.403061E-02
6.291817E-08, 1.0327806E+00, 9.396683E-02
6.293379E-08, 1.0331633E+00, 9.392857E-02
6.294942E-08, 1.0331633E+00, 9.386480E-02
6.296504E-08, 1.0332909E+00, 9.381378E-02
6.298067E-08, 1.0330358E+00, 9.371173E-02
6.299629E-08, 1.0327806E+00, 9.359694E-02
6.301192E-08, 1.0325255E+00, 9.345663E-02
6.302754E-08, 1.0323980E+00, 9.330357E-02
6.304317E-08, 1.0320153E+00, 9.312500E-02
6.305879E-08, 1.0316327E+00, 9.294643E-02
6.307442E-08, 1.0312500E+00, 9.278061E-02
6.309004E-08, 1.0308673E+00, 9.262755E-02
6.310567E-08, 1.0299745E+00, 9.247449E-02
6.312129E-08, 1.0292091E+00, 9.234694E-02
6.313692E-08, 1.0281888E+00, 9.224490E-02
6.315254E-08, 1.0272959E+00, 9.218112E-02
6.316817E-08, 1.0260204E+00, 9.210459E-02
6.318379E-08, 1.0247449E+00, 9.207908E-02
6.319942E-08, 1.0235969E+00, 9.207908E-02
6.321504E-08, 1.0224490E+00, 9.211735E-02
6.323067E-08, 1.0211735E+00, 9.216837E-02
6.324629E-08, 1.0202806E+00, 9.227041E-02
6.326192E-08, 1.0193877E+00, 9.241071E-02
6.327754E-08, 1.0188775E+00, 9.258929E-02
6.329317E-08, 1.0182397E+00, 9.279337E-02
6.330879E-08, 1.0179847E+00, 9.304847E-02
6.332442E-08, 1.0178572E+00, 9.332908E-02
6.334004E-08, 1.0179847E+00, 9.364796E-02
6.335567E-08, 1.0181123E+00, 9.397959E-02
6.337129E-08, 1.0184948E+00, 9.433673E-02
6.338692E-08, 1.0190051E+00, 9.469388E-02
6.340254E-08, 1.0198979E+00, 9.505102E-02
6.341817E-08, 1.0206633E+00, 9.538265E-02
6.343379E-08, 1.0216837E+00, 9.570153E-02
6.344942E-08, 1.0229592E+00, 9.600765E-02
6.346504E-08, 1.0243622E+00, 9.628826E-02
6.348067E-08, 1.0256377E+00, 9.651785E-02
6.349629E-08, 1.0270408E+00, 9.673470E-02
6.351192E-08, 1.0284439E+00, 9.691326E-02
6.352754E-08, 1.0298469E+00, 9.706633E-02
6.354317E-08, 1.0309949E+00, 9.715562E-02
6.355879E-08, 1.0320153E+00, 9.721939E-02
6.357442E-08, 1.0330358E+00, 9.724490E-02
6.359004E-08, 1.0340561E+00, 9.723214E-02
6.360567E-08, 1.0346938E+00, 9.718112E-02
6.362129E-08, 1.0353316E+00, 9.709184E-02
6.363692E-08, 1.0358418E+00, 9.698980E-02
6.365254E-08, 1.0362245E+00, 9.686224E-02
6.366817E-08, 1.0363520E+00, 9.670918E-02
6.368379E-08, 1.0363520E+00, 9.654336E-02
6.369942E-08, 1.0362245E+00, 9.637755E-02
6.371504E-08, 1.0359694E+00, 9.622449E-02
6.373067E-08, 1.0353316E+00, 9.604592E-02
6.374629E-08, 1.0346938E+00, 9.588010E-02
6.376192E-08, 1.0340561E+00, 9.571429E-02
6.377754E-08, 1.0335460E+00, 9.557398E-02
6.379317E-08, 1.0330358E+00, 9.540816E-02
6.380879E-08, 1.0326531E+00, 9.525510E-02
6.382442E-08, 1.0325255E+00, 9.511480E-02
6.384004E-08, 1.0327806E+00, 9.501275E-02
6.385567E-08, 1.0329082E+00, 9.491071E-02
6.387129E-08, 1.0331633E+00, 9.483419E-02
6.388692E-08, 1.0335460E+00, 9.478316E-02
6.390254E-08, 1.0341836E+00, 9.477041E-02
6.391817E-08, 1.0344387E+00, 9.474490E-02
6.393379E-08, 1.0348214E+00, 9.473214E-02
6.394942E-08, 1.0352041E+00, 9.471939E-02
6.396504E-08, 1.0358418E+00, 9.471939E-02
6.398067E-08, 1.0360969E+00, 9.468112E-02
6.399629E-08, 1.0364796E+00, 9.464286E-02
6.401192E-08, 1.0367347E+00, 9.460459E-02
6.402754E-08, 1.0371174E+00, 9.456632E-02
6.404317E-08, 1.0371174E+00, 9.448980E-02
6.405879E-08, 1.0372449E+00, 9.443878E-02
6.407442E-08, 1.0371174E+00, 9.437500E-02
6.409004E-08, 1.0371174E+00, 9.432398E-02
6.410567E-08, 1.0367347E+00, 9.424745E-02
6.412129E-08, 1.0363520E+00, 9.418368E-02
6.413692E-08, 1.0355867E+00, 9.411990E-02
6.415254E-08, 1.0348214E+00, 9.408163E-02
6.416817E-08, 1.0335460E+00, 9.403061E-02
6.418379E-08, 1.0320153E+00, 9.400510E-02
6.419942E-08, 1.0304847E+00, 9.397959E-02
6.421504E-08, 1.0289540E+00, 9.396683E-02
6.423067E-08, 1.0271684E+00, 9.392857E-02
6.424629E-08, 1.0255102E+00, 9.391581E-02
6.426192E-08, 1.0239795E+00, 9.390306E-02
6.427754E-08, 1.0227041E+00, 9.390306E-02
6.429317E-08, 1.0213010E+00, 9.391581E-02
6.430879E-08, 1.0201530E+00, 9.395408E-02
6.432442E-08, 1.0188775E+00, 9.401786E-02
6.434004E-08, 1.0179847E+00, 9.410714E-02
6.435567E-08, 1.0168368E+00, 9.418368E-02
6.437129E-08, 1.0160714E+00, 9.427296E-02
6.438692E-08, 1.0154337E+00, 9.434949E-02
6.440254E-08, 1.0153061E+00, 9.442602E-02
6.441817E-08, 1.0150510E+00, 9.446429E-02
6.443379E-08, 1.0153061E+00, 9.451531E-02
6.444942E-08, 1.0156888E+00, 9.454082E-02
6.446504E-08, 1.0163265E+00, 9.457908E-02
6.448067E-08, 1.0169643E+00, 9.457908E-02
6.449629E-08, 1.0177296E+00, 9.457908E-02
6.451192E-08, 1.0186224E+00, 9.456632E-02
6.452754E-08, 1.0197704E+00, 9.454082E-02
6.454317E-08, 1.0207908E+00, 9.446429E-02
6.455879E-08, 1.0220664E+00, 9.436224E-02
6.457442E-08, 1.0233419E+00, 9.426020E-02
6.459004E-08, 1.0247449E+00, 9.414541E-02
6.460567E-08, 1.0258929E+00, 9.400510E-02
6.462129E-08, 1.0269133E+00, 9.386480E-02
6.463692E-08, 1.0279337E+00, 9.372449E-02
6.465254E-08, 1.0289540E+00, 9.359694E-02
6.466817E-08, 1.0295918E+00, 9.343112E-02
6.468379E-08, 1.0304847E+00, 9.329081E-02
6.469942E-08, 1.0313776E+00, 9.315051E-02
6.471504E-08, 1.0323980E+00, 9.303571E-02
6.473067E-08, 1.0332909E+00, 9.292092E-02
6.474629E-08, 1.0340561E+00, 9.285714E-02
6.476192E-08, 1.0348214E+00, 9.283163E-02
6.477754E-08, 1.0355867E+00, 9.286990E-02
6.479317E-08, 1.0359694E+00, 9.292092E-02
6.480879E-08, 1.0364796E+00, 9.301020E-02
6.482442E-08, 1.0368623E+00, 9.313776E-02
6.484004E-08, 1.0376276E+00, 9.329081E-02
6.485567E-08, 1.0380102E+00, 9.344388E-02
6.487129E-08, 1.0386480E+00, 9.363520E-02
6.488692E-08, 1.0391581E+00, 9.383929E-02
6.490254E-08, 1.0397959E+00, 9.406888E-02
6.491817E-08, 1.0399234E+00, 9.429847E-02
6.493379E-08, 1.0401785E+00, 9.454082E-02
6.494942E-08, 1.0401785E+00, 9.477041E-02
6.496504E-08, 1.0404336E+00, 9.498724E-02
6.498067E-08, 1.0403061E+00, 9.514031E-02
6.499629E-08, 1.0403061E+00, 9.526785E-02
6.501192E-08, 1.0404336E+00, 9.534439E-02
6.502754E-08, 1.0405612E+00, 9.540816E-02
6.504317E-08, 1.0403061E+00, 9.540816E-02
6.505879E-08, 1.0400510E+00, 9.538265E-02
6.507442E-08, 1.0395408E+00, 9.531888E-02
6.509004E-08, 1.0390307E+00, 9.522959E-02
6.510567E-08, 1.0380102E+00, 9.508929E-02
6.512129E-08, 1.0371174E+00, 9.489796E-02
6.513692E-08, 1.0362245E+00, 9.468112E-02
6.515254E-08, 1.0354592E+00, 9.442602E-02
6.516817E-08, 1.0345663E+00, 9.413265E-02
6.518379E-08, 1.0336735E+00, 9.383929E-02
6.519942E-08, 1.0329082E+00, 9.354592E-02
6.521504E-08, 1.0320153E+00, 9.327806E-02
6.523067E-08, 1.0308673E+00, 9.302296E-02
6.524629E-08, 1.0297194E+00, 9.279337E-02
6.526192E-08, 1.0285715E+00, 9.258929E-02
6.527754E-08, 1.0276786E+00, 9.243622E-02
6.529317E-08, 1.0266582E+00, 9.227041E-02
6.530879E-08, 1.0260204E+00, 9.215561E-02
6.532442E-08, 1.0256377E+00, 9.207908E-02
6.534004E-08, 1.0255102E+00, 9.205357E-02
6.535567E-08, 1.0252551E+00, 9.205357E-02
6.537129E-08, 1.0252551E+00, 9.211735E-02
6.538692E-08, 1.0252551E+00, 9.221939E-02
6.540254E-08, 1.0255102E+00, 9.237245E-02
6.541817E-08, 1.0255102E+00, 9.253827E-02
6.543379E-08, 1.0257653E+00, 9.271684E-02
6.544942E-08, 1.0260204E+00, 9.290817E-02
6.546504E-08, 1.0265306E+00, 9.311225E-02
6.548067E-08, 1.0267857E+00, 9.327806E-02
6.549629E-08, 1.0272959E+00, 9.344388E-02
6.551192E-08, 1.0276786E+00, 9.359694E-02
6.552754E-08, 1.0280613E+00, 9.375000E-02
6.554317E-08, 1.0281888E+00, 9.383929E-02
6.555879E-08, 1.0284439E+00, 9.391581E-02
6.557442E-08, 1.0286989E+00, 9.396683E-02
6.559004E-08, 1.0290816E+00, 9.399235E-02
6.560567E-08, 1.0290816E+00, 9.396683E-02
6.562129E-08, 1.0290816E+00, 9.392857E-02
6.563692E-08, 1.0290816E+00, 9.386480E-02
6.565254E-08, 1.0289540E+00, 9.380102E-02
6.566817E-08, 1.0284439E+00, 9.371173E-02
6.568379E-08, 1.0279337E+00, 9.362245E-02
6.569942E-08, 1.0272959E+00, 9.353317E-02
6.571504E-08, 1.0267857E+00, 9.344388E-02
6.573067E-08, 1.0261480E+00, 9.334183E-02
6.574629E-08, 1.0257653E+00, 9.326530E-02
6.576192E-08, 1.0253826E+00, 9.321429E-02
6.577754E-08, 1.0252551E+00, 9.318878E-02
6.579317E-08, 1.0248724E+00, 9.317602E-02
6.580879E-08, 1.0246173E+00, 9.320153E-02
6.582442E-08, 1.0244898E+00, 9.327806E-02
6.584004E-08, 1.0244898E+00, 9.338010E-02
6.585567E-08, 1.0244898E+00, 9.349490E-02
6.587129E-08, 1.0248724E+00, 9.363520E-02
6.588692E-08, 1.0255102E+00, 9.378827E-02
6.590254E-08, 1.0265306E+00, 9.396683E-02
6.591817E-08, 1.0274235E+00, 9.414541E-02
6.593379E-08, 1.0286989E+00, 9.434949E-02
6.594942E-08, 1.0301020E+00, 9.456632E-02
6.596504E-08, 1.0315051E+00, 9.480868E-02
6.598067E-08, 1.0326531E+00, 9.502551E-02
6.599629E-08, 1.0338011E+00, 9.522959E-02
6.601192E-08, 1.0349489E+00, 9.543367E-02
6.602754E-08, 1.0360969E+00, 9.561224E-02
6.604317E-08, 1.0368623E+00, 9.573980E-02
6.605879E-08, 1.0376276E+00, 9.584184E-02
6.607442E-08, 1.0382653E+00, 9.590561E-02
6.609004E-08, 1.0387756E+00, 9.595663E-02
6.610567E-08, 1.0389031E+00, 9.595663E-02
6.612129E-08, 1.0389031E+00, 9.594388E-02
6.613692E-08, 1.0385205E+00, 9.590561E-02
6.615254E-08, 1.0381378E+00, 9.585460E-02
6.616817E-08, 1.0372449E+00, 9.577806E-02
6.618379E-08, 1.0362245E+00, 9.567602E-02
6.619942E-08, 1.0349489E+00, 9.557398E-02
6.621504E-08, 1.0336735E+00, 9.547194E-02
6.623067E-08, 1.0320153E+00, 9.534439E-02
6.624629E-08, 1.0303571E+00, 9.522959E-02
6.626192E-08, 1.0286989E+00, 9.510204E-02
6.627754E-08, 1.0271684E+00, 9.500000E-02
6.629317E-08, 1.0256377E+00, 9.488521E-02
6.630879E-08, 1.0243622E+00, 9.478316E-02
6.632442E-08, 1.0233419E+00, 9.469388E-02
6.634004E-08, 1.0228317E+00, 9.464286E-02
6.635567E-08, 1.0221939E+00, 9.457908E-02
6.637129E-08, 1.0220664E+00, 9.455357E-02
6.638692E-08, 1.0220664E+00, 9.454082E-02
6.640254E-08, 1.0224490E+00, 9.456632E-02
6.641817E-08, 1.0228317E+00, 9.456632E-02
6.643379E-08, 1.0235969E+00, 9.459183E-02
6.644942E-08, 1.0244898E+00, 9.460459E-02
6.646504E-08, 1.0257653E+00, 9.461734E-02
6.648067E-08, 1.0270408E+00, 9.460459E-02
6.649629E-08, 1.0284439E+00, 9.459183E-02
6.651192E-08, 1.0299745E+00, 9.456632E-02
6.652754E-08, 1.0315051E+00, 9.455357E-02
6.654317E-08, 1.0327806E+00, 9.450255E-02
6.655879E-08, 1.0340561E+00, 9.445153E-02
6.657442E-08, 1.0352041E+00, 9.438775E-02
6.659004E-08, 1.0362245E+00, 9.432398E-02
6.660567E-08, 1.0369898E+00, 9.422194E-02
6.662129E-08, 1.0375000E+00, 9.413265E-02
6.663692E-08, 1.0380102E+00, 9.403061E-02
6.665254E-08, 1.0382653E+00, 9.395408E-02
6.666817E-08, 1.0378827E+00, 9.385204E-02
6.668379E-08, 1.0373725E+00, 9.377551E-02
6.669942E-08, 1.0364796E+00, 9.371173E-02
6.671504E-08, 1.0353316E+00, 9.367347E-02
6.673067E-08, 1.0336735E+00, 9.362245E-02
6.674629E-08, 1.0317602E+00, 9.359694E-02
6.676192E-08, 1.0297194E+00, 9.358419E-02
6.677754E-08, 1.0275511E+00, 9.359694E-02
6.679317E-08, 1.0251275E+00, 9.358419E-02
6.680879E-08, 1.0227041E+00, 9.360969E-02
6.682442E-08, 1.0202806E+00, 9.363520E-02
6.684004E-08, 1.0181123E+00, 9.369898E-02
6.685567E-08, 1.0158163E+00, 9.373724E-02
6.687129E-08, 1.0137755E+00, 9.380102E-02
6.688692E-08, 1.0119898E+00, 9.386480E-02
6.690254E-08, 1.0107143E+00, 9.395408E-02
6.691817E-08, 1.0094388E+00, 9.400510E-02
6.693379E-08, 1.0088010E+00, 9.406888E-02
6.694942E-08, 1.0084183E+00, 9.411990E-02
6.696504E-08, 1.0086734E+00, 9.419643E-02
6.698067E-08, 1.0089285E+00, 9.423470E-02
6.699629E-08, 1.0096939E+00, 9.427296E-02
6.701192E-08, 1.0107143E+00, 9.431122E-02
6.702754E-08, 1.0119898E+00, 9.433673E-02
6.704317E-08, 1.0133928E+00, 9.432398E-02
6.705879E-08, 1.0150510E+00, 9.429847E-02
6.707442E-08, 1.0170919E+00, 9.426020E-02
6.709004E-08, 1.0193877E+00, 9.419643E-02
6.710567E-08, 1.0218112E+00, 9.408163E-02
6.712129E-08, 1.0243622E+00, 9.397959E-02
6.713692E-08, 1.0269133E+00, 9.386480E-02
6.715254E-08, 1.0295918E+00, 9.375000E-02
6.716817E-08, 1.0317602E+00, 9.360969E-02
6.718379E-08, 1.0340561E+00, 9.346939E-02
6.719942E-08, 1.0360969E+00, 9.332908E-02
6.721504E-08, 1.0380102E+00, 9.318878E-02
6.723067E-08, 1.0396683E+00, 9.301020E-02
6.724629E-08, 1.0411990E+00, 9.283163E-02
6.726192E-08, 1.0424745E+00, 9.265306E-02
6.727754E-08, 1.0437500E+00, 9.250000E-02
6.729317E-08, 1.0442603E+00, 9.232143E-02
6.730879E-08, 1.0445153E+00, 9.216837E-02
6.732442E-08, 1.0443877E+00, 9.202806E-02
6.734004E-08, 1.0440052E+00, 9.190051E-02
6.735567E-08, 1.0431123E+00, 9.174745E-02
6.737129E-08, 1.0419643E+00, 9.160715E-02
6.738692E-08, 1.0406888E+00, 9.146684E-02
6.740254E-08, 1.0392857E+00, 9.133928E-02
6.741817E-08, 1.0375000E+00, 9.121174E-02
6.743379E-08, 1.0355867E+00, 9.109694E-02
6.744942E-08, 1.0335460E+00, 9.100765E-02
6.746504E-08, 1.0313776E+00, 9.096939E-02
6.748067E-08, 1.0289540E+00, 9.093112E-02
6.749629E-08, 1.0265306E+00, 9.091837E-02
6.751192E-08, 1.0239795E+00, 9.094388E-02
6.752754E-08, 1.0218112E+00, 9.099489E-02
6.754317E-08, 1.0193877E+00, 9.104592E-02
6.755879E-08, 1.0173470E+00, 9.113520E-02
6.757442E-08, 1.0155612E+00, 9.125000E-02
6.759004E-08, 1.0141581E+00, 9.142857E-02
6.760567E-08, 1.0127552E+00, 9.160715E-02
6.762129E-08, 1.0117347E+00, 9.184949E-02
6.763692E-08, 1.0109694E+00, 9.211735E-02
6.765254E-08, 1.0105867E+00, 9.242347E-02
6.766817E-08, 1.0104592E+00, 9.274235E-02
6.768379E-08, 1.0105867E+00, 9.307398E-02
6.769942E-08, 1.0110970E+00, 9.343112E-02
6.771504E-08, 1.0118623E+00, 9.380102E-02
6.773067E-08, 1.0126276E+00, 9.414541E-02
6.774629E-08, 1.0136479E+00, 9.448980E-02
6.776192E-08, 1.0146683E+00, 9.480868E-02
6.777754E-08, 1.0160714E+00, 9.511480E-02
6.779317E-08, 1.0172194E+00, 9.536990E-02
6.780879E-08, 1.0186224E+00, 9.558673E-02
6.782442E-08, 1.0201530E+00, 9.575255E-02
6.784004E-08, 1.0218112E+00, 9.589285E-02
6.785567E-08, 1.0230868E+00, 9.594388E-02
6.787129E-08, 1.0244898E+00, 9.596939E-02
6.788692E-08, 1.0256377E+00, 9.595663E-02
6.790254E-08, 1.0267857E+00, 9.590561E-02
6.791817E-08, 1.0272959E+00, 9.577806E-02
6.793379E-08, 1.0279337E+00, 9.562500E-02
6.794942E-08, 1.0281888E+00, 9.543367E-02
6.796504E-08, 1.0285715E+00, 9.521683E-02
6.798067E-08, 1.0285715E+00, 9.496173E-02
6.799629E-08, 1.0285715E+00, 9.469388E-02
6.801192E-08, 1.0285715E+00, 9.442602E-02
6.802754E-08, 1.0283164E+00, 9.419643E-02
6.804317E-08, 1.0276786E+00, 9.395408E-02
6.805879E-08, 1.0270408E+00, 9.376276E-02
6.807442E-08, 1.0260204E+00, 9.360969E-02
6.809004E-08, 1.0250000E+00, 9.349490E-02
6.810567E-08, 1.0237244E+00, 9.339286E-02
6.812129E-08, 1.0224490E+00, 9.334183E-02
6.813692E-08, 1.0214286E+00, 9.332908E-02
6.815254E-08, 1.0205357E+00, 9.335459E-02
6.816817E-08, 1.0196428E+00, 9.340561E-02
6.818379E-08, 1.0191326E+00, 9.350765E-02
6.819942E-08, 1.0186224E+00, 9.366071E-02
6.821504E-08, 1.0182397E+00, 9.386480E-02
6.823067E-08, 1.0177296E+00, 9.406888E-02
6.824629E-08, 1.0173470E+00, 9.432398E-02
6.826192E-08, 1.0169643E+00, 9.456632E-02
6.827754E-08, 1.0167092E+00, 9.482143E-02
6.829317E-08, 1.0164541E+00, 9.503826E-02
6.830879E-08, 1.0164541E+00, 9.521683E-02
6.832442E-08, 1.0164541E+00, 9.536990E-02
6.834004E-08, 1.0168368E+00, 9.548470E-02
6.835567E-08, 1.0170919E+00, 9.553572E-02
6.837129E-08, 1.0174745E+00, 9.554847E-02
6.838692E-08, 1.0179847E+00, 9.552296E-02
6.840254E-08, 1.0186224E+00, 9.544643E-02
6.841817E-08, 1.0191326E+00, 9.531888E-02
6.843379E-08, 1.0197704E+00, 9.514031E-02
6.844942E-08, 1.0206633E+00, 9.493622E-02
6.846504E-08, 1.0216837E+00, 9.469388E-02
6.848067E-08, 1.0225766E+00, 9.440051E-02
6.849629E-08, 1.0237244E+00, 9.410714E-02
6.851192E-08, 1.0250000E+00, 9.380102E-02
6.852754E-08, 1.0264031E+00, 9.352041E-02
6.854317E-08, 1.0276786E+00, 9.321429E-02
6.855879E-08, 1.0289540E+00, 9.295918E-02
6.857442E-08, 1.0303571E+00, 9.271684E-02
6.859004E-08, 1.0318878E+00, 9.252551E-02
6.860567E-08, 1.0332909E+00, 9.234694E-02
6.862129E-08, 1.0349489E+00, 9.223215E-02
6.863692E-08, 1.0366071E+00, 9.215561E-02
6.865254E-08, 1.0383929E+00, 9.214286E-02
6.866817E-08, 1.0400510E+00, 9.216837E-02
6.868379E-08, 1.0418367E+00, 9.225766E-02
6.869942E-08, 1.0434949E+00, 9.239796E-02
6.871504E-08, 1.0452806E+00, 9.260204E-02
6.873067E-08, 1.0468112E+00, 9.283163E-02
6.874629E-08, 1.0482143E+00, 9.309949E-02
6.876192E-08, 1.0494897E+00, 9.340561E-02
6.877754E-08, 1.0507653E+00, 9.372449E-02
6.879317E-08, 1.0515306E+00, 9.404337E-02
6.880879E-08, 1.0520408E+00, 9.436224E-02
6.882442E-08, 1.0524235E+00, 9.466837E-02
6.884004E-08, 1.0525510E+00, 9.497449E-02
6.885567E-08, 1.0522959E+00, 9.521683E-02
6.887129E-08, 1.0517857E+00, 9.543367E-02
6.888692E-08, 1.0511479E+00, 9.561224E-02
6.890254E-08, 1.0502551E+00, 9.575255E-02
6.891817E-08, 1.0489796E+00, 9.582908E-02
6.893379E-08, 1.0477041E+00, 9.588010E-02
6.894942E-08, 1.0463010E+00, 9.588010E-02
6.896504E-08, 1.0448979E+00, 9.585460E-02
6.898067E-08, 1.0431123E+00, 9.576531E-02
6.899629E-08, 1.0414541E+00, 9.566326E-02
6.901192E-08, 1.0397959E+00, 9.553572E-02
6.902754E-08, 1.0381378E+00, 9.539541E-02
6.904317E-08, 1.0362245E+00, 9.521683E-02
6.905879E-08, 1.0345663E+00, 9.506378E-02
6.907442E-08, 1.0327806E+00, 9.488521E-02
6.909004E-08, 1.0313776E+00, 9.473214E-02
6.910567E-08, 1.0297194E+00, 9.456632E-02
6.912129E-08, 1.0284439E+00, 9.441327E-02
6.913692E-08, 1.0274235E+00, 9.426020E-02
6.915254E-08, 1.0266582E+00, 9.414541E-02
6.916817E-08, 1.0260204E+00, 9.403061E-02
6.918379E-08, 1.0256377E+00, 9.395408E-02
6.919942E-08, 1.0253826E+00, 9.391581E-02
6.921504E-08, 1.0253826E+00, 9.391581E-02
6.923067E-08, 1.0251275E+00, 9.392857E-02
6.924629E-08, 1.0248724E+00, 9.397959E-02
6.926192E-08, 1.0246173E+00, 9.404337E-02
6.927754E-08, 1.0244898E+00, 9.411990E-02
6.929317E-08, 1.0241071E+00, 9.417092E-02
6.930879E-08, 1.0239795E+00, 9.423470E-02
6.932442E-08, 1.0238520E+00, 9.428571E-02
6.934004E-08, 1.0238520E+00, 9.433673E-02
6.935567E-08, 1.0237244E+00, 9.437500E-02
6.937129E-08, 1.0235969E+00, 9.441327E-02
6.938692E-08, 1.0233419E+00, 9.446429E-02
6.940254E-08, 1.0230868E+00, 9.451531E-02
6.941817E-08, 1.0223215E+00, 9.454082E-02
6.943379E-08, 1.0215561E+00, 9.456632E-02
6.944942E-08, 1.0207908E+00, 9.456632E-02
6.946504E-08, 1.0201530E+00, 9.456632E-02
6.948067E-08, 1.0192602E+00, 9.451531E-02
6.949629E-08, 1.0187500E+00, 9.443878E-02
6.951192E-08, 1.0183673E+00, 9.436224E-02
6.952754E-08, 1.0182397E+00, 9.428571E-02
6.954317E-08, 1.0182397E+00, 9.419643E-02
6.955879E-08, 1.0183673E+00, 9.410714E-02
6.957442E-08, 1.0187500E+00, 9.403061E-02
6.959004E-08, 1.0193877E+00, 9.397959E-02
6.960567E-08, 1.0197704E+00, 9.390306E-02
6.962129E-08, 1.0205357E+00, 9.385204E-02
6.963692E-08, 1.0213010E+00, 9.378827E-02
6.965254E-08, 1.0224490E+00, 9.372449E-02
6.966817E-08, 1.0235969E+00, 9.363520E-02
6.968379E-08, 1.0250000E+00, 9.355868E-02
6.969942E-08, 1.0266582E+00, 9.348214E-02
6.971504E-08, 1.0285715E+00, 9.341837E-02
6.973067E-08, 1.0302296E+00, 9.334183E-02
6.974629E-08, 1.0322704E+00, 9.327806E-02
6.976192E-08, 1.0341836E+00, 9.323980E-02
6.977754E-08, 1.0360969E+00, 9.322704E-02
6.979317E-08, 1.0377551E+00, 9.320153E-02
6.980879E-08, 1.0392857E+00, 9.320153E-02
6.982442E-08, 1.0406888E+00, 9.320153E-02
6.984004E-08, 1.0418367E+00, 9.322704E-02
6.985567E-08, 1.0424745E+00, 9.323980E-02
6.987129E-08, 1.0428572E+00, 9.326530E-02
6.988692E-08, 1.0428572E+00, 9.331632E-02
6.990254E-08, 1.0427296E+00, 9.338010E-02
6.991817E-08, 1.0420918E+00, 9.341837E-02
6.993379E-08, 1.0413265E+00, 9.349490E-02
6.994942E-08, 1.0401785E+00, 9.357143E-02
6.996504E-08, 1.0389031E+00, 9.366071E-02
6.998067E-08, 1.0372449E+00, 9.375000E-02
6.999629E-08, 1.0353316E+00, 9.385204E-02
7.001192E-08, 1.0331633E+00, 9.397959E-02
7.002754E-08, 1.0309949E+00, 9.411990E-02
7.004317E-08, 1.0283164E+00, 9.423470E-02
7.005879E-08, 1.0256377E+00, 9.436224E-02
7.007442E-08, 1.0229592E+00, 9.447704E-02
7.009004E-08, 1.0202806E+00, 9.459183E-02
7.010567E-08, 1.0174745E+00, 9.466837E-02
7.012129E-08, 1.0149235E+00, 9.473214E-02
7.013692E-08, 1.0125000E+00, 9.478316E-02
7.015254E-08, 1.0103316E+00, 9.482143E-02
7.016817E-08, 1.0081632E+00, 9.480868E-02
7.018379E-08, 1.0062500E+00, 9.479592E-02
7.019942E-08, 1.0045918E+00, 9.477041E-02
7.021504E-08, 1.0033163E+00, 9.471939E-02
7.023067E-08, 1.0021684E+00, 9.464286E-02
7.024629E-08, 1.0015306E+00, 9.454082E-02
7.026192E-08, 1.0012755E+00, 9.442602E-02
7.027754E-08, 1.0015306E+00, 9.429847E-02
7.029317E-08, 1.0019133E+00, 9.414541E-02
7.030879E-08, 1.0028061E+00, 9.400510E-02
7.032442E-08, 1.0038265E+00, 9.385204E-02
7.034004E-08, 1.0053571E+00, 9.372449E-02
7.035567E-08, 1.0068878E+00, 9.358419E-02
7.037129E-08, 1.0085459E+00, 9.346939E-02
7.038692E-08, 1.0105867E+00, 9.335459E-02
7.040254E-08, 1.0127552E+00, 9.327806E-02
7.041817E-08, 1.0149235E+00, 9.317602E-02
7.043379E-08, 1.0173470E+00, 9.311225E-02
7.044942E-08, 1.0198979E+00, 9.304847E-02
7.046504E-08, 1.0227041E+00, 9.302296E-02
7.048067E-08, 1.0251275E+00, 9.299745E-02
7.049629E-08, 1.0278062E+00, 9.301020E-02
7.051192E-08, 1.0302296E+00, 9.303571E-02
7.052754E-08, 1.0327806E+00, 9.309949E-02
7.054317E-08, 1.0346938E+00, 9.315051E-02
7.055879E-08, 1.0366071E+00, 9.321429E-02
7.057442E-08, 1.0382653E+00, 9.330357E-02
7.059004E-08, 1.0397959E+00, 9.339286E-02
7.060567E-08, 1.0406888E+00, 9.346939E-02
7.062129E-08, 1.0414541E+00, 9.355868E-02
7.063692E-08, 1.0418367E+00, 9.363520E-02
7.065254E-08, 1.0419643E+00, 9.372449E-02
7.066817E-08, 1.0414541E+00, 9.378827E-02
7.068379E-08, 1.0408163E+00, 9.385204E-02
7.069942E-08, 1.0397959E+00, 9.391581E-02
7.071504E-08, 1.0386480E+00, 9.397959E-02
7.073067E-08, 1.0371174E+00, 9.401786E-02
7.074629E-08, 1.0354592E+00, 9.405612E-02
7.076192E-08, 1.0338011E+00, 9.409439E-02
7.077754E-08, 1.0322704E+00, 9.414541E-02
7.079317E-08, 1.0304847E+00, 9.418368E-02
7.080879E-08, 1.0289540E+00, 9.423470E-02
7.082442E-08, 1.0272959E+00, 9.431122E-02
7.084004E-08, 1.0260204E+00, 9.441327E-02
7.085567E-08, 1.0244898E+00, 9.450255E-02
7.087129E-08, 1.0233419E+00, 9.461734E-02
7.088692E-08, 1.0223215E+00, 9.474490E-02
7.090254E-08, 1.0216837E+00, 9.488521E-02
7.091817E-08, 1.0213010E+00, 9.501275E-02
7.093379E-08, 1.0213010E+00, 9.515306E-02
7.094942E-08, 1.0216837E+00, 9.529337E-02
7.096504E-08, 1.0225766E+00, 9.544643E-02
7.098067E-08, 1.0234693E+00, 9.558673E-02
7.099629E-08, 1.0248724E+00, 9.572704E-02
7.101192E-08, 1.0264031E+00, 9.586734E-02
7.102754E-08, 1.0281888E+00, 9.602041E-02
7.104317E-08, 1.0297194E+00, 9.613521E-02
7.105879E-08, 1.0315051E+00, 9.625000E-02
7.107442E-08, 1.0331633E+00, 9.633929E-02
7.109004E-08, 1.0348214E+00, 9.642857E-02
7.110567E-08, 1.0359694E+00, 9.646684E-02
7.112129E-08, 1.0371174E+00, 9.647959E-02
7.113692E-08, 1.0380102E+00, 9.645408E-02
7.115254E-08, 1.0387756E+00, 9.641582E-02
7.116817E-08, 1.0390307E+00, 9.632653E-02
7.118379E-08, 1.0392857E+00, 9.622449E-02
7.119942E-08, 1.0392857E+00, 9.609694E-02
7.121504E-08, 1.0391581E+00, 9.598214E-02
7.123067E-08, 1.0385205E+00, 9.582908E-02
7.124629E-08, 1.0377551E+00, 9.568878E-02
7.126192E-08, 1.0367347E+00, 9.554847E-02
7.127754E-08, 1.0355867E+00, 9.543367E-02
7.129317E-08, 1.0338011E+00, 9.530612E-02
7.130879E-08, 1.0320153E+00, 9.519133E-02
7.132442E-08, 1.0301020E+00, 9.508929E-02
7.134004E-08, 1.0283164E+00, 9.498724E-02
7.135567E-08, 1.0264031E+00, 9.484694E-02
7.137129E-08, 1.0250000E+00, 9.473214E-02
7.138692E-08, 1.0237244E+00, 9.461734E-02
7.140254E-08, 1.0229592E+00, 9.452806E-02
7.141817E-08, 1.0220664E+00, 9.443878E-02
7.143379E-08, 1.0215561E+00, 9.437500E-02
7.144942E-08, 1.0211735E+00, 9.433673E-02
7.146504E-08, 1.0210459E+00, 9.432398E-02
7.148067E-08, 1.0209184E+00, 9.429847E-02
7.149629E-08, 1.0210459E+00, 9.427296E-02
7.151192E-08, 1.0215561E+00, 9.424745E-02
7.152754E-08, 1.0224490E+00, 9.423470E-02
7.154317E-08, 1.0233419E+00, 9.418368E-02
7.155879E-08, 1.0243622E+00, 9.415817E-02
7.157442E-08, 1.0255102E+00, 9.413265E-02
7.159004E-08, 1.0265306E+00, 9.414541E-02
7.160567E-08, 1.0272959E+00, 9.413265E-02
7.162129E-08, 1.0278062E+00, 9.415817E-02
7.163692E-08, 1.0283164E+00, 9.418368E-02
7.165254E-08, 1.0286989E+00, 9.422194E-02
7.166817E-08, 1.0288265E+00, 9.424745E-02
7.168379E-08, 1.0289540E+00, 9.427296E-02
7.169942E-08, 1.0289540E+00, 9.432398E-02
7.171504E-08, 1.0290816E+00, 9.438775E-02
7.173067E-08, 1.0286989E+00, 9.445153E-02
7.174629E-08, 1.0281888E+00, 9.454082E-02
7.176192E-08, 1.0275511E+00, 9.466837E-02
7.177754E-08, 1.0267857E+00, 9.479592E-02
7.179317E-08, 1.0257653E+00, 9.491071E-02
7.180879E-08, 1.0248724E+00, 9.502551E-02
7.182442E-08, 1.0241071E+00, 9.512755E-02
7.184004E-08, 1.0237244E+00, 9.521683E-02
7.185567E-08, 1.0232143E+00, 9.526785E-02
7.187129E-08, 1.0229592E+00, 9.530612E-02
7.188692E-08, 1.0229592E+00, 9.531888E-02
7.190254E-08, 1.0232143E+00, 9.533163E-02
7.191817E-08, 1.0233419E+00, 9.529337E-02
7.193379E-08, 1.0238520E+00, 9.522959E-02
7.194942E-08, 1.0244898E+00, 9.514031E-02
7.196504E-08, 1.0255102E+00, 9.501275E-02
7.198067E-08, 1.0262755E+00, 9.483419E-02
7.199629E-08, 1.0274235E+00, 9.463010E-02
7.201192E-08, 1.0284439E+00, 9.440051E-02
7.202754E-08, 1.0294642E+00, 9.415817E-02
7.204317E-08, 1.0301020E+00, 9.387755E-02
7.205879E-08, 1.0304847E+00, 9.359694E-02
7.207442E-08, 1.0307398E+00, 9.331632E-02
7.209004E-08, 1.0307398E+00, 9.304847E-02
7.210567E-08, 1.0303571E+00, 9.275510E-02
7.212129E-08, 1.0301020E+00, 9.247449E-02
7.213692E-08, 1.0295918E+00, 9.221939E-02
7.215254E-08, 1.0292091E+00, 9.201530E-02
7.216817E-08, 1.0283164E+00, 9.183674E-02
7.218379E-08, 1.0275511E+00, 9.173469E-02
7.219942E-08, 1.0264031E+00, 9.169643E-02
7.221504E-08, 1.0253826E+00, 9.174745E-02
7.223067E-08, 1.0238520E+00, 9.183674E-02
7.224629E-08, 1.0224490E+00, 9.200255E-02
7.226192E-08, 1.0210459E+00, 9.221939E-02
7.227754E-08, 1.0200255E+00, 9.248725E-02
7.229317E-08, 1.0190051E+00, 9.276786E-02
7.230879E-08, 1.0183673E+00, 9.308673E-02
7.232442E-08, 1.0181123E+00, 9.343112E-02
7.234004E-08, 1.0183673E+00, 9.381378E-02
7.235567E-08, 1.0186224E+00, 9.418368E-02
7.237129E-08, 1.0193877E+00, 9.456632E-02
7.238692E-08, 1.0202806E+00, 9.494898E-02
7.240254E-08, 1.0215561E+00, 9.531888E-02
7.241817E-08, 1.0227041E+00, 9.562500E-02
7.243379E-08, 1.0243622E+00, 9.589285E-02
7.244942E-08, 1.0260204E+00, 9.610970E-02
7.246504E-08, 1.0280613E+00, 9.626275E-02
7.248067E-08, 1.0298469E+00, 9.633929E-02
7.249629E-08, 1.0318878E+00, 9.636480E-02
7.251192E-08, 1.0336735E+00, 9.632653E-02
7.252754E-08, 1.0354592E+00, 9.625000E-02
7.254317E-08, 1.0366071E+00, 9.608418E-02
7.255879E-08, 1.0376276E+00, 9.590561E-02
7.257442E-08, 1.0381378E+00, 9.567602E-02
7.259004E-08, 1.0382653E+00, 9.543367E-02
7.260567E-08, 1.0376276E+00, 9.512755E-02
7.262129E-08, 1.0367347E+00, 9.483419E-02
7.263692E-08, 1.0353316E+00, 9.451531E-02
7.265254E-08, 1.0335460E+00, 9.422194E-02
7.266817E-08, 1.0312500E+00, 9.391581E-02
7.268379E-08, 1.0286989E+00, 9.363520E-02
7.269942E-08, 1.0260204E+00, 9.338010E-02
7.271504E-08, 1.0232143E+00, 9.317602E-02
7.273067E-08, 1.0201530E+00, 9.298469E-02
7.274629E-08, 1.0172194E+00, 9.284439E-02
7.276192E-08, 1.0144132E+00, 9.276786E-02
7.277754E-08, 1.0119898E+00, 9.274235E-02
7.279317E-08, 1.0095663E+00, 9.274235E-02
7.280879E-08, 1.0076531E+00, 9.279337E-02
7.282442E-08, 1.0062500E+00, 9.289541E-02
7.284004E-08, 1.0054847E+00, 9.303571E-02
7.285567E-08, 1.0048469E+00, 9.318878E-02
7.287129E-08, 1.0049745E+00, 9.338010E-02
7.288692E-08, 1.0056123E+00, 9.358419E-02
7.290254E-08, 1.0067602E+00, 9.380102E-02
7.291817E-08, 1.0082908E+00, 9.400510E-02
7.293379E-08, 1.0104592E+00, 9.419643E-02
7.294942E-08, 1.0130103E+00, 9.438775E-02
7.296504E-08, 1.0160714E+00, 9.456632E-02
7.298067E-08, 1.0192602E+00, 9.470663E-02
7.299629E-08, 1.0225766E+00, 9.484694E-02
7.301192E-08, 1.0260204E+00, 9.496173E-02
7.302754E-08, 1.0293367E+00, 9.507653E-02
7.304317E-08, 1.0321429E+00, 9.515306E-02
7.305879E-08, 1.0348214E+00, 9.521683E-02
7.307442E-08, 1.0369898E+00, 9.525510E-02
7.309004E-08, 1.0389031E+00, 9.529337E-02
7.310567E-08, 1.0401785E+00, 9.526785E-02
7.312129E-08, 1.0409439E+00, 9.524234E-02
7.313692E-08, 1.0414541E+00, 9.520409E-02
7.315254E-08, 1.0414541E+00, 9.515306E-02
7.316817E-08, 1.0408163E+00, 9.508929E-02
7.318379E-08, 1.0397959E+00, 9.503826E-02
7.319942E-08, 1.0383929E+00, 9.498724E-02
7.321504E-08, 1.0368623E+00, 9.494898E-02
7.323067E-08, 1.0346938E+00, 9.488521E-02
7.324629E-08, 1.0326531E+00, 9.483419E-02
7.326192E-08, 1.0306122E+00, 9.479592E-02
7.327754E-08, 1.0286989E+00, 9.475765E-02
7.329317E-08, 1.0266582E+00, 9.470663E-02
7.330879E-08, 1.0248724E+00, 9.466837E-02
7.332442E-08, 1.0232143E+00, 9.464286E-02
7.334004E-08, 1.0218112E+00, 9.463010E-02
7.335567E-08, 1.0204082E+00, 9.457908E-02
7.337129E-08, 1.0192602E+00, 9.452806E-02
7.338692E-08, 1.0186224E+00, 9.446429E-02
7.340254E-08, 1.0183673E+00, 9.437500E-02
7.341817E-08, 1.0184948E+00, 9.424745E-02
7.343379E-08, 1.0191326E+00, 9.410714E-02
7.344942E-08, 1.0201530E+00, 9.394132E-02
7.346504E-08, 1.0215561E+00, 9.380102E-02
7.348067E-08, 1.0229592E+00, 9.362245E-02
7.349629E-08, 1.0244898E+00, 9.346939E-02
7.351192E-08, 1.0258929E+00, 9.332908E-02
7.352754E-08, 1.0274235E+00, 9.320153E-02
7.354317E-08, 1.0286989E+00, 9.306122E-02
7.355879E-08, 1.0301020E+00, 9.292092E-02
7.357442E-08, 1.0313776E+00, 9.279337E-02
7.359004E-08, 1.0326531E+00, 9.270408E-02
7.360567E-08, 1.0336735E+00, 9.260204E-02
7.362129E-08, 1.0344387E+00, 9.255102E-02
7.363692E-08, 1.0349489E+00, 9.255102E-02
7.365254E-08, 1.0352041E+00, 9.260204E-02
7.366817E-08, 1.0349489E+00, 9.267857E-02
7.368379E-08, 1.0344387E+00, 9.280612E-02
7.369942E-08, 1.0338011E+00, 9.295918E-02
7.371504E-08, 1.0331633E+00, 9.313776E-02
7.373067E-08, 1.0323980E+00, 9.332908E-02
7.374629E-08, 1.0318878E+00, 9.354592E-02
7.376192E-08, 1.0313776E+00, 9.378827E-02
7.377754E-08, 1.0311224E+00, 9.405612E-02
7.379317E-08, 1.0306122E+00, 9.433673E-02
7.380879E-08, 1.0302296E+00, 9.464286E-02
7.382442E-08, 1.0299745E+00, 9.494898E-02
7.384004E-08, 1.0298469E+00, 9.526785E-02
7.385567E-08, 1.0297194E+00, 9.553572E-02
7.387129E-08, 1.0299745E+00, 9.577806E-02
7.388692E-08, 1.0303571E+00, 9.599490E-02
7.390254E-08, 1.0311224E+00, 9.617347E-02
7.391817E-08, 1.0317602E+00, 9.628826E-02
7.393379E-08, 1.0326531E+00, 9.637755E-02
7.394942E-08, 1.0334184E+00, 9.644133E-02
7.396504E-08, 1.0344387E+00, 9.646684E-02
7.398067E-08, 1.0350765E+00, 9.642857E-02
7.399629E-08, 1.0358418E+00, 9.637755E-02
7.401192E-08, 1.0363520E+00, 9.627551E-02
7.402754E-08, 1.0369898E+00, 9.614796E-02
7.404317E-08, 1.0371174E+00, 9.598214E-02
7.405879E-08, 1.0371174E+00, 9.579082E-02
7.407442E-08, 1.0368623E+00, 9.559949E-02
7.409004E-08, 1.0364796E+00, 9.539541E-02
7.410567E-08, 1.0354592E+00, 9.516582E-02
7.412129E-08, 1.0343112E+00, 9.496173E-02
7.413692E-08, 1.0329082E+00, 9.474490E-02
7.415254E-08, 1.0316327E+00, 9.455357E-02
7.416817E-08, 1.0298469E+00, 9.436224E-02
7.418379E-08, 1.0283164E+00, 9.419643E-02
7.419942E-08, 1.0267857E+00, 9.405612E-02
7.421504E-08, 1.0255102E+00, 9.396683E-02
7.423067E-08, 1.0239795E+00, 9.389031E-02
7.424629E-08, 1.0227041E+00, 9.385204E-02
7.426192E-08, 1.0216837E+00, 9.385204E-02
7.427754E-08, 1.0210459E+00, 9.389031E-02
7.429317E-08, 1.0204082E+00, 9.394132E-02
7.430879E-08, 1.0201530E+00, 9.400510E-02
7.432442E-08, 1.0201530E+00, 9.409439E-02
7.434004E-08, 1.0206633E+00, 9.419643E-02
7.435567E-08, 1.0213010E+00, 9.428571E-02
7.437129E-08, 1.0223215E+00, 9.438775E-02
7.438692E-08, 1.0235969E+00, 9.448980E-02
7.440254E-08, 1.0252551E+00, 9.459183E-02
7.441817E-08, 1.0267857E+00, 9.465561E-02
7.443379E-08, 1.0285715E+00, 9.470663E-02
7.444942E-08, 1.0303571E+00, 9.474490E-02
7.446504E-08, 1.0322704E+00, 9.475765E-02
7.448067E-08, 1.0338011E+00, 9.473214E-02
7.449629E-08, 1.0352041E+00, 9.466837E-02
7.451192E-08, 1.0366071E+00, 9.459183E-02
7.452754E-08, 1.0377551E+00, 9.448980E-02
7.454317E-08, 1.0385205E+00, 9.432398E-02
7.455879E-08, 1.0391581E+00, 9.415817E-02
7.457442E-08, 1.0396683E+00, 9.396683E-02
7.459004E-08, 1.0399234E+00, 9.377551E-02
7.460567E-08, 1.0397959E+00, 9.355868E-02
7.462129E-08, 1.0394132E+00, 9.336735E-02
7.463692E-08, 1.0387756E+00, 9.317602E-02
7.465254E-08, 1.0380102E+00, 9.302296E-02
7.466817E-08, 1.0367347E+00, 9.285714E-02
7.468379E-08, 1.0355867E+00, 9.272959E-02
7.469942E-08, 1.0344387E+00, 9.261479E-02
7.471504E-08, 1.0334184E+00, 9.255102E-02
7.473067E-08, 1.0322704E+00, 9.250000E-02
7.474629E-08, 1.0312500E+00, 9.250000E-02
7.476192E-08, 1.0303571E+00, 9.253827E-02
7.477754E-08, 1.0297194E+00, 9.264030E-02
7.479317E-08, 1.0288265E+00, 9.275510E-02
7.480879E-08, 1.0283164E+00, 9.292092E-02
7.482442E-08, 1.0279337E+00, 9.311225E-02
7.484004E-08, 1.0278062E+00, 9.334183E-02
7.485567E-08, 1.0275511E+00, 9.357143E-02
7.487129E-08, 1.0276786E+00, 9.380102E-02
7.488692E-08, 1.0278062E+00, 9.405612E-02
7.490254E-08, 1.0281888E+00, 9.431122E-02
7.491817E-08, 1.0281888E+00, 9.452806E-02
7.493379E-08, 1.0283164E+00, 9.475765E-02
7.494942E-08, 1.0283164E+00, 9.494898E-02
7.496504E-08, 1.0284439E+00, 9.512755E-02
7.498067E-08, 1.0281888E+00, 9.525510E-02
7.499629E-08, 1.0279337E+00, 9.533163E-02
7.501192E-08, 1.0275511E+00, 9.536990E-02
7.502754E-08, 1.0272959E+00, 9.538265E-02
7.504317E-08, 1.0266582E+00, 9.531888E-02
7.505879E-08, 1.0258929E+00, 9.522959E-02
7.507442E-08, 1.0250000E+00, 9.510204E-02
7.509004E-08, 1.0239795E+00, 9.496173E-02
7.510567E-08, 1.0227041E+00, 9.474490E-02
7.512129E-08, 1.0216837E+00, 9.451531E-02
7.513692E-08, 1.0206633E+00, 9.426020E-02
7.515254E-08, 1.0200255E+00, 9.399235E-02
7.516817E-08, 1.0195153E+00, 9.368622E-02
7.518379E-08, 1.0192602E+00, 9.339286E-02
7.519942E-08, 1.0193877E+00, 9.311225E-02
7.521504E-08, 1.0198979E+00, 9.288266E-02
7.523067E-08, 1.0202806E+00, 9.265306E-02
7.524629E-08, 1.0210459E+00, 9.247449E-02
7.526192E-08, 1.0218112E+00, 9.232143E-02
7.527754E-08, 1.0229592E+00, 9.220663E-02
7.529317E-08, 1.0239795E+00, 9.209184E-02
7.530879E-08, 1.0255102E+00, 9.198979E-02
7.532442E-08, 1.0272959E+00, 9.191327E-02
7.534004E-08, 1.0293367E+00, 9.187500E-02
7.535567E-08, 1.0313776E+00, 9.182398E-02
7.537129E-08, 1.0336735E+00, 9.179847E-02
7.538692E-08, 1.0358418E+00, 9.181122E-02
7.540254E-08, 1.0380102E+00, 9.186225E-02
7.541817E-08, 1.0395408E+00, 9.190051E-02
7.543379E-08, 1.0410714E+00, 9.196428E-02
7.544942E-08, 1.0420918E+00, 9.202806E-02
7.546504E-08, 1.0429847E+00, 9.209184E-02
7.548067E-08, 1.0433674E+00, 9.211735E-02
7.549629E-08, 1.0434949E+00, 9.214286E-02
7.551192E-08, 1.0432398E+00, 9.215561E-02
7.552754E-08, 1.0428572E+00, 9.216837E-02
7.554317E-08, 1.0419643E+00, 9.214286E-02
7.555879E-08, 1.0408163E+00, 9.214286E-02
7.557442E-08, 1.0394132E+00, 9.213010E-02
7.559004E-08, 1.0378827E+00, 9.214286E-02
7.560567E-08, 1.0357143E+00, 9.214286E-02
7.562129E-08, 1.0335460E+00, 9.215561E-02
7.563692E-08, 1.0311224E+00, 9.218112E-02
7.565254E-08, 1.0288265E+00, 9.223215E-02
7.566817E-08, 1.0262755E+00, 9.225766E-02
7.568379E-08, 1.0238520E+00, 9.232143E-02
7.569942E-08, 1.0216837E+00, 9.237245E-02
7.571504E-08, 1.0197704E+00, 9.246174E-02
7.573067E-08, 1.0179847E+00, 9.251276E-02
7.574629E-08, 1.0165817E+00, 9.260204E-02
7.576192E-08, 1.0158163E+00, 9.267857E-02
7.577754E-08, 1.0154337E+00, 9.278061E-02
7.579317E-08, 1.0151786E+00, 9.285714E-02
7.580879E-08, 1.0155612E+00, 9.294643E-02
7.582442E-08, 1.0161990E+00, 9.302296E-02
7.584004E-08, 1.0173470E+00, 9.309949E-02
7.585567E-08, 1.0184948E+00, 9.313776E-02
7.587129E-08, 1.0200255E+00, 9.315051E-02
7.588692E-08, 1.0219388E+00, 9.312500E-02
7.590254E-08, 1.0242347E+00, 9.308673E-02
7.591817E-08, 1.0265306E+00, 9.297194E-02
7.593379E-08, 1.0290816E+00, 9.284439E-02
7.594942E-08, 1.0318878E+00, 9.269132E-02
7.596504E-08, 1.0346938E+00, 9.252551E-02
7.598067E-08, 1.0372449E+00, 9.232143E-02
7.599629E-08, 1.0396683E+00, 9.213010E-02
7.601192E-08, 1.0418367E+00, 9.192602E-02
7.602754E-08, 1.0437500E+00, 9.173469E-02
7.604317E-08, 1.0450255E+00, 9.150510E-02
7.605879E-08, 1.0461735E+00, 9.130102E-02
7.607442E-08, 1.0469388E+00, 9.109694E-02
7.609004E-08, 1.0474490E+00, 9.091837E-02
7.610567E-08, 1.0475765E+00, 9.073979E-02
7.612129E-08, 1.0474490E+00, 9.061225E-02
7.613692E-08, 1.0470663E+00, 9.053572E-02
7.615254E-08, 1.0464286E+00, 9.051020E-02
7.616817E-08, 1.0451530E+00, 9.053572E-02
7.618379E-08, 1.0437500E+00, 9.062500E-02
7.619942E-08, 1.0419643E+00, 9.076530E-02
7.621504E-08, 1.0400510E+00, 9.095664E-02
7.623067E-08, 1.0378827E+00, 9.117347E-02
7.624629E-08, 1.0357143E+00, 9.144133E-02
7.626192E-08, 1.0335460E+00, 9.174745E-02
7.627754E-08, 1.0316327E+00, 9.207908E-02
7.629317E-08, 1.0294642E+00, 9.241071E-02
7.630879E-08, 1.0275511E+00, 9.276786E-02
7.632442E-08, 1.0255102E+00, 9.315051E-02
7.634004E-08, 1.0237244E+00, 9.354592E-02
7.635567E-08, 1.0216837E+00, 9.390306E-02
7.637129E-08, 1.0197704E+00, 9.426020E-02
7.638692E-08, 1.0178572E+00, 9.459183E-02
7.640254E-08, 1.0163265E+00, 9.491071E-02
7.641817E-08, 1.0147959E+00, 9.515306E-02
7.643379E-08, 1.0135204E+00, 9.535714E-02
7.644942E-08, 1.0125000E+00, 9.552296E-02
7.646504E-08, 1.0118623E+00, 9.567602E-02
7.648067E-08, 1.0110970E+00, 9.576531E-02
7.649629E-08, 1.0105867E+00, 9.586734E-02
7.651192E-08, 1.0100765E+00, 9.593112E-02
7.652754E-08, 1.0096939E+00, 9.602041E-02
7.654317E-08, 1.0090561E+00, 9.605867E-02
7.655879E-08, 1.0084183E+00, 9.610970E-02
7.657442E-08, 1.0079081E+00, 9.614796E-02
7.659004E-08, 1.0073980E+00, 9.619898E-02
7.660567E-08, 1.0065051E+00, 9.622449E-02
7.662129E-08, 1.0058674E+00, 9.626275E-02
7.663692E-08, 1.0051020E+00, 9.632653E-02
7.665254E-08, 1.0043367E+00, 9.640306E-02
7.666817E-08, 1.0033163E+00, 9.647959E-02
7.668379E-08, 1.0024235E+00, 9.659439E-02
7.669942E-08, 1.0014031E+00, 9.670918E-02
7.671504E-08, 1.0005102E+00, 9.684949E-02
7.673067E-08, 9.993622E-01, 9.697704E-02
7.674629E-08, 9.984694E-01, 9.711735E-02
7.676192E-08, 9.977041E-01, 9.725765E-02
7.677754E-08, 9.973214E-01, 9.739796E-02
7.679317E-08, 9.968112E-01, 9.751275E-02
7.680879E-08, 9.966837E-01, 9.762755E-02
7.682442E-08, 9.966837E-01, 9.774235E-02
7.684004E-08, 9.969388E-01, 9.786990E-02
7.685567E-08, 9.970663E-01, 9.794643E-02
7.687129E-08, 9.973214E-01, 9.803572E-02
7.688692E-08, 9.975765E-01, 9.809949E-02
7.690254E-08, 9.980868E-01, 9.815051E-02
7.691817E-08, 9.984694E-01, 9.815051E-02
7.693379E-08, 9.991071E-01, 9.813776E-02
7.694942E-08, 9.998724E-01, 9.809949E-02
7.696504E-08, 1.0008929E+00, 9.806123E-02
7.698067E-08, 1.0016582E+00, 9.799745E-02
7.699629E-08, 1.0026785E+00, 9.793367E-02
7.701192E-08, 1.0035714E+00, 9.789541E-02
7.702754E-08, 1.0045918E+00, 9.786990E-02
7.704317E-08, 1.0053571E+00, 9.783163E-02
7.705879E-08, 1.0061225E+00, 9.783163E-02
7.707442E-08, 1.0068878E+00, 9.783163E-02
7.709004E-08, 1.0077807E+00, 9.788265E-02
7.710567E-08, 1.0082908E+00, 9.792092E-02
7.712129E-08, 1.0088010E+00, 9.798469E-02
7.713692E-08, 1.0091836E+00, 9.808674E-02
7.715254E-08, 1.0094388E+00, 9.821428E-02
7.716817E-08, 1.0094388E+00, 9.832908E-02
7.718379E-08, 1.0094388E+00, 9.846939E-02
7.719942E-08, 1.0094388E+00, 9.860969E-02
7.721504E-08, 1.0095663E+00, 9.876276E-02
7.723067E-08, 1.0094388E+00, 9.887755E-02
7.724629E-08, 1.0094388E+00, 9.900510E-02
7.726192E-08, 1.0095663E+00, 9.911990E-02
7.727754E-08, 1.0098214E+00, 9.922194E-02
7.729317E-08, 1.0096939E+00, 9.928571E-02
7.730879E-08, 1.0098214E+00, 9.933674E-02
7.732442E-08, 1.0099490E+00, 9.936225E-02
7.734004E-08, 1.0100765E+00, 9.937500E-02
7.735567E-08, 1.0100765E+00, 9.932398E-02
7.737129E-08, 1.0103316E+00, 9.923469E-02
7.738692E-08, 1.0107143E+00, 9.911990E-02
7.740254E-08, 1.0114796E+00, 9.897959E-02
7.741817E-08, 1.0122449E+00, 9.878827E-02
7.743379E-08, 1.0132653E+00, 9.859694E-02
7.744942E-08, 1.0144132E+00, 9.839286E-02
7.746504E-08, 1.0158163E+00, 9.820153E-02
7.748067E-08, 1.0170919E+00, 9.798469E-02
7.749629E-08, 1.0186224E+00, 9.778062E-02
7.751192E-08, 1.0201530E+00, 9.758928E-02
7.752754E-08, 1.0218112E+00, 9.741072E-02
7.754317E-08, 1.0234693E+00, 9.721939E-02
7.755879E-08, 1.0251275E+00, 9.705357E-02
7.757442E-08, 1.0270408E+00, 9.688775E-02
7.759004E-08, 1.0292091E+00, 9.676021E-02
7.760567E-08, 1.0311224E+00, 9.660714E-02
7.762129E-08, 1.0334184E+00, 9.647959E-02
7.763692E-08, 1.0357143E+00, 9.635204E-02
7.765254E-08, 1.0381378E+00, 9.623724E-02
7.766817E-08, 1.0404336E+00, 9.610970E-02
7.768379E-08, 1.0429847E+00, 9.596939E-02
7.769942E-08, 1.0456632E+00, 9.581633E-02
7.771504E-08, 1.0484694E+00, 9.565051E-02
7.773067E-08, 1.0512755E+00, 9.544643E-02
7.774629E-08, 1.0542092E+00, 9.520409E-02
7.776192E-08, 1.0571429E+00, 9.493622E-02
7.777754E-08, 1.0602040E+00, 9.464286E-02
7.779317E-08, 1.0630102E+00, 9.428571E-02
7.780879E-08, 1.0659438E+00, 9.389031E-02
7.782442E-08, 1.0687500E+00, 9.345663E-02
7.784004E-08, 1.0716836E+00, 9.295918E-02
7.785567E-08, 1.0743623E+00, 9.239796E-02
7.787129E-08, 1.0772959E+00, 9.179847E-02
7.788692E-08, 1.0799745E+00, 9.116071E-02
7.790254E-08, 1.0827806E+00, 9.048469E-02
7.791817E-08, 1.0852041E+00, 8.975765E-02
7.793379E-08, 1.0876275E+00, 8.903061E-02
7.794942E-08, 1.0897959E+00, 8.827806E-02
7.796504E-08, 1.0918367E+00, 8.752551E-02
7.798067E-08, 1.0933673E+00, 8.674745E-02
7.799629E-08, 1.0946429E+00, 8.595663E-02
7.801192E-08, 1.0957909E+00, 8.517857E-02
7.802754E-08, 1.0968112E+00, 8.438776E-02
7.804317E-08, 1.0973214E+00, 8.359694E-02
7.805879E-08, 1.0977041E+00, 8.280613E-02
7.807442E-08, 1.0979592E+00, 8.202806E-02
7.809004E-08, 1.0980867E+00, 8.127551E-02
7.810567E-08, 1.0977041E+00, 8.052296E-02
7.812129E-08, 1.0971938E+00, 7.978316E-02
7.813692E-08, 1.0965561E+00, 7.906888E-02
7.815254E-08, 1.0959184E+00, 7.838010E-02
7.816817E-08, 1.0947704E+00, 7.766581E-02
7.818379E-08, 1.0937500E+00, 7.697704E-02
7.819942E-08, 1.0927296E+00, 7.628827E-02
7.821504E-08, 1.0917091E+00, 7.561225E-02
7.823067E-08, 1.0904337E+00, 7.492347E-02
7.824629E-08, 1.0891582E+00, 7.424745E-02
7.826192E-08, 1.0878826E+00, 7.357143E-02
7.827754E-08, 1.0864795E+00, 7.292092E-02
7.829317E-08, 1.0848215E+00, 7.224490E-02
7.830879E-08, 1.0831633E+00, 7.156888E-02
7.832442E-08, 1.0813775E+00, 7.089286E-02
7.834004E-08, 1.0798470E+00, 7.020408E-02
7.835567E-08, 1.0779337E+00, 6.948980E-02
7.837129E-08, 1.0764030E+00, 6.876276E-02
7.838692E-08, 1.0748725E+00, 6.803571E-02
7.840254E-08, 1.0734694E+00, 6.732143E-02
7.841817E-08, 1.0718112E+00, 6.658163E-02
7.843379E-08, 1.0701531E+00, 6.585459E-02
7.844942E-08, 1.0682398E+00, 6.512755E-02
7.846504E-08, 1.0664541E+00, 6.440051E-02
7.848067E-08, 1.0641582E+00, 6.366071E-02
7.849629E-08, 1.0618622E+00, 6.290817E-02
7.851192E-08, 1.0596939E+00, 6.213010E-02
7.852754E-08, 1.0575255E+00, 6.133929E-02
7.854317E-08, 1.0551020E+00, 6.051020E-02
7.855879E-08, 1.0529337E+00, 5.966837E-02
7.857442E-08, 1.0506377E+00, 5.881378E-02
7.859004E-08, 1.0485970E+00, 5.794643E-02
7.860567E-08, 1.0460459E+00, 5.705357E-02
7.862129E-08, 1.0433674E+00, 5.616071E-02
7.863692E-08, 1.0405612E+00, 5.525510E-02
7.865254E-08, 1.0376276E+00, 5.433673E-02
7.866817E-08, 1.0343112E+00, 5.336735E-02
7.868379E-08, 1.0308673E+00, 5.237245E-02
7.869942E-08, 1.0272959E+00, 5.135204E-02
7.871504E-08, 1.0237244E+00, 5.030612E-02
7.873067E-08, 1.0198979E+00, 4.922194E-02
7.874629E-08, 1.0159439E+00, 4.812500E-02
7.876192E-08, 1.0118623E+00, 4.704082E-02
7.877754E-08, 1.0076531E+00, 4.594388E-02
7.879317E-08, 1.0028061E+00, 4.485969E-02
7.880879E-08, 9.978316E-01, 4.378827E-02
7.882442E-08, 9.924745E-01, 4.271684E-02
7.884004E-08, 9.871174E-01, 4.167092E-02
7.885567E-08, 9.812500E-01, 4.062500E-02
7.887129E-08, 9.752551E-01, 3.959184E-02
7.888692E-08, 9.691327E-01, 3.858418E-02
7.890254E-08, 9.628826E-01, 3.761480E-02
7.891817E-08, 9.562500E-01, 3.667092E-02
7.893379E-08, 9.493622E-01, 3.577806E-02
7.894942E-08, 9.420918E-01, 3.492347E-02
7.896504E-08, 9.346939E-01, 3.411990E-02
7.898067E-08, 9.266582E-01, 3.332908E-02
7.899629E-08, 9.184949E-01, 3.257653E-02
7.901192E-08, 9.100766E-01, 3.182398E-02
7.902754E-08, 9.017857E-01, 3.109694E-02
7.904317E-08, 8.932398E-01, 3.036990E-02
7.905879E-08, 8.846939E-01, 2.965561E-02
7.907442E-08, 8.760204E-01, 2.895408E-02
7.909004E-08, 8.673469E-01, 2.827806E-02
7.910567E-08, 8.581632E-01, 2.761480E-02
7.912129E-08, 8.491071E-01, 2.696429E-02
7.913692E-08, 8.396684E-01, 2.631378E-02
7.915254E-08, 8.303571E-01, 2.566327E-02
7.916817E-08, 8.209184E-01, 2.500000E-02
7.918379E-08, 8.114796E-01, 2.432398E-02
7.919942E-08, 8.021684E-01, 2.363520E-02
7.921504E-08, 7.931122E-01, 2.294643E-02
7.923067E-08, 7.836735E-01, 2.225765E-02
7.924629E-08, 7.742347E-01, 2.159439E-02
7.926192E-08, 7.645408E-01, 2.095663E-02
7.927754E-08, 7.548469E-01, 2.034439E-02
7.929317E-08, 7.445153E-01, 1.974490E-02
7.930879E-08, 7.341837E-01, 1.917092E-02
7.932442E-08, 7.235969E-01, 1.859694E-02
7.934004E-08, 7.130102E-01, 1.804847E-02
7.935567E-08, 7.021683E-01, 1.748724E-02
7.937129E-08, 6.913266E-01, 1.695153E-02
7.938692E-08, 6.804847E-01, 1.644133E-02
7.940254E-08, 6.695153E-01, 1.598214E-02
7.941817E-08, 6.582908E-01, 1.553571E-02
7.943379E-08, 6.468112E-01, 1.514031E-02
7.944942E-08, 6.353316E-01, 1.477041E-02
7.946504E-08, 6.237245E-01, 1.442602E-02
7.948067E-08, 6.117347E-01, 1.408163E-02
7.949629E-08, 5.998725E-01, 1.375000E-02
7.951192E-08, 5.880102E-01, 1.340561E-02
7.952754E-08, 5.762755E-01, 1.304847E-02
7.954317E-08, 5.646684E-01, 1.267857E-02
7.955879E-08, 5.530612E-01, 1.230867E-02
7.957442E-08, 5.418367E-01, 1.191327E-02
7.959004E-08, 5.307398E-01, 1.150510E-02
7.960567E-08, 5.196428E-01, 1.108418E-02
7.962129E-08, 5.088010E-01, 1.065051E-02
7.963692E-08, 4.980867E-01, 1.019133E-02
7.965254E-08, 4.873725E-01, 9.71939E-03
7.966817E-08, 4.766582E-01, 9.20918E-03
7.968379E-08, 4.660714E-01, 8.68622E-03
7.969942E-08, 4.554847E-01, 8.13776E-03
7.971504E-08, 4.451531E-01, 7.55102E-03
7.973067E-08, 4.348214E-01, 6.96429E-03
7.974629E-08, 4.248725E-01, 6.35204E-03
7.976192E-08, 4.150510E-01, 5.73980E-03
7.977754E-08, 4.053572E-01, 5.14031E-03
7.979317E-08, 3.956633E-01, 4.56633E-03
7.980879E-08, 3.859694E-01, 4.03061E-03
7.982442E-08, 3.761480E-01, 3.53316E-03
7.984004E-08, 3.663265E-01, 3.07398E-03
7.985567E-08, 3.561224E-01, 2.67857E-03
7.987129E-08, 3.460459E-01, 2.30867E-03
7.988692E-08, 3.358418E-01, 1.98980E-03
7.990254E-08, 3.257653E-01, 1.72194E-03
7.991817E-08, 3.156888E-01, 1.49235E-03
7.993379E-08, 3.056122E-01, 1.31378E-03
7.994942E-08, 2.956633E-01, 1.18622E-03
7.996504E-08, 2.855867E-01, 1.12245E-03
7.998067E-08, 2.755102E-01, 1.12245E-03
7.999629E-08, 2.654337E-01, 1.16071E-03
8.001192E-08, 2.552296E-01, 1.25000E-03
8.002754E-08, 2.451531E-01, 1.36480E-03
8.004317E-08, 2.352041E-01, 1.49235E-03
8.005879E-08, 2.255102E-01, 1.63265E-03
8.007442E-08, 2.160714E-01, 1.76020E-03
8.009004E-08, 2.068878E-01, 1.90051E-03
8.010567E-08, 1.978316E-01, 2.01531E-03
8.012129E-08, 1.891582E-01, 2.14286E-03
8.013692E-08, 1.806123E-01, 2.24490E-03
8.015254E-08, 1.723214E-01, 2.34694E-03
8.016817E-08, 1.641582E-01, 2.42347E-03
8.018379E-08, 1.563776E-01, 2.48724E-03
8.019942E-08, 1.489796E-01, 2.50000E-03
8.021504E-08, 1.417092E-01, 2.50000E-03
8.023067E-08, 1.348214E-01, 2.47449E-03
8.024629E-08, 1.283163E-01, 2.42347E-03
8.026192E-08, 1.219388E-01, 2.34694E-03
8.027754E-08, 1.159439E-01, 2.27041E-03
8.029317E-08, 1.102041E-01, 2.18112E-03
8.030879E-08, 1.047194E-01, 2.09184E-03
8.032442E-08, 9.94898E-02, 1.98980E-03
8.034004E-08, 9.46429E-02, 1.88776E-03
8.035567E-08, 9.00510E-02, 1.78571E-03
8.037129E-08, 8.57143E-02, 1.70918E-03
8.038692E-08, 8.15051E-02, 1.63265E-03
8.040254E-08, 7.75510E-02, 1.59439E-03
8.041817E-08, 7.35969E-02, 1.56888E-03
8.043379E-08, 6.97704E-02, 1.56888E-03
8.044942E-08, 6.60714E-02, 1.58163E-03
8.046504E-08, 6.26276E-02, 1.61990E-03
8.048067E-08, 5.93112E-02, 1.65816E-03
8.049629E-08, 5.62500E-02, 1.69643E-03
8.051192E-08, 5.31888E-02, 1.76020E-03
8.052754E-08, 5.05102E-02, 1.82398E-03
8.054317E-08, 4.77041E-02, 1.91327E-03
8.055879E-08, 4.50255E-02, 2.01531E-03
8.057442E-08, 4.22194E-02, 2.13010E-03
8.059004E-08, 3.94133E-02, 2.25765E-03
8.060567E-08, 3.67347E-02, 2.38520E-03
8.062129E-08, 3.40561E-02, 2.48724E-03
8.063692E-08, 3.16327E-02, 2.58929E-03
8.065254E-08, 2.92092E-02, 2.67857E-03
8.066817E-08, 2.70408E-02, 2.75510E-03
8.068379E-08, 2.50000E-02, 2.83163E-03
8.069942E-08, 2.29592E-02, 2.90816E-03
8.071504E-08, 2.10459E-02, 2.99745E-03
8.073067E-08, 1.92602E-02, 3.07398E-03
8.074629E-08, 1.76020E-02, 3.17602E-03
8.076192E-08, 1.59439E-02, 3.26531E-03
8.077754E-08, 1.44133E-02, 3.36735E-03
8.079317E-08, 1.31378E-02, 3.46939E-03
8.080879E-08, 1.18622E-02, 3.57143E-03
8.082442E-08, 1.07143E-02, 3.67347E-03
8.084004E-08, 9.6939E-03, 3.78827E-03
8.085567E-08, 8.6735E-03, 3.90306E-03
8.087129E-08, 7.9082E-03, 4.00510E-03
8.088692E-08, 7.3980E-03, 4.11990E-03
8.090254E-08, 7.0153E-03, 4.22194E-03
8.091817E-08, 6.7602E-03, 4.32398E-03
8.093379E-08, 6.8878E-03, 4.41327E-03
8.094942E-08, 7.0153E-03, 4.50255E-03
8.096504E-08, 7.2704E-03, 4.59184E-03
8.098067E-08, 7.5255E-03, 4.68112E-03
8.099629E-08, 7.6531E-03, 4.77041E-03
8.101192E-08, 7.7806E-03, 4.84694E-03
8.102754E-08, 8.0357E-03, 4.89796E-03
8.104317E-08, 8.1633E-03, 4.93622E-03
8.105879E-08, 8.5459E-03, 4.93622E-03
8.107442E-08, 8.9286E-03, 4.91071E-03
8.109004E-08, 9.3112E-03, 4.84694E-03
8.110567E-08, 9.8214E-03, 4.78316E-03
8.112129E-08, 1.03316E-02, 4.69388E-03
8.113692E-08, 1.07143E-02, 4.60459E-03
8.115254E-08, 1.12245E-02, 4.50255E-03
8.116817E-08, 1.16071E-02, 4.40051E-03
8.118379E-08, 1.21173E-02, 4.28571E-03
8.119942E-08, 1.27551E-02, 4.15816E-03
8.121504E-08, 1.35204E-02, 4.01786E-03
8.123067E-08, 1.45408E-02, 3.87755E-03
8.124629E-08, 1.56888E-02, 3.75000E-03
8.126192E-08, 1.69643E-02, 3.63520E-03
8.127754E-08, 1.83673E-02, 3.53316E-03
8.129317E-08, 1.97704E-02, 3.45663E-03
8.130879E-08, 2.14286E-02, 3.39286E-03
8.132442E-08, 2.29592E-02, 3.35459E-03
8.134004E-08, 2.47449E-02, 3.34184E-03
8.135567E-08, 2.65306E-02, 3.32908E-03
8.137129E-08, 2.84439E-02, 3.34184E-03
8.138692E-08, 3.02296E-02, 3.35459E-03
8.140254E-08, 3.20153E-02, 3.39286E-03
8.141817E-08, 3.36735E-02, 3.44388E-03
8.143379E-08, 3.52041E-02, 3.49490E-03
8.144942E-08, 3.64796E-02, 3.55867E-03
8.146504E-08, 3.76276E-02, 3.60969E-03
8.148067E-08, 3.85204E-02, 3.66071E-03
8.149629E-08, 3.92857E-02, 3.68622E-03
8.151192E-08, 4.00510E-02, 3.68622E-03
8.152754E-08, 4.05612E-02, 3.66071E-03
8.154317E-08, 4.08163E-02, 3.62245E-03
8.155879E-08, 4.09439E-02, 3.54592E-03
8.157442E-08, 4.06888E-02, 3.45663E-03
8.159004E-08, 4.03061E-02, 3.34184E-03
8.160567E-08, 3.96684E-02, 3.20153E-03
8.162129E-08, 3.90306E-02, 3.03571E-03
8.163692E-08, 3.82653E-02, 2.83163E-03
8.165254E-08, 3.77551E-02, 2.58929E-03
8.166817E-08, 3.73724E-02, 2.32143E-03
8.168379E-08, 3.72449E-02, 2.02806E-03
8.169942E-08, 3.73724E-02, 1.72194E-03
8.171504E-08, 3.75000E-02, 1.41582E-03
8.173067E-08, 3.78827E-02, 1.10969E-03
8.174629E-08, 3.82653E-02, 8.1633E-04
8.176192E-08, 3.87755E-02, 5.4847E-04
8.177754E-08, 3.95408E-02, 2.8061E-04
8.179317E-08, 4.05612E-02, 2.551E-05
8.180879E-08, 4.18367E-02, -2.1684E-04
8.182442E-08, 4.34949E-02, -4.3367E-04
8.184004E-08, 4.55357E-02, -6.2500E-04
8.185567E-08, 4.75765E-02, -7.9082E-04
8.187129E-08, 4.98725E-02, -9.1837E-04
8.188692E-08, 5.20408E-02, -9.8214E-04
8.190254E-08, 5.40816E-02, -1.00765E-03
8.191817E-08, 5.59949E-02, -9.8214E-04
8.193379E-08, 5.75255E-02, -9.1837E-04
8.194942E-08, 5.89286E-02, -8.1633E-04
8.196504E-08, 6.02041E-02, -7.1429E-04
8.198067E-08, 6.12245E-02, -5.8673E-04
8.199629E-08, 6.21173E-02, -4.5918E-04
8.201192E-08, 6.28827E-02, -3.0612E-04
8.202754E-08, 6.33929E-02, -1.5306E-04
8.204317E-08, 6.35204E-02, 1.276E-05
8.205879E-08, 6.33929E-02, 1.9133E-04
8.207442E-08, 6.28827E-02, 3.6990E-04
8.209004E-08, 6.19898E-02, 5.4847E-04
8.210567E-08, 6.07143E-02, 7.0153E-04
8.212129E-08, 5.93112E-02, 8.2908E-04
8.213692E-08, 5.79082E-02, 9.3112E-04
8.215254E-08, 5.63776E-02, 9.9490E-04
8.216817E-08, 5.49745E-02, 1.02041E-03
8.218379E-08, 5.36990E-02, 1.00765E-03
8.219942E-08, 5.25510E-02, 9.6939E-04
8.221504E-08, 5.15306E-02, 9.0561E-04
8.223067E-08, 5.05102E-02, 8.2908E-04
8.224629E-08, 4.94898E-02, 7.1429E-04
8.226192E-08, 4.87245E-02, 5.9949E-04
8.227754E-08, 4.79592E-02, 4.4643E-04
8.229317E-08, 4.73214E-02, 2.8061E-04
8.230879E-08, 4.70663E-02, 1.0204E-04
8.232442E-08, 4.69388E-02, -1.1480E-04
8.234004E-08, 4.70663E-02, -3.3163E-04
8.235567E-08, 4.74490E-02, -5.4847E-04
8.237129E-08, 4.79592E-02, -7.6531E-04
8.238692E-08, 4.84694E-02, -9.6939E-04
8.240254E-08, 4.88520E-02, -1.16071E-03
8.241817E-08, 4.92347E-02, -1.32653E-03
8.243379E-08, 4.94898E-02, -1.49235E-03
8.244942E-08, 4.97449E-02, -1.63265E-03
8.246504E-08, 4.97449E-02, -1.76020E-03
8.248067E-08, 4.97449E-02, -1.88776E-03
8.249629E-08, 4.97449E-02, -1.98980E-03
8.251192E-08, 4.96173E-02, -2.09184E-03
8.252754E-08, 4.94898E-02, -2.16837E-03
8.254317E-08, 4.89796E-02, -2.23214E-03
8.255879E-08, 4.84694E-02, -2.25765E-03
8.257442E-08, 4.77041E-02, -2.28316E-03
8.259004E-08, 4.68112E-02, -2.28316E-03
8.260567E-08, 4.57908E-02, -2.27041E-03
8.262129E-08, 4.46429E-02, -2.25765E-03
8.263692E-08, 4.34949E-02, -2.23214E-03
8.265254E-08, 4.24745E-02, -2.19388E-03
8.266817E-08, 4.14541E-02, -2.16837E-03
8.268379E-08, 4.04337E-02, -2.11735E-03
8.269942E-08, 3.94133E-02, -2.06633E-03
8.271504E-08, 3.83929E-02, -2.00255E-03
8.273067E-08, 3.73724E-02, -1.92602E-03
8.274629E-08, 3.63520E-02, -1.83673E-03
8.276192E-08, 3.53316E-02, -1.74745E-03
8.277754E-08, 3.44388E-02, -1.64541E-03
8.279317E-08, 3.34184E-02, -1.54337E-03
8.280879E-08, 3.26531E-02, -1.45408E-03
8.282442E-08, 3.18878E-02, -1.35204E-03
8.284004E-08, 3.11224E-02, -1.25000E-03
8.285567E-08, 3.04847E-02, -1.14796E-03
8.287129E-08, 2.98469E-02, -1.04592E-03
8.288692E-08, 2.93367E-02, -9.3112E-04
8.290254E-08, 2.85714E-02, -8.1633E-04
8.291817E-08, 2.78061E-02, -6.8878E-04
8.293379E-08, 2.69133E-02, -5.7398E-04
8.294942E-08, 2.60204E-02, -4.5918E-04
8.296504E-08, 2.51276E-02, -3.5714E-04
8.298067E-08, 2.41071E-02, -2.8061E-04
8.299629E-08, 2.32143E-02, -2.1684E-04
8.301192E-08, 2.21939E-02, -1.7857E-04
8.302754E-08, 2.13010E-02, -1.5306E-04
8.304317E-08, 2.02806E-02, -1.5306E-04
8.305879E-08, 1.93878E-02, -1.5306E-04
8.307442E-08, 1.82398E-02, -1.6582E-04
8.309004E-08, 1.70918E-02, -1.9133E-04
8.310567E-08, 1.59439E-02, -2.4235E-04
8.312129E-08, 1.47959E-02, -3.0612E-04
8.313692E-08, 1.36480E-02, -3.9541E-04
8.315254E-08, 1.26276E-02, -4.9745E-04
8.316817E-08, 1.16071E-02, -6.1224E-04
8.318379E-08, 1.07143E-02, -7.5255E-04
8.319942E-08, 1.00765E-02, -8.8010E-04
8.321504E-08, 9.4388E-03, -1.00765E-03
8.323067E-08, 8.9286E-03, -1.13520E-03
8.324629E-08, 8.4184E-03, -1.23724E-03
8.326192E-08, 7.9082E-03, -1.32653E-03
8.327754E-08, 7.5255E-03, -1.40306E-03
8.329317E-08, 7.0153E-03, -1.46684E-03
8.330879E-08, 6.5051E-03, -1.50510E-03
8.332442E-08, 6.1224E-03, -1.54337E-03
8.334004E-08, 5.7398E-03, -1.58163E-03
8.335567E-08, 5.4847E-03, -1.59439E-03
8.337129E-08, 5.3571E-03, -1.60714E-03
8.338692E-08, 5.3571E-03, -1.60714E-03
8.340254E-08, 5.3571E-03, -1.60714E-03
8.341817E-08, 5.3571E-03, -1.58163E-03
8.343379E-08, 5.3571E-03, -1.55612E-03
8.344942E-08, 5.4847E-03, -1.53061E-03
8.346504E-08, 5.4847E-03, -1.50510E-03
8.348067E-08, 5.6122E-03, -1.49235E-03
8.349629E-08, 5.7398E-03, -1.50510E-03
8.351192E-08, 5.9949E-03, -1.53061E-03
8.352754E-08, 6.3776E-03, -1.58163E-03
8.354317E-08, 6.8878E-03, -1.64541E-03
8.355879E-08, 7.3980E-03, -1.73469E-03
8.357442E-08, 8.0357E-03, -1.83673E-03
8.359004E-08, 8.5459E-03, -1.96429E-03
8.360567E-08, 9.1837E-03, -2.09184E-03
8.362129E-08, 9.5663E-03, -2.25765E-03
8.363692E-08, 1.00765E-02, -2.42347E-03
8.365254E-08, 1.05867E-02, -2.62755E-03
8.366817E-08, 1.10969E-02, -2.83163E-03
8.368379E-08, 1.14796E-02, -3.03571E-03
8.369942E-08, 1.18622E-02, -3.25255E-03
8.371504E-08, 1.22449E-02, -3.46939E-03
8.373067E-08, 1.26276E-02, -3.67347E-03
8.374629E-08, 1.30102E-02, -3.85204E-03
8.376192E-08, 1.32653E-02, -4.03061E-03
8.377754E-08, 1.35204E-02, -4.17092E-03
8.379317E-08, 1.36480E-02, -4.28571E-03
8.380879E-08, 1.39031E-02, -4.37500E-03
8.382442E-08, 1.39031E-02, -4.42602E-03
8.384004E-08, 1.39031E-02, -4.45153E-03
8.385567E-08, 1.37755E-02, -4.42602E-03
8.387129E-08, 1.35204E-02, -4.38775E-03
8.388692E-08, 1.31378E-02, -4.31122E-03
8.390254E-08, 1.27551E-02, -4.22194E-03
8.391817E-08, 1.23724E-02, -4.11990E-03
8.393379E-08, 1.19898E-02, -4.00510E-03
8.394942E-08, 1.16071E-02, -3.87755E-03
8.396504E-08, 1.12245E-02, -3.73724E-03
8.398067E-08, 1.08418E-02, -3.58418E-03
8.399629E-08, 1.04592E-02, -3.43112E-03
8.401192E-08, 9.9490E-03, -3.26531E-03
8.402754E-08, 9.4388E-03, -3.12500E-03
8.404317E-08, 8.9286E-03, -2.98469E-03
8.405879E-08, 8.5459E-03, -2.86990E-03
8.407442E-08, 8.1633E-03, -2.78061E-03
8.409004E-08, 7.7806E-03, -2.71684E-03
8.410567E-08, 7.3980E-03, -2.67857E-03
8.412129E-08, 7.0153E-03, -2.65306E-03
8.413692E-08, 6.6327E-03, -2.66582E-03
8.415254E-08, 6.1224E-03, -2.69133E-03
8.416817E-08, 5.4847E-03, -2.75510E-03
8.418379E-08, 4.9745E-03, -2.83163E-03
8.419942E-08, 4.4643E-03, -2.94643E-03
8.421504E-08, 4.0816E-03, -3.09949E-03
8.423067E-08, 3.9541E-03, -3.26531E-03
8.424629E-08, 3.9541E-03, -3.45663E-03
8.426192E-08, 4.0816E-03, -3.63520E-03
8.427754E-08, 4.2092E-03, -3.82653E-03
8.429317E-08, 4.3367E-03, -3.99235E-03
8.430879E-08, 4.3367E-03, -4.14541E-03
8.432442E-08, 4.2092E-03, -4.28571E-03
8.434004E-08, 4.0816E-03, -4.42602E-03
8.435567E-08, 3.8265E-03, -4.55357E-03
8.437129E-08, 3.5714E-03, -4.68112E-03
8.438692E-08, 3.4439E-03, -4.82143E-03
8.440254E-08, 3.4439E-03, -4.94898E-03
8.441817E-08, 3.6990E-03, -5.07653E-03
8.443379E-08, 4.0816E-03, -5.17857E-03
8.444942E-08, 4.3367E-03, -5.24235E-03
8.446504E-08, 4.7194E-03, -5.26786E-03
8.448067E-08, 4.9745E-03, -5.25510E-03
8.449629E-08, 5.1020E-03, -5.21684E-03
8.451192E-08, 5.2296E-03, -5.12755E-03
8.452754E-08, 5.2296E-03, -5.02551E-03
8.454317E-08, 5.3571E-03, -4.89796E-03
8.455879E-08, 5.3571E-03, -4.75765E-03
8.457442E-08, 5.4847E-03, -4.60459E-03
8.459004E-08, 5.4847E-03, -4.42602E-03
8.460567E-08, 5.6122E-03, -4.22194E-03
8.462129E-08, 5.6122E-03, -4.00510E-03
8.463692E-08, 5.7398E-03, -3.76276E-03
8.465254E-08, 5.8673E-03, -3.50765E-03
8.466817E-08, 6.1224E-03, -3.23980E-03
8.468379E-08, 6.3776E-03, -2.97194E-03
8.469942E-08, 6.6327E-03, -2.67857E-03
8.471504E-08, 7.0153E-03, -2.39796E-03
8.473067E-08, 7.3980E-03, -2.11735E-03
8.474629E-08, 7.9082E-03, -1.84949E-03
8.476192E-08, 8.4184E-03, -1.59439E-03
8.477754E-08, 8.8010E-03, -1.36480E-03
8.479317E-08, 9.3112E-03, -1.16071E-03
8.480879E-08, 9.9490E-03, -9.8214E-04
8.482442E-08, 1.05867E-02, -8.4184E-04
8.484004E-08, 1.12245E-02, -7.3980E-04
8.485567E-08, 1.19898E-02, -6.6327E-04
8.487129E-08, 1.26276E-02, -6.3776E-04
8.488692E-08, 1.32653E-02, -6.5051E-04
8.490254E-08, 1.37755E-02, -7.0153E-04
8.491817E-08, 1.41582E-02, -7.9082E-04
8.493379E-08, 1.44133E-02, -9.1837E-04
8.494942E-08, 1.45408E-02, -1.08418E-03
8.496504E-08, 1.45408E-02, -1.30102E-03
8.498067E-08, 1.44133E-02, -1.53061E-03
8.499629E-08, 1.41582E-02, -1.79847E-03
8.501192E-08, 1.39031E-02, -2.09184E-03
8.502754E-08, 1.33929E-02, -2.39796E-03
8.504317E-08, 1.28827E-02, -2.69133E-03
8.505879E-08, 1.22449E-02, -2.99745E-03
8.507442E-08, 1.14796E-02, -3.29082E-03
8.509004E-08, 1.05867E-02, -3.55867E-03
8.510567E-08, 9.6939E-03, -3.81378E-03
8.512129E-08, 8.6735E-03, -4.05612E-03
8.513692E-08, 7.5255E-03, -4.26020E-03
8.515254E-08, 6.3776E-03, -4.43878E-03
8.516817E-08, 5.1020E-03, -4.57908E-03
8.518379E-08, 4.0816E-03, -4.70663E-03
8.519942E-08, 2.9337E-03, -4.78316E-03
8.521504E-08, 1.9133E-03, -4.84694E-03
8.523067E-08, 1.0204E-03, -4.85969E-03
8.524629E-08, 1.276E-04, -4.84694E-03
8.526192E-08, -7.653E-04, -4.79592E-03
8.527754E-08, -1.6582E-03, -4.73214E-03
8.529317E-08, -2.4235E-03, -4.64286E-03
8.530879E-08, -3.1888E-03, -4.54082E-03
8.532442E-08, -3.9541E-03, -4.43878E-03
8.534004E-08, -4.4643E-03, -4.34949E-03
8.535567E-08, -4.8469E-03, -4.26020E-03
8.537129E-08, -5.1020E-03, -4.18367E-03
8.538692E-08, -5.1020E-03, -4.11990E-03
8.540254E-08, -4.8469E-03, -4.06888E-03
8.541817E-08, -4.4643E-03, -4.03061E-03
8.543379E-08, -3.8265E-03, -3.99235E-03
8.544942E-08, -2.9337E-03, -3.97959E-03
8.546504E-08, -1.9133E-03, -3.95408E-03
8.548067E-08, -6.378E-04, -3.95408E-03
8.549629E-08, 8.929E-04, -3.94133E-03
8.551192E-08, 2.4235E-03, -3.94133E-03
8.552754E-08, 4.0816E-03, -3.94133E-03
8.554317E-08, 5.7398E-03, -3.94133E-03
8.555879E-08, 7.3980E-03, -3.94133E-03
8.557442E-08, 9.0561E-03, -3.94133E-03
8.559004E-08, 1.05867E-02, -3.94133E-03
8.560567E-08, 1.22449E-02, -3.94133E-03
8.562129E-08, 1.37755E-02, -3.95408E-03
8.563692E-08, 1.54337E-02, -3.96684E-03
8.565254E-08, 1.69643E-02, -3.97959E-03
8.566817E-08, 1.84949E-02, -3.97959E-03
8.568379E-08, 1.97704E-02, -3.97959E-03
8.569942E-08, 2.09184E-02, -3.96684E-03
8.571504E-08, 2.16837E-02, -3.94133E-03
8.573067E-08, 2.20663E-02, -3.91582E-03
8.574629E-08, 2.23214E-02, -3.90306E-03
8.576192E-08, 2.21939E-02, -3.89031E-03
8.577754E-08, 2.18112E-02, -3.90306E-03
8.579317E-08, 2.13010E-02, -3.91582E-03
8.580879E-08, 2.05357E-02, -3.95408E-03
8.582442E-08, 1.95153E-02, -4.00510E-03
8.584004E-08, 1.82398E-02, -4.06888E-03
8.585567E-08, 1.68367E-02, -4.13265E-03
8.587129E-08, 1.53061E-02, -4.20918E-03
8.588692E-08, 1.35204E-02, -4.29847E-03
8.590254E-08, 1.18622E-02, -4.38775E-03
8.591817E-08, 1.00765E-02, -4.48980E-03
8.593379E-08, 8.4184E-03, -4.59184E-03
8.594942E-08, 6.7602E-03, -4.69388E-03
8.596504E-08, 5.2296E-03, -4.78316E-03
8.598067E-08, 3.6990E-03, -4.87245E-03
8.599629E-08, 2.2959E-03, -4.94898E-03
8.601192E-08, 1.0204E-03, -5.01276E-03
8.602754E-08, -1.276E-04, -5.07653E-03
8.604317E-08, -1.0204E-03, -5.12755E-03
8.605879E-08, -1.6582E-03, -5.17857E-03
8.607442E-08, -1.9133E-03, -5.22959E-03
8.609004E-08, -1.7857E-03, -5.26786E-03
8.610567E-08, -1.5306E-03, -5.28061E-03
8.612129E-08, -1.0204E-03, -5.28061E-03
8.613692E-08, -3.827E-04, -5.26786E-03
8.615254E-08, 3.827E-04, -5.24235E-03
8.616817E-08, 1.1480E-03, -5.21684E-03
8.618379E-08, 1.9133E-03, -5.17857E-03
8.619942E-08, 2.9337E-03, -5.15306E-03
8.621504E-08, 4.0816E-03, -5.14031E-03
8.623067E-08, 5.2296E-03, -5.12755E-03
8.624629E-08, 6.5051E-03, -5.12755E-03
8.626192E-08, 7.7806E-03, -5.11480E-03
8.627754E-08, 8.6735E-03, -5.10204E-03
8.629317E-08, 9.4388E-03, -5.07653E-03
8.630879E-08, 9.8214E-03, -5.03827E-03
8.632442E-08, 9.8214E-03, -5.00000E-03
8.634004E-08, 9.4388E-03, -4.97449E-03
8.635567E-08, 8.6735E-03, -4.94898E-03
8.637129E-08, 7.6531E-03, -4.93622E-03
8.638692E-08, 6.3776E-03, -4.93622E-03
8.640254E-08, 4.8469E-03, -4.94898E-03
8.641817E-08, 3.1888E-03, -4.96173E-03
8.643379E-08, 1.2755E-03, -4.96173E-03
8.644942E-08, -7.653E-04, -4.96173E-03
8.646504E-08, -2.9337E-03, -4.96173E-03
8.648067E-08, -5.2296E-03, -4.93622E-03
8.649629E-08, -7.5255E-03, -4.89796E-03
8.651192E-08, -9.8214E-03, -4.84694E-03
8.652754E-08, -1.18622E-02, -4.79592E-03
8.654317E-08, -1.39031E-02, -4.74490E-03
8.655879E-08, -1.55612E-02, -4.68112E-03
8.657442E-08, -1.69643E-02, -4.63010E-03
8.659004E-08, -1.81122E-02, -4.56633E-03
8.660567E-08, -1.88776E-02, -4.51531E-03
8.662129E-08, -1.92602E-02, -4.45153E-03
8.663692E-08, -1.93878E-02, -4.40051E-03
8.665254E-08, -1.91327E-02, -4.34949E-03
8.666817E-08, -1.84949E-02, -4.31122E-03
8.668379E-08, -1.76020E-02, -4.28571E-03
8.669942E-08, -1.61990E-02, -4.27296E-03
8.671504E-08, -1.45408E-02, -4.27296E-03
8.673067E-08, -1.23724E-02, -4.29847E-03
8.674629E-08, -1.00765E-02, -4.32398E-03
8.676192E-08, -7.5255E-03, -4.37500E-03
8.677754E-08, -4.9745E-03, -4.41327E-03
8.679317E-08, -2.2959E-03, -4.46429E-03
8.680879E-08, 1.276E-04, -4.51531E-03
8.682442E-08, 2.4235E-03, -4.57908E-03
8.684004E-08, 4.4643E-03, -4.64286E-03
8.685567E-08, 6.1224E-03, -4.70663E-03
8.687129E-08, 7.6531E-03, -4.79592E-03
8.688692E-08, 8.6735E-03, -4.88520E-03
8.690254E-08, 9.4388E-03, -4.98724E-03
8.691817E-08, 9.8214E-03, -5.08929E-03
8.693379E-08, 9.9490E-03, -5.20408E-03
8.694942E-08, 9.5663E-03, -5.30612E-03
8.696504E-08, 9.0561E-03, -5.39541E-03
8.698067E-08, 8.0357E-03, -5.48469E-03
8.699629E-08, 6.8878E-03, -5.56122E-03
8.701192E-08, 5.3571E-03, -5.63776E-03
8.702754E-08, 3.6990E-03, -5.70153E-03
8.704317E-08, 1.9133E-03, -5.75255E-03
8.705879E-08, -1.276E-04, -5.81633E-03
8.707442E-08, -2.0408E-03, -5.85459E-03
8.709004E-08, -3.9541E-03, -5.90561E-03
8.710567E-08, -5.7398E-03, -5.95663E-03
8.712129E-08, -7.2704E-03, -6.00765E-03
8.713692E-08, -8.5459E-03, -6.04592E-03
8.715254E-08, -9.4388E-03, -6.08418E-03
8.716817E-08, -1.00765E-02, -6.10969E-03
8.718379E-08, -1.03316E-02, -6.10969E-03
8.719942E-08, -1.03316E-02, -6.10969E-03
8.721504E-08, -9.9490E-03, -6.07143E-03
8.723067E-08, -9.3112E-03, -6.03316E-03
8.724629E-08, -8.5459E-03, -5.96939E-03
8.726192E-08, -7.3980E-03, -5.89286E-03
8.727754E-08, -6.1224E-03, -5.80357E-03
8.729317E-08, -4.7194E-03, -5.71429E-03
8.730879E-08, -3.0612E-03, -5.59949E-03
8.732442E-08, -1.4031E-03, -5.48469E-03
8.734004E-08, 3.827E-04, -5.36990E-03
8.735567E-08, 2.0408E-03, -5.22959E-03
8.737129E-08, 3.5714E-03, -5.10204E-03
8.738692E-08, 4.9745E-03, -4.96173E-03
8.740254E-08, 6.1224E-03, -4.80867E-03
8.741817E-08, 7.0153E-03, -4.66837E-03
8.743379E-08, 7.5255E-03, -4.51531E-03
8.744942E-08, 7.6531E-03, -4.38775E-03
8.746504E-08, 7.5255E-03, -4.27296E-03
8.748067E-08, 7.0153E-03, -4.18367E-03
8.749629E-08, 6.3776E-03, -4.11990E-03
8.751192E-08, 5.6122E-03, -4.09439E-03
8.752754E-08, 4.5918E-03, -4.09439E-03
8.754317E-08, 3.4439E-03, -4.11990E-03
8.755879E-08, 2.0408E-03, -4.17092E-03
8.757442E-08, 5.102E-04, -4.23469E-03
8.759004E-08, -1.1480E-03, -4.32398E-03
8.760567E-08, -3.0612E-03, -4.42602E-03
8.762129E-08, -4.9745E-03, -4.55357E-03
8.763692E-08, -6.8878E-03, -4.70663E-03
8.765254E-08, -8.6735E-03, -4.87245E-03
8.766817E-08, -1.03316E-02, -5.06378E-03
8.768379E-08, -1.16071E-02, -5.26786E-03
8.769942E-08, -1.27551E-02, -5.48469E-03
8.771504E-08, -1.36480E-02, -5.68878E-03
8.773067E-08, -1.44133E-02, -5.86735E-03
8.774629E-08, -1.50510E-02, -6.03316E-03
8.776192E-08, -1.55612E-02, -6.18622E-03
8.777754E-08, -1.59439E-02, -6.30102E-03
8.779317E-08, -1.63265E-02, -6.41582E-03
8.780879E-08, -1.63265E-02, -6.51786E-03
8.782442E-08, -1.61990E-02, -6.60714E-03
8.784004E-08, -1.59439E-02, -6.67092E-03
8.785567E-08, -1.54337E-02, -6.73469E-03
8.787129E-08, -1.47959E-02, -6.77296E-03
8.788692E-08, -1.41582E-02, -6.78571E-03
8.790254E-08, -1.36480E-02, -6.78571E-03
8.791817E-08, -1.32653E-02, -6.77296E-03
8.793379E-08, -1.28827E-02, -6.73469E-03
