-1.207560E-08, -2.05357E-02, -8.54592E-03
-1.205997E-08, -1.95153E-02, -8.35459E-03
-1.204435E-08, -1.87500E-02, -8.16326E-03
-1.202872E-08, -1.81122E-02, -7.98469E-03
-1.201310E-08, -1.78571E-02, -7.80612E-03
-1.199747E-08, -1.77296E-02, -7.65306E-03
-1.198185E-08, -1.77296E-02, -7.51276E-03
-1.196622E-08, -1.79847E-02, -7.39796E-03
-1.195060E-08, -1.83673E-02, -7.29592E-03
-1.193497E-08, -1.90051E-02, -7.20663E-03
-1.191935E-08, -1.97704E-02, -7.13010E-03
-1.190372E-08, -2.06633E-02, -7.07908E-03
-1.188810E-08, -2.18112E-02, -7.05357E-03
-1.187247E-08, -2.29592E-02, -7.05357E-03
-1.185685E-08, -2.42347E-02, -7.07908E-03
-1.184122E-08, -2.55102E-02, -7.14286E-03
-1.182560E-08, -2.67857E-02, -7.23214E-03
-1.180997E-08, -2.79337E-02, -7.34694E-03
-1.179435E-08, -2.90816E-02, -7.50000E-03
-1.177872E-08, -2.99745E-02, -7.66582E-03
-1.176310E-08, -3.07398E-02, -7.84439E-03
-1.174747E-08, -3.13776E-02, -8.04847E-03
-1.173185E-08, -3.17602E-02, -8.25255E-03
-1.171622E-08, -3.18878E-02, -8.46939E-03
-1.170060E-08, -3.17602E-02, -8.68622E-03
-1.168497E-08, -3.16327E-02, -8.89031E-03
-1.166935E-08, -3.13776E-02, -9.08163E-03
-1.165372E-08, -3.09949E-02, -9.24745E-03
-1.163810E-08, -3.07398E-02, -9.40051E-03
-1.162247E-08, -3.04847E-02, -9.54082E-03
-1.160685E-08, -3.02296E-02, -9.66837E-03
-1.159122E-08, -2.99745E-02, -9.77041E-03
-1.157560E-08, -2.95918E-02, -9.87245E-03
-1.155997E-08, -2.93367E-02, -9.96173E-03
-1.154435E-08, -2.90816E-02, -1.003827E-02
-1.152872E-08, -2.88265E-02, -1.008929E-02
-1.151310E-08, -2.88265E-02, -1.012755E-02
-1.149747E-08, -2.90816E-02, -1.014031E-02
-1.148185E-08, -2.94643E-02, -1.014031E-02
-1.146622E-08, -2.99745E-02, -1.012755E-02
-1.145060E-08, -3.04847E-02, -1.012755E-02
-1.143497E-08, -3.11224E-02, -1.014031E-02
-1.141935E-08, -3.15051E-02, -1.015306E-02
-1.140372E-08, -3.18878E-02, -1.019133E-02
-1.138810E-08, -3.20153E-02, -1.021684E-02
-1.137247E-08, -3.20153E-02, -1.025510E-02
-1.135685E-08, -3.18878E-02, -1.029337E-02
-1.134122E-08, -3.17602E-02, -1.030612E-02
-1.132560E-08, -3.15051E-02, -1.031888E-02
-1.130997E-08, -3.12500E-02, -1.031888E-02
-1.129435E-08, -3.09949E-02, -1.031888E-02
-1.127872E-08, -3.06122E-02, -1.031888E-02
-1.126310E-08, -3.01020E-02, -1.031888E-02
-1.124747E-08, -2.94643E-02, -1.033163E-02
-1.123185E-08, -2.86990E-02, -1.033163E-02
-1.121622E-08, -2.78061E-02, -1.033163E-02
-1.120060E-08, -2.67857E-02, -1.031888E-02
-1.118497E-08, -2.57653E-02, -1.028061E-02
-1.116935E-08, -2.47449E-02, -1.021684E-02
-1.115372E-08, -2.39796E-02, -1.011480E-02
-1.113810E-08, -2.34694E-02, -9.98725E-03
-1.112247E-08, -2.32143E-02, -9.84694E-03
-1.110685E-08, -2.33418E-02, -9.68112E-03
-1.109122E-08, -2.37245E-02, -9.51531E-03
-1.107560E-08, -2.44898E-02, -9.33674E-03
-1.105997E-08, -2.55102E-02, -9.15816E-03
-1.104435E-08, -2.69133E-02, -8.99235E-03
-1.102872E-08, -2.85714E-02, -8.82653E-03
-1.101310E-08, -3.04847E-02, -8.68622E-03
-1.099747E-08, -3.26531E-02, -8.54592E-03
-1.098185E-08, -3.49490E-02, -8.43112E-03
-1.096622E-08, -3.72449E-02, -8.32908E-03
-1.095060E-08, -3.96684E-02, -8.23980E-03
-1.093497E-08, -4.18367E-02, -8.18878E-03
-1.091935E-08, -4.40051E-02, -8.15051E-03
-1.090372E-08, -4.60459E-02, -8.15051E-03
-1.088810E-08, -4.78316E-02, -8.16326E-03
-1.087247E-08, -4.93622E-02, -8.18878E-03
-1.085685E-08, -5.05102E-02, -8.25255E-03
-1.084122E-08, -5.14031E-02, -8.31633E-03
-1.082560E-08, -5.20408E-02, -8.40561E-03
-1.080997E-08, -5.24235E-02, -8.49490E-03
-1.079435E-08, -5.22959E-02, -8.60969E-03
-1.077872E-08, -5.19133E-02, -8.72449E-03
-1.076310E-08, -5.11480E-02, -8.86480E-03
-1.074747E-08, -4.98725E-02, -8.99235E-03
-1.073185E-08, -4.83418E-02, -9.11990E-03
-1.071622E-08, -4.63010E-02, -9.24745E-03
-1.070060E-08, -4.40051E-02, -9.34949E-03
-1.068497E-08, -4.14541E-02, -9.42602E-03
-1.066935E-08, -3.89031E-02, -9.47704E-03
-1.065372E-08, -3.63520E-02, -9.47704E-03
-1.063810E-08, -3.39286E-02, -9.45153E-03
-1.062247E-08, -3.17602E-02, -9.40051E-03
-1.060685E-08, -2.98469E-02, -9.32398E-03
-1.059122E-08, -2.80612E-02, -9.22194E-03
-1.057560E-08, -2.67857E-02, -9.10714E-03
-1.055997E-08, -2.56378E-02, -8.99235E-03
-1.054435E-08, -2.47449E-02, -8.87755E-03
-1.052872E-08, -2.42347E-02, -8.75000E-03
-1.051310E-08, -2.39796E-02, -8.62245E-03
-1.049747E-08, -2.41071E-02, -8.48214E-03
-1.048185E-08, -2.46173E-02, -8.35459E-03
-1.046622E-08, -2.55102E-02, -8.22704E-03
-1.045060E-08, -2.67857E-02, -8.11225E-03
-1.043497E-08, -2.84439E-02, -8.02296E-03
-1.041935E-08, -3.02296E-02, -7.97194E-03
-1.040372E-08, -3.22704E-02, -7.94643E-03
-1.038810E-08, -3.43112E-02, -7.95918E-03
-1.037247E-08, -3.63520E-02, -8.02296E-03
-1.035685E-08, -3.83929E-02, -8.12500E-03
-1.034122E-08, -4.03061E-02, -8.25255E-03
-1.032560E-08, -4.20918E-02, -8.40561E-03
-1.030997E-08, -4.37500E-02, -8.59694E-03
-1.029435E-08, -4.52806E-02, -8.78827E-03
-1.027872E-08, -4.65561E-02, -8.99235E-03
-1.026310E-08, -4.77041E-02, -9.20918E-03
-1.024747E-08, -4.84694E-02, -9.43878E-03
-1.023185E-08, -4.89796E-02, -9.66837E-03
-1.021622E-08, -4.91071E-02, -9.88520E-03
-1.020060E-08, -4.88520E-02, -1.011480E-02
-1.018497E-08, -4.83418E-02, -1.031888E-02
-1.016935E-08, -4.75765E-02, -1.049745E-02
-1.015372E-08, -4.65561E-02, -1.063776E-02
-1.013810E-08, -4.55357E-02, -1.073980E-02
-1.012247E-08, -4.43878E-02, -1.080357E-02
-1.010685E-08, -4.32398E-02, -1.082908E-02
-1.009122E-08, -4.19643E-02, -1.081633E-02
-1.007560E-08, -4.08163E-02, -1.079082E-02
-1.005997E-08, -3.95408E-02, -1.072704E-02
-1.004435E-08, -3.81378E-02, -1.065051E-02
-1.002872E-08, -3.67347E-02, -1.054847E-02
-1.001310E-08, -3.53316E-02, -1.043367E-02
-9.99747E-09, -3.39286E-02, -1.030612E-02
-9.98185E-09, -3.26531E-02, -1.015306E-02
-9.96622E-09, -3.15051E-02, -9.98725E-03
-9.95060E-09, -3.03571E-02, -9.80867E-03
-9.93497E-09, -2.93367E-02, -9.63010E-03
-9.91935E-09, -2.84439E-02, -9.46429E-03
-9.90372E-09, -2.75510E-02, -9.31122E-03
-9.88810E-09, -2.66582E-02, -9.18367E-03
-9.87247E-09, -2.57653E-02, -9.06888E-03
-9.85685E-09, -2.50000E-02, -8.97959E-03
-9.84122E-09, -2.43622E-02, -8.90306E-03
-9.82560E-09, -2.37245E-02, -8.86480E-03
-9.80997E-09, -2.33418E-02, -8.83929E-03
-9.79435E-09, -2.30867E-02, -8.82653E-03
-9.77872E-09, -2.28316E-02, -8.83929E-03
-9.76310E-09, -2.27041E-02, -8.87755E-03
-9.74747E-09, -2.25765E-02, -8.94133E-03
-9.73185E-09, -2.25765E-02, -9.00510E-03
-9.71622E-09, -2.24490E-02, -9.08163E-03
-9.70060E-09, -2.23214E-02, -9.14541E-03
-9.68497E-09, -2.21939E-02, -9.20918E-03
-9.66935E-09, -2.21939E-02, -9.27296E-03
-9.65372E-09, -2.23214E-02, -9.31122E-03
-9.63810E-09, -2.24490E-02, -9.33674E-03
-9.62247E-09, -2.28316E-02, -9.33674E-03
-9.60685E-09, -2.33418E-02, -9.32398E-03
-9.59122E-09, -2.38520E-02, -9.29847E-03
-9.57560E-09, -2.46173E-02, -9.24745E-03
-9.55997E-09, -2.53827E-02, -9.19643E-03
-9.54435E-09, -2.61480E-02, -9.13265E-03
-9.52872E-09, -2.69133E-02, -9.04337E-03
-9.51310E-09, -2.76786E-02, -8.96684E-03
-9.49747E-09, -2.83163E-02, -8.87755E-03
-9.48185E-09, -2.90816E-02, -8.78827E-03
-9.46622E-09, -2.98469E-02, -8.68622E-03
-9.45060E-09, -3.06122E-02, -8.59694E-03
-9.43497E-09, -3.15051E-02, -8.50765E-03
-9.41935E-09, -3.23980E-02, -8.43112E-03
-9.40372E-09, -3.32908E-02, -8.35459E-03
-9.38810E-09, -3.41837E-02, -8.31633E-03
-9.37247E-09, -3.49490E-02, -8.29082E-03
-9.35685E-09, -3.57143E-02, -8.29082E-03
-9.34122E-09, -3.63520E-02, -8.31633E-03
-9.32560E-09, -3.69898E-02, -8.36735E-03
-9.30997E-09, -3.75000E-02, -8.44388E-03
-9.29435E-09, -3.80102E-02, -8.53316E-03
-9.27872E-09, -3.85204E-02, -8.63520E-03
-9.26310E-09, -3.90306E-02, -8.75000E-03
-9.24747E-09, -3.96684E-02, -8.87755E-03
-9.23185E-09, -4.01786E-02, -9.00510E-03
-9.21622E-09, -4.06888E-02, -9.15816E-03
-9.20060E-09, -4.10714E-02, -9.31122E-03
-9.18497E-09, -4.11990E-02, -9.46429E-03
-9.16935E-09, -4.11990E-02, -9.61735E-03
-9.15372E-09, -4.09439E-02, -9.75765E-03
-9.13810E-09, -4.06888E-02, -9.88520E-03
-9.12247E-09, -4.04337E-02, -9.98725E-03
-9.10685E-09, -4.00510E-02, -1.006378E-02
-9.09122E-09, -3.95408E-02, -1.011480E-02
-9.07560E-09, -3.91582E-02, -1.014031E-02
-9.05997E-09, -3.85204E-02, -1.016582E-02
-9.04435E-09, -3.78827E-02, -1.017857E-02
-9.02872E-09, -3.69898E-02, -1.017857E-02
-9.01310E-09, -3.59694E-02, -1.016582E-02
-8.99747E-09, -3.48214E-02, -1.015306E-02
-8.98185E-09, -3.34184E-02, -1.014031E-02
-8.96622E-09, -3.20153E-02, -1.011480E-02
-8.95060E-09, -3.04847E-02, -1.008929E-02
-8.93497E-09, -2.89541E-02, -1.006378E-02
-8.91935E-09, -2.75510E-02, -1.003827E-02
-8.90372E-09, -2.61480E-02, -1.002551E-02
-8.88810E-09, -2.48724E-02, -1.002551E-02
-8.87247E-09, -2.37245E-02, -1.006378E-02
-8.85685E-09, -2.25765E-02, -1.011480E-02
-8.84122E-09, -2.15561E-02, -1.020408E-02
-8.82560E-09, -2.05357E-02, -1.033163E-02
-8.80997E-09, -1.96429E-02, -1.047194E-02
-8.79435E-09, -1.88776E-02, -1.063776E-02
-8.77872E-09, -1.82398E-02, -1.081633E-02
-8.76310E-09, -1.77296E-02, -1.100765E-02
-8.74747E-09, -1.73469E-02, -1.119898E-02
-8.73185E-09, -1.72194E-02, -1.139031E-02
-8.71622E-09, -1.72194E-02, -1.158163E-02
-8.70060E-09, -1.76020E-02, -1.177296E-02
-8.68497E-09, -1.79847E-02, -1.195153E-02
-8.66935E-09, -1.86224E-02, -1.211735E-02
-8.65372E-09, -1.92602E-02, -1.225765E-02
-8.63810E-09, -2.00255E-02, -1.238520E-02
-8.62247E-09, -2.06633E-02, -1.247449E-02
-8.60685E-09, -2.14286E-02, -1.253827E-02
-8.59122E-09, -2.21939E-02, -1.255102E-02
-8.57560E-09, -2.29592E-02, -1.251275E-02
-8.55997E-09, -2.37245E-02, -1.243622E-02
-8.54435E-09, -2.43622E-02, -1.230867E-02
-8.52872E-09, -2.50000E-02, -1.214286E-02
-8.51310E-09, -2.55102E-02, -1.191327E-02
-8.49747E-09, -2.61480E-02, -1.165816E-02
-8.48185E-09, -2.66582E-02, -1.135204E-02
-8.46622E-09, -2.71684E-02, -1.102041E-02
-8.45060E-09, -2.76786E-02, -1.065051E-02
-8.43497E-09, -2.81888E-02, -1.028061E-02
-8.41935E-09, -2.86990E-02, -9.89796E-03
-8.40372E-09, -2.90816E-02, -9.52806E-03
-8.38810E-09, -2.94643E-02, -9.17092E-03
-8.37247E-09, -2.97194E-02, -8.85204E-03
-8.35685E-09, -2.98469E-02, -8.54592E-03
-8.34122E-09, -2.98469E-02, -8.27806E-03
-8.32560E-09, -2.98469E-02, -8.03571E-03
-8.30997E-09, -2.99745E-02, -7.84439E-03
-8.29435E-09, -2.99745E-02, -7.67857E-03
-8.27872E-09, -3.02296E-02, -7.55102E-03
-8.26310E-09, -3.04847E-02, -7.48724E-03
-8.24747E-09, -3.07398E-02, -7.46173E-03
-8.23185E-09, -3.11224E-02, -7.50000E-03
-8.21622E-09, -3.15051E-02, -7.58929E-03
-8.20060E-09, -3.17602E-02, -7.71684E-03
-8.18497E-09, -3.20153E-02, -7.89541E-03
-8.16935E-09, -3.21429E-02, -8.09949E-03
-8.15372E-09, -3.22704E-02, -8.31633E-03
-8.13810E-09, -3.23980E-02, -8.53316E-03
-8.12247E-09, -3.25255E-02, -8.76276E-03
-8.10685E-09, -3.25255E-02, -8.99235E-03
-8.09122E-09, -3.25255E-02, -9.19643E-03
-8.07560E-09, -3.26531E-02, -9.38775E-03
-8.05997E-09, -3.26531E-02, -9.55357E-03
-8.04435E-09, -3.26531E-02, -9.68112E-03
-8.02872E-09, -3.27806E-02, -9.78316E-03
-8.01310E-09, -3.29082E-02, -9.84694E-03
-7.99747E-09, -3.30357E-02, -9.87245E-03
-7.98185E-09, -3.31633E-02, -9.87245E-03
-7.96622E-09, -3.32908E-02, -9.83418E-03
-7.95060E-09, -3.34184E-02, -9.78316E-03
-7.93497E-09, -3.32908E-02, -9.69388E-03
-7.91935E-09, -3.31633E-02, -9.60459E-03
-7.90372E-09, -3.30357E-02, -9.48980E-03
-7.88810E-09, -3.27806E-02, -9.37500E-03
-7.87247E-09, -3.25255E-02, -9.24745E-03
-7.85685E-09, -3.22704E-02, -9.11990E-03
-7.84122E-09, -3.22704E-02, -8.99235E-03
-7.82560E-09, -3.21429E-02, -8.89031E-03
-7.80997E-09, -3.21429E-02, -8.81378E-03
-7.79435E-09, -3.21429E-02, -8.78827E-03
-7.77872E-09, -3.21429E-02, -8.81378E-03
-7.76310E-09, -3.18878E-02, -8.89031E-03
-7.74747E-09, -3.16327E-02, -9.01786E-03
-7.73185E-09, -3.12500E-02, -9.19643E-03
-7.71622E-09, -3.08673E-02, -9.40051E-03
-7.70060E-09, -3.02296E-02, -9.64286E-03
-7.68497E-09, -2.97194E-02, -9.91071E-03
-7.66935E-09, -2.90816E-02, -1.020408E-02
-7.65372E-09, -2.84439E-02, -1.051020E-02
-7.63810E-09, -2.78061E-02, -1.082908E-02
-7.62247E-09, -2.71684E-02, -1.114796E-02
-7.60685E-09, -2.66582E-02, -1.147959E-02
-7.59122E-09, -2.60204E-02, -1.178571E-02
-7.57560E-09, -2.53827E-02, -1.206633E-02
-7.55997E-09, -2.48724E-02, -1.233418E-02
-7.54435E-09, -2.43622E-02, -1.255102E-02
-7.52872E-09, -2.38520E-02, -1.272959E-02
-7.51310E-09, -2.33418E-02, -1.286990E-02
-7.49747E-09, -2.28316E-02, -1.295918E-02
-7.48185E-09, -2.23214E-02, -1.298469E-02
-7.46622E-09, -2.19388E-02, -1.294643E-02
-7.45060E-09, -2.16837E-02, -1.285714E-02
-7.43497E-09, -2.15561E-02, -1.269133E-02
-7.41935E-09, -2.16837E-02, -1.248724E-02
-7.40372E-09, -2.19388E-02, -1.223214E-02
-7.38810E-09, -2.24490E-02, -1.193878E-02
-7.37247E-09, -2.28316E-02, -1.161990E-02
-7.35685E-09, -2.33418E-02, -1.130102E-02
-7.34122E-09, -2.37245E-02, -1.096939E-02
-7.32560E-09, -2.39796E-02, -1.063776E-02
-7.30997E-09, -2.39796E-02, -1.031888E-02
-7.29435E-09, -2.39796E-02, -1.001276E-02
-7.27872E-09, -2.39796E-02, -9.70663E-03
-7.26310E-09, -2.37245E-02, -9.42602E-03
-7.24747E-09, -2.34694E-02, -9.15816E-03
-7.23185E-09, -2.32143E-02, -8.92857E-03
-7.21622E-09, -2.27041E-02, -8.73724E-03
-7.20060E-09, -2.20663E-02, -8.59694E-03
-7.18497E-09, -2.13010E-02, -8.50765E-03
-7.16935E-09, -2.04082E-02, -8.46939E-03
-7.15372E-09, -1.93878E-02, -8.48214E-03
-7.13810E-09, -1.83673E-02, -8.52041E-03
-7.12247E-09, -1.73469E-02, -8.60969E-03
-7.10685E-09, -1.61990E-02, -8.73724E-03
-7.09122E-09, -1.50510E-02, -8.87755E-03
-7.07560E-09, -1.39031E-02, -9.04337E-03
-7.05997E-09, -1.27551E-02, -9.22194E-03
-7.04435E-09, -1.16071E-02, -9.41327E-03
-7.02872E-09, -1.05867E-02, -9.60459E-03
-7.01310E-09, -9.8214E-03, -9.78316E-03
-6.99747E-09, -9.1837E-03, -9.93622E-03
-6.98185E-09, -8.9286E-03, -1.006378E-02
-6.96622E-09, -9.0561E-03, -1.016582E-02
-6.95060E-09, -9.5663E-03, -1.024235E-02
-6.93497E-09, -1.04592E-02, -1.029337E-02
-6.91935E-09, -1.16071E-02, -1.031888E-02
-6.90372E-09, -1.30102E-02, -1.033163E-02
-6.88810E-09, -1.46684E-02, -1.031888E-02
-6.87247E-09, -1.63265E-02, -1.028061E-02
-6.85685E-09, -1.81122E-02, -1.021684E-02
-6.84122E-09, -1.98980E-02, -1.012755E-02
-6.82560E-09, -2.18112E-02, -1.002551E-02
-6.80997E-09, -2.37245E-02, -9.89796E-03
-6.79435E-09, -2.56378E-02, -9.74490E-03
-6.77872E-09, -2.74235E-02, -9.59184E-03
-6.76310E-09, -2.90816E-02, -9.45153E-03
-6.74747E-09, -3.06122E-02, -9.31122E-03
-6.73185E-09, -3.18878E-02, -9.19643E-03
-6.71622E-09, -3.29082E-02, -9.09439E-03
-6.70060E-09, -3.35459E-02, -9.03061E-03
-6.68497E-09, -3.38010E-02, -8.99235E-03
-6.66935E-09, -3.36735E-02, -8.99235E-03
-6.65372E-09, -3.31633E-02, -9.00510E-03
-6.63810E-09, -3.23980E-02, -9.05612E-03
-6.62247E-09, -3.12500E-02, -9.11990E-03
-6.60685E-09, -2.98469E-02, -9.22194E-03
-6.59122E-09, -2.81888E-02, -9.33674E-03
-6.57560E-09, -2.62755E-02, -9.47704E-03
-6.55997E-09, -2.42347E-02, -9.63010E-03
-6.54435E-09, -2.21939E-02, -9.78316E-03
-6.52872E-09, -2.02806E-02, -9.94898E-03
-6.51310E-09, -1.84949E-02, -1.010204E-02
-6.49747E-09, -1.68367E-02, -1.025510E-02
-6.48185E-09, -1.56888E-02, -1.039541E-02
-6.46622E-09, -1.46684E-02, -1.051020E-02
-6.45060E-09, -1.41582E-02, -1.062500E-02
-6.43497E-09, -1.37755E-02, -1.071429E-02
-6.41935E-09, -1.37755E-02, -1.079082E-02
-6.40372E-09, -1.39031E-02, -1.084184E-02
-6.38810E-09, -1.44133E-02, -1.086735E-02
-6.37247E-09, -1.51786E-02, -1.085459E-02
-6.35685E-09, -1.63265E-02, -1.080357E-02
-6.34122E-09, -1.77296E-02, -1.072704E-02
-6.32560E-09, -1.93878E-02, -1.059949E-02
-6.30997E-09, -2.13010E-02, -1.045918E-02
-6.29435E-09, -2.33418E-02, -1.029337E-02
-6.27872E-09, -2.53827E-02, -1.012755E-02
-6.26310E-09, -2.72959E-02, -9.96173E-03
-6.24747E-09, -2.90816E-02, -9.79592E-03
-6.23185E-09, -3.06122E-02, -9.64286E-03
-6.21622E-09, -3.17602E-02, -9.48980E-03
-6.20060E-09, -3.27806E-02, -9.34949E-03
-6.18497E-09, -3.34184E-02, -9.22194E-03
-6.16935E-09, -3.38010E-02, -9.10714E-03
-6.15372E-09, -3.38010E-02, -9.00510E-03
-6.13810E-09, -3.35459E-02, -8.94133E-03
-6.12247E-09, -3.29082E-02, -8.90306E-03
-6.10685E-09, -3.20153E-02, -8.89031E-03
-6.09122E-09, -3.08673E-02, -8.91582E-03
-6.07560E-09, -2.95918E-02, -8.96684E-03
-6.05997E-09, -2.81888E-02, -9.04337E-03
-6.04435E-09, -2.66582E-02, -9.14541E-03
-6.02872E-09, -2.52551E-02, -9.27296E-03
-6.01310E-09, -2.39796E-02, -9.43878E-03
-5.99747E-09, -2.27041E-02, -9.61735E-03
-5.98185E-09, -2.15561E-02, -9.80867E-03
-5.96622E-09, -2.05357E-02, -1.002551E-02
-5.95060E-09, -1.97704E-02, -1.024235E-02
-5.93497E-09, -1.92602E-02, -1.047194E-02
-5.91935E-09, -1.91327E-02, -1.068878E-02
-5.90372E-09, -1.93878E-02, -1.090561E-02
-5.88810E-09, -1.97704E-02, -1.110969E-02
-5.87247E-09, -2.05357E-02, -1.131378E-02
-5.85685E-09, -2.14286E-02, -1.149235E-02
-5.84122E-09, -2.25765E-02, -1.167092E-02
-5.82560E-09, -2.37245E-02, -1.183673E-02
-5.80997E-09, -2.50000E-02, -1.198980E-02
-5.79435E-09, -2.65306E-02, -1.211735E-02
-5.77872E-09, -2.79337E-02, -1.221939E-02
-5.76310E-09, -2.93367E-02, -1.230867E-02
-5.74747E-09, -3.07398E-02, -1.238520E-02
-5.73185E-09, -3.18878E-02, -1.244898E-02
-5.71622E-09, -3.27806E-02, -1.250000E-02
-5.70060E-09, -3.32908E-02, -1.253827E-02
-5.68497E-09, -3.36735E-02, -1.257653E-02
-5.66935E-09, -3.35459E-02, -1.260204E-02
-5.65372E-09, -3.32908E-02, -1.260204E-02
-5.63810E-09, -3.26531E-02, -1.258929E-02
-5.62247E-09, -3.18878E-02, -1.257653E-02
-5.60685E-09, -3.09949E-02, -1.255102E-02
-5.59122E-09, -2.97194E-02, -1.251275E-02
-5.57560E-09, -2.83163E-02, -1.246173E-02
-5.55997E-09, -2.67857E-02, -1.242347E-02
-5.54435E-09, -2.51276E-02, -1.237245E-02
-5.52872E-09, -2.33418E-02, -1.230867E-02
-5.51310E-09, -2.15561E-02, -1.223214E-02
-5.49747E-09, -1.98980E-02, -1.214286E-02
-5.48185E-09, -1.84949E-02, -1.204082E-02
-5.46622E-09, -1.72194E-02, -1.192602E-02
-5.45060E-09, -1.61990E-02, -1.181122E-02
-5.43497E-09, -1.54337E-02, -1.169643E-02
-5.41935E-09, -1.49235E-02, -1.159439E-02
-5.40372E-09, -1.46684E-02, -1.149235E-02
-5.38810E-09, -1.46684E-02, -1.139031E-02
-5.37247E-09, -1.50510E-02, -1.130102E-02
-5.35685E-09, -1.56888E-02, -1.119898E-02
-5.34122E-09, -1.67092E-02, -1.112245E-02
-5.32560E-09, -1.79847E-02, -1.104592E-02
-5.30997E-09, -1.95153E-02, -1.098214E-02
-5.29435E-09, -2.11735E-02, -1.094388E-02
-5.27872E-09, -2.27041E-02, -1.094388E-02
-5.26310E-09, -2.43622E-02, -1.095663E-02
-5.24747E-09, -2.57653E-02, -1.099490E-02
-5.23185E-09, -2.69133E-02, -1.105867E-02
-5.21622E-09, -2.80612E-02, -1.112245E-02
-5.20060E-09, -2.88265E-02, -1.119898E-02
-5.18497E-09, -2.93367E-02, -1.127551E-02
-5.16935E-09, -2.95918E-02, -1.135204E-02
-5.15372E-09, -2.95918E-02, -1.141582E-02
-5.13810E-09, -2.92092E-02, -1.149235E-02
-5.12247E-09, -2.85714E-02, -1.155612E-02
-5.10685E-09, -2.76786E-02, -1.160714E-02
-5.09122E-09, -2.65306E-02, -1.164541E-02
-5.07560E-09, -2.52551E-02, -1.167092E-02
-5.05997E-09, -2.37245E-02, -1.168367E-02
-5.04435E-09, -2.21939E-02, -1.167092E-02
-5.02872E-09, -2.06633E-02, -1.163265E-02
-5.01310E-09, -1.91327E-02, -1.158163E-02
-4.99747E-09, -1.74745E-02, -1.150510E-02
-4.98185E-09, -1.60714E-02, -1.142857E-02
-4.96622E-09, -1.45408E-02, -1.132653E-02
-4.95060E-09, -1.32653E-02, -1.119898E-02
-4.93497E-09, -1.22449E-02, -1.107143E-02
-4.91935E-09, -1.13520E-02, -1.093112E-02
-4.90372E-09, -1.08418E-02, -1.076531E-02
-4.88810E-09, -1.07143E-02, -1.058673E-02
-4.87247E-09, -1.08418E-02, -1.040816E-02
-4.85685E-09, -1.13520E-02, -1.022959E-02
-4.84122E-09, -1.21173E-02, -1.006378E-02
-4.82560E-09, -1.31378E-02, -9.91071E-03
-4.80997E-09, -1.44133E-02, -9.77041E-03
-4.79435E-09, -1.59439E-02, -9.64286E-03
-4.77872E-09, -1.77296E-02, -9.54082E-03
-4.76310E-09, -1.95153E-02, -9.46429E-03
-4.74747E-09, -2.14286E-02, -9.40051E-03
-4.73185E-09, -2.33418E-02, -9.36224E-03
-4.71622E-09, -2.52551E-02, -9.33674E-03
-4.70060E-09, -2.70408E-02, -9.33674E-03
-4.68497E-09, -2.86990E-02, -9.34949E-03
-4.66935E-09, -3.02296E-02, -9.38775E-03
-4.65372E-09, -3.15051E-02, -9.42602E-03
-4.63810E-09, -3.25255E-02, -9.48980E-03
-4.62247E-09, -3.31633E-02, -9.55357E-03
-4.60685E-09, -3.35459E-02, -9.61735E-03
-4.59122E-09, -3.36735E-02, -9.68112E-03
-4.57560E-09, -3.34184E-02, -9.74490E-03
-4.55997E-09, -3.29082E-02, -9.79592E-03
-4.54435E-09, -3.22704E-02, -9.84694E-03
-4.52872E-09, -3.13776E-02, -9.87245E-03
-4.51310E-09, -3.03571E-02, -9.89796E-03
-4.49747E-09, -2.92092E-02, -9.91071E-03
-4.48185E-09, -2.79337E-02, -9.91071E-03
-4.46622E-09, -2.66582E-02, -9.88520E-03
-4.45060E-09, -2.52551E-02, -9.85969E-03
-4.43497E-09, -2.38520E-02, -9.83418E-03
-4.41935E-09, -2.24490E-02, -9.78316E-03
-4.40372E-09, -2.11735E-02, -9.73214E-03
-4.38810E-09, -1.98980E-02, -9.65561E-03
-4.37247E-09, -1.88776E-02, -9.57908E-03
-4.35685E-09, -1.79847E-02, -9.48980E-03
-4.34122E-09, -1.72194E-02, -9.38775E-03
-4.32560E-09, -1.67092E-02, -9.27296E-03
-4.30997E-09, -1.64541E-02, -9.17092E-03
-4.29435E-09, -1.64541E-02, -9.05612E-03
-4.27872E-09, -1.67092E-02, -8.94133E-03
-4.26310E-09, -1.72194E-02, -8.83929E-03
-4.24747E-09, -1.79847E-02, -8.73724E-03
-4.23185E-09, -1.88776E-02, -8.64796E-03
-4.21622E-09, -2.00255E-02, -8.55867E-03
-4.20060E-09, -2.13010E-02, -8.49490E-03
-4.18497E-09, -2.24490E-02, -8.44388E-03
-4.16935E-09, -2.37245E-02, -8.40561E-03
-4.15372E-09, -2.50000E-02, -8.38010E-03
-4.13810E-09, -2.61480E-02, -8.36735E-03
-4.12247E-09, -2.72959E-02, -8.36735E-03
-4.10685E-09, -2.83163E-02, -8.38010E-03
-4.09122E-09, -2.93367E-02, -8.39286E-03
-4.07560E-09, -3.02296E-02, -8.43112E-03
-4.05997E-09, -3.09949E-02, -8.46939E-03
-4.04435E-09, -3.15051E-02, -8.54592E-03
-4.02872E-09, -3.18878E-02, -8.62245E-03
-4.01310E-09, -3.20153E-02, -8.69898E-03
-3.99747E-09, -3.18878E-02, -8.80102E-03
-3.98185E-09, -3.16327E-02, -8.90306E-03
-3.96622E-09, -3.12500E-02, -9.00510E-03
-3.95060E-09, -3.08673E-02, -9.10714E-03
-3.93497E-09, -3.02296E-02, -9.22194E-03
-3.91935E-09, -2.95918E-02, -9.32398E-03
-3.90372E-09, -2.88265E-02, -9.43878E-03
-3.88810E-09, -2.79337E-02, -9.55357E-03
-3.87247E-09, -2.69133E-02, -9.66837E-03
-3.85685E-09, -2.58929E-02, -9.77041E-03
-3.84122E-09, -2.47449E-02, -9.85969E-03
-3.82560E-09, -2.35969E-02, -9.93622E-03
-3.80997E-09, -2.24490E-02, -9.98725E-03
-3.79435E-09, -2.13010E-02, -1.001276E-02
-3.77872E-09, -2.01531E-02, -1.001276E-02
-3.76310E-09, -1.91327E-02, -9.98725E-03
-3.74747E-09, -1.83673E-02, -9.93622E-03
-3.73185E-09, -1.77296E-02, -9.85969E-03
-3.71622E-09, -1.72194E-02, -9.77041E-03
-3.70060E-09, -1.69643E-02, -9.68112E-03
-3.68497E-09, -1.69643E-02, -9.56633E-03
-3.66935E-09, -1.70918E-02, -9.45153E-03
-3.65372E-09, -1.72194E-02, -9.33674E-03
-3.63810E-09, -1.74745E-02, -9.23469E-03
-3.62247E-09, -1.78571E-02, -9.11990E-03
-3.60685E-09, -1.82398E-02, -9.01786E-03
-3.59122E-09, -1.86224E-02, -8.91582E-03
-3.57560E-09, -1.92602E-02, -8.82653E-03
-3.55997E-09, -1.97704E-02, -8.75000E-03
-3.54435E-09, -2.04082E-02, -8.68622E-03
-3.52872E-09, -2.09184E-02, -8.64796E-03
-3.51310E-09, -2.13010E-02, -8.62245E-03
-3.49747E-09, -2.16837E-02, -8.63520E-03
-3.48185E-09, -2.18112E-02, -8.66071E-03
-3.46622E-09, -2.18112E-02, -8.69898E-03
-3.45060E-09, -2.16837E-02, -8.76276E-03
-3.43497E-09, -2.13010E-02, -8.83929E-03
-3.41935E-09, -2.09184E-02, -8.92857E-03
-3.40372E-09, -2.02806E-02, -9.01786E-03
-3.38810E-09, -1.96429E-02, -9.13265E-03
-3.37247E-09, -1.87500E-02, -9.26020E-03
-3.35685E-09, -1.78571E-02, -9.40051E-03
-3.34122E-09, -1.67092E-02, -9.54082E-03
-3.32560E-09, -1.54337E-02, -9.68112E-03
-3.30997E-09, -1.41582E-02, -9.83418E-03
-3.29435E-09, -1.27551E-02, -9.97449E-03
-3.27872E-09, -1.13520E-02, -1.010204E-02
-3.26310E-09, -9.9490E-03, -1.021684E-02
-3.24747E-09, -8.6735E-03, -1.031888E-02
-3.23185E-09, -7.2704E-03, -1.042092E-02
-3.21622E-09, -5.9949E-03, -1.051020E-02
-3.20060E-09, -4.7194E-03, -1.058673E-02
-3.18497E-09, -3.4439E-03, -1.065051E-02
-3.16935E-09, -2.2959E-03, -1.068878E-02
-3.15372E-09, -1.4031E-03, -1.071429E-02
-3.13810E-09, -6.378E-04, -1.071429E-02
-3.12247E-09, 0.0E+00, -1.068878E-02
-3.10685E-09, 2.551E-04, -1.063776E-02
-3.09122E-09, 3.827E-04, -1.057398E-02
-3.07560E-09, 3.827E-04, -1.049745E-02
-3.05997E-09, 0.0E+00, -1.042092E-02
-3.04435E-09, -5.102E-04, -1.031888E-02
-3.02872E-09, -1.1480E-03, -1.021684E-02
-3.01310E-09, -1.9133E-03, -1.008929E-02
-2.99747E-09, -2.8061E-03, -9.96173E-03
-2.98185E-09, -3.8265E-03, -9.83418E-03
-2.96622E-09, -4.9745E-03, -9.68112E-03
-2.95060E-09, -6.1224E-03, -9.52806E-03
-2.93497E-09, -7.1429E-03, -9.37500E-03
-2.91935E-09, -8.1633E-03, -9.22194E-03
-2.90372E-09, -9.1837E-03, -9.06888E-03
-2.88810E-09, -9.9490E-03, -8.91582E-03
-2.87247E-09, -1.07143E-02, -8.76276E-03
-2.85685E-09, -1.13520E-02, -8.60969E-03
-2.84122E-09, -1.18622E-02, -8.45663E-03
-2.82560E-09, -1.22449E-02, -8.30357E-03
-2.80997E-09, -1.25000E-02, -8.16326E-03
-2.79435E-09, -1.27551E-02, -8.03571E-03
-2.77872E-09, -1.28827E-02, -7.90816E-03
-2.76310E-09, -1.28827E-02, -7.80612E-03
-2.74747E-09, -1.28827E-02, -7.72959E-03
-2.73185E-09, -1.27551E-02, -7.66582E-03
-2.71622E-09, -1.26276E-02, -7.62755E-03
-2.70060E-09, -1.25000E-02, -7.61480E-03
-2.68497E-09, -1.22449E-02, -7.61480E-03
-2.66935E-09, -1.21173E-02, -7.62755E-03
-2.65372E-09, -1.21173E-02, -7.66582E-03
-2.63810E-09, -1.21173E-02, -7.70408E-03
-2.62247E-09, -1.21173E-02, -7.76786E-03
-2.60685E-09, -1.22449E-02, -7.83163E-03
-2.59122E-09, -1.25000E-02, -7.90816E-03
-2.57560E-09, -1.27551E-02, -7.98469E-03
-2.55997E-09, -1.31378E-02, -8.07398E-03
-2.54435E-09, -1.36480E-02, -8.15051E-03
-2.52872E-09, -1.42857E-02, -8.21429E-03
-2.51310E-09, -1.50510E-02, -8.27806E-03
-2.49747E-09, -1.58163E-02, -8.34184E-03
-2.48185E-09, -1.67092E-02, -8.38010E-03
-2.46622E-09, -1.76020E-02, -8.40561E-03
-2.45060E-09, -1.86224E-02, -8.41837E-03
-2.43497E-09, -1.97704E-02, -8.40561E-03
-2.41935E-09, -2.11735E-02, -8.39286E-03
-2.40372E-09, -2.25765E-02, -8.35459E-03
-2.38810E-09, -2.39796E-02, -8.31633E-03
-2.37247E-09, -2.56378E-02, -8.26531E-03
-2.35685E-09, -2.74235E-02, -8.22704E-03
-2.34122E-09, -2.90816E-02, -8.17602E-03
-2.32560E-09, -3.08673E-02, -8.15051E-03
-2.30997E-09, -3.26531E-02, -8.12500E-03
-2.29435E-09, -3.45663E-02, -8.11225E-03
-2.27872E-09, -3.66071E-02, -8.11225E-03
-2.26310E-09, -3.86480E-02, -8.11225E-03
-2.24747E-09, -4.09439E-02, -8.12500E-03
-2.23185E-09, -4.33673E-02, -8.15051E-03
-2.21622E-09, -4.59184E-02, -8.18878E-03
-2.20060E-09, -4.84694E-02, -8.26531E-03
-2.18497E-09, -5.08929E-02, -8.35459E-03
-2.16935E-09, -5.33163E-02, -8.46939E-03
-2.15372E-09, -5.57398E-02, -8.59694E-03
-2.13810E-09, -5.79082E-02, -8.75000E-03
-2.12247E-09, -6.02041E-02, -8.90306E-03
-2.10685E-09, -6.23724E-02, -9.05612E-03
-2.09122E-09, -6.45408E-02, -9.19643E-03
-2.07560E-09, -6.65816E-02, -9.34949E-03
-2.05997E-09, -6.86224E-02, -9.48980E-03
-2.04435E-09, -7.02806E-02, -9.64286E-03
-2.02872E-09, -7.18112E-02, -9.79592E-03
-2.01310E-09, -7.30867E-02, -9.94898E-03
-1.99747E-09, -7.41071E-02, -1.008929E-02
-1.98185E-09, -7.48724E-02, -1.022959E-02
-1.96622E-09, -7.53826E-02, -1.036990E-02
-1.95060E-09, -7.56378E-02, -1.048469E-02
-1.93497E-09, -7.55102E-02, -1.058673E-02
-1.91935E-09, -7.52551E-02, -1.068878E-02
-1.90372E-09, -7.46173E-02, -1.077806E-02
-1.88810E-09, -7.37245E-02, -1.086735E-02
-1.87247E-09, -7.24490E-02, -1.095663E-02
-1.85685E-09, -7.10459E-02, -1.104592E-02
-1.84122E-09, -6.93878E-02, -1.110969E-02
-1.82560E-09, -6.76020E-02, -1.118622E-02
-1.80997E-09, -6.56888E-02, -1.123725E-02
-1.79435E-09, -6.39031E-02, -1.128827E-02
-1.77872E-09, -6.21173E-02, -1.132653E-02
-1.76310E-09, -6.03316E-02, -1.137755E-02
-1.74747E-09, -5.86735E-02, -1.141582E-02
-1.73185E-09, -5.71429E-02, -1.146684E-02
-1.71622E-09, -5.56122E-02, -1.151786E-02
-1.70060E-09, -5.42092E-02, -1.155612E-02
-1.68497E-09, -5.29337E-02, -1.159439E-02
-1.66935E-09, -5.17857E-02, -1.163265E-02
-1.65372E-09, -5.06378E-02, -1.165816E-02
-1.63810E-09, -4.97449E-02, -1.165816E-02
-1.62247E-09, -4.89796E-02, -1.165816E-02
-1.60685E-09, -4.83418E-02, -1.164541E-02
-1.59122E-09, -4.77041E-02, -1.160714E-02
-1.57560E-09, -4.71939E-02, -1.156888E-02
-1.55997E-09, -4.68112E-02, -1.151786E-02
-1.54435E-09, -4.63010E-02, -1.146684E-02
-1.52872E-09, -4.59184E-02, -1.140306E-02
-1.51310E-09, -4.52806E-02, -1.135204E-02
-1.49747E-09, -4.46429E-02, -1.130102E-02
-1.48185E-09, -4.37500E-02, -1.126275E-02
-1.46622E-09, -4.27296E-02, -1.122449E-02
-1.45060E-09, -4.14541E-02, -1.119898E-02
-1.43497E-09, -3.97959E-02, -1.119898E-02
-1.41935E-09, -3.78827E-02, -1.121173E-02
-1.40372E-09, -3.55867E-02, -1.126275E-02
-1.38810E-09, -3.27806E-02, -1.132653E-02
-1.37247E-09, -2.97194E-02, -1.141582E-02
-1.35685E-09, -2.60204E-02, -1.153061E-02
-1.34122E-09, -2.19388E-02, -1.167092E-02
-1.32560E-09, -1.74745E-02, -1.183673E-02
-1.30997E-09, -1.26276E-02, -1.200255E-02
-1.29435E-09, -7.5255E-03, -1.218112E-02
-1.27872E-09, -2.0408E-03, -1.235969E-02
-1.26310E-09, 3.5714E-03, -1.255102E-02
-1.24747E-09, 9.5663E-03, -1.275510E-02
-1.23185E-09, 1.58163E-02, -1.294643E-02
-1.21622E-09, 2.23214E-02, -1.313775E-02
-1.20060E-09, 2.89541E-02, -1.331633E-02
-1.18497E-09, 3.58418E-02, -1.346939E-02
-1.16935E-09, 4.28571E-02, -1.359694E-02
-1.15372E-09, 4.98725E-02, -1.368622E-02
-1.13810E-09, 5.70153E-02, -1.373724E-02
-1.12247E-09, 6.41582E-02, -1.373724E-02
-1.10685E-09, 7.14286E-02, -1.371173E-02
-1.09122E-09, 7.85714E-02, -1.362245E-02
-1.07560E-09, 8.57143E-02, -1.349490E-02
-1.05997E-09, 9.29847E-02, -1.334184E-02
-1.04435E-09, 1.003827E-01, -1.312500E-02
-1.02872E-09, 1.077806E-01, -1.288265E-02
-1.01310E-09, 1.153061E-01, -1.258929E-02
-9.9747E-10, 1.228316E-01, -1.227041E-02
-9.8185E-10, 1.306122E-01, -1.191327E-02
-9.6622E-10, 1.382653E-01, -1.151786E-02
-9.5060E-10, 1.461735E-01, -1.110969E-02
-9.3497E-10, 1.542092E-01, -1.070153E-02
-9.1935E-10, 1.623725E-01, -1.028061E-02
-9.0372E-10, 1.707908E-01, -9.85969E-03
-8.8810E-10, 1.793367E-01, -9.45153E-03
-8.7247E-10, 1.882653E-01, -9.05612E-03
-8.5685E-10, 1.973214E-01, -8.67347E-03
-8.4122E-10, 2.066327E-01, -8.30357E-03
-8.2560E-10, 2.163265E-01, -7.94643E-03
-8.0997E-10, 2.261480E-01, -7.60204E-03
-7.9435E-10, 2.363520E-01, -7.28316E-03
-7.7872E-10, 2.466837E-01, -6.95153E-03
-7.6310E-10, 2.573979E-01, -6.63265E-03
-7.4747E-10, 2.682398E-01, -6.32653E-03
-7.3185E-10, 2.792092E-01, -6.02041E-03
-7.1622E-10, 2.904337E-01, -5.70153E-03
-7.0060E-10, 3.017857E-01, -5.36990E-03
-6.8497E-10, 3.132653E-01, -5.03827E-03
-6.6935E-10, 3.248724E-01, -4.66837E-03
-6.5372E-10, 3.364796E-01, -4.28571E-03
-6.3810E-10, 3.480867E-01, -3.86480E-03
-6.2247E-10, 3.598214E-01, -3.40561E-03
-6.0685E-10, 3.714286E-01, -2.90816E-03
-5.9122E-10, 3.829082E-01, -2.37245E-03
-5.7560E-10, 3.945153E-01, -1.79847E-03
-5.5997E-10, 4.058673E-01, -1.17347E-03
-5.4435E-10, 4.172194E-01, -5.1020E-04
-5.2872E-10, 4.283163E-01, 1.7857E-04
-5.1310E-10, 4.392857E-01, 9.1837E-04
-4.9747E-10, 4.501275E-01, 1.68367E-03
-4.8185E-10, 4.608418E-01, 2.48724E-03
-4.6622E-10, 4.713010E-01, 3.31633E-03
-4.5060E-10, 4.817602E-01, 4.17092E-03
-4.3497E-10, 4.920918E-01, 5.03827E-03
-4.1935E-10, 5.022959E-01, 5.90561E-03
-4.0372E-10, 5.125000E-01, 6.77296E-03
-3.8810E-10, 5.227041E-01, 7.64031E-03
-3.7247E-10, 5.330357E-01, 8.49490E-03
-3.5685E-10, 5.434949E-01, 9.36224E-03
-3.4122E-10, 5.538265E-01, 1.021684E-02
-3.2560E-10, 5.641581E-01, 1.108418E-02
-3.0997E-10, 5.746173E-01, 1.193878E-02
-2.9435E-10, 5.849490E-01, 1.280612E-02
-2.7872E-10, 5.951530E-01, 1.367347E-02
-2.6310E-10, 6.053572E-01, 1.452806E-02
-2.4747E-10, 6.155612E-01, 1.535714E-02
-2.3185E-10, 6.258929E-01, 1.618622E-02
-2.1622E-10, 6.360970E-01, 1.700255E-02
-2.0060E-10, 6.465561E-01, 1.779337E-02
-1.8497E-10, 6.571429E-01, 1.859694E-02
-1.6935E-10, 6.678572E-01, 1.938776E-02
-1.5372E-10, 6.784438E-01, 2.019133E-02
-1.3810E-10, 6.892857E-01, 2.100765E-02
-1.2247E-10, 7.001275E-01, 2.184949E-02
-1.0685E-10, 7.110969E-01, 2.271684E-02
-9.122E-11, 7.218112E-01, 2.358418E-02
-7.560E-11, 7.323980E-01, 2.448980E-02
-5.997E-11, 7.428572E-01, 2.539541E-02
-4.435E-11, 7.531888E-01, 2.631378E-02
-2.872E-11, 7.631378E-01, 2.724490E-02
-1.310E-11, 7.729592E-01, 2.817602E-02
2.53E-12, 7.825255E-01, 2.910714E-02
1.815E-11, 7.919643E-01, 3.005102E-02
3.378E-11, 8.008928E-01, 3.098214E-02
4.940E-11, 8.095663E-01, 3.192602E-02
6.503E-11, 8.179847E-01, 3.285714E-02
8.065E-11, 8.260204E-01, 3.380102E-02
9.628E-11, 8.335459E-01, 3.471939E-02
1.1190E-10, 8.408163E-01, 3.565051E-02
1.2753E-10, 8.475766E-01, 3.658163E-02
1.4315E-10, 8.540816E-01, 3.750000E-02
1.5878E-10, 8.600765E-01, 3.840561E-02
1.7440E-10, 8.658164E-01, 3.929847E-02
1.9003E-10, 8.711734E-01, 4.019133E-02
2.0565E-10, 8.765306E-01, 4.107143E-02
2.2128E-10, 8.812500E-01, 4.193877E-02
2.3690E-10, 8.859694E-01, 4.281888E-02
2.5253E-10, 8.903061E-01, 4.368623E-02
2.6815E-10, 8.946428E-01, 4.456633E-02
2.8378E-10, 8.984694E-01, 4.543367E-02
2.9940E-10, 9.021684E-01, 4.630102E-02
3.1503E-10, 9.058673E-01, 4.716837E-02
3.3065E-10, 9.094388E-01, 4.803571E-02
3.4628E-10, 9.130102E-01, 4.889031E-02
3.6190E-10, 9.165816E-01, 4.973214E-02
3.7753E-10, 9.202806E-01, 5.057398E-02
3.9315E-10, 9.242347E-01, 5.141582E-02
4.0878E-10, 9.280612E-01, 5.223214E-02
4.2440E-10, 9.321429E-01, 5.306122E-02
4.4003E-10, 9.363520E-01, 5.389031E-02
4.5565E-10, 9.406888E-01, 5.471939E-02
4.7128E-10, 9.450255E-01, 5.552296E-02
4.8690E-10, 9.493622E-01, 5.632653E-02
5.0253E-10, 9.538265E-01, 5.713010E-02
5.1815E-10, 9.584184E-01, 5.790816E-02
5.3378E-10, 9.626275E-01, 5.866072E-02
5.4940E-10, 9.669643E-01, 5.938775E-02
5.6503E-10, 9.711735E-01, 6.010204E-02
5.8065E-10, 9.753826E-01, 6.080357E-02
5.9628E-10, 9.792092E-01, 6.144133E-02
6.1190E-10, 9.831632E-01, 6.207908E-02
6.2753E-10, 9.869898E-01, 6.269132E-02
6.4315E-10, 9.905612E-01, 6.327806E-02
6.5878E-10, 9.937500E-01, 6.383929E-02
6.7440E-10, 9.968112E-01, 6.438775E-02
6.9003E-10, 9.993622E-01, 6.491072E-02
7.0565E-10, 1.0017858E+00, 6.543367E-02
7.2128E-10, 1.0035714E+00, 6.591836E-02
7.3690E-10, 1.0049745E+00, 6.640306E-02
7.5253E-10, 1.0062500E+00, 6.684949E-02
7.6815E-10, 1.0071429E+00, 6.729592E-02
7.8378E-10, 1.0076531E+00, 6.770408E-02
7.9940E-10, 1.0080357E+00, 6.809949E-02
8.1503E-10, 1.0081632E+00, 6.849490E-02
8.3065E-10, 1.0082908E+00, 6.889030E-02
8.4628E-10, 1.0079081E+00, 6.926020E-02
8.6190E-10, 1.0076531E+00, 6.964286E-02
8.7753E-10, 1.0071429E+00, 7.003827E-02
8.9315E-10, 1.0066327E+00, 7.043368E-02
9.0878E-10, 1.0058674E+00, 7.081632E-02
9.2440E-10, 1.0051020E+00, 7.121173E-02
9.4003E-10, 1.0042092E+00, 7.159439E-02
9.5565E-10, 1.0034438E+00, 7.200255E-02
9.7128E-10, 1.0025511E+00, 7.237245E-02
9.8690E-10, 1.0017858E+00, 7.276785E-02
1.00253E-09, 1.0010204E+00, 7.313775E-02
1.01815E-09, 1.0006378E+00, 7.353316E-02
1.03378E-09, 9.998724E-01, 7.389031E-02
1.04940E-09, 9.994898E-01, 7.427296E-02
1.06503E-09, 9.991071E-01, 7.464286E-02
1.08065E-09, 9.988520E-01, 7.501276E-02
1.09628E-09, 9.984694E-01, 7.536989E-02
1.11190E-09, 9.982143E-01, 7.571428E-02
1.12753E-09, 9.979592E-01, 7.604592E-02
1.14315E-09, 9.979592E-01, 7.637755E-02
1.15878E-09, 9.975765E-01, 7.667091E-02
1.17440E-09, 9.971939E-01, 7.695153E-02
1.19003E-09, 9.966837E-01, 7.720663E-02
1.20565E-09, 9.961734E-01, 7.744898E-02
1.22128E-09, 9.952806E-01, 7.765306E-02
1.23690E-09, 9.942602E-01, 7.781888E-02
1.25253E-09, 9.932398E-01, 7.797194E-02
1.26815E-09, 9.922194E-01, 7.808673E-02
1.28378E-09, 9.908164E-01, 7.817602E-02
1.29940E-09, 9.895408E-01, 7.822704E-02
1.31503E-09, 9.880102E-01, 7.827806E-02
1.33065E-09, 9.864796E-01, 7.831632E-02
1.34628E-09, 9.845663E-01, 7.832908E-02
1.36190E-09, 9.826531E-01, 7.834183E-02
1.37753E-09, 9.804847E-01, 7.834183E-02
1.39315E-09, 9.784439E-01, 7.835459E-02
1.40878E-09, 9.760204E-01, 7.832908E-02
1.42440E-09, 9.735969E-01, 7.831632E-02
1.44003E-09, 9.710459E-01, 7.830357E-02
1.45565E-09, 9.686224E-01, 7.830357E-02
1.47128E-09, 9.658163E-01, 7.829081E-02
1.48690E-09, 9.632653E-01, 7.830357E-02
1.50253E-09, 9.605867E-01, 7.831632E-02
1.51815E-09, 9.581633E-01, 7.835459E-02
1.53378E-09, 9.557398E-01, 7.839286E-02
1.54940E-09, 9.535714E-01, 7.844388E-02
1.56503E-09, 9.516582E-01, 7.850765E-02
1.58065E-09, 9.501275E-01, 7.859694E-02
1.59628E-09, 9.487245E-01, 7.868622E-02
1.61190E-09, 9.475765E-01, 7.880102E-02
1.62753E-09, 9.468112E-01, 7.894132E-02
1.64315E-09, 9.464286E-01, 7.909439E-02
1.65878E-09, 9.460459E-01, 7.924745E-02
1.67440E-09, 9.459184E-01, 7.941326E-02
1.69003E-09, 9.461735E-01, 7.957909E-02
1.70565E-09, 9.466836E-01, 7.973214E-02
1.72128E-09, 9.471939E-01, 7.987245E-02
1.73690E-09, 9.480867E-01, 7.998724E-02
1.75253E-09, 9.491072E-01, 8.008929E-02
1.76815E-09, 9.503826E-01, 8.017857E-02
1.78378E-09, 9.515306E-01, 8.021684E-02
1.79940E-09, 9.528061E-01, 8.022960E-02
1.81503E-09, 9.542092E-01, 8.022960E-02
1.83065E-09, 9.557398E-01, 8.020408E-02
1.84628E-09, 9.568878E-01, 8.014031E-02
1.86190E-09, 9.581633E-01, 8.005102E-02
1.87753E-09, 9.593112E-01, 7.994898E-02
1.89315E-09, 9.603316E-01, 7.982143E-02
1.90878E-09, 9.609694E-01, 7.965561E-02
1.92440E-09, 9.614796E-01, 7.948980E-02
1.94003E-09, 9.617347E-01, 7.929847E-02
1.95565E-09, 9.618623E-01, 7.910714E-02
1.97128E-09, 9.616072E-01, 7.889031E-02
1.98690E-09, 9.612245E-01, 7.868622E-02
2.00253E-09, 9.604592E-01, 7.850765E-02
2.01815E-09, 9.596938E-01, 7.834183E-02
2.03378E-09, 9.585459E-01, 7.817602E-02
2.04940E-09, 9.572704E-01, 7.804847E-02
2.06503E-09, 9.561225E-01, 7.794643E-02
2.08065E-09, 9.549745E-01, 7.788265E-02
2.09628E-09, 9.538265E-01, 7.784439E-02
2.11190E-09, 9.528061E-01, 7.785714E-02
2.12753E-09, 9.519132E-01, 7.790817E-02
2.14315E-09, 9.512755E-01, 7.803571E-02
2.15878E-09, 9.505102E-01, 7.818878E-02
2.17440E-09, 9.500000E-01, 7.841837E-02
2.19003E-09, 9.496173E-01, 7.867347E-02
2.20565E-09, 9.494898E-01, 7.899234E-02
2.22128E-09, 9.494898E-01, 7.931122E-02
2.23690E-09, 9.498724E-01, 7.965561E-02
2.25253E-09, 9.505102E-01, 8.002551E-02
2.26815E-09, 9.515306E-01, 8.040816E-02
2.28378E-09, 9.525510E-01, 8.077806E-02
2.29940E-09, 9.538265E-01, 8.116072E-02
2.31503E-09, 9.551020E-01, 8.154336E-02
2.33065E-09, 9.566327E-01, 8.191326E-02
2.34628E-09, 9.579082E-01, 8.225765E-02
2.36190E-09, 9.594388E-01, 8.255102E-02
2.37753E-09, 9.608418E-01, 8.281888E-02
2.39315E-09, 9.625000E-01, 8.302296E-02
2.40878E-09, 9.639031E-01, 8.316327E-02
2.42440E-09, 9.655612E-01, 8.323979E-02
2.44003E-09, 9.670919E-01, 8.327806E-02
2.45565E-09, 9.687500E-01, 8.326530E-02
2.47128E-09, 9.700255E-01, 8.318877E-02
2.48690E-09, 9.711735E-01, 8.308674E-02
2.50253E-09, 9.721939E-01, 8.294643E-02
2.51815E-09, 9.730867E-01, 8.279337E-02
2.53378E-09, 9.734694E-01, 8.257653E-02
2.54940E-09, 9.739796E-01, 8.233418E-02
2.56503E-09, 9.743623E-01, 8.206633E-02
2.58065E-09, 9.748725E-01, 8.179847E-02
2.59628E-09, 9.751276E-01, 8.149235E-02
2.61190E-09, 9.756377E-01, 8.121174E-02
2.62753E-09, 9.762755E-01, 8.095663E-02
2.64315E-09, 9.770408E-01, 8.072704E-02
2.65878E-09, 9.775510E-01, 8.052296E-02
2.67440E-09, 9.780612E-01, 8.038265E-02
2.69003E-09, 9.785714E-01, 8.029336E-02
2.70565E-09, 9.792092E-01, 8.026785E-02
2.72128E-09, 9.794643E-01, 8.026785E-02
2.73690E-09, 9.799745E-01, 8.030612E-02
2.75253E-09, 9.804847E-01, 8.039541E-02
2.76815E-09, 9.812500E-01, 8.052296E-02
2.78378E-09, 9.818878E-01, 8.067602E-02
2.79940E-09, 9.826531E-01, 8.085459E-02
2.81503E-09, 9.835459E-01, 8.107143E-02
2.83065E-09, 9.844388E-01, 8.131377E-02
2.84628E-09, 9.852041E-01, 8.156887E-02
2.86190E-09, 9.858418E-01, 8.183674E-02
2.87753E-09, 9.866071E-01, 8.211735E-02
2.89315E-09, 9.872449E-01, 8.238520E-02
2.90878E-09, 9.876276E-01, 8.262755E-02
2.92440E-09, 9.881378E-01, 8.285714E-02
2.94003E-09, 9.883928E-01, 8.304847E-02
2.95565E-09, 9.886479E-01, 8.321428E-02
2.97128E-09, 9.885204E-01, 8.332908E-02
2.98690E-09, 9.883928E-01, 8.341837E-02
3.00253E-09, 9.881378E-01, 8.345664E-02
3.01815E-09, 9.880102E-01, 8.346939E-02
3.03378E-09, 9.876276E-01, 8.341837E-02
3.04940E-09, 9.875000E-01, 8.332908E-02
3.06503E-09, 9.873725E-01, 8.321428E-02
3.08065E-09, 9.875000E-01, 8.308674E-02
3.09628E-09, 9.873725E-01, 8.293367E-02
3.11190E-09, 9.873725E-01, 8.278061E-02
3.12753E-09, 9.873725E-01, 8.264031E-02
3.14315E-09, 9.875000E-01, 8.252551E-02
3.15878E-09, 9.875000E-01, 8.239796E-02
3.17440E-09, 9.877551E-01, 8.229592E-02
3.19003E-09, 9.880102E-01, 8.220663E-02
3.20565E-09, 9.886479E-01, 8.215562E-02
3.22128E-09, 9.891582E-01, 8.211735E-02
3.23690E-09, 9.897959E-01, 8.211735E-02
3.25253E-09, 9.905612E-01, 8.216837E-02
3.26815E-09, 9.913265E-01, 8.225765E-02
3.28378E-09, 9.918367E-01, 8.237245E-02
3.29940E-09, 9.924745E-01, 8.252551E-02
3.31503E-09, 9.931123E-01, 8.270408E-02
3.33065E-09, 9.940051E-01, 8.289541E-02
3.34628E-09, 9.945153E-01, 8.308674E-02
3.36190E-09, 9.952806E-01, 8.329082E-02
3.37753E-09, 9.959184E-01, 8.348215E-02
3.39315E-09, 9.965561E-01, 8.368623E-02
3.40878E-09, 9.968112E-01, 8.386479E-02
3.42440E-09, 9.970663E-01, 8.403061E-02
3.44003E-09, 9.970663E-01, 8.417092E-02
3.45565E-09, 9.970663E-01, 8.428571E-02
3.47128E-09, 9.968112E-01, 8.433674E-02
3.48690E-09, 9.965561E-01, 8.433674E-02
3.50253E-09, 9.963010E-01, 8.429847E-02
3.51815E-09, 9.961734E-01, 8.420918E-02
3.53378E-09, 9.957908E-01, 8.405612E-02
3.54940E-09, 9.955357E-01, 8.389030E-02
3.56503E-09, 9.950255E-01, 8.368623E-02
3.58065E-09, 9.946429E-01, 8.348215E-02
3.59628E-09, 9.938775E-01, 8.323979E-02
3.61190E-09, 9.929847E-01, 8.298469E-02
3.62753E-09, 9.922194E-01, 8.271684E-02
3.64315E-09, 9.915816E-01, 8.243623E-02
3.65878E-09, 9.906888E-01, 8.214286E-02
3.67440E-09, 9.901786E-01, 8.187500E-02
3.69003E-09, 9.897959E-01, 8.161990E-02
3.70565E-09, 9.896684E-01, 8.140306E-02
3.72128E-09, 9.892857E-01, 8.121174E-02
3.73690E-09, 9.890306E-01, 8.108418E-02
3.75253E-09, 9.887755E-01, 8.100765E-02
3.76815E-09, 9.887755E-01, 8.100765E-02
3.78378E-09, 9.883928E-01, 8.102041E-02
3.79940E-09, 9.882653E-01, 8.108418E-02
3.81503E-09, 9.882653E-01, 8.119898E-02
3.83065E-09, 9.883928E-01, 8.136480E-02
3.84628E-09, 9.883928E-01, 8.153062E-02
3.86190E-09, 9.885204E-01, 8.174745E-02
3.87753E-09, 9.886479E-01, 8.200255E-02
3.89315E-09, 9.887755E-01, 8.227041E-02
3.90878E-09, 9.886479E-01, 8.253826E-02
3.92440E-09, 9.886479E-01, 8.280613E-02
3.94003E-09, 9.886479E-01, 8.307398E-02
3.95565E-09, 9.887755E-01, 8.332908E-02
3.97128E-09, 9.887755E-01, 8.354592E-02
3.98690E-09, 9.889030E-01, 8.373725E-02
4.00253E-09, 9.891582E-01, 8.391581E-02
4.01815E-09, 9.894133E-01, 8.406888E-02
4.03378E-09, 9.895408E-01, 8.417092E-02
4.04940E-09, 9.899235E-01, 8.427296E-02
4.06503E-09, 9.901786E-01, 8.433674E-02
4.08065E-09, 9.908164E-01, 8.438776E-02
4.09628E-09, 9.911990E-01, 8.438776E-02
4.11190E-09, 9.918367E-01, 8.437500E-02
4.12753E-09, 9.926021E-01, 8.434949E-02
4.14315E-09, 9.934949E-01, 8.431122E-02
4.15878E-09, 9.943877E-01, 8.427296E-02
4.17440E-09, 9.954082E-01, 8.423469E-02
4.19003E-09, 9.965561E-01, 8.422194E-02
4.20565E-09, 9.979592E-01, 8.422194E-02
4.22128E-09, 9.991071E-01, 8.423469E-02
4.23690E-09, 1.0005102E+00, 8.427296E-02
4.25253E-09, 1.0020409E+00, 8.433674E-02
4.26815E-09, 1.0035714E+00, 8.445153E-02
4.28378E-09, 1.0048469E+00, 8.456632E-02
4.29940E-09, 1.0062500E+00, 8.470663E-02
4.31503E-09, 1.0073980E+00, 8.488520E-02
4.33065E-09, 1.0084183E+00, 8.508929E-02
4.34628E-09, 1.0091836E+00, 8.529337E-02
4.36190E-09, 1.0098214E+00, 8.551020E-02
4.37753E-09, 1.0102041E+00, 8.573980E-02
4.39315E-09, 1.0105867E+00, 8.596939E-02
4.40878E-09, 1.0104592E+00, 8.617347E-02
4.42440E-09, 1.0102041E+00, 8.637755E-02
4.44003E-09, 1.0098214E+00, 8.656888E-02
4.45565E-09, 1.0094388E+00, 8.673470E-02
4.47128E-09, 1.0085459E+00, 8.686224E-02
4.48690E-09, 1.0076531E+00, 8.697704E-02
4.50253E-09, 1.0067602E+00, 8.706633E-02
4.51815E-09, 1.0058674E+00, 8.713010E-02
4.53378E-09, 1.0045918E+00, 8.714285E-02
4.54940E-09, 1.0033163E+00, 8.714285E-02
4.56503E-09, 1.0021684E+00, 8.713010E-02
4.58065E-09, 1.0010204E+00, 8.709183E-02
4.59628E-09, 9.998724E-01, 8.701531E-02
4.61190E-09, 9.988520E-01, 8.692602E-02
4.62753E-09, 9.980868E-01, 8.683673E-02
4.64315E-09, 9.977041E-01, 8.674745E-02
4.65878E-09, 9.974490E-01, 8.663265E-02
4.67440E-09, 9.974490E-01, 8.653061E-02
4.69003E-09, 9.975765E-01, 8.645408E-02
4.70565E-09, 9.982143E-01, 8.639031E-02
4.72128E-09, 9.987245E-01, 8.632653E-02
4.73690E-09, 9.994898E-01, 8.630102E-02
4.75253E-09, 1.0003827E+00, 8.628827E-02
4.76815E-09, 1.0016582E+00, 8.628827E-02
4.78378E-09, 1.0028061E+00, 8.628827E-02
4.79940E-09, 1.0042092E+00, 8.631378E-02
4.81503E-09, 1.0056123E+00, 8.635204E-02
4.83065E-09, 1.0070153E+00, 8.640306E-02
4.84628E-09, 1.0080357E+00, 8.645408E-02
4.86190E-09, 1.0090561E+00, 8.651786E-02
4.87753E-09, 1.0096939E+00, 8.658163E-02
4.89315E-09, 1.0102041E+00, 8.665816E-02
4.90878E-09, 1.0102041E+00, 8.669643E-02
4.92440E-09, 1.0102041E+00, 8.672194E-02
4.94003E-09, 1.0100765E+00, 8.672194E-02
4.95565E-09, 1.0098214E+00, 8.670919E-02
4.97128E-09, 1.0093112E+00, 8.667092E-02
4.98690E-09, 1.0086734E+00, 8.661990E-02
5.00253E-09, 1.0079081E+00, 8.656888E-02
5.01815E-09, 1.0070153E+00, 8.651786E-02
5.03378E-09, 1.0057398E+00, 8.645408E-02
5.04940E-09, 1.0043367E+00, 8.640306E-02
5.06503E-09, 1.0029336E+00, 8.633929E-02
5.08065E-09, 1.0017858E+00, 8.628827E-02
5.09628E-09, 1.0002551E+00, 8.622449E-02
5.11190E-09, 9.991071E-01, 8.616071E-02
5.12753E-09, 9.980868E-01, 8.610969E-02
5.14315E-09, 9.971939E-01, 8.608419E-02
5.15878E-09, 9.963010E-01, 8.605868E-02
5.17440E-09, 9.955357E-01, 8.605868E-02
5.19003E-09, 9.948980E-01, 8.608419E-02
5.20565E-09, 9.945153E-01, 8.614796E-02
5.22128E-09, 9.938775E-01, 8.619898E-02
5.23690E-09, 9.936224E-01, 8.626276E-02
5.25253E-09, 9.934949E-01, 8.633929E-02
5.26815E-09, 9.938775E-01, 8.641582E-02
5.28378E-09, 9.941326E-01, 8.647959E-02
5.29940E-09, 9.947704E-01, 8.655612E-02
5.31503E-09, 9.955357E-01, 8.663265E-02
5.33065E-09, 9.964285E-01, 8.673470E-02
5.34628E-09, 9.969388E-01, 8.681122E-02
5.36190E-09, 9.975765E-01, 8.690051E-02
5.37753E-09, 9.979592E-01, 8.696429E-02
5.39315E-09, 9.984694E-01, 8.702806E-02
5.40878E-09, 9.985970E-01, 8.702806E-02
5.42440E-09, 9.988520E-01, 8.701531E-02
5.44003E-09, 9.991071E-01, 8.696429E-02
5.45565E-09, 9.994898E-01, 8.690051E-02
5.47128E-09, 9.997449E-01, 8.679847E-02
5.48690E-09, 1.0000000E+00, 8.669643E-02
5.50253E-09, 1.0002551E+00, 8.658163E-02
5.51815E-09, 1.0003827E+00, 8.649234E-02
5.53378E-09, 1.0002551E+00, 8.637755E-02
5.54940E-09, 1.0000000E+00, 8.626276E-02
5.56503E-09, 9.998724E-01, 8.613520E-02
5.58065E-09, 9.997449E-01, 8.602041E-02
5.59628E-09, 9.994898E-01, 8.588010E-02
5.61190E-09, 9.994898E-01, 8.575255E-02
5.62753E-09, 9.996173E-01, 8.563776E-02
5.64315E-09, 1.0000000E+00, 8.556122E-02
5.65878E-09, 1.0001276E+00, 8.548469E-02
5.67440E-09, 1.0005102E+00, 8.545918E-02
5.69003E-09, 1.0008929E+00, 8.545918E-02
5.70565E-09, 1.0014031E+00, 8.549745E-02
5.72128E-09, 1.0016582E+00, 8.553571E-02
5.73690E-09, 1.0021684E+00, 8.561224E-02
5.75253E-09, 1.0028061E+00, 8.568878E-02
5.76815E-09, 1.0035714E+00, 8.580357E-02
5.78378E-09, 1.0042092E+00, 8.590561E-02
5.79940E-09, 1.0049745E+00, 8.602041E-02
5.81503E-09, 1.0058674E+00, 8.616071E-02
5.83065E-09, 1.0068878E+00, 8.633929E-02
5.84628E-09, 1.0076531E+00, 8.649234E-02
5.86190E-09, 1.0084183E+00, 8.667092E-02
5.87753E-09, 1.0091836E+00, 8.683673E-02
5.89315E-09, 1.0099490E+00, 8.701531E-02
5.90878E-09, 1.0105867E+00, 8.715561E-02
5.92440E-09, 1.0112245E+00, 8.729592E-02
5.94003E-09, 1.0119898E+00, 8.741071E-02
5.95565E-09, 1.0130103E+00, 8.751275E-02
5.97128E-09, 1.0136479E+00, 8.758929E-02
5.98690E-09, 1.0144132E+00, 8.766582E-02
6.00253E-09, 1.0151786E+00, 8.771684E-02
6.01815E-09, 1.0159439E+00, 8.778061E-02
6.03378E-09, 1.0163265E+00, 8.780612E-02
6.04940E-09, 1.0165817E+00, 8.781888E-02
6.06503E-09, 1.0168368E+00, 8.781888E-02
6.08065E-09, 1.0170919E+00, 8.780612E-02
6.09628E-09, 1.0170919E+00, 8.775510E-02
6.11190E-09, 1.0173470E+00, 8.769133E-02
6.12753E-09, 1.0173470E+00, 8.762755E-02
6.14315E-09, 1.0174745E+00, 8.756378E-02
6.15878E-09, 1.0172194E+00, 8.747449E-02
6.17440E-09, 1.0167092E+00, 8.741071E-02
6.19003E-09, 1.0160714E+00, 8.734694E-02
6.20565E-09, 1.0150510E+00, 8.730868E-02
6.22128E-09, 1.0136479E+00, 8.725765E-02
6.23690E-09, 1.0121174E+00, 8.719388E-02
6.25253E-09, 1.0104592E+00, 8.713010E-02
6.26815E-09, 1.0090561E+00, 8.707908E-02
6.28378E-09, 1.0072705E+00, 8.698980E-02
6.29940E-09, 1.0056123E+00, 8.692602E-02
6.31503E-09, 1.0039541E+00, 8.687500E-02
6.33065E-09, 1.0024235E+00, 8.684949E-02
6.34628E-09, 1.0006378E+00, 8.683673E-02
6.36190E-09, 9.989796E-01, 8.684949E-02
6.37753E-09, 9.971939E-01, 8.687500E-02
6.39315E-09, 9.957908E-01, 8.692602E-02
6.40878E-09, 9.942602E-01, 8.696429E-02
6.42440E-09, 9.931123E-01, 8.702806E-02
6.44003E-09, 9.922194E-01, 8.709183E-02
6.45565E-09, 9.915816E-01, 8.718112E-02
6.47128E-09, 9.910714E-01, 8.725765E-02
6.48690E-09, 9.906888E-01, 8.737245E-02
6.50253E-09, 9.905612E-01, 8.748724E-02
6.51815E-09, 9.906888E-01, 8.761480E-02
6.53378E-09, 9.908164E-01, 8.772959E-02
6.54940E-09, 9.911990E-01, 8.784439E-02
6.56503E-09, 9.918367E-01, 8.794643E-02
6.58065E-09, 9.928572E-01, 8.804847E-02
6.59628E-09, 9.936224E-01, 8.812500E-02
6.61190E-09, 9.946429E-01, 8.820153E-02
6.62753E-09, 9.956633E-01, 8.827806E-02
6.64315E-09, 9.966837E-01, 8.835460E-02
6.65878E-09, 9.971939E-01, 8.839285E-02
6.67440E-09, 9.978316E-01, 8.843112E-02
6.69003E-09, 9.982143E-01, 8.843112E-02
6.70565E-09, 9.987245E-01, 8.843112E-02
6.72128E-09, 9.988520E-01, 8.836735E-02
6.73690E-09, 9.992347E-01, 8.830357E-02
6.75253E-09, 9.994898E-01, 8.820153E-02
6.76815E-09, 9.998724E-01, 8.811224E-02
6.78378E-09, 1.0000000E+00, 8.799745E-02
6.79940E-09, 1.0000000E+00, 8.789541E-02
6.81503E-09, 1.0000000E+00, 8.779337E-02
6.83065E-09, 1.0001276E+00, 8.770408E-02
6.84628E-09, 9.998724E-01, 8.760204E-02
6.86190E-09, 9.998724E-01, 8.751275E-02
6.87753E-09, 1.0000000E+00, 8.742347E-02
6.89315E-09, 1.0002551E+00, 8.735970E-02
6.90878E-09, 1.0005102E+00, 8.728316E-02
6.92440E-09, 1.0010204E+00, 8.724490E-02
6.94003E-09, 1.0016582E+00, 8.721939E-02
6.95565E-09, 1.0025511E+00, 8.723214E-02
6.97128E-09, 1.0033163E+00, 8.725765E-02
6.98690E-09, 1.0043367E+00, 8.732143E-02
7.00253E-09, 1.0053571E+00, 8.742347E-02
7.01815E-09, 1.0066327E+00, 8.755102E-02
7.03378E-09, 1.0076531E+00, 8.766582E-02
7.04940E-09, 1.0089285E+00, 8.781888E-02
7.06503E-09, 1.0099490E+00, 8.799745E-02
7.08065E-09, 1.0110970E+00, 8.817602E-02
7.09628E-09, 1.0116072E+00, 8.835460E-02
7.11190E-09, 1.0121174E+00, 8.854592E-02
7.12753E-09, 1.0125000E+00, 8.872449E-02
7.14315E-09, 1.0126276E+00, 8.890306E-02
7.15878E-09, 1.0122449E+00, 8.903061E-02
7.17440E-09, 1.0118623E+00, 8.914541E-02
7.19003E-09, 1.0110970E+00, 8.923469E-02
7.20565E-09, 1.0103316E+00, 8.931123E-02
7.22128E-09, 1.0090561E+00, 8.933674E-02
7.23690E-09, 1.0075256E+00, 8.933674E-02
7.25253E-09, 1.0058674E+00, 8.931123E-02
7.26815E-09, 1.0039541E+00, 8.927296E-02
7.28378E-09, 1.0017858E+00, 8.918367E-02
7.29940E-09, 9.996173E-01, 8.905612E-02
7.31503E-09, 9.975765E-01, 8.890306E-02
7.33065E-09, 9.959184E-01, 8.873724E-02
7.34628E-09, 9.941326E-01, 8.852041E-02
7.36190E-09, 9.928572E-01, 8.830357E-02
7.37753E-09, 9.917092E-01, 8.808673E-02
7.39315E-09, 9.910714E-01, 8.788265E-02
7.40878E-09, 9.903061E-01, 8.769133E-02
7.42440E-09, 9.899235E-01, 8.752551E-02
7.44003E-09, 9.897959E-01, 8.737245E-02
7.45565E-09, 9.901786E-01, 8.725765E-02
7.47128E-09, 9.906888E-01, 8.714285E-02
7.48690E-09, 9.915816E-01, 8.705357E-02
7.50253E-09, 9.929847E-01, 8.698980E-02
7.51815E-09, 9.947704E-01, 8.696429E-02
7.53378E-09, 9.965561E-01, 8.695153E-02
7.54940E-09, 9.985970E-01, 8.698980E-02
7.56503E-09, 1.0007653E+00, 8.706633E-02
7.58065E-09, 1.0029336E+00, 8.719388E-02
7.59628E-09, 1.0048469E+00, 8.732143E-02
7.61190E-09, 1.0066327E+00, 8.747449E-02
7.62753E-09, 1.0082908E+00, 8.764031E-02
7.64315E-09, 1.0098214E+00, 8.781888E-02
7.65878E-09, 1.0107143E+00, 8.795919E-02
7.67440E-09, 1.0116072E+00, 8.811224E-02
7.69003E-09, 1.0122449E+00, 8.823980E-02
7.70565E-09, 1.0127552E+00, 8.835460E-02
7.72128E-09, 1.0127552E+00, 8.844388E-02
7.73690E-09, 1.0126276E+00, 8.852041E-02
7.75253E-09, 1.0123725E+00, 8.858418E-02
7.76815E-09, 1.0119898E+00, 8.862245E-02
7.78378E-09, 1.0112245E+00, 8.863521E-02
7.79940E-09, 1.0103316E+00, 8.862245E-02
7.81503E-09, 1.0094388E+00, 8.860970E-02
7.83065E-09, 1.0084183E+00, 8.857143E-02
7.84628E-09, 1.0071429E+00, 8.850765E-02
7.86190E-09, 1.0061225E+00, 8.844388E-02
7.87753E-09, 1.0051020E+00, 8.838010E-02
7.89315E-09, 1.0044643E+00, 8.830357E-02
7.90878E-09, 1.0036989E+00, 8.821429E-02
7.92440E-09, 1.0033163E+00, 8.813775E-02
7.94003E-09, 1.0033163E+00, 8.807398E-02
7.95565E-09, 1.0036989E+00, 8.803572E-02
7.97128E-09, 1.0039541E+00, 8.801021E-02
7.98690E-09, 1.0045918E+00, 8.803572E-02
8.00253E-09, 1.0054847E+00, 8.807398E-02
8.01815E-09, 1.0066327E+00, 8.817602E-02
8.03378E-09, 1.0076531E+00, 8.827806E-02
8.04940E-09, 1.0089285E+00, 8.843112E-02
8.06503E-09, 1.0103316E+00, 8.859694E-02
8.08065E-09, 1.0117347E+00, 8.880102E-02
8.09628E-09, 1.0130103E+00, 8.900511E-02
8.11190E-09, 1.0141581E+00, 8.923469E-02
8.12753E-09, 1.0153061E+00, 8.947704E-02
8.14315E-09, 1.0163265E+00, 8.973214E-02
8.15878E-09, 1.0170919E+00, 8.996174E-02
8.17440E-09, 1.0176021E+00, 9.019133E-02
8.19003E-09, 1.0179847E+00, 9.039541E-02
8.20565E-09, 1.0183673E+00, 9.059949E-02
8.22128E-09, 1.0182397E+00, 9.075255E-02
8.23690E-09, 1.0179847E+00, 9.088010E-02
8.25253E-09, 1.0174745E+00, 9.098215E-02
8.26815E-09, 1.0169643E+00, 9.105867E-02
8.28378E-09, 1.0159439E+00, 9.107143E-02
8.29940E-09, 1.0149235E+00, 9.105867E-02
8.31503E-09, 1.0137755E+00, 9.100765E-02
8.33065E-09, 1.0128827E+00, 9.091837E-02
8.34628E-09, 1.0117347E+00, 9.079082E-02
8.36190E-09, 1.0109694E+00, 9.062500E-02
8.37753E-09, 1.0102041E+00, 9.045918E-02
8.39315E-09, 1.0096939E+00, 9.029337E-02
8.40878E-09, 1.0090561E+00, 9.010204E-02
8.42440E-09, 1.0085459E+00, 8.993623E-02
8.44003E-09, 1.0082908E+00, 8.977041E-02
8.45565E-09, 1.0081632E+00, 8.964286E-02
8.47128E-09, 1.0079081E+00, 8.951531E-02
8.48690E-09, 1.0080357E+00, 8.940051E-02
8.50253E-09, 1.0081632E+00, 8.931123E-02
8.51815E-09, 1.0086734E+00, 8.926021E-02
8.53378E-09, 1.0090561E+00, 8.920918E-02
8.54940E-09, 1.0095663E+00, 8.919643E-02
8.56503E-09, 1.0100765E+00, 8.922194E-02
8.58065E-09, 1.0108418E+00, 8.928572E-02
8.59628E-09, 1.0113521E+00, 8.936224E-02
8.61190E-09, 1.0119898E+00, 8.946428E-02
8.62753E-09, 1.0127552E+00, 8.957908E-02
8.64315E-09, 1.0135204E+00, 8.971938E-02
8.65878E-09, 1.0140306E+00, 8.984694E-02
8.67440E-09, 1.0145408E+00, 8.998725E-02
8.69003E-09, 1.0150510E+00, 9.011479E-02
8.70565E-09, 1.0155612E+00, 9.025510E-02
8.72128E-09, 1.0156888E+00, 9.034438E-02
8.73690E-09, 1.0159439E+00, 9.042092E-02
8.75253E-09, 1.0161990E+00, 9.047194E-02
8.76815E-09, 1.0165817E+00, 9.051020E-02
8.78378E-09, 1.0167092E+00, 9.049745E-02
8.79940E-09, 1.0169643E+00, 9.045918E-02
8.81503E-09, 1.0170919E+00, 9.040816E-02
8.83065E-09, 1.0170919E+00, 9.034438E-02
8.84628E-09, 1.0168368E+00, 9.025510E-02
8.86190E-09, 1.0164541E+00, 9.014031E-02
8.87753E-09, 1.0160714E+00, 9.002551E-02
8.89315E-09, 1.0158163E+00, 8.988521E-02
8.90878E-09, 1.0153061E+00, 8.971938E-02
8.92440E-09, 1.0150510E+00, 8.956633E-02
8.94003E-09, 1.0149235E+00, 8.940051E-02
8.95565E-09, 1.0149235E+00, 8.928572E-02
8.97128E-09, 1.0146683E+00, 8.915816E-02
8.98690E-09, 1.0144132E+00, 8.909439E-02
9.00253E-09, 1.0139030E+00, 8.906887E-02
9.01815E-09, 1.0135204E+00, 8.909439E-02
9.03378E-09, 1.0126276E+00, 8.913265E-02
9.04940E-09, 1.0117347E+00, 8.919643E-02
9.06503E-09, 1.0109694E+00, 8.928572E-02
9.08065E-09, 1.0102041E+00, 8.940051E-02
9.09628E-09, 1.0093112E+00, 8.951531E-02
9.11190E-09, 1.0085459E+00, 8.964286E-02
9.12753E-09, 1.0077807E+00, 8.979592E-02
9.14315E-09, 1.0070153E+00, 8.997449E-02
9.15878E-09, 1.0061225E+00, 9.012755E-02
9.17440E-09, 1.0053571E+00, 9.029337E-02
9.19003E-09, 1.0045918E+00, 9.044643E-02
9.20565E-09, 1.0039541E+00, 9.058674E-02
9.22128E-09, 1.0033163E+00, 9.068877E-02
9.23690E-09, 1.0030612E+00, 9.076530E-02
9.25253E-09, 1.0028061E+00, 9.080357E-02
9.26815E-09, 1.0030612E+00, 9.084184E-02
9.28378E-09, 1.0033163E+00, 9.081633E-02
9.29940E-09, 1.0038265E+00, 9.079082E-02
9.31503E-09, 1.0045918E+00, 9.072704E-02
9.33065E-09, 1.0057398E+00, 9.066326E-02
9.34628E-09, 1.0068878E+00, 9.054847E-02
9.36190E-09, 1.0081632E+00, 9.044643E-02
9.37753E-09, 1.0096939E+00, 9.033164E-02
9.39315E-09, 1.0113521E+00, 9.022959E-02
9.40878E-09, 1.0126276E+00, 9.011479E-02
9.42440E-09, 1.0141581E+00, 9.001275E-02
9.44003E-09, 1.0154337E+00, 8.993623E-02
9.45565E-09, 1.0169643E+00, 8.987245E-02
9.47128E-09, 1.0181123E+00, 8.980867E-02
9.48690E-09, 1.0195153E+00, 8.978316E-02
9.50253E-09, 1.0207908E+00, 8.977041E-02
9.51815E-09, 1.0221939E+00, 8.979592E-02
9.53378E-09, 1.0232143E+00, 8.983418E-02
9.54940E-09, 1.0241071E+00, 8.993623E-02
9.56503E-09, 1.0246173E+00, 9.006377E-02
9.58065E-09, 1.0250000E+00, 9.022959E-02
9.59628E-09, 1.0246173E+00, 9.039541E-02
9.61190E-09, 1.0242347E+00, 9.058674E-02
9.62753E-09, 1.0234693E+00, 9.077806E-02
9.64315E-09, 1.0225766E+00, 9.096939E-02
9.65878E-09, 1.0214286E+00, 9.112245E-02
9.67440E-09, 1.0201530E+00, 9.126276E-02
9.69003E-09, 1.0188775E+00, 9.137755E-02
9.70565E-09, 1.0176021E+00, 9.147959E-02
9.72128E-09, 1.0159439E+00, 9.151786E-02
9.73690E-09, 1.0145408E+00, 9.155612E-02
9.75253E-09, 1.0131377E+00, 9.155612E-02
9.76815E-09, 1.0118623E+00, 9.153061E-02
9.78378E-09, 1.0104592E+00, 9.145408E-02
9.79940E-09, 1.0091836E+00, 9.137755E-02
9.81503E-09, 1.0081632E+00, 9.126276E-02
9.83065E-09, 1.0072705E+00, 9.114796E-02
9.84628E-09, 1.0062500E+00, 9.098215E-02
9.86190E-09, 1.0056123E+00, 9.082908E-02
9.87753E-09, 1.0052296E+00, 9.065051E-02
9.89315E-09, 1.0051020E+00, 9.048469E-02
9.90878E-09, 1.0052296E+00, 9.028061E-02
9.92440E-09, 1.0056123E+00, 9.010204E-02
9.94003E-09, 1.0065051E+00, 8.994898E-02
9.95565E-09, 1.0076531E+00, 8.982143E-02
9.97128E-09, 1.0089285E+00, 8.970663E-02
9.98690E-09, 1.0103316E+00, 8.963010E-02
1.000253E-08, 1.0118623E+00, 8.960459E-02
1.001815E-08, 1.0133928E+00, 8.961735E-02
1.003378E-08, 1.0147959E+00, 8.963010E-02
1.004940E-08, 1.0163265E+00, 8.968112E-02
1.006503E-08, 1.0177296E+00, 8.974490E-02
1.008065E-08, 1.0192602E+00, 8.982143E-02
1.009628E-08, 1.0204082E+00, 8.987245E-02
1.011190E-08, 1.0216837E+00, 8.993623E-02
1.012753E-08, 1.0229592E+00, 9.000000E-02
1.014315E-08, 1.0241071E+00, 9.006377E-02
1.015878E-08, 1.0248724E+00, 9.010204E-02
1.017440E-08, 1.0257653E+00, 9.012755E-02
1.019003E-08, 1.0264031E+00, 9.014031E-02
1.020565E-08, 1.0269133E+00, 9.015306E-02
1.022128E-08, 1.0270408E+00, 9.011479E-02
1.023690E-08, 1.0271684E+00, 9.006377E-02
1.025253E-08, 1.0270408E+00, 8.998725E-02
1.026815E-08, 1.0267857E+00, 8.991072E-02
1.028378E-08, 1.0260204E+00, 8.980867E-02
1.029940E-08, 1.0251275E+00, 8.969387E-02
1.031503E-08, 1.0241071E+00, 8.956633E-02
1.033065E-08, 1.0230868E+00, 8.945153E-02
1.034628E-08, 1.0215561E+00, 8.931123E-02
1.036190E-08, 1.0201530E+00, 8.918367E-02
1.037753E-08, 1.0187500E+00, 8.908163E-02
1.039315E-08, 1.0173470E+00, 8.899235E-02
1.040878E-08, 1.0158163E+00, 8.891582E-02
1.042440E-08, 1.0144132E+00, 8.887755E-02
1.044003E-08, 1.0131377E+00, 8.889031E-02
1.045565E-08, 1.0119898E+00, 8.894133E-02
1.047128E-08, 1.0105867E+00, 8.903061E-02
1.048690E-08, 1.0093112E+00, 8.917092E-02
1.050253E-08, 1.0080357E+00, 8.934949E-02
1.051815E-08, 1.0068878E+00, 8.957908E-02
1.053378E-08, 1.0053571E+00, 8.980867E-02
1.054940E-08, 1.0039541E+00, 9.007653E-02
1.056503E-08, 1.0026785E+00, 9.033164E-02
1.058065E-08, 1.0016582E+00, 9.061225E-02
1.059628E-08, 1.0006378E+00, 9.085459E-02
1.061190E-08, 9.998724E-01, 9.108418E-02
1.062753E-08, 9.994898E-01, 9.130102E-02
1.064315E-08, 9.996173E-01, 9.151786E-02
1.065878E-08, 9.994898E-01, 9.169643E-02
1.067440E-08, 9.997449E-01, 9.186225E-02
1.069003E-08, 1.0001276E+00, 9.201530E-02
1.070565E-08, 1.0007653E+00, 9.215561E-02
1.072128E-08, 1.0012755E+00, 9.224490E-02
1.073690E-08, 1.0020409E+00, 9.230867E-02
1.075253E-08, 1.0029336E+00, 9.233418E-02
1.076815E-08, 1.0040816E+00, 9.232143E-02
1.078378E-08, 1.0052296E+00, 9.225766E-02
1.079940E-08, 1.0067602E+00, 9.216837E-02
1.081503E-08, 1.0082908E+00, 9.206633E-02
1.083065E-08, 1.0100765E+00, 9.196428E-02
1.084628E-08, 1.0116072E+00, 9.183674E-02
1.086190E-08, 1.0131377E+00, 9.173469E-02
1.087753E-08, 1.0146683E+00, 9.161990E-02
1.089315E-08, 1.0160714E+00, 9.153061E-02
1.090878E-08, 1.0172194E+00, 9.141582E-02
1.092440E-08, 1.0182397E+00, 9.132653E-02
1.094003E-08, 1.0191326E+00, 9.123725E-02
1.095565E-08, 1.0198979E+00, 9.117347E-02
1.097128E-08, 1.0202806E+00, 9.109694E-02
1.098690E-08, 1.0204082E+00, 9.104592E-02
1.100253E-08, 1.0202806E+00, 9.100765E-02
1.101815E-08, 1.0200255E+00, 9.098215E-02
1.103378E-08, 1.0193877E+00, 9.094388E-02
1.104940E-08, 1.0186224E+00, 9.091837E-02
1.106503E-08, 1.0178572E+00, 9.088010E-02
1.108065E-08, 1.0169643E+00, 9.084184E-02
1.109628E-08, 1.0159439E+00, 9.077806E-02
1.111190E-08, 1.0150510E+00, 9.071428E-02
1.112753E-08, 1.0140306E+00, 9.065051E-02
1.114315E-08, 1.0131377E+00, 9.057398E-02
1.115878E-08, 1.0121174E+00, 9.047194E-02
1.117440E-08, 1.0110970E+00, 9.036990E-02
1.119003E-08, 1.0102041E+00, 9.025510E-02
1.120565E-08, 1.0095663E+00, 9.012755E-02
1.122128E-08, 1.0088010E+00, 8.996174E-02
1.123690E-08, 1.0084183E+00, 8.979592E-02
1.125253E-08, 1.0082908E+00, 8.960459E-02
1.126815E-08, 1.0086734E+00, 8.941326E-02
1.128378E-08, 1.0089285E+00, 8.919643E-02
1.129940E-08, 1.0095663E+00, 8.900511E-02
1.131503E-08, 1.0103316E+00, 8.881377E-02
1.133065E-08, 1.0112245E+00, 8.866072E-02
1.134628E-08, 1.0121174E+00, 8.849490E-02
1.136190E-08, 1.0130103E+00, 8.836735E-02
1.137753E-08, 1.0140306E+00, 8.826531E-02
1.139315E-08, 1.0150510E+00, 8.818877E-02
1.140878E-08, 1.0158163E+00, 8.811224E-02
1.142440E-08, 1.0167092E+00, 8.808673E-02
1.144003E-08, 1.0174745E+00, 8.807398E-02
1.145565E-08, 1.0181123E+00, 8.811224E-02
1.147128E-08, 1.0182397E+00, 8.815051E-02
1.148690E-08, 1.0182397E+00, 8.823980E-02
1.150253E-08, 1.0179847E+00, 8.835460E-02
1.151815E-08, 1.0176021E+00, 8.849490E-02
1.153378E-08, 1.0168368E+00, 8.863521E-02
1.154940E-08, 1.0159439E+00, 8.880102E-02
1.156503E-08, 1.0150510E+00, 8.897959E-02
1.158065E-08, 1.0140306E+00, 8.917092E-02
1.159628E-08, 1.0128827E+00, 8.936224E-02
1.161190E-08, 1.0116072E+00, 8.956633E-02
1.162753E-08, 1.0104592E+00, 8.978316E-02
1.164315E-08, 1.0093112E+00, 9.002551E-02
1.165878E-08, 1.0079081E+00, 9.024235E-02
1.167440E-08, 1.0067602E+00, 9.045918E-02
1.169003E-08, 1.0056123E+00, 9.067602E-02
1.170565E-08, 1.0048469E+00, 9.089286E-02
1.172128E-08, 1.0040816E+00, 9.105867E-02
1.173690E-08, 1.0035714E+00, 9.122449E-02
1.175253E-08, 1.0031887E+00, 9.136479E-02
1.176815E-08, 1.0033163E+00, 9.149235E-02
1.178378E-08, 1.0033163E+00, 9.156888E-02
1.179940E-08, 1.0038265E+00, 9.163266E-02
1.181503E-08, 1.0045918E+00, 9.167092E-02
1.183065E-08, 1.0058674E+00, 9.168367E-02
1.184628E-08, 1.0071429E+00, 9.165816E-02
1.186190E-08, 1.0088010E+00, 9.161990E-02
1.187753E-08, 1.0107143E+00, 9.156888E-02
1.189315E-08, 1.0128827E+00, 9.150510E-02
1.190878E-08, 1.0147959E+00, 9.141582E-02
1.192440E-08, 1.0168368E+00, 9.132653E-02
1.194003E-08, 1.0188775E+00, 9.122449E-02
1.195565E-08, 1.0209184E+00, 9.113520E-02
1.197128E-08, 1.0224490E+00, 9.099489E-02
1.198690E-08, 1.0241071E+00, 9.085459E-02
1.200253E-08, 1.0255102E+00, 9.071428E-02
1.201815E-08, 1.0270408E+00, 9.056123E-02
1.203378E-08, 1.0280613E+00, 9.039541E-02
1.204940E-08, 1.0290816E+00, 9.024235E-02
1.206503E-08, 1.0299745E+00, 9.010204E-02
1.208065E-08, 1.0307398E+00, 8.998725E-02
1.209628E-08, 1.0308673E+00, 8.987245E-02
1.211190E-08, 1.0309949E+00, 8.979592E-02
1.212753E-08, 1.0308673E+00, 8.973214E-02
1.214315E-08, 1.0304847E+00, 8.969387E-02
1.215878E-08, 1.0295918E+00, 8.965562E-02
1.217440E-08, 1.0288265E+00, 8.964286E-02
1.219003E-08, 1.0278062E+00, 8.964286E-02
1.220565E-08, 1.0269133E+00, 8.965562E-02
1.222128E-08, 1.0256377E+00, 8.966837E-02
1.223690E-08, 1.0246173E+00, 8.969387E-02
1.225253E-08, 1.0234693E+00, 8.974490E-02
1.226815E-08, 1.0224490E+00, 8.982143E-02
1.228378E-08, 1.0211735E+00, 8.989796E-02
1.229940E-08, 1.0200255E+00, 8.998725E-02
1.231503E-08, 1.0190051E+00, 9.007653E-02
1.233065E-08, 1.0181123E+00, 9.017857E-02
1.234628E-08, 1.0170919E+00, 9.024235E-02
1.236190E-08, 1.0164541E+00, 9.030613E-02
1.237753E-08, 1.0159439E+00, 9.036990E-02
1.239315E-08, 1.0156888E+00, 9.042092E-02
1.240878E-08, 1.0153061E+00, 9.043367E-02
1.242440E-08, 1.0151786E+00, 9.045918E-02
1.244003E-08, 1.0150510E+00, 9.045918E-02
1.245565E-08, 1.0150510E+00, 9.047194E-02
1.247128E-08, 1.0149235E+00, 9.043367E-02
1.248690E-08, 1.0150510E+00, 9.039541E-02
1.250253E-08, 1.0151786E+00, 9.034438E-02
1.251815E-08, 1.0154337E+00, 9.026786E-02
1.253378E-08, 1.0155612E+00, 9.016582E-02
1.254940E-08, 1.0156888E+00, 9.006377E-02
1.256503E-08, 1.0158163E+00, 8.996174E-02
1.258065E-08, 1.0159439E+00, 8.985969E-02
1.259628E-08, 1.0158163E+00, 8.973214E-02
1.261190E-08, 1.0158163E+00, 8.961735E-02
1.262753E-08, 1.0156888E+00, 8.950255E-02
1.264315E-08, 1.0156888E+00, 8.940051E-02
1.265878E-08, 1.0154337E+00, 8.927296E-02
1.267440E-08, 1.0151786E+00, 8.918367E-02
1.269003E-08, 1.0149235E+00, 8.909439E-02
1.270565E-08, 1.0146683E+00, 8.904336E-02
1.272128E-08, 1.0141581E+00, 8.899235E-02
1.273690E-08, 1.0136479E+00, 8.897959E-02
1.275253E-08, 1.0132653E+00, 8.897959E-02
1.276815E-08, 1.0130103E+00, 8.900511E-02
1.278378E-08, 1.0126276E+00, 8.903061E-02
1.279940E-08, 1.0126276E+00, 8.908163E-02
1.281503E-08, 1.0127552E+00, 8.915816E-02
1.283065E-08, 1.0131377E+00, 8.927296E-02
1.284628E-08, 1.0133928E+00, 8.940051E-02
1.286190E-08, 1.0139030E+00, 8.956633E-02
1.287753E-08, 1.0145408E+00, 8.974490E-02
1.289315E-08, 1.0153061E+00, 8.994898E-02
1.290878E-08, 1.0158163E+00, 9.014031E-02
1.292440E-08, 1.0165817E+00, 9.034438E-02
1.294003E-08, 1.0173470E+00, 9.054847E-02
1.295565E-08, 1.0183673E+00, 9.075255E-02
1.297128E-08, 1.0192602E+00, 9.091837E-02
1.298690E-08, 1.0202806E+00, 9.108418E-02
1.300253E-08, 1.0213010E+00, 9.123725E-02
1.301815E-08, 1.0225766E+00, 9.137755E-02
1.303378E-08, 1.0234693E+00, 9.146684E-02
1.304940E-08, 1.0244898E+00, 9.154337E-02
1.306503E-08, 1.0253826E+00, 9.159439E-02
1.308065E-08, 1.0262755E+00, 9.163266E-02
1.309628E-08, 1.0269133E+00, 9.160715E-02
1.311190E-08, 1.0275511E+00, 9.156888E-02
1.312753E-08, 1.0280613E+00, 9.150510E-02
1.314315E-08, 1.0285715E+00, 9.142857E-02
1.315878E-08, 1.0286989E+00, 9.130102E-02
1.317440E-08, 1.0289540E+00, 9.117347E-02
1.319003E-08, 1.0289540E+00, 9.103316E-02
1.320565E-08, 1.0289540E+00, 9.089286E-02
1.322128E-08, 1.0286989E+00, 9.072704E-02
1.323690E-08, 1.0284439E+00, 9.058674E-02
1.325253E-08, 1.0281888E+00, 9.044643E-02
1.326815E-08, 1.0279337E+00, 9.033164E-02
1.328378E-08, 1.0274235E+00, 9.021684E-02
1.329940E-08, 1.0269133E+00, 9.014031E-02
1.331503E-08, 1.0262755E+00, 9.007653E-02
1.333065E-08, 1.0257653E+00, 9.006377E-02
1.334628E-08, 1.0250000E+00, 9.003826E-02
1.336190E-08, 1.0242347E+00, 9.006377E-02
1.337753E-08, 1.0234693E+00, 9.011479E-02
1.339315E-08, 1.0228317E+00, 9.019133E-02
1.340878E-08, 1.0219388E+00, 9.028061E-02
1.342440E-08, 1.0211735E+00, 9.039541E-02
1.344003E-08, 1.0202806E+00, 9.053572E-02
1.345565E-08, 1.0196428E+00, 9.068877E-02
1.347128E-08, 1.0187500E+00, 9.082908E-02
1.348690E-08, 1.0179847E+00, 9.096939E-02
1.350253E-08, 1.0172194E+00, 9.110969E-02
1.351815E-08, 1.0165817E+00, 9.125000E-02
1.353378E-08, 1.0158163E+00, 9.133928E-02
1.354940E-08, 1.0150510E+00, 9.144133E-02
1.356503E-08, 1.0142857E+00, 9.150510E-02
1.358065E-08, 1.0136479E+00, 9.154337E-02
1.359628E-08, 1.0127552E+00, 9.154337E-02
1.361190E-08, 1.0119898E+00, 9.150510E-02
1.362753E-08, 1.0112245E+00, 9.142857E-02
1.364315E-08, 1.0107143E+00, 9.132653E-02
1.365878E-08, 1.0100765E+00, 9.116071E-02
1.367440E-08, 1.0096939E+00, 9.096939E-02
1.369003E-08, 1.0094388E+00, 9.076530E-02
1.370565E-08, 1.0095663E+00, 9.054847E-02
1.372128E-08, 1.0095663E+00, 9.030613E-02
1.373690E-08, 1.0099490E+00, 9.008928E-02
1.375253E-08, 1.0104592E+00, 8.987245E-02
1.376815E-08, 1.0113521E+00, 8.969387E-02
1.378378E-08, 1.0119898E+00, 8.952806E-02
1.379940E-08, 1.0127552E+00, 8.940051E-02
1.381503E-08, 1.0136479E+00, 8.932398E-02
1.383065E-08, 1.0146683E+00, 8.929847E-02
1.384628E-08, 1.0154337E+00, 8.929847E-02
1.386190E-08, 1.0163265E+00, 8.936224E-02
1.387753E-08, 1.0172194E+00, 8.946428E-02
1.389315E-08, 1.0179847E+00, 8.963010E-02
1.390878E-08, 1.0184948E+00, 8.980867E-02
1.392440E-08, 1.0190051E+00, 9.005102E-02
1.394003E-08, 1.0191326E+00, 9.031888E-02
1.395565E-08, 1.0193877E+00, 9.062500E-02
1.397128E-08, 1.0191326E+00, 9.094388E-02
1.398690E-08, 1.0188775E+00, 9.126276E-02
1.400253E-08, 1.0184948E+00, 9.159439E-02
1.401815E-08, 1.0182397E+00, 9.192602E-02
1.403378E-08, 1.0177296E+00, 9.221939E-02
1.404940E-08, 1.0173470E+00, 9.250000E-02
1.406503E-08, 1.0168368E+00, 9.276786E-02
1.408065E-08, 1.0164541E+00, 9.302296E-02
1.409628E-08, 1.0156888E+00, 9.321429E-02
1.411190E-08, 1.0150510E+00, 9.338010E-02
1.412753E-08, 1.0142857E+00, 9.349490E-02
1.414315E-08, 1.0137755E+00, 9.357143E-02
1.415878E-08, 1.0131377E+00, 9.354592E-02
1.417440E-08, 1.0127552E+00, 9.348214E-02
1.419003E-08, 1.0126276E+00, 9.335459E-02
1.420565E-08, 1.0128827E+00, 9.317602E-02
1.422128E-08, 1.0131377E+00, 9.294643E-02
1.423690E-08, 1.0137755E+00, 9.269132E-02
1.425253E-08, 1.0144132E+00, 9.242347E-02
1.426815E-08, 1.0153061E+00, 9.215561E-02
1.428378E-08, 1.0160714E+00, 9.184949E-02
1.429940E-08, 1.0169643E+00, 9.156888E-02
1.431503E-08, 1.0178572E+00, 9.127551E-02
1.433065E-08, 1.0190051E+00, 9.099489E-02
1.434628E-08, 1.0198979E+00, 9.070153E-02
1.436190E-08, 1.0210459E+00, 9.043367E-02
1.437753E-08, 1.0221939E+00, 9.019133E-02
1.439315E-08, 1.0234693E+00, 8.998725E-02
1.440878E-08, 1.0244898E+00, 8.980867E-02
1.442440E-08, 1.0256377E+00, 8.966837E-02
1.444003E-08, 1.0266582E+00, 8.959184E-02
1.445565E-08, 1.0276786E+00, 8.956633E-02
1.447128E-08, 1.0281888E+00, 8.956633E-02
1.448690E-08, 1.0286989E+00, 8.961735E-02
1.450253E-08, 1.0289540E+00, 8.970663E-02
1.451815E-08, 1.0292091E+00, 8.983418E-02
1.453378E-08, 1.0288265E+00, 8.996174E-02
1.454940E-08, 1.0285715E+00, 9.012755E-02
1.456503E-08, 1.0280613E+00, 9.029337E-02
1.458065E-08, 1.0274235E+00, 9.048469E-02
1.459628E-08, 1.0265306E+00, 9.065051E-02
1.461190E-08, 1.0256377E+00, 9.082908E-02
1.462753E-08, 1.0247449E+00, 9.099489E-02
1.464315E-08, 1.0238520E+00, 9.117347E-02
1.465878E-08, 1.0225766E+00, 9.131377E-02
1.467440E-08, 1.0214286E+00, 9.144133E-02
1.469003E-08, 1.0201530E+00, 9.155612E-02
1.470565E-08, 1.0190051E+00, 9.164540E-02
1.472128E-08, 1.0176021E+00, 9.169643E-02
1.473690E-08, 1.0164541E+00, 9.170918E-02
1.475253E-08, 1.0151786E+00, 9.170918E-02
1.476815E-08, 1.0142857E+00, 9.168367E-02
1.478378E-08, 1.0131377E+00, 9.160715E-02
1.479940E-08, 1.0121174E+00, 9.153061E-02
1.481503E-08, 1.0110970E+00, 9.142857E-02
1.483065E-08, 1.0102041E+00, 9.132653E-02
1.484628E-08, 1.0090561E+00, 9.118623E-02
1.486190E-08, 1.0081632E+00, 9.103316E-02
1.487753E-08, 1.0071429E+00, 9.088010E-02
1.489315E-08, 1.0063776E+00, 9.071428E-02
1.490878E-08, 1.0054847E+00, 9.051020E-02
1.492440E-08, 1.0049745E+00, 9.031888E-02
1.494003E-08, 1.0044643E+00, 9.014031E-02
1.495565E-08, 1.0043367E+00, 8.996174E-02
1.497128E-08, 1.0040816E+00, 8.979592E-02
1.498690E-08, 1.0040816E+00, 8.965562E-02
1.500253E-08, 1.0040816E+00, 8.954082E-02
1.501815E-08, 1.0042092E+00, 8.947704E-02
1.503378E-08, 1.0039541E+00, 8.941326E-02
1.504940E-08, 1.0039541E+00, 8.938775E-02
1.506503E-08, 1.0038265E+00, 8.938775E-02
1.508065E-08, 1.0039541E+00, 8.941326E-02
1.509628E-08, 1.0040816E+00, 8.942602E-02
1.511190E-08, 1.0044643E+00, 8.947704E-02
1.512753E-08, 1.0049745E+00, 8.954082E-02
1.514315E-08, 1.0059949E+00, 8.963010E-02
1.515878E-08, 1.0067602E+00, 8.974490E-02
1.517440E-08, 1.0079081E+00, 8.988521E-02
1.519003E-08, 1.0089285E+00, 9.006377E-02
1.520565E-08, 1.0102041E+00, 9.026786E-02
1.522128E-08, 1.0110970E+00, 9.047194E-02
1.523690E-08, 1.0119898E+00, 9.068877E-02
1.525253E-08, 1.0130103E+00, 9.089286E-02
1.526815E-08, 1.0141581E+00, 9.109694E-02
1.528378E-08, 1.0150510E+00, 9.126276E-02
1.529940E-08, 1.0161990E+00, 9.140306E-02
1.531503E-08, 1.0174745E+00, 9.153061E-02
1.533065E-08, 1.0187500E+00, 9.164540E-02
1.534628E-08, 1.0198979E+00, 9.172194E-02
1.536190E-08, 1.0210459E+00, 9.178571E-02
1.537753E-08, 1.0220664E+00, 9.183674E-02
1.539315E-08, 1.0230868E+00, 9.187500E-02
1.540878E-08, 1.0237244E+00, 9.184949E-02
1.542440E-08, 1.0243622E+00, 9.181122E-02
1.544003E-08, 1.0250000E+00, 9.173469E-02
1.545565E-08, 1.0257653E+00, 9.164540E-02
1.547128E-08, 1.0262755E+00, 9.151786E-02
1.548690E-08, 1.0267857E+00, 9.137755E-02
1.550253E-08, 1.0271684E+00, 9.122449E-02
1.551815E-08, 1.0275511E+00, 9.108418E-02
1.553378E-08, 1.0274235E+00, 9.094388E-02
1.554940E-08, 1.0272959E+00, 9.080357E-02
1.556503E-08, 1.0270408E+00, 9.067602E-02
1.558065E-08, 1.0266582E+00, 9.057398E-02
1.559628E-08, 1.0258929E+00, 9.044643E-02
1.561190E-08, 1.0250000E+00, 9.035714E-02
1.562753E-08, 1.0242347E+00, 9.026786E-02
1.564315E-08, 1.0234693E+00, 9.020408E-02
1.565878E-08, 1.0225766E+00, 9.014031E-02
1.567440E-08, 1.0216837E+00, 9.011479E-02
1.569003E-08, 1.0209184E+00, 9.011479E-02
1.570565E-08, 1.0202806E+00, 9.014031E-02
1.572128E-08, 1.0193877E+00, 9.017857E-02
1.573690E-08, 1.0186224E+00, 9.024235E-02
1.575253E-08, 1.0177296E+00, 9.031888E-02
1.576815E-08, 1.0169643E+00, 9.040816E-02
1.578378E-08, 1.0160714E+00, 9.048469E-02
1.579940E-08, 1.0153061E+00, 9.057398E-02
1.581503E-08, 1.0147959E+00, 9.065051E-02
1.583065E-08, 1.0144132E+00, 9.073979E-02
1.584628E-08, 1.0139030E+00, 9.079082E-02
1.586190E-08, 1.0137755E+00, 9.085459E-02
1.587753E-08, 1.0135204E+00, 9.091837E-02
1.589315E-08, 1.0135204E+00, 9.099489E-02
1.590878E-08, 1.0132653E+00, 9.104592E-02
1.592440E-08, 1.0131377E+00, 9.109694E-02
1.594003E-08, 1.0130103E+00, 9.113520E-02
1.595565E-08, 1.0131377E+00, 9.118623E-02
1.597128E-08, 1.0132653E+00, 9.121174E-02
1.598690E-08, 1.0135204E+00, 9.123725E-02
1.600253E-08, 1.0140306E+00, 9.127551E-02
1.601815E-08, 1.0146683E+00, 9.133928E-02
1.603378E-08, 1.0153061E+00, 9.140306E-02
1.604940E-08, 1.0161990E+00, 9.149235E-02
1.606503E-08, 1.0169643E+00, 9.161990E-02
1.608065E-08, 1.0178572E+00, 9.178571E-02
1.609628E-08, 1.0184948E+00, 9.196428E-02
1.611190E-08, 1.0190051E+00, 9.216837E-02
1.612753E-08, 1.0195153E+00, 9.239796E-02
1.614315E-08, 1.0201530E+00, 9.264030E-02
1.615878E-08, 1.0204082E+00, 9.286990E-02
1.617440E-08, 1.0209184E+00, 9.309949E-02
1.619003E-08, 1.0215561E+00, 9.332908E-02
1.620565E-08, 1.0224490E+00, 9.357143E-02
1.622128E-08, 1.0230868E+00, 9.377551E-02
1.623690E-08, 1.0238520E+00, 9.399235E-02
1.625253E-08, 1.0246173E+00, 9.420919E-02
1.626815E-08, 1.0252551E+00, 9.441327E-02
1.628378E-08, 1.0256377E+00, 9.459183E-02
1.629940E-08, 1.0260204E+00, 9.474490E-02
1.631503E-08, 1.0262755E+00, 9.487245E-02
1.633065E-08, 1.0266582E+00, 9.496173E-02
1.634628E-08, 1.0266582E+00, 9.500000E-02
1.636190E-08, 1.0267857E+00, 9.501275E-02
1.637753E-08, 1.0269133E+00, 9.497449E-02
1.639315E-08, 1.0271684E+00, 9.493622E-02
1.640878E-08, 1.0269133E+00, 9.484694E-02
1.642440E-08, 1.0266582E+00, 9.474490E-02
1.644003E-08, 1.0262755E+00, 9.464286E-02
1.645565E-08, 1.0258929E+00, 9.452806E-02
1.647128E-08, 1.0251275E+00, 9.440051E-02
1.648690E-08, 1.0244898E+00, 9.426020E-02
1.650253E-08, 1.0237244E+00, 9.413265E-02
1.651815E-08, 1.0230868E+00, 9.401786E-02
1.653378E-08, 1.0220664E+00, 9.390306E-02
1.654940E-08, 1.0211735E+00, 9.381378E-02
1.656503E-08, 1.0201530E+00, 9.375000E-02
1.658065E-08, 1.0191326E+00, 9.371173E-02
1.659628E-08, 1.0177296E+00, 9.367347E-02
1.661190E-08, 1.0163265E+00, 9.367347E-02
1.662753E-08, 1.0150510E+00, 9.366071E-02
1.664315E-08, 1.0139030E+00, 9.367347E-02
1.665878E-08, 1.0127552E+00, 9.367347E-02
1.667440E-08, 1.0117347E+00, 9.366071E-02
1.669003E-08, 1.0110970E+00, 9.366071E-02
1.670565E-08, 1.0105867E+00, 9.366071E-02
1.672128E-08, 1.0100765E+00, 9.363520E-02
1.673690E-08, 1.0098214E+00, 9.360969E-02
1.675253E-08, 1.0096939E+00, 9.357143E-02
1.676815E-08, 1.0098214E+00, 9.352041E-02
1.678378E-08, 1.0096939E+00, 9.341837E-02
1.679940E-08, 1.0099490E+00, 9.330357E-02
1.681503E-08, 1.0102041E+00, 9.316327E-02
1.683065E-08, 1.0108418E+00, 9.298469E-02
1.684628E-08, 1.0113521E+00, 9.275510E-02
1.686190E-08, 1.0121174E+00, 9.251276E-02
1.687753E-08, 1.0130103E+00, 9.224490E-02
1.689315E-08, 1.0140306E+00, 9.197704E-02
1.690878E-08, 1.0147959E+00, 9.168367E-02
1.692440E-08, 1.0156888E+00, 9.140306E-02
1.694003E-08, 1.0164541E+00, 9.113520E-02
1.695565E-08, 1.0173470E+00, 9.088010E-02
1.697128E-08, 1.0177296E+00, 9.063776E-02
1.698690E-08, 1.0182397E+00, 9.042092E-02
1.700253E-08, 1.0187500E+00, 9.024235E-02
1.701815E-08, 1.0192602E+00, 9.010204E-02
1.703378E-08, 1.0195153E+00, 8.998725E-02
1.704940E-08, 1.0197704E+00, 8.993623E-02
1.706503E-08, 1.0200255E+00, 8.993623E-02
1.708065E-08, 1.0202806E+00, 9.001275E-02
1.709628E-08, 1.0201530E+00, 9.012755E-02
1.711190E-08, 1.0198979E+00, 9.030613E-02
1.712753E-08, 1.0195153E+00, 9.054847E-02
1.714315E-08, 1.0191326E+00, 9.085459E-02
1.715878E-08, 1.0182397E+00, 9.116071E-02
1.717440E-08, 1.0174745E+00, 9.150510E-02
1.719003E-08, 1.0167092E+00, 9.186225E-02
1.720565E-08, 1.0159439E+00, 9.224490E-02
1.722128E-08, 1.0151786E+00, 9.260204E-02
1.723690E-08, 1.0144132E+00, 9.295918E-02
1.725253E-08, 1.0136479E+00, 9.331632E-02
1.726815E-08, 1.0130103E+00, 9.364796E-02
1.728378E-08, 1.0121174E+00, 9.394132E-02
1.729940E-08, 1.0113521E+00, 9.420919E-02
1.731503E-08, 1.0107143E+00, 9.442602E-02
1.733065E-08, 1.0103316E+00, 9.457908E-02
1.734628E-08, 1.0098214E+00, 9.465561E-02
1.736190E-08, 1.0096939E+00, 9.468112E-02
1.737753E-08, 1.0096939E+00, 9.465561E-02
1.739315E-08, 1.0099490E+00, 9.457908E-02
1.740878E-08, 1.0099490E+00, 9.445153E-02
1.742440E-08, 1.0102041E+00, 9.428571E-02
1.744003E-08, 1.0103316E+00, 9.406888E-02
1.745565E-08, 1.0107143E+00, 9.383929E-02
1.747128E-08, 1.0108418E+00, 9.354592E-02
1.748690E-08, 1.0112245E+00, 9.323980E-02
1.750253E-08, 1.0118623E+00, 9.289541E-02
1.751815E-08, 1.0127552E+00, 9.256378E-02
1.753378E-08, 1.0135204E+00, 9.221939E-02
1.754940E-08, 1.0144132E+00, 9.190051E-02
1.756503E-08, 1.0153061E+00, 9.160715E-02
1.758065E-08, 1.0161990E+00, 9.136479E-02
1.759628E-08, 1.0168368E+00, 9.114796E-02
1.761190E-08, 1.0174745E+00, 9.096939E-02
1.762753E-08, 1.0181123E+00, 9.085459E-02
1.764315E-08, 1.0188775E+00, 9.077806E-02
1.765878E-08, 1.0193877E+00, 9.071428E-02
1.767440E-08, 1.0200255E+00, 9.071428E-02
1.769003E-08, 1.0206633E+00, 9.076530E-02
1.770565E-08, 1.0214286E+00, 9.086735E-02
1.772128E-08, 1.0218112E+00, 9.099489E-02
1.773690E-08, 1.0221939E+00, 9.118623E-02
1.775253E-08, 1.0224490E+00, 9.140306E-02
1.776815E-08, 1.0225766E+00, 9.165816E-02
1.778378E-08, 1.0223215E+00, 9.190051E-02
1.779940E-08, 1.0221939E+00, 9.216837E-02
1.781503E-08, 1.0218112E+00, 9.242347E-02
1.783065E-08, 1.0214286E+00, 9.267857E-02
1.784628E-08, 1.0207908E+00, 9.289541E-02
1.786190E-08, 1.0201530E+00, 9.309949E-02
1.787753E-08, 1.0195153E+00, 9.327806E-02
1.789315E-08, 1.0188775E+00, 9.343112E-02
1.790878E-08, 1.0179847E+00, 9.354592E-02
1.792440E-08, 1.0170919E+00, 9.362245E-02
1.794003E-08, 1.0161990E+00, 9.367347E-02
1.795565E-08, 1.0154337E+00, 9.369898E-02
1.797128E-08, 1.0144132E+00, 9.366071E-02
1.798690E-08, 1.0136479E+00, 9.359694E-02
1.800253E-08, 1.0130103E+00, 9.350765E-02
1.801815E-08, 1.0127552E+00, 9.341837E-02
1.803378E-08, 1.0123725E+00, 9.327806E-02
1.804940E-08, 1.0122449E+00, 9.313776E-02
1.806503E-08, 1.0122449E+00, 9.301020E-02
1.808065E-08, 1.0123725E+00, 9.290817E-02
1.809628E-08, 1.0123725E+00, 9.279337E-02
1.811190E-08, 1.0125000E+00, 9.271684E-02
1.812753E-08, 1.0126276E+00, 9.265306E-02
1.814315E-08, 1.0132653E+00, 9.262755E-02
1.815878E-08, 1.0136479E+00, 9.260204E-02
1.817440E-08, 1.0145408E+00, 9.261479E-02
1.819003E-08, 1.0154337E+00, 9.265306E-02
1.820565E-08, 1.0165817E+00, 9.275510E-02
1.822128E-08, 1.0174745E+00, 9.286990E-02
1.823690E-08, 1.0182397E+00, 9.304847E-02
1.825253E-08, 1.0187500E+00, 9.326530E-02
1.826815E-08, 1.0191326E+00, 9.350765E-02
1.828378E-08, 1.0191326E+00, 9.375000E-02
1.829940E-08, 1.0190051E+00, 9.400510E-02
1.831503E-08, 1.0188775E+00, 9.426020E-02
1.833065E-08, 1.0187500E+00, 9.448980E-02
1.834628E-08, 1.0182397E+00, 9.469388E-02
1.836190E-08, 1.0177296E+00, 9.488521E-02
1.837753E-08, 1.0169643E+00, 9.505102E-02
1.839315E-08, 1.0160714E+00, 9.520409E-02
1.840878E-08, 1.0146683E+00, 9.530612E-02
1.842440E-08, 1.0132653E+00, 9.536990E-02
1.844003E-08, 1.0116072E+00, 9.538265E-02
1.845565E-08, 1.0102041E+00, 9.533163E-02
1.847128E-08, 1.0086734E+00, 9.520409E-02
1.848690E-08, 1.0075256E+00, 9.502551E-02
1.850253E-08, 1.0066327E+00, 9.479592E-02
1.851815E-08, 1.0059949E+00, 9.455357E-02
1.853378E-08, 1.0052296E+00, 9.424745E-02
1.854940E-08, 1.0047194E+00, 9.394132E-02
1.856503E-08, 1.0042092E+00, 9.362245E-02
1.858065E-08, 1.0040816E+00, 9.330357E-02
1.859628E-08, 1.0038265E+00, 9.294643E-02
1.861190E-08, 1.0039541E+00, 9.258929E-02
1.862753E-08, 1.0045918E+00, 9.223215E-02
1.864315E-08, 1.0056123E+00, 9.188776E-02
1.865878E-08, 1.0068878E+00, 9.154337E-02
1.867440E-08, 1.0086734E+00, 9.123725E-02
1.869003E-08, 1.0105867E+00, 9.099489E-02
1.870565E-08, 1.0126276E+00, 9.081633E-02
1.872128E-08, 1.0144132E+00, 9.066326E-02
1.873690E-08, 1.0161990E+00, 9.059949E-02
1.875253E-08, 1.0178572E+00, 9.057398E-02
1.876815E-08, 1.0195153E+00, 9.061225E-02
1.878378E-08, 1.0207908E+00, 9.063776E-02
1.879940E-08, 1.0221939E+00, 9.070153E-02
1.881503E-08, 1.0234693E+00, 9.079082E-02
1.883065E-08, 1.0247449E+00, 9.089286E-02
1.884628E-08, 1.0257653E+00, 9.098215E-02
1.886190E-08, 1.0266582E+00, 9.110969E-02
1.887753E-08, 1.0274235E+00, 9.123725E-02
1.889315E-08, 1.0279337E+00, 9.140306E-02
1.890878E-08, 1.0279337E+00, 9.153061E-02
1.892440E-08, 1.0276786E+00, 9.165816E-02
1.894003E-08, 1.0270408E+00, 9.177296E-02
1.895565E-08, 1.0265306E+00, 9.187500E-02
1.897128E-08, 1.0255102E+00, 9.190051E-02
1.898690E-08, 1.0244898E+00, 9.191327E-02
1.900253E-08, 1.0235969E+00, 9.188776E-02
1.901815E-08, 1.0228317E+00, 9.183674E-02
1.903378E-08, 1.0219388E+00, 9.174745E-02
1.904940E-08, 1.0210459E+00, 9.165816E-02
1.906503E-08, 1.0204082E+00, 9.155612E-02
1.908065E-08, 1.0197704E+00, 9.145408E-02
1.909628E-08, 1.0191326E+00, 9.135204E-02
1.911190E-08, 1.0186224E+00, 9.125000E-02
1.912753E-08, 1.0183673E+00, 9.116071E-02
1.914315E-08, 1.0183673E+00, 9.109694E-02
1.915878E-08, 1.0182397E+00, 9.102041E-02
1.917440E-08, 1.0183673E+00, 9.099489E-02
1.919003E-08, 1.0186224E+00, 9.099489E-02
1.920565E-08, 1.0191326E+00, 9.103316E-02
1.922128E-08, 1.0195153E+00, 9.108418E-02
1.923690E-08, 1.0198979E+00, 9.117347E-02
1.925253E-08, 1.0205357E+00, 9.127551E-02
1.926815E-08, 1.0211735E+00, 9.142857E-02
1.928378E-08, 1.0216837E+00, 9.156888E-02
1.929940E-08, 1.0223215E+00, 9.173469E-02
1.931503E-08, 1.0229592E+00, 9.190051E-02
1.933065E-08, 1.0237244E+00, 9.209184E-02
1.934628E-08, 1.0241071E+00, 9.225766E-02
1.936190E-08, 1.0246173E+00, 9.243622E-02
1.937753E-08, 1.0248724E+00, 9.260204E-02
1.939315E-08, 1.0250000E+00, 9.276786E-02
1.940878E-08, 1.0247449E+00, 9.288266E-02
1.942440E-08, 1.0243622E+00, 9.295918E-02
1.944003E-08, 1.0237244E+00, 9.301020E-02
1.945565E-08, 1.0230868E+00, 9.302296E-02
1.947128E-08, 1.0221939E+00, 9.297194E-02
1.948690E-08, 1.0213010E+00, 9.288266E-02
1.950253E-08, 1.0204082E+00, 9.276786E-02
1.951815E-08, 1.0195153E+00, 9.261479E-02
1.953378E-08, 1.0183673E+00, 9.242347E-02
1.954940E-08, 1.0173470E+00, 9.223215E-02
1.956503E-08, 1.0161990E+00, 9.201530E-02
1.958065E-08, 1.0151786E+00, 9.181122E-02
1.959628E-08, 1.0140306E+00, 9.158164E-02
1.961190E-08, 1.0128827E+00, 9.137755E-02
1.962753E-08, 1.0118623E+00, 9.117347E-02
1.964315E-08, 1.0109694E+00, 9.098215E-02
1.965878E-08, 1.0100765E+00, 9.080357E-02
1.967440E-08, 1.0094388E+00, 9.065051E-02
1.969003E-08, 1.0089285E+00, 9.052296E-02
1.970565E-08, 1.0086734E+00, 9.043367E-02
1.972128E-08, 1.0084183E+00, 9.034438E-02
1.973690E-08, 1.0085459E+00, 9.030613E-02
1.975253E-08, 1.0086734E+00, 9.029337E-02
1.976815E-08, 1.0091836E+00, 9.031888E-02
1.978378E-08, 1.0094388E+00, 9.034438E-02
1.979940E-08, 1.0100765E+00, 9.040816E-02
1.981503E-08, 1.0105867E+00, 9.047194E-02
1.983065E-08, 1.0114796E+00, 9.057398E-02
1.984628E-08, 1.0122449E+00, 9.065051E-02
1.986190E-08, 1.0132653E+00, 9.073979E-02
1.987753E-08, 1.0144132E+00, 9.081633E-02
1.989315E-08, 1.0158163E+00, 9.089286E-02
1.990878E-08, 1.0170919E+00, 9.094388E-02
1.992440E-08, 1.0187500E+00, 9.099489E-02
1.994003E-08, 1.0204082E+00, 9.104592E-02
1.995565E-08, 1.0220664E+00, 9.110969E-02
1.997128E-08, 1.0235969E+00, 9.113520E-02
1.998690E-08, 1.0251275E+00, 9.118623E-02
2.000253E-08, 1.0266582E+00, 9.122449E-02
2.001815E-08, 1.0280613E+00, 9.127551E-02
2.003378E-08, 1.0290816E+00, 9.130102E-02
2.004940E-08, 1.0301020E+00, 9.132653E-02
2.006503E-08, 1.0309949E+00, 9.135204E-02
2.008065E-08, 1.0318878E+00, 9.139030E-02
2.009628E-08, 1.0325255E+00, 9.140306E-02
2.011190E-08, 1.0331633E+00, 9.141582E-02
2.012753E-08, 1.0338011E+00, 9.144133E-02
2.014315E-08, 1.0344387E+00, 9.149235E-02
2.015878E-08, 1.0348214E+00, 9.153061E-02
2.017440E-08, 1.0353316E+00, 9.159439E-02
2.019003E-08, 1.0357143E+00, 9.167092E-02
2.020565E-08, 1.0362245E+00, 9.177296E-02
2.022128E-08, 1.0362245E+00, 9.186225E-02
2.023690E-08, 1.0363520E+00, 9.196428E-02
2.025253E-08, 1.0364796E+00, 9.206633E-02
2.026815E-08, 1.0367347E+00, 9.218112E-02
2.028378E-08, 1.0367347E+00, 9.224490E-02
2.029940E-08, 1.0368623E+00, 9.232143E-02
2.031503E-08, 1.0371174E+00, 9.237245E-02
2.033065E-08, 1.0376276E+00, 9.242347E-02
2.034628E-08, 1.0378827E+00, 9.244898E-02
2.036190E-08, 1.0381378E+00, 9.247449E-02
2.037753E-08, 1.0383929E+00, 9.248725E-02
2.039315E-08, 1.0387756E+00, 9.248725E-02
2.040878E-08, 1.0387756E+00, 9.246174E-02
2.042440E-08, 1.0387756E+00, 9.242347E-02
2.044003E-08, 1.0387756E+00, 9.237245E-02
2.045565E-08, 1.0387756E+00, 9.232143E-02
2.047128E-08, 1.0383929E+00, 9.221939E-02
2.048690E-08, 1.0380102E+00, 9.213010E-02
2.050253E-08, 1.0375000E+00, 9.201530E-02
2.051815E-08, 1.0368623E+00, 9.191327E-02
2.053378E-08, 1.0359694E+00, 9.178571E-02
2.054940E-08, 1.0350765E+00, 9.165816E-02
2.056503E-08, 1.0341836E+00, 9.154337E-02
2.058065E-08, 1.0334184E+00, 9.142857E-02
2.059628E-08, 1.0323980E+00, 9.130102E-02
2.061190E-08, 1.0313776E+00, 9.119898E-02
2.062753E-08, 1.0306122E+00, 9.109694E-02
2.064315E-08, 1.0298469E+00, 9.104592E-02
2.065878E-08, 1.0288265E+00, 9.096939E-02
2.067440E-08, 1.0279337E+00, 9.094388E-02
2.069003E-08, 1.0270408E+00, 9.091837E-02
2.070565E-08, 1.0264031E+00, 9.093112E-02
2.072128E-08, 1.0255102E+00, 9.093112E-02
2.073690E-08, 1.0247449E+00, 9.095664E-02
2.075253E-08, 1.0242347E+00, 9.099489E-02
2.076815E-08, 1.0238520E+00, 9.105867E-02
2.078378E-08, 1.0234693E+00, 9.109694E-02
2.079940E-08, 1.0232143E+00, 9.117347E-02
2.081503E-08, 1.0232143E+00, 9.125000E-02
2.083065E-08, 1.0235969E+00, 9.136479E-02
2.084628E-08, 1.0237244E+00, 9.145408E-02
2.086190E-08, 1.0239795E+00, 9.158164E-02
2.087753E-08, 1.0242347E+00, 9.170918E-02
2.089315E-08, 1.0246173E+00, 9.187500E-02
2.090878E-08, 1.0246173E+00, 9.201530E-02
2.092440E-08, 1.0246173E+00, 9.218112E-02
2.094003E-08, 1.0244898E+00, 9.233418E-02
2.095565E-08, 1.0244898E+00, 9.250000E-02
2.097128E-08, 1.0242347E+00, 9.262755E-02
2.098690E-08, 1.0239795E+00, 9.274235E-02
2.100253E-08, 1.0237244E+00, 9.286990E-02
2.101815E-08, 1.0235969E+00, 9.298469E-02
2.103378E-08, 1.0230868E+00, 9.307398E-02
2.104940E-08, 1.0225766E+00, 9.317602E-02
2.106503E-08, 1.0219388E+00, 9.327806E-02
2.108065E-08, 1.0213010E+00, 9.336735E-02
2.109628E-08, 1.0202806E+00, 9.341837E-02
2.111190E-08, 1.0193877E+00, 9.345663E-02
2.112753E-08, 1.0186224E+00, 9.346939E-02
2.114315E-08, 1.0179847E+00, 9.345663E-02
2.115878E-08, 1.0172194E+00, 9.340561E-02
2.117440E-08, 1.0165817E+00, 9.332908E-02
2.119003E-08, 1.0160714E+00, 9.323980E-02
2.120565E-08, 1.0158163E+00, 9.315051E-02
2.122128E-08, 1.0151786E+00, 9.302296E-02
2.123690E-08, 1.0147959E+00, 9.289541E-02
2.125253E-08, 1.0144132E+00, 9.275510E-02
2.126815E-08, 1.0142857E+00, 9.260204E-02
2.128378E-08, 1.0140306E+00, 9.241071E-02
2.129940E-08, 1.0140306E+00, 9.223215E-02
2.131503E-08, 1.0142857E+00, 9.204081E-02
2.133065E-08, 1.0147959E+00, 9.187500E-02
2.134628E-08, 1.0151786E+00, 9.168367E-02
2.136190E-08, 1.0158163E+00, 9.154337E-02
2.137753E-08, 1.0163265E+00, 9.141582E-02
2.139315E-08, 1.0169643E+00, 9.133928E-02
2.140878E-08, 1.0173470E+00, 9.127551E-02
2.142440E-08, 1.0177296E+00, 9.125000E-02
2.144003E-08, 1.0181123E+00, 9.125000E-02
2.145565E-08, 1.0184948E+00, 9.128827E-02
2.147128E-08, 1.0186224E+00, 9.133928E-02
2.148690E-08, 1.0188775E+00, 9.142857E-02
2.150253E-08, 1.0190051E+00, 9.154337E-02
2.151815E-08, 1.0191326E+00, 9.170918E-02
2.153378E-08, 1.0190051E+00, 9.186225E-02
2.154940E-08, 1.0187500E+00, 9.206633E-02
2.156503E-08, 1.0183673E+00, 9.228317E-02
2.158065E-08, 1.0181123E+00, 9.251276E-02
2.159628E-08, 1.0174745E+00, 9.271684E-02
2.161190E-08, 1.0169643E+00, 9.293368E-02
2.162753E-08, 1.0165817E+00, 9.313776E-02
2.164315E-08, 1.0163265E+00, 9.334183E-02
2.165878E-08, 1.0159439E+00, 9.349490E-02
2.167440E-08, 1.0158163E+00, 9.363520E-02
2.169003E-08, 1.0156888E+00, 9.376276E-02
2.170565E-08, 1.0158163E+00, 9.386480E-02
2.172128E-08, 1.0156888E+00, 9.391581E-02
2.173690E-08, 1.0156888E+00, 9.394132E-02
2.175253E-08, 1.0158163E+00, 9.394132E-02
2.176815E-08, 1.0161990E+00, 9.391581E-02
2.178378E-08, 1.0161990E+00, 9.382653E-02
2.179940E-08, 1.0164541E+00, 9.371173E-02
2.181503E-08, 1.0167092E+00, 9.357143E-02
2.183065E-08, 1.0169643E+00, 9.340561E-02
2.184628E-08, 1.0169643E+00, 9.320153E-02
2.186190E-08, 1.0170919E+00, 9.299745E-02
2.187753E-08, 1.0170919E+00, 9.276786E-02
2.189315E-08, 1.0172194E+00, 9.255102E-02
2.190878E-08, 1.0169643E+00, 9.230867E-02
2.192440E-08, 1.0169643E+00, 9.207908E-02
2.194003E-08, 1.0168368E+00, 9.187500E-02
2.195565E-08, 1.0168368E+00, 9.170918E-02
2.197128E-08, 1.0164541E+00, 9.155612E-02
2.198690E-08, 1.0160714E+00, 9.144133E-02
2.200253E-08, 1.0156888E+00, 9.136479E-02
2.201815E-08, 1.0151786E+00, 9.133928E-02
2.203378E-08, 1.0142857E+00, 9.132653E-02
2.204940E-08, 1.0133928E+00, 9.136479E-02
2.206503E-08, 1.0126276E+00, 9.141582E-02
2.208065E-08, 1.0117347E+00, 9.151786E-02
2.209628E-08, 1.0107143E+00, 9.161990E-02
2.211190E-08, 1.0099490E+00, 9.174745E-02
2.212753E-08, 1.0091836E+00, 9.190051E-02
2.214315E-08, 1.0088010E+00, 9.207908E-02
2.215878E-08, 1.0081632E+00, 9.225766E-02
2.217440E-08, 1.0077807E+00, 9.243622E-02
2.219003E-08, 1.0073980E+00, 9.262755E-02
2.220565E-08, 1.0072705E+00, 9.283163E-02
2.222128E-08, 1.0068878E+00, 9.299745E-02
2.223690E-08, 1.0067602E+00, 9.316327E-02
2.225253E-08, 1.0065051E+00, 9.330357E-02
2.226815E-08, 1.0066327E+00, 9.341837E-02
2.228378E-08, 1.0066327E+00, 9.349490E-02
2.229940E-08, 1.0068878E+00, 9.353317E-02
2.231503E-08, 1.0073980E+00, 9.354592E-02
2.233065E-08, 1.0082908E+00, 9.354592E-02
2.234628E-08, 1.0090561E+00, 9.349490E-02
2.236190E-08, 1.0100765E+00, 9.344388E-02
2.237753E-08, 1.0112245E+00, 9.338010E-02
2.239315E-08, 1.0125000E+00, 9.332908E-02
2.240878E-08, 1.0135204E+00, 9.323980E-02
2.242440E-08, 1.0147959E+00, 9.316327E-02
2.244003E-08, 1.0160714E+00, 9.308673E-02
2.245565E-08, 1.0176021E+00, 9.301020E-02
2.247128E-08, 1.0190051E+00, 9.292092E-02
2.248690E-08, 1.0207908E+00, 9.283163E-02
2.250253E-08, 1.0225766E+00, 9.274235E-02
2.251815E-08, 1.0247449E+00, 9.269132E-02
2.253378E-08, 1.0266582E+00, 9.261479E-02
2.254940E-08, 1.0288265E+00, 9.258929E-02
2.256503E-08, 1.0309949E+00, 9.257653E-02
2.258065E-08, 1.0331633E+00, 9.258929E-02
2.259628E-08, 1.0348214E+00, 9.258929E-02
2.261190E-08, 1.0366071E+00, 9.261479E-02
2.262753E-08, 1.0381378E+00, 9.265306E-02
2.264315E-08, 1.0395408E+00, 9.269132E-02
2.265878E-08, 1.0404336E+00, 9.269132E-02
2.267440E-08, 1.0411990E+00, 9.270408E-02
2.269003E-08, 1.0417092E+00, 9.269132E-02
2.270565E-08, 1.0419643E+00, 9.269132E-02
2.272128E-08, 1.0417092E+00, 9.264030E-02
2.273690E-08, 1.0410714E+00, 9.258929E-02
2.275253E-08, 1.0400510E+00, 9.253827E-02
2.276815E-08, 1.0387756E+00, 9.247449E-02
2.278378E-08, 1.0368623E+00, 9.237245E-02
2.279940E-08, 1.0345663E+00, 9.228317E-02
2.281503E-08, 1.0320153E+00, 9.218112E-02
2.283065E-08, 1.0292091E+00, 9.206633E-02
2.284628E-08, 1.0257653E+00, 9.193878E-02
2.286190E-08, 1.0223215E+00, 9.181122E-02
2.287753E-08, 1.0186224E+00, 9.168367E-02
2.289315E-08, 1.0151786E+00, 9.158164E-02
2.290878E-08, 1.0113521E+00, 9.146684E-02
2.292440E-08, 1.0079081E+00, 9.137755E-02
2.294003E-08, 1.0045918E+00, 9.131377E-02
2.295565E-08, 1.0017858E+00, 9.128827E-02
2.297128E-08, 9.988520E-01, 9.126276E-02
2.298690E-08, 9.965561E-01, 9.128827E-02
2.300253E-08, 9.946429E-01, 9.133928E-02
2.301815E-08, 9.931123E-01, 9.142857E-02
2.303378E-08, 9.919643E-01, 9.153061E-02
2.304940E-08, 9.914541E-01, 9.165816E-02
2.306503E-08, 9.914541E-01, 9.179847E-02
2.308065E-08, 9.920918E-01, 9.195153E-02
2.309628E-08, 9.932398E-01, 9.210459E-02
2.311190E-08, 9.950255E-01, 9.228317E-02
2.312753E-08, 9.971939E-01, 9.244898E-02
2.314315E-08, 9.998724E-01, 9.265306E-02
2.315878E-08, 1.0025511E+00, 9.283163E-02
2.317440E-08, 1.0054847E+00, 9.301020E-02
2.319003E-08, 1.0085459E+00, 9.318878E-02
2.320565E-08, 1.0117347E+00, 9.335459E-02
2.322128E-08, 1.0146683E+00, 9.346939E-02
2.323690E-08, 1.0176021E+00, 9.355868E-02
2.325253E-08, 1.0204082E+00, 9.362245E-02
2.326815E-08, 1.0233419E+00, 9.367347E-02
2.328378E-08, 1.0256377E+00, 9.366071E-02
2.329940E-08, 1.0278062E+00, 9.364796E-02
2.331503E-08, 1.0294642E+00, 9.362245E-02
2.333065E-08, 1.0308673E+00, 9.359694E-02
2.334628E-08, 1.0315051E+00, 9.353317E-02
2.336190E-08, 1.0317602E+00, 9.345663E-02
2.337753E-08, 1.0316327E+00, 9.338010E-02
2.339315E-08, 1.0311224E+00, 9.329081E-02
2.340878E-08, 1.0302296E+00, 9.315051E-02
2.342440E-08, 1.0290816E+00, 9.302296E-02
2.344003E-08, 1.0276786E+00, 9.288266E-02
2.345565E-08, 1.0262755E+00, 9.274235E-02
2.347128E-08, 1.0246173E+00, 9.258929E-02
2.348690E-08, 1.0230868E+00, 9.246174E-02
2.350253E-08, 1.0215561E+00, 9.234694E-02
2.351815E-08, 1.0202806E+00, 9.227041E-02
2.353378E-08, 1.0190051E+00, 9.216837E-02
2.354940E-08, 1.0179847E+00, 9.210459E-02
2.356503E-08, 1.0173470E+00, 9.206633E-02
2.358065E-08, 1.0170919E+00, 9.204081E-02
2.359628E-08, 1.0168368E+00, 9.202806E-02
2.361190E-08, 1.0169643E+00, 9.204081E-02
2.362753E-08, 1.0172194E+00, 9.207908E-02
2.364315E-08, 1.0177296E+00, 9.215561E-02
2.365878E-08, 1.0181123E+00, 9.223215E-02
2.367440E-08, 1.0187500E+00, 9.233418E-02
2.369003E-08, 1.0193877E+00, 9.244898E-02
2.370565E-08, 1.0204082E+00, 9.258929E-02
2.372128E-08, 1.0211735E+00, 9.270408E-02
2.373690E-08, 1.0219388E+00, 9.284439E-02
2.375253E-08, 1.0228317E+00, 9.298469E-02
2.376815E-08, 1.0235969E+00, 9.315051E-02
2.378378E-08, 1.0239795E+00, 9.329081E-02
2.379940E-08, 1.0242347E+00, 9.345663E-02
2.381503E-08, 1.0243622E+00, 9.362245E-02
2.383065E-08, 1.0243622E+00, 9.377551E-02
2.384628E-08, 1.0238520E+00, 9.390306E-02
2.386190E-08, 1.0234693E+00, 9.401786E-02
2.387753E-08, 1.0229592E+00, 9.410714E-02
2.389315E-08, 1.0224490E+00, 9.419643E-02
2.390878E-08, 1.0218112E+00, 9.423470E-02
2.392440E-08, 1.0211735E+00, 9.427296E-02
2.394003E-08, 1.0204082E+00, 9.428571E-02
2.395565E-08, 1.0197704E+00, 9.428571E-02
2.397128E-08, 1.0188775E+00, 9.424745E-02
2.398690E-08, 1.0181123E+00, 9.418368E-02
2.400253E-08, 1.0174745E+00, 9.409439E-02
2.401815E-08, 1.0170919E+00, 9.397959E-02
2.403378E-08, 1.0167092E+00, 9.380102E-02
2.404940E-08, 1.0167092E+00, 9.360969E-02
2.406503E-08, 1.0169643E+00, 9.340561E-02
2.408065E-08, 1.0174745E+00, 9.318878E-02
2.409628E-08, 1.0179847E+00, 9.295918E-02
2.411190E-08, 1.0186224E+00, 9.274235E-02
2.412753E-08, 1.0193877E+00, 9.253827E-02
2.414315E-08, 1.0201530E+00, 9.235969E-02
2.415878E-08, 1.0206633E+00, 9.218112E-02
2.417440E-08, 1.0210459E+00, 9.204081E-02
2.419003E-08, 1.0211735E+00, 9.190051E-02
2.420565E-08, 1.0211735E+00, 9.181122E-02
2.422128E-08, 1.0206633E+00, 9.170918E-02
2.423690E-08, 1.0200255E+00, 9.163266E-02
2.425253E-08, 1.0191326E+00, 9.159439E-02
2.426815E-08, 1.0182397E+00, 9.159439E-02
2.428378E-08, 1.0169643E+00, 9.160715E-02
2.429940E-08, 1.0154337E+00, 9.167092E-02
2.431503E-08, 1.0137755E+00, 9.177296E-02
2.433065E-08, 1.0118623E+00, 9.192602E-02
2.434628E-08, 1.0095663E+00, 9.209184E-02
2.436190E-08, 1.0071429E+00, 9.229591E-02
2.437753E-08, 1.0047194E+00, 9.251276E-02
2.439315E-08, 1.0022960E+00, 9.275510E-02
2.440878E-08, 9.998724E-01, 9.298469E-02
2.442440E-08, 9.975765E-01, 9.321429E-02
2.444003E-08, 9.956633E-01, 9.344388E-02
2.445565E-08, 9.941326E-01, 9.368622E-02
2.447128E-08, 9.924745E-01, 9.389031E-02
2.448690E-08, 9.913265E-01, 9.410714E-02
2.450253E-08, 9.904337E-01, 9.429847E-02
2.451815E-08, 9.900510E-01, 9.448980E-02
2.453378E-08, 9.897959E-01, 9.463010E-02
2.454940E-08, 9.899235E-01, 9.473214E-02
2.456503E-08, 9.906888E-01, 9.480868E-02
2.458065E-08, 9.919643E-01, 9.484694E-02
2.459628E-08, 9.936224E-01, 9.484694E-02
2.461190E-08, 9.956633E-01, 9.480868E-02
2.462753E-08, 9.980868E-01, 9.475765E-02
2.464315E-08, 1.0007653E+00, 9.470663E-02
2.465878E-08, 1.0033163E+00, 9.460459E-02
2.467440E-08, 1.0059949E+00, 9.451531E-02
2.469003E-08, 1.0086734E+00, 9.441327E-02
2.470565E-08, 1.0114796E+00, 9.429847E-02
2.472128E-08, 1.0140306E+00, 9.414541E-02
2.473690E-08, 1.0167092E+00, 9.399235E-02
2.475253E-08, 1.0193877E+00, 9.381378E-02
2.476815E-08, 1.0221939E+00, 9.364796E-02
2.478378E-08, 1.0247449E+00, 9.346939E-02
2.479940E-08, 1.0271684E+00, 9.330357E-02
2.481503E-08, 1.0293367E+00, 9.316327E-02
2.483065E-08, 1.0313776E+00, 9.304847E-02
2.484628E-08, 1.0326531E+00, 9.294643E-02
2.486190E-08, 1.0338011E+00, 9.286990E-02
2.487753E-08, 1.0345663E+00, 9.280612E-02
2.489315E-08, 1.0353316E+00, 9.274235E-02
2.490878E-08, 1.0357143E+00, 9.265306E-02
2.492440E-08, 1.0362245E+00, 9.257653E-02
2.494003E-08, 1.0368623E+00, 9.251276E-02
2.495565E-08, 1.0375000E+00, 9.244898E-02
2.497128E-08, 1.0380102E+00, 9.239796E-02
2.498690E-08, 1.0385205E+00, 9.237245E-02
2.500253E-08, 1.0387756E+00, 9.238520E-02
2.501815E-08, 1.0390307E+00, 9.242347E-02
2.503378E-08, 1.0389031E+00, 9.246174E-02
2.504940E-08, 1.0386480E+00, 9.252551E-02
2.506503E-08, 1.0383929E+00, 9.257653E-02
2.508065E-08, 1.0382653E+00, 9.262755E-02
2.509628E-08, 1.0378827E+00, 9.265306E-02
2.511190E-08, 1.0377551E+00, 9.267857E-02
2.512753E-08, 1.0375000E+00, 9.271684E-02
2.514315E-08, 1.0372449E+00, 9.275510E-02
2.515878E-08, 1.0366071E+00, 9.279337E-02
2.517440E-08, 1.0359694E+00, 9.284439E-02
2.519003E-08, 1.0349489E+00, 9.290817E-02
2.520565E-08, 1.0339285E+00, 9.297194E-02
2.522128E-08, 1.0325255E+00, 9.301020E-02
2.523690E-08, 1.0311224E+00, 9.304847E-02
2.525253E-08, 1.0295918E+00, 9.307398E-02
2.526815E-08, 1.0281888E+00, 9.308673E-02
2.528378E-08, 1.0265306E+00, 9.307398E-02
2.529940E-08, 1.0250000E+00, 9.304847E-02
2.531503E-08, 1.0234693E+00, 9.303571E-02
2.533065E-08, 1.0219388E+00, 9.302296E-02
2.534628E-08, 1.0202806E+00, 9.299745E-02
2.536190E-08, 1.0187500E+00, 9.298469E-02
2.537753E-08, 1.0172194E+00, 9.297194E-02
2.539315E-08, 1.0158163E+00, 9.295918E-02
2.540878E-08, 1.0142857E+00, 9.292092E-02
2.542440E-08, 1.0131377E+00, 9.288266E-02
2.544003E-08, 1.0121174E+00, 9.284439E-02
2.545565E-08, 1.0114796E+00, 9.281888E-02
2.547128E-08, 1.0108418E+00, 9.278061E-02
2.548690E-08, 1.0105867E+00, 9.274235E-02
2.550253E-08, 1.0104592E+00, 9.272959E-02
2.551815E-08, 1.0107143E+00, 9.272959E-02
2.553378E-08, 1.0109694E+00, 9.270408E-02
2.554940E-08, 1.0114796E+00, 9.271684E-02
2.556503E-08, 1.0122449E+00, 9.272959E-02
2.558065E-08, 1.0133928E+00, 9.276786E-02
2.559628E-08, 1.0142857E+00, 9.279337E-02
2.561190E-08, 1.0154337E+00, 9.284439E-02
2.562753E-08, 1.0167092E+00, 9.289541E-02
2.564315E-08, 1.0181123E+00, 9.295918E-02
2.565878E-08, 1.0192602E+00, 9.299745E-02
2.567440E-08, 1.0206633E+00, 9.304847E-02
2.569003E-08, 1.0220664E+00, 9.308673E-02
2.570565E-08, 1.0235969E+00, 9.315051E-02
2.572128E-08, 1.0247449E+00, 9.317602E-02
2.573690E-08, 1.0258929E+00, 9.320153E-02
2.575253E-08, 1.0269133E+00, 9.323980E-02
2.576815E-08, 1.0278062E+00, 9.326530E-02
2.578378E-08, 1.0283164E+00, 9.326530E-02
2.579940E-08, 1.0286989E+00, 9.325255E-02
2.581503E-08, 1.0289540E+00, 9.322704E-02
2.583065E-08, 1.0293367E+00, 9.318878E-02
2.584628E-08, 1.0294642E+00, 9.312500E-02
2.586190E-08, 1.0295918E+00, 9.306122E-02
2.587753E-08, 1.0297194E+00, 9.299745E-02
2.589315E-08, 1.0297194E+00, 9.294643E-02
2.590878E-08, 1.0293367E+00, 9.289541E-02
2.592440E-08, 1.0289540E+00, 9.286990E-02
2.594003E-08, 1.0283164E+00, 9.285714E-02
2.595565E-08, 1.0276786E+00, 9.285714E-02
2.597128E-08, 1.0267857E+00, 9.285714E-02
2.598690E-08, 1.0258929E+00, 9.286990E-02
2.600253E-08, 1.0250000E+00, 9.289541E-02
2.601815E-08, 1.0242347E+00, 9.294643E-02
2.603378E-08, 1.0233419E+00, 9.299745E-02
2.604940E-08, 1.0224490E+00, 9.307398E-02
2.606503E-08, 1.0214286E+00, 9.317602E-02
2.608065E-08, 1.0206633E+00, 9.331632E-02
2.609628E-08, 1.0196428E+00, 9.344388E-02
2.611190E-08, 1.0188775E+00, 9.358419E-02
2.612753E-08, 1.0182397E+00, 9.372449E-02
2.614315E-08, 1.0178572E+00, 9.386480E-02
2.615878E-08, 1.0176021E+00, 9.399235E-02
2.617440E-08, 1.0176021E+00, 9.410714E-02
2.619003E-08, 1.0178572E+00, 9.422194E-02
2.620565E-08, 1.0183673E+00, 9.433673E-02
2.622128E-08, 1.0188775E+00, 9.442602E-02
2.623690E-08, 1.0196428E+00, 9.450255E-02
2.625253E-08, 1.0205357E+00, 9.456632E-02
2.626815E-08, 1.0216837E+00, 9.461734E-02
2.628378E-08, 1.0227041E+00, 9.463010E-02
2.629940E-08, 1.0241071E+00, 9.461734E-02
2.631503E-08, 1.0253826E+00, 9.459183E-02
2.633065E-08, 1.0269133E+00, 9.455357E-02
2.634628E-08, 1.0281888E+00, 9.447704E-02
2.636190E-08, 1.0294642E+00, 9.440051E-02
2.637753E-08, 1.0307398E+00, 9.431122E-02
2.639315E-08, 1.0318878E+00, 9.422194E-02
2.640878E-08, 1.0325255E+00, 9.410714E-02
2.642440E-08, 1.0331633E+00, 9.400510E-02
2.644003E-08, 1.0336735E+00, 9.389031E-02
2.645565E-08, 1.0339285E+00, 9.380102E-02
2.647128E-08, 1.0339285E+00, 9.368622E-02
2.648690E-08, 1.0338011E+00, 9.360969E-02
2.650253E-08, 1.0334184E+00, 9.354592E-02
2.651815E-08, 1.0330358E+00, 9.353317E-02
2.653378E-08, 1.0321429E+00, 9.350765E-02
2.654940E-08, 1.0309949E+00, 9.352041E-02
2.656503E-08, 1.0297194E+00, 9.357143E-02
2.658065E-08, 1.0283164E+00, 9.363520E-02
2.659628E-08, 1.0264031E+00, 9.368622E-02
2.661190E-08, 1.0246173E+00, 9.375000E-02
2.662753E-08, 1.0228317E+00, 9.382653E-02
2.664315E-08, 1.0213010E+00, 9.389031E-02
2.665878E-08, 1.0197704E+00, 9.392857E-02
2.667440E-08, 1.0184948E+00, 9.396683E-02
2.669003E-08, 1.0173470E+00, 9.399235E-02
2.670565E-08, 1.0167092E+00, 9.403061E-02
2.672128E-08, 1.0159439E+00, 9.401786E-02
2.673690E-08, 1.0155612E+00, 9.401786E-02
2.675253E-08, 1.0154337E+00, 9.399235E-02
2.676815E-08, 1.0155612E+00, 9.395408E-02
2.678378E-08, 1.0159439E+00, 9.386480E-02
2.679940E-08, 1.0167092E+00, 9.375000E-02
2.681503E-08, 1.0177296E+00, 9.362245E-02
2.683065E-08, 1.0192602E+00, 9.348214E-02
2.684628E-08, 1.0207908E+00, 9.329081E-02
2.686190E-08, 1.0225766E+00, 9.312500E-02
2.687753E-08, 1.0244898E+00, 9.294643E-02
2.689315E-08, 1.0264031E+00, 9.279337E-02
2.690878E-08, 1.0279337E+00, 9.262755E-02
2.692440E-08, 1.0294642E+00, 9.247449E-02
2.694003E-08, 1.0309949E+00, 9.233418E-02
2.695565E-08, 1.0325255E+00, 9.220663E-02
2.697128E-08, 1.0336735E+00, 9.207908E-02
2.698690E-08, 1.0348214E+00, 9.198979E-02
2.700253E-08, 1.0357143E+00, 9.191327E-02
2.701815E-08, 1.0363520E+00, 9.188776E-02
2.703378E-08, 1.0364796E+00, 9.186225E-02
2.704940E-08, 1.0362245E+00, 9.190051E-02
2.706503E-08, 1.0355867E+00, 9.195153E-02
2.708065E-08, 1.0345663E+00, 9.202806E-02
2.709628E-08, 1.0331633E+00, 9.209184E-02
2.711190E-08, 1.0316327E+00, 9.216837E-02
2.712753E-08, 1.0301020E+00, 9.224490E-02
2.714315E-08, 1.0286989E+00, 9.232143E-02
2.715878E-08, 1.0270408E+00, 9.237245E-02
2.717440E-08, 1.0255102E+00, 9.243622E-02
2.719003E-08, 1.0239795E+00, 9.248725E-02
2.720565E-08, 1.0225766E+00, 9.256378E-02
2.722128E-08, 1.0207908E+00, 9.260204E-02
2.723690E-08, 1.0192602E+00, 9.264030E-02
2.725253E-08, 1.0176021E+00, 9.265306E-02
2.726815E-08, 1.0163265E+00, 9.265306E-02
2.728378E-08, 1.0149235E+00, 9.258929E-02
2.729940E-08, 1.0140306E+00, 9.251276E-02
2.731503E-08, 1.0136479E+00, 9.239796E-02
2.733065E-08, 1.0136479E+00, 9.229591E-02
2.734628E-08, 1.0139030E+00, 9.216837E-02
2.736190E-08, 1.0144132E+00, 9.205357E-02
2.737753E-08, 1.0150510E+00, 9.197704E-02
2.739315E-08, 1.0158163E+00, 9.193878E-02
2.740878E-08, 1.0163265E+00, 9.190051E-02
2.742440E-08, 1.0168368E+00, 9.191327E-02
2.744003E-08, 1.0173470E+00, 9.193878E-02
2.745565E-08, 1.0178572E+00, 9.200255E-02
2.747128E-08, 1.0181123E+00, 9.206633E-02
2.748690E-08, 1.0186224E+00, 9.215561E-02
2.750253E-08, 1.0191326E+00, 9.228317E-02
2.751815E-08, 1.0197704E+00, 9.244898E-02
2.753378E-08, 1.0198979E+00, 9.264030E-02
2.754940E-08, 1.0200255E+00, 9.286990E-02
2.756503E-08, 1.0198979E+00, 9.313776E-02
2.758065E-08, 1.0196428E+00, 9.344388E-02
2.759628E-08, 1.0188775E+00, 9.373724E-02
2.761190E-08, 1.0182397E+00, 9.404337E-02
2.762753E-08, 1.0176021E+00, 9.433673E-02
2.764315E-08, 1.0172194E+00, 9.460459E-02
2.765878E-08, 1.0167092E+00, 9.484694E-02
2.767440E-08, 1.0163265E+00, 9.506378E-02
2.769003E-08, 1.0161990E+00, 9.525510E-02
2.770565E-08, 1.0160714E+00, 9.543367E-02
2.772128E-08, 1.0159439E+00, 9.556122E-02
2.773690E-08, 1.0159439E+00, 9.566326E-02
2.775253E-08, 1.0160714E+00, 9.571429E-02
2.776815E-08, 1.0165817E+00, 9.573980E-02
2.778378E-08, 1.0170919E+00, 9.567602E-02
2.779940E-08, 1.0181123E+00, 9.557398E-02
2.781503E-08, 1.0193877E+00, 9.543367E-02
2.783065E-08, 1.0210459E+00, 9.528061E-02
2.784628E-08, 1.0227041E+00, 9.507653E-02
2.786190E-08, 1.0244898E+00, 9.485970E-02
2.787753E-08, 1.0262755E+00, 9.465561E-02
2.789315E-08, 1.0281888E+00, 9.445153E-02
2.790878E-08, 1.0297194E+00, 9.423470E-02
2.792440E-08, 1.0312500E+00, 9.403061E-02
2.794003E-08, 1.0326531E+00, 9.383929E-02
2.795565E-08, 1.0341836E+00, 9.366071E-02
2.797128E-08, 1.0352041E+00, 9.348214E-02
2.798690E-08, 1.0362245E+00, 9.332908E-02
2.800253E-08, 1.0369898E+00, 9.321429E-02
2.801815E-08, 1.0376276E+00, 9.315051E-02
2.803378E-08, 1.0377551E+00, 9.309949E-02
2.804940E-08, 1.0377551E+00, 9.309949E-02
2.806503E-08, 1.0373725E+00, 9.313776E-02
2.808065E-08, 1.0368623E+00, 9.320153E-02
2.809628E-08, 1.0359694E+00, 9.327806E-02
2.811190E-08, 1.0350765E+00, 9.336735E-02
2.812753E-08, 1.0340561E+00, 9.348214E-02
2.814315E-08, 1.0331633E+00, 9.360969E-02
2.815878E-08, 1.0317602E+00, 9.371173E-02
2.817440E-08, 1.0304847E+00, 9.383929E-02
2.819003E-08, 1.0290816E+00, 9.396683E-02
2.820565E-08, 1.0276786E+00, 9.408163E-02
2.822128E-08, 1.0262755E+00, 9.415817E-02
2.823690E-08, 1.0250000E+00, 9.422194E-02
2.825253E-08, 1.0239795E+00, 9.426020E-02
2.826815E-08, 1.0233419E+00, 9.427296E-02
2.828378E-08, 1.0225766E+00, 9.423470E-02
2.829940E-08, 1.0221939E+00, 9.418368E-02
2.831503E-08, 1.0219388E+00, 9.411990E-02
2.833065E-08, 1.0219388E+00, 9.405612E-02
2.834628E-08, 1.0216837E+00, 9.395408E-02
2.836190E-08, 1.0216837E+00, 9.385204E-02
2.837753E-08, 1.0218112E+00, 9.375000E-02
2.839315E-08, 1.0221939E+00, 9.363520E-02
2.840878E-08, 1.0225766E+00, 9.349490E-02
2.842440E-08, 1.0232143E+00, 9.336735E-02
2.844003E-08, 1.0238520E+00, 9.323980E-02
2.845565E-08, 1.0247449E+00, 9.313776E-02
2.847128E-08, 1.0252551E+00, 9.303571E-02
2.848690E-08, 1.0257653E+00, 9.297194E-02
2.850253E-08, 1.0261480E+00, 9.293368E-02
2.851815E-08, 1.0262755E+00, 9.293368E-02
2.853378E-08, 1.0261480E+00, 9.293368E-02
2.854940E-08, 1.0260204E+00, 9.294643E-02
2.856503E-08, 1.0257653E+00, 9.295918E-02
2.858065E-08, 1.0257653E+00, 9.298469E-02
2.859628E-08, 1.0253826E+00, 9.298469E-02
2.861190E-08, 1.0251275E+00, 9.299745E-02
2.862753E-08, 1.0250000E+00, 9.302296E-02
2.864315E-08, 1.0247449E+00, 9.304847E-02
2.865878E-08, 1.0242347E+00, 9.306122E-02
2.867440E-08, 1.0239795E+00, 9.308673E-02
2.869003E-08, 1.0235969E+00, 9.311225E-02
2.870565E-08, 1.0233419E+00, 9.312500E-02
2.872128E-08, 1.0228317E+00, 9.311225E-02
2.873690E-08, 1.0225766E+00, 9.308673E-02
2.875253E-08, 1.0223215E+00, 9.306122E-02
2.876815E-08, 1.0221939E+00, 9.301020E-02
2.878378E-08, 1.0219388E+00, 9.293368E-02
2.879940E-08, 1.0218112E+00, 9.286990E-02
2.881503E-08, 1.0216837E+00, 9.279337E-02
2.883065E-08, 1.0219388E+00, 9.272959E-02
2.884628E-08, 1.0219388E+00, 9.264030E-02
2.886190E-08, 1.0223215E+00, 9.258929E-02
2.887753E-08, 1.0227041E+00, 9.255102E-02
2.889315E-08, 1.0233419E+00, 9.256378E-02
2.890878E-08, 1.0235969E+00, 9.257653E-02
2.892440E-08, 1.0239795E+00, 9.264030E-02
2.894003E-08, 1.0242347E+00, 9.274235E-02
2.895565E-08, 1.0246173E+00, 9.288266E-02
2.897128E-08, 1.0246173E+00, 9.302296E-02
2.898690E-08, 1.0247449E+00, 9.320153E-02
2.900253E-08, 1.0247449E+00, 9.339286E-02
2.901815E-08, 1.0250000E+00, 9.360969E-02
2.903378E-08, 1.0248724E+00, 9.382653E-02
2.904940E-08, 1.0248724E+00, 9.405612E-02
2.906503E-08, 1.0248724E+00, 9.429847E-02
2.908065E-08, 1.0247449E+00, 9.455357E-02
2.909628E-08, 1.0243622E+00, 9.478316E-02
2.911190E-08, 1.0241071E+00, 9.500000E-02
2.912753E-08, 1.0238520E+00, 9.519133E-02
2.914315E-08, 1.0238520E+00, 9.535714E-02
2.915878E-08, 1.0237244E+00, 9.545919E-02
2.917440E-08, 1.0238520E+00, 9.554847E-02
2.919003E-08, 1.0239795E+00, 9.559949E-02
2.920565E-08, 1.0244898E+00, 9.561224E-02
2.922128E-08, 1.0246173E+00, 9.558673E-02
2.923690E-08, 1.0248724E+00, 9.553572E-02
2.925253E-08, 1.0251275E+00, 9.544643E-02
2.926815E-08, 1.0253826E+00, 9.534439E-02
2.928378E-08, 1.0253826E+00, 9.519133E-02
2.929940E-08, 1.0255102E+00, 9.501275E-02
2.931503E-08, 1.0256377E+00, 9.480868E-02
2.933065E-08, 1.0257653E+00, 9.459183E-02
2.934628E-08, 1.0257653E+00, 9.433673E-02
2.936190E-08, 1.0257653E+00, 9.408163E-02
2.937753E-08, 1.0257653E+00, 9.382653E-02
2.939315E-08, 1.0256377E+00, 9.360969E-02
2.940878E-08, 1.0251275E+00, 9.336735E-02
2.942440E-08, 1.0246173E+00, 9.316327E-02
2.944003E-08, 1.0239795E+00, 9.298469E-02
2.945565E-08, 1.0233419E+00, 9.283163E-02
2.947128E-08, 1.0224490E+00, 9.267857E-02
2.948690E-08, 1.0215561E+00, 9.255102E-02
2.950253E-08, 1.0207908E+00, 9.244898E-02
2.951815E-08, 1.0200255E+00, 9.237245E-02
2.953378E-08, 1.0190051E+00, 9.230867E-02
2.954940E-08, 1.0179847E+00, 9.227041E-02
2.956503E-08, 1.0168368E+00, 9.224490E-02
2.958065E-08, 1.0159439E+00, 9.224490E-02
2.959628E-08, 1.0146683E+00, 9.223215E-02
2.961190E-08, 1.0135204E+00, 9.223215E-02
2.962753E-08, 1.0123725E+00, 9.221939E-02
2.964315E-08, 1.0114796E+00, 9.220663E-02
2.965878E-08, 1.0104592E+00, 9.215561E-02
2.967440E-08, 1.0096939E+00, 9.210459E-02
2.969003E-08, 1.0090561E+00, 9.204081E-02
2.970565E-08, 1.0085459E+00, 9.197704E-02
2.972128E-08, 1.0080357E+00, 9.188776E-02
2.973690E-08, 1.0077807E+00, 9.179847E-02
2.975253E-08, 1.0075256E+00, 9.170918E-02
2.976815E-08, 1.0076531E+00, 9.161990E-02
2.978378E-08, 1.0075256E+00, 9.151786E-02
2.979940E-08, 1.0077807E+00, 9.142857E-02
2.981503E-08, 1.0080357E+00, 9.133928E-02
2.983065E-08, 1.0085459E+00, 9.128827E-02
2.984628E-08, 1.0089285E+00, 9.122449E-02
2.986190E-08, 1.0094388E+00, 9.119898E-02
2.987753E-08, 1.0099490E+00, 9.119898E-02
2.989315E-08, 1.0105867E+00, 9.123725E-02
2.990878E-08, 1.0110970E+00, 9.128827E-02
2.992440E-08, 1.0117347E+00, 9.137755E-02
2.994003E-08, 1.0125000E+00, 9.149235E-02
2.995565E-08, 1.0136479E+00, 9.165816E-02
2.997128E-08, 1.0145408E+00, 9.183674E-02
2.998690E-08, 1.0156888E+00, 9.205357E-02
3.000253E-08, 1.0169643E+00, 9.229591E-02
3.001815E-08, 1.0182397E+00, 9.258929E-02
3.003378E-08, 1.0193877E+00, 9.289541E-02
3.004940E-08, 1.0205357E+00, 9.322704E-02
3.006503E-08, 1.0216837E+00, 9.357143E-02
3.008065E-08, 1.0227041E+00, 9.392857E-02
3.009628E-08, 1.0235969E+00, 9.426020E-02
3.011190E-08, 1.0244898E+00, 9.457908E-02
3.012753E-08, 1.0253826E+00, 9.488521E-02
3.014315E-08, 1.0264031E+00, 9.516582E-02
3.015878E-08, 1.0271684E+00, 9.539541E-02
3.017440E-08, 1.0279337E+00, 9.561224E-02
3.019003E-08, 1.0285715E+00, 9.580357E-02
3.020565E-08, 1.0293367E+00, 9.595663E-02
3.022128E-08, 1.0295918E+00, 9.607143E-02
3.023690E-08, 1.0298469E+00, 9.614796E-02
3.025253E-08, 1.0299745E+00, 9.618623E-02
3.026815E-08, 1.0299745E+00, 9.619898E-02
3.028378E-08, 1.0294642E+00, 9.614796E-02
3.029940E-08, 1.0289540E+00, 9.608418E-02
3.031503E-08, 1.0281888E+00, 9.598214E-02
3.033065E-08, 1.0274235E+00, 9.585460E-02
3.034628E-08, 1.0261480E+00, 9.568878E-02
3.036190E-08, 1.0250000E+00, 9.549745E-02
3.037753E-08, 1.0237244E+00, 9.529337E-02
3.039315E-08, 1.0225766E+00, 9.508929E-02
3.040878E-08, 1.0211735E+00, 9.484694E-02
3.042440E-08, 1.0198979E+00, 9.463010E-02
3.044003E-08, 1.0186224E+00, 9.443878E-02
3.045565E-08, 1.0176021E+00, 9.426020E-02
3.047128E-08, 1.0161990E+00, 9.409439E-02
3.048690E-08, 1.0149235E+00, 9.396683E-02
3.050253E-08, 1.0139030E+00, 9.386480E-02
3.051815E-08, 1.0130103E+00, 9.378827E-02
3.053378E-08, 1.0121174E+00, 9.369898E-02
3.054940E-08, 1.0116072E+00, 9.364796E-02
3.056503E-08, 1.0114796E+00, 9.360969E-02
3.058065E-08, 1.0116072E+00, 9.360969E-02
3.059628E-08, 1.0118623E+00, 9.360969E-02
3.061190E-08, 1.0122449E+00, 9.364796E-02
3.062753E-08, 1.0128827E+00, 9.371173E-02
3.064315E-08, 1.0137755E+00, 9.380102E-02
3.065878E-08, 1.0144132E+00, 9.387755E-02
3.067440E-08, 1.0153061E+00, 9.396683E-02
3.069003E-08, 1.0164541E+00, 9.404337E-02
3.070565E-08, 1.0178572E+00, 9.410714E-02
3.072128E-08, 1.0192602E+00, 9.413265E-02
3.073690E-08, 1.0209184E+00, 9.414541E-02
3.075253E-08, 1.0227041E+00, 9.415817E-02
3.076815E-08, 1.0246173E+00, 9.415817E-02
3.078378E-08, 1.0262755E+00, 9.413265E-02
3.079940E-08, 1.0279337E+00, 9.411990E-02
3.081503E-08, 1.0294642E+00, 9.408163E-02
3.083065E-08, 1.0309949E+00, 9.405612E-02
3.084628E-08, 1.0321429E+00, 9.399235E-02
3.086190E-08, 1.0331633E+00, 9.391581E-02
3.087753E-08, 1.0340561E+00, 9.383929E-02
3.089315E-08, 1.0348214E+00, 9.375000E-02
3.090878E-08, 1.0352041E+00, 9.364796E-02
3.092440E-08, 1.0353316E+00, 9.357143E-02
3.094003E-08, 1.0352041E+00, 9.350765E-02
3.095565E-08, 1.0348214E+00, 9.346939E-02
3.097128E-08, 1.0339285E+00, 9.341837E-02
3.098690E-08, 1.0330358E+00, 9.338010E-02
3.100253E-08, 1.0317602E+00, 9.336735E-02
3.101815E-08, 1.0306122E+00, 9.336735E-02
3.103378E-08, 1.0290816E+00, 9.334183E-02
3.104940E-08, 1.0276786E+00, 9.334183E-02
3.106503E-08, 1.0262755E+00, 9.335459E-02
3.108065E-08, 1.0250000E+00, 9.339286E-02
3.109628E-08, 1.0233419E+00, 9.341837E-02
3.111190E-08, 1.0219388E+00, 9.346939E-02
3.112753E-08, 1.0206633E+00, 9.352041E-02
3.114315E-08, 1.0196428E+00, 9.357143E-02
3.115878E-08, 1.0186224E+00, 9.358419E-02
3.117440E-08, 1.0179847E+00, 9.359694E-02
3.119003E-08, 1.0176021E+00, 9.358419E-02
3.120565E-08, 1.0176021E+00, 9.355868E-02
3.122128E-08, 1.0176021E+00, 9.350765E-02
3.123690E-08, 1.0179847E+00, 9.344388E-02
3.125253E-08, 1.0184948E+00, 9.336735E-02
3.126815E-08, 1.0192602E+00, 9.327806E-02
3.128378E-08, 1.0197704E+00, 9.316327E-02
3.129940E-08, 1.0204082E+00, 9.303571E-02
3.131503E-08, 1.0213010E+00, 9.288266E-02
3.133065E-08, 1.0221939E+00, 9.272959E-02
3.134628E-08, 1.0228317E+00, 9.253827E-02
3.136190E-08, 1.0235969E+00, 9.235969E-02
3.137753E-08, 1.0241071E+00, 9.218112E-02
3.139315E-08, 1.0244898E+00, 9.202806E-02
3.140878E-08, 1.0243622E+00, 9.187500E-02
3.142440E-08, 1.0241071E+00, 9.176020E-02
3.144003E-08, 1.0235969E+00, 9.165816E-02
3.145565E-08, 1.0228317E+00, 9.160715E-02
3.147128E-08, 1.0218112E+00, 9.154337E-02
3.148690E-08, 1.0206633E+00, 9.151786E-02
3.150253E-08, 1.0195153E+00, 9.153061E-02
3.151815E-08, 1.0184948E+00, 9.158164E-02
3.153378E-08, 1.0170919E+00, 9.165816E-02
3.154940E-08, 1.0156888E+00, 9.178571E-02
3.156503E-08, 1.0142857E+00, 9.195153E-02
3.158065E-08, 1.0128827E+00, 9.216837E-02
3.159628E-08, 1.0113521E+00, 9.239796E-02
3.161190E-08, 1.0099490E+00, 9.264030E-02
3.162753E-08, 1.0086734E+00, 9.288266E-02
3.164315E-08, 1.0077807E+00, 9.313776E-02
3.165878E-08, 1.0070153E+00, 9.336735E-02
3.167440E-08, 1.0067602E+00, 9.357143E-02
3.169003E-08, 1.0068878E+00, 9.377551E-02
3.170565E-08, 1.0075256E+00, 9.396683E-02
3.172128E-08, 1.0081632E+00, 9.413265E-02
3.173690E-08, 1.0091836E+00, 9.428571E-02
3.175253E-08, 1.0102041E+00, 9.441327E-02
3.176815E-08, 1.0114796E+00, 9.454082E-02
3.178378E-08, 1.0126276E+00, 9.460459E-02
3.179940E-08, 1.0137755E+00, 9.465561E-02
3.181503E-08, 1.0147959E+00, 9.465561E-02
3.183065E-08, 1.0160714E+00, 9.463010E-02
3.184628E-08, 1.0170919E+00, 9.454082E-02
3.186190E-08, 1.0181123E+00, 9.443878E-02
3.187753E-08, 1.0191326E+00, 9.429847E-02
3.189315E-08, 1.0201530E+00, 9.415817E-02
3.190878E-08, 1.0207908E+00, 9.399235E-02
3.192440E-08, 1.0211735E+00, 9.383929E-02
3.194003E-08, 1.0211735E+00, 9.368622E-02
3.195565E-08, 1.0211735E+00, 9.354592E-02
3.197128E-08, 1.0205357E+00, 9.339286E-02
3.198690E-08, 1.0200255E+00, 9.325255E-02
3.200253E-08, 1.0193877E+00, 9.309949E-02
3.201815E-08, 1.0188775E+00, 9.297194E-02
3.203378E-08, 1.0181123E+00, 9.281888E-02
3.204940E-08, 1.0174745E+00, 9.269132E-02
3.206503E-08, 1.0169643E+00, 9.258929E-02
3.208065E-08, 1.0165817E+00, 9.252551E-02
3.209628E-08, 1.0159439E+00, 9.246174E-02
3.211190E-08, 1.0154337E+00, 9.243622E-02
3.212753E-08, 1.0151786E+00, 9.242347E-02
3.214315E-08, 1.0150510E+00, 9.242347E-02
3.215878E-08, 1.0150510E+00, 9.239796E-02
3.217440E-08, 1.0153061E+00, 9.238520E-02
3.219003E-08, 1.0159439E+00, 9.238520E-02
3.220565E-08, 1.0168368E+00, 9.238520E-02
3.222128E-08, 1.0176021E+00, 9.238520E-02
3.223690E-08, 1.0186224E+00, 9.241071E-02
3.225253E-08, 1.0195153E+00, 9.244898E-02
3.226815E-08, 1.0205357E+00, 9.251276E-02
3.228378E-08, 1.0211735E+00, 9.256378E-02
3.229940E-08, 1.0216837E+00, 9.264030E-02
3.231503E-08, 1.0219388E+00, 9.271684E-02
3.233065E-08, 1.0220664E+00, 9.279337E-02
3.234628E-08, 1.0218112E+00, 9.285714E-02
3.236190E-08, 1.0214286E+00, 9.292092E-02
3.237753E-08, 1.0207908E+00, 9.298469E-02
3.239315E-08, 1.0200255E+00, 9.306122E-02
3.240878E-08, 1.0188775E+00, 9.311225E-02
3.242440E-08, 1.0176021E+00, 9.317602E-02
3.244003E-08, 1.0161990E+00, 9.325255E-02
3.245565E-08, 1.0146683E+00, 9.334183E-02
3.247128E-08, 1.0127552E+00, 9.340561E-02
3.248690E-08, 1.0107143E+00, 9.348214E-02
3.250253E-08, 1.0088010E+00, 9.355868E-02
3.251815E-08, 1.0068878E+00, 9.362245E-02
3.253378E-08, 1.0049745E+00, 9.364796E-02
3.254940E-08, 1.0034438E+00, 9.367347E-02
3.256503E-08, 1.0021684E+00, 9.368622E-02
3.258065E-08, 1.0012755E+00, 9.369898E-02
3.259628E-08, 1.0005102E+00, 9.368622E-02
3.261190E-08, 1.0001276E+00, 9.367347E-02
3.262753E-08, 1.0000000E+00, 9.367347E-02
3.264315E-08, 1.0003827E+00, 9.368622E-02
3.265878E-08, 1.0007653E+00, 9.366071E-02
3.267440E-08, 1.0015306E+00, 9.364796E-02
3.269003E-08, 1.0026785E+00, 9.363520E-02
3.270565E-08, 1.0040816E+00, 9.363520E-02
3.272128E-08, 1.0054847E+00, 9.360969E-02
3.273690E-08, 1.0071429E+00, 9.360969E-02
3.275253E-08, 1.0088010E+00, 9.362245E-02
3.276815E-08, 1.0105867E+00, 9.366071E-02
3.278378E-08, 1.0121174E+00, 9.369898E-02
3.279940E-08, 1.0136479E+00, 9.376276E-02
3.281503E-08, 1.0150510E+00, 9.383929E-02
3.283065E-08, 1.0164541E+00, 9.394132E-02
3.284628E-08, 1.0173470E+00, 9.403061E-02
3.286190E-08, 1.0182397E+00, 9.415817E-02
3.287753E-08, 1.0187500E+00, 9.428571E-02
3.289315E-08, 1.0192602E+00, 9.443878E-02
3.290878E-08, 1.0191326E+00, 9.459183E-02
3.292440E-08, 1.0187500E+00, 9.475765E-02
3.294003E-08, 1.0182397E+00, 9.492347E-02
3.295565E-08, 1.0176021E+00, 9.508929E-02
3.297128E-08, 1.0165817E+00, 9.522959E-02
3.298690E-08, 1.0155612E+00, 9.534439E-02
3.300253E-08, 1.0144132E+00, 9.543367E-02
3.301815E-08, 1.0135204E+00, 9.552296E-02
3.303378E-08, 1.0123725E+00, 9.554847E-02
3.304940E-08, 1.0113521E+00, 9.556122E-02
3.306503E-08, 1.0107143E+00, 9.554847E-02
3.308065E-08, 1.0102041E+00, 9.551021E-02
3.309628E-08, 1.0098214E+00, 9.543367E-02
3.311190E-08, 1.0096939E+00, 9.533163E-02
3.312753E-08, 1.0098214E+00, 9.521683E-02
3.314315E-08, 1.0102041E+00, 9.508929E-02
3.315878E-08, 1.0104592E+00, 9.491071E-02
3.317440E-08, 1.0110970E+00, 9.471939E-02
3.319003E-08, 1.0117347E+00, 9.451531E-02
3.320565E-08, 1.0126276E+00, 9.429847E-02
3.322128E-08, 1.0135204E+00, 9.404337E-02
3.323690E-08, 1.0145408E+00, 9.378827E-02
3.325253E-08, 1.0155612E+00, 9.352041E-02
3.326815E-08, 1.0168368E+00, 9.327806E-02
3.328378E-08, 1.0176021E+00, 9.301020E-02
3.329940E-08, 1.0184948E+00, 9.278061E-02
3.331503E-08, 1.0191326E+00, 9.255102E-02
3.333065E-08, 1.0197704E+00, 9.234694E-02
3.334628E-08, 1.0198979E+00, 9.214286E-02
3.336190E-08, 1.0200255E+00, 9.195153E-02
3.337753E-08, 1.0200255E+00, 9.178571E-02
3.339315E-08, 1.0200255E+00, 9.164540E-02
3.340878E-08, 1.0196428E+00, 9.149235E-02
3.342440E-08, 1.0193877E+00, 9.137755E-02
3.344003E-08, 1.0190051E+00, 9.128827E-02
3.345565E-08, 1.0187500E+00, 9.123725E-02
3.347128E-08, 1.0182397E+00, 9.118623E-02
3.348690E-08, 1.0178572E+00, 9.117347E-02
3.350253E-08, 1.0176021E+00, 9.118623E-02
3.351815E-08, 1.0174745E+00, 9.123725E-02
3.353378E-08, 1.0173470E+00, 9.127551E-02
3.354940E-08, 1.0176021E+00, 9.135204E-02
3.356503E-08, 1.0179847E+00, 9.144133E-02
3.358065E-08, 1.0187500E+00, 9.156888E-02
3.359628E-08, 1.0193877E+00, 9.169643E-02
3.361190E-08, 1.0204082E+00, 9.184949E-02
3.362753E-08, 1.0214286E+00, 9.201530E-02
3.364315E-08, 1.0228317E+00, 9.219388E-02
3.365878E-08, 1.0238520E+00, 9.237245E-02
3.367440E-08, 1.0250000E+00, 9.257653E-02
3.369003E-08, 1.0261480E+00, 9.276786E-02
3.370565E-08, 1.0271684E+00, 9.297194E-02
3.372128E-08, 1.0279337E+00, 9.315051E-02
3.373690E-08, 1.0285715E+00, 9.331632E-02
3.375253E-08, 1.0292091E+00, 9.346939E-02
3.376815E-08, 1.0297194E+00, 9.360969E-02
3.378378E-08, 1.0298469E+00, 9.371173E-02
3.379940E-08, 1.0299745E+00, 9.381378E-02
3.381503E-08, 1.0298469E+00, 9.390306E-02
3.383065E-08, 1.0294642E+00, 9.399235E-02
3.384628E-08, 1.0284439E+00, 9.404337E-02
3.386190E-08, 1.0274235E+00, 9.408163E-02
3.387753E-08, 1.0260204E+00, 9.411990E-02
3.389315E-08, 1.0244898E+00, 9.413265E-02
3.390878E-08, 1.0227041E+00, 9.410714E-02
3.392440E-08, 1.0209184E+00, 9.408163E-02
3.394003E-08, 1.0190051E+00, 9.403061E-02
3.395565E-08, 1.0173470E+00, 9.397959E-02
3.397128E-08, 1.0154337E+00, 9.389031E-02
3.398690E-08, 1.0135204E+00, 9.382653E-02
3.400253E-08, 1.0117347E+00, 9.375000E-02
3.401815E-08, 1.0102041E+00, 9.368622E-02
3.403378E-08, 1.0086734E+00, 9.359694E-02
3.404940E-08, 1.0073980E+00, 9.352041E-02
3.406503E-08, 1.0063776E+00, 9.344388E-02
3.408065E-08, 1.0058674E+00, 9.336735E-02
3.409628E-08, 1.0053571E+00, 9.327806E-02
3.411190E-08, 1.0052296E+00, 9.321429E-02
3.412753E-08, 1.0051020E+00, 9.313776E-02
3.414315E-08, 1.0053571E+00, 9.308673E-02
3.415878E-08, 1.0054847E+00, 9.301020E-02
3.417440E-08, 1.0058674E+00, 9.294643E-02
3.419003E-08, 1.0062500E+00, 9.288266E-02
3.420565E-08, 1.0068878E+00, 9.280612E-02
3.422128E-08, 1.0075256E+00, 9.269132E-02
3.423690E-08, 1.0082908E+00, 9.257653E-02
3.425253E-08, 1.0091836E+00, 9.246174E-02
3.426815E-08, 1.0103316E+00, 9.234694E-02
3.428378E-08, 1.0110970E+00, 9.221939E-02
3.429940E-08, 1.0119898E+00, 9.210459E-02
3.431503E-08, 1.0127552E+00, 9.198979E-02
3.433065E-08, 1.0136479E+00, 9.188776E-02
3.434628E-08, 1.0140306E+00, 9.178571E-02
3.436190E-08, 1.0144132E+00, 9.168367E-02
3.437753E-08, 1.0147959E+00, 9.158164E-02
3.439315E-08, 1.0150510E+00, 9.150510E-02
3.440878E-08, 1.0150510E+00, 9.141582E-02
3.442440E-08, 1.0151786E+00, 9.133928E-02
3.444003E-08, 1.0151786E+00, 9.128827E-02
3.445565E-08, 1.0154337E+00, 9.125000E-02
3.447128E-08, 1.0155612E+00, 9.122449E-02
3.448690E-08, 1.0158163E+00, 9.122449E-02
3.450253E-08, 1.0161990E+00, 9.125000E-02
3.451815E-08, 1.0167092E+00, 9.131377E-02
3.453378E-08, 1.0172194E+00, 9.137755E-02
3.454940E-08, 1.0177296E+00, 9.147959E-02
3.456503E-08, 1.0184948E+00, 9.159439E-02
3.458065E-08, 1.0193877E+00, 9.174745E-02
3.459628E-08, 1.0201530E+00, 9.188776E-02
3.461190E-08, 1.0210459E+00, 9.204081E-02
3.462753E-08, 1.0219388E+00, 9.219388E-02
3.464315E-08, 1.0230868E+00, 9.235969E-02
3.465878E-08, 1.0239795E+00, 9.248725E-02
3.467440E-08, 1.0250000E+00, 9.261479E-02
3.469003E-08, 1.0260204E+00, 9.272959E-02
3.470565E-08, 1.0271684E+00, 9.281888E-02
3.472128E-08, 1.0279337E+00, 9.288266E-02
3.473690E-08, 1.0286989E+00, 9.292092E-02
3.475253E-08, 1.0292091E+00, 9.293368E-02
3.476815E-08, 1.0297194E+00, 9.292092E-02
3.478378E-08, 1.0298469E+00, 9.286990E-02
3.479940E-08, 1.0298469E+00, 9.279337E-02
3.481503E-08, 1.0295918E+00, 9.269132E-02
3.483065E-08, 1.0294642E+00, 9.256378E-02
3.484628E-08, 1.0288265E+00, 9.239796E-02
3.486190E-08, 1.0283164E+00, 9.223215E-02
3.487753E-08, 1.0276786E+00, 9.204081E-02
3.489315E-08, 1.0272959E+00, 9.184949E-02
3.490878E-08, 1.0266582E+00, 9.164540E-02
3.492440E-08, 1.0262755E+00, 9.145408E-02
3.494003E-08, 1.0258929E+00, 9.128827E-02
3.495565E-08, 1.0255102E+00, 9.116071E-02
3.497128E-08, 1.0250000E+00, 9.103316E-02
3.498690E-08, 1.0244898E+00, 9.095664E-02
3.500253E-08, 1.0239795E+00, 9.091837E-02
3.501815E-08, 1.0235969E+00, 9.091837E-02
3.503378E-08, 1.0230868E+00, 9.093112E-02
3.504940E-08, 1.0227041E+00, 9.096939E-02
3.506503E-08, 1.0224490E+00, 9.104592E-02
3.508065E-08, 1.0225766E+00, 9.114796E-02
3.509628E-08, 1.0224490E+00, 9.125000E-02
3.511190E-08, 1.0225766E+00, 9.139030E-02
3.512753E-08, 1.0228317E+00, 9.155612E-02
3.514315E-08, 1.0229592E+00, 9.174745E-02
3.515878E-08, 1.0227041E+00, 9.193878E-02
3.517440E-08, 1.0224490E+00, 9.215561E-02
3.519003E-08, 1.0220664E+00, 9.235969E-02
3.520565E-08, 1.0218112E+00, 9.257653E-02
3.522128E-08, 1.0210459E+00, 9.274235E-02
3.523690E-08, 1.0205357E+00, 9.289541E-02
3.525253E-08, 1.0198979E+00, 9.303571E-02
3.526815E-08, 1.0193877E+00, 9.315051E-02
3.528378E-08, 1.0186224E+00, 9.323980E-02
3.529940E-08, 1.0178572E+00, 9.331632E-02
3.531503E-08, 1.0170919E+00, 9.338010E-02
3.533065E-08, 1.0163265E+00, 9.344388E-02
3.534628E-08, 1.0154337E+00, 9.346939E-02
3.536190E-08, 1.0145408E+00, 9.348214E-02
3.537753E-08, 1.0139030E+00, 9.349490E-02
3.539315E-08, 1.0135204E+00, 9.349490E-02
3.540878E-08, 1.0131377E+00, 9.346939E-02
3.542440E-08, 1.0130103E+00, 9.345663E-02
3.544003E-08, 1.0130103E+00, 9.343112E-02
3.545565E-08, 1.0133928E+00, 9.344388E-02
3.547128E-08, 1.0136479E+00, 9.343112E-02
3.548690E-08, 1.0141581E+00, 9.345663E-02
3.550253E-08, 1.0149235E+00, 9.348214E-02
3.551815E-08, 1.0161990E+00, 9.353317E-02
3.553378E-08, 1.0173470E+00, 9.357143E-02
3.554940E-08, 1.0188775E+00, 9.362245E-02
3.556503E-08, 1.0206633E+00, 9.368622E-02
3.558065E-08, 1.0227041E+00, 9.378827E-02
3.559628E-08, 1.0244898E+00, 9.386480E-02
3.561190E-08, 1.0264031E+00, 9.397959E-02
3.562753E-08, 1.0280613E+00, 9.410714E-02
3.564315E-08, 1.0298469E+00, 9.424745E-02
3.565878E-08, 1.0309949E+00, 9.434949E-02
3.567440E-08, 1.0322704E+00, 9.445153E-02
3.569003E-08, 1.0331633E+00, 9.454082E-02
3.570565E-08, 1.0340561E+00, 9.461734E-02
3.572128E-08, 1.0344387E+00, 9.465561E-02
3.573690E-08, 1.0345663E+00, 9.468112E-02
3.575253E-08, 1.0345663E+00, 9.468112E-02
3.576815E-08, 1.0341836E+00, 9.468112E-02
3.578378E-08, 1.0334184E+00, 9.464286E-02
3.579940E-08, 1.0325255E+00, 9.459183E-02
3.581503E-08, 1.0312500E+00, 9.454082E-02
3.583065E-08, 1.0301020E+00, 9.447704E-02
3.584628E-08, 1.0283164E+00, 9.437500E-02
3.586190E-08, 1.0266582E+00, 9.427296E-02
3.587753E-08, 1.0247449E+00, 9.418368E-02
3.589315E-08, 1.0228317E+00, 9.409439E-02
3.590878E-08, 1.0206633E+00, 9.397959E-02
3.592440E-08, 1.0186224E+00, 9.387755E-02
3.594003E-08, 1.0167092E+00, 9.377551E-02
3.595565E-08, 1.0150510E+00, 9.369898E-02
3.597128E-08, 1.0133928E+00, 9.359694E-02
3.598690E-08, 1.0122449E+00, 9.352041E-02
3.600253E-08, 1.0113521E+00, 9.345663E-02
3.601815E-08, 1.0108418E+00, 9.343112E-02
3.603378E-08, 1.0104592E+00, 9.341837E-02
3.604940E-08, 1.0103316E+00, 9.343112E-02
3.606503E-08, 1.0104592E+00, 9.348214E-02
3.608065E-08, 1.0108418E+00, 9.355868E-02
3.609628E-08, 1.0112245E+00, 9.362245E-02
3.611190E-08, 1.0119898E+00, 9.371173E-02
3.612753E-08, 1.0130103E+00, 9.381378E-02
3.614315E-08, 1.0142857E+00, 9.392857E-02
3.615878E-08, 1.0154337E+00, 9.403061E-02
3.617440E-08, 1.0168368E+00, 9.415817E-02
3.619003E-08, 1.0182397E+00, 9.427296E-02
3.620565E-08, 1.0197704E+00, 9.441327E-02
3.622128E-08, 1.0210459E+00, 9.454082E-02
3.623690E-08, 1.0223215E+00, 9.465561E-02
3.625253E-08, 1.0234693E+00, 9.478316E-02
3.626815E-08, 1.0246173E+00, 9.489796E-02
3.628378E-08, 1.0252551E+00, 9.498724E-02
3.629940E-08, 1.0257653E+00, 9.506378E-02
3.631503E-08, 1.0260204E+00, 9.514031E-02
3.633065E-08, 1.0260204E+00, 9.520409E-02
3.634628E-08, 1.0255102E+00, 9.521683E-02
3.636190E-08, 1.0250000E+00, 9.522959E-02
3.637753E-08, 1.0242347E+00, 9.521683E-02
3.639315E-08, 1.0235969E+00, 9.519133E-02
3.640878E-08, 1.0227041E+00, 9.511480E-02
3.642440E-08, 1.0220664E+00, 9.505102E-02
3.644003E-08, 1.0214286E+00, 9.497449E-02
3.645565E-08, 1.0209184E+00, 9.492347E-02
3.647128E-08, 1.0201530E+00, 9.484694E-02
3.648690E-08, 1.0193877E+00, 9.480868E-02
3.650253E-08, 1.0187500E+00, 9.478316E-02
3.651815E-08, 1.0183673E+00, 9.478316E-02
3.653378E-08, 1.0177296E+00, 9.475765E-02
3.654940E-08, 1.0174745E+00, 9.474490E-02
3.656503E-08, 1.0174745E+00, 9.474490E-02
3.658065E-08, 1.0177296E+00, 9.475765E-02
3.659628E-08, 1.0181123E+00, 9.475765E-02
3.661190E-08, 1.0186224E+00, 9.477041E-02
3.662753E-08, 1.0192602E+00, 9.480868E-02
3.664315E-08, 1.0200255E+00, 9.487245E-02
3.665878E-08, 1.0205357E+00, 9.492347E-02
3.667440E-08, 1.0211735E+00, 9.497449E-02
3.669003E-08, 1.0216837E+00, 9.503826E-02
3.670565E-08, 1.0223215E+00, 9.508929E-02
3.672128E-08, 1.0227041E+00, 9.510204E-02
3.673690E-08, 1.0230868E+00, 9.510204E-02
3.675253E-08, 1.0234693E+00, 9.508929E-02
3.676815E-08, 1.0239795E+00, 9.507653E-02
3.678378E-08, 1.0239795E+00, 9.501275E-02
3.679940E-08, 1.0238520E+00, 9.494898E-02
3.681503E-08, 1.0237244E+00, 9.487245E-02
3.683065E-08, 1.0234693E+00, 9.478316E-02
3.684628E-08, 1.0229592E+00, 9.465561E-02
3.686190E-08, 1.0224490E+00, 9.451531E-02
3.687753E-08, 1.0220664E+00, 9.433673E-02
3.689315E-08, 1.0220664E+00, 9.417092E-02
3.690878E-08, 1.0218112E+00, 9.396683E-02
3.692440E-08, 1.0218112E+00, 9.377551E-02
3.694003E-08, 1.0218112E+00, 9.360969E-02
3.695565E-08, 1.0220664E+00, 9.345663E-02
3.697128E-08, 1.0220664E+00, 9.330357E-02
3.698690E-08, 1.0221939E+00, 9.318878E-02
3.700253E-08, 1.0224490E+00, 9.308673E-02
3.701815E-08, 1.0228317E+00, 9.299745E-02
3.703378E-08, 1.0233419E+00, 9.289541E-02
3.704940E-08, 1.0239795E+00, 9.281888E-02
3.706503E-08, 1.0248724E+00, 9.275510E-02
3.708065E-08, 1.0260204E+00, 9.272959E-02
3.709628E-08, 1.0270408E+00, 9.270408E-02
3.711190E-08, 1.0280613E+00, 9.271684E-02
3.712753E-08, 1.0289540E+00, 9.276786E-02
3.714315E-08, 1.0298469E+00, 9.284439E-02
3.715878E-08, 1.0302296E+00, 9.292092E-02
3.717440E-08, 1.0306122E+00, 9.301020E-02
3.719003E-08, 1.0308673E+00, 9.309949E-02
3.720565E-08, 1.0309949E+00, 9.318878E-02
3.722128E-08, 1.0307398E+00, 9.323980E-02
3.723690E-08, 1.0304847E+00, 9.330357E-02
3.725253E-08, 1.0299745E+00, 9.336735E-02
3.726815E-08, 1.0293367E+00, 9.343112E-02
3.728378E-08, 1.0281888E+00, 9.346939E-02
3.729940E-08, 1.0270408E+00, 9.350765E-02
3.731503E-08, 1.0255102E+00, 9.354592E-02
3.733065E-08, 1.0241071E+00, 9.357143E-02
3.734628E-08, 1.0221939E+00, 9.355868E-02
3.736190E-08, 1.0205357E+00, 9.353317E-02
3.737753E-08, 1.0190051E+00, 9.348214E-02
3.739315E-08, 1.0177296E+00, 9.344388E-02
3.740878E-08, 1.0163265E+00, 9.336735E-02
3.742440E-08, 1.0151786E+00, 9.331632E-02
3.744003E-08, 1.0144132E+00, 9.326530E-02
3.745565E-08, 1.0139030E+00, 9.322704E-02
3.747128E-08, 1.0133928E+00, 9.318878E-02
3.748690E-08, 1.0133928E+00, 9.317602E-02
3.750253E-08, 1.0135204E+00, 9.317602E-02
3.751815E-08, 1.0141581E+00, 9.320153E-02
3.753378E-08, 1.0147959E+00, 9.320153E-02
3.754940E-08, 1.0156888E+00, 9.322704E-02
3.756503E-08, 1.0169643E+00, 9.325255E-02
3.758065E-08, 1.0184948E+00, 9.330357E-02
3.759628E-08, 1.0201530E+00, 9.332908E-02
3.761190E-08, 1.0221939E+00, 9.338010E-02
3.762753E-08, 1.0242347E+00, 9.344388E-02
3.764315E-08, 1.0265306E+00, 9.353317E-02
3.765878E-08, 1.0285715E+00, 9.360969E-02
3.767440E-08, 1.0304847E+00, 9.371173E-02
3.769003E-08, 1.0321429E+00, 9.381378E-02
3.770565E-08, 1.0335460E+00, 9.391581E-02
3.772128E-08, 1.0343112E+00, 9.399235E-02
3.773690E-08, 1.0349489E+00, 9.406888E-02
3.775253E-08, 1.0353316E+00, 9.410714E-02
3.776815E-08, 1.0354592E+00, 9.413265E-02
3.778378E-08, 1.0352041E+00, 9.411990E-02
3.779940E-08, 1.0349489E+00, 9.408163E-02
3.781503E-08, 1.0343112E+00, 9.403061E-02
3.783065E-08, 1.0334184E+00, 9.397959E-02
3.784628E-08, 1.0320153E+00, 9.390306E-02
3.786190E-08, 1.0304847E+00, 9.383929E-02
3.787753E-08, 1.0286989E+00, 9.375000E-02
3.789315E-08, 1.0269133E+00, 9.366071E-02
3.790878E-08, 1.0248724E+00, 9.354592E-02
3.792440E-08, 1.0229592E+00, 9.340561E-02
3.794003E-08, 1.0213010E+00, 9.326530E-02
3.795565E-08, 1.0198979E+00, 9.312500E-02
3.797128E-08, 1.0183673E+00, 9.297194E-02
3.798690E-08, 1.0172194E+00, 9.283163E-02
3.800253E-08, 1.0161990E+00, 9.271684E-02
3.801815E-08, 1.0154337E+00, 9.262755E-02
3.803378E-08, 1.0147959E+00, 9.253827E-02
3.804940E-08, 1.0142857E+00, 9.247449E-02
3.806503E-08, 1.0141581E+00, 9.242347E-02
3.808065E-08, 1.0142857E+00, 9.241071E-02
3.809628E-08, 1.0144132E+00, 9.237245E-02
3.811190E-08, 1.0149235E+00, 9.237245E-02
3.812753E-08, 1.0154337E+00, 9.239796E-02
3.814315E-08, 1.0163265E+00, 9.244898E-02
3.815878E-08, 1.0169643E+00, 9.248725E-02
3.817440E-08, 1.0178572E+00, 9.255102E-02
3.819003E-08, 1.0187500E+00, 9.264030E-02
3.820565E-08, 1.0198979E+00, 9.274235E-02
3.822128E-08, 1.0206633E+00, 9.283163E-02
3.823690E-08, 1.0214286E+00, 9.293368E-02
3.825253E-08, 1.0221939E+00, 9.304847E-02
3.826815E-08, 1.0228317E+00, 9.317602E-02
3.828378E-08, 1.0232143E+00, 9.327806E-02
3.829940E-08, 1.0234693E+00, 9.338010E-02
3.831503E-08, 1.0237244E+00, 9.346939E-02
3.833065E-08, 1.0239795E+00, 9.355868E-02
3.834628E-08, 1.0239795E+00, 9.360969E-02
3.836190E-08, 1.0241071E+00, 9.366071E-02
3.837753E-08, 1.0242347E+00, 9.369898E-02
3.839315E-08, 1.0243622E+00, 9.373724E-02
3.840878E-08, 1.0243622E+00, 9.373724E-02
3.842440E-08, 1.0243622E+00, 9.375000E-02
3.844003E-08, 1.0244898E+00, 9.373724E-02
3.845565E-08, 1.0250000E+00, 9.373724E-02
3.847128E-08, 1.0252551E+00, 9.369898E-02
3.848690E-08, 1.0257653E+00, 9.367347E-02
3.850253E-08, 1.0264031E+00, 9.364796E-02
3.851815E-08, 1.0272959E+00, 9.363520E-02
3.853378E-08, 1.0278062E+00, 9.362245E-02
3.854940E-08, 1.0284439E+00, 9.362245E-02
3.856503E-08, 1.0289540E+00, 9.363520E-02
3.858065E-08, 1.0294642E+00, 9.367347E-02
3.859628E-08, 1.0295918E+00, 9.369898E-02
3.861190E-08, 1.0298469E+00, 9.373724E-02
3.862753E-08, 1.0301020E+00, 9.377551E-02
3.864315E-08, 1.0304847E+00, 9.383929E-02
3.865878E-08, 1.0306122E+00, 9.389031E-02
3.867440E-08, 1.0306122E+00, 9.396683E-02
3.869003E-08, 1.0303571E+00, 9.406888E-02
3.870565E-08, 1.0301020E+00, 9.419643E-02
3.872128E-08, 1.0293367E+00, 9.432398E-02
3.873690E-08, 1.0284439E+00, 9.446429E-02
3.875253E-08, 1.0274235E+00, 9.461734E-02
3.876815E-08, 1.0264031E+00, 9.477041E-02
3.878378E-08, 1.0251275E+00, 9.488521E-02
3.879940E-08, 1.0238520E+00, 9.501275E-02
3.881503E-08, 1.0225766E+00, 9.512755E-02
3.883065E-08, 1.0215561E+00, 9.522959E-02
3.884628E-08, 1.0201530E+00, 9.530612E-02
3.886190E-08, 1.0188775E+00, 9.538265E-02
3.887753E-08, 1.0176021E+00, 9.543367E-02
3.889315E-08, 1.0165817E+00, 9.547194E-02
3.890878E-08, 1.0154337E+00, 9.547194E-02
3.892440E-08, 1.0145408E+00, 9.545919E-02
3.894003E-08, 1.0140306E+00, 9.540816E-02
3.895565E-08, 1.0137755E+00, 9.535714E-02
3.897128E-08, 1.0136479E+00, 9.525510E-02
3.898690E-08, 1.0139030E+00, 9.515306E-02
3.900253E-08, 1.0142857E+00, 9.503826E-02
3.901815E-08, 1.0149235E+00, 9.493622E-02
3.903378E-08, 1.0154337E+00, 9.479592E-02
3.904940E-08, 1.0159439E+00, 9.466837E-02
3.906503E-08, 1.0165817E+00, 9.452806E-02
3.908065E-08, 1.0173470E+00, 9.440051E-02
3.909628E-08, 1.0178572E+00, 9.424745E-02
3.911190E-08, 1.0186224E+00, 9.408163E-02
3.912753E-08, 1.0193877E+00, 9.392857E-02
3.914315E-08, 1.0202806E+00, 9.377551E-02
3.915878E-08, 1.0209184E+00, 9.359694E-02
3.917440E-08, 1.0216837E+00, 9.345663E-02
3.919003E-08, 1.0224490E+00, 9.331632E-02
3.920565E-08, 1.0232143E+00, 9.321429E-02
3.922128E-08, 1.0237244E+00, 9.309949E-02
3.923690E-08, 1.0242347E+00, 9.301020E-02
3.925253E-08, 1.0247449E+00, 9.293368E-02
3.926815E-08, 1.0253826E+00, 9.286990E-02
3.928378E-08, 1.0257653E+00, 9.280612E-02
3.929940E-08, 1.0262755E+00, 9.274235E-02
3.931503E-08, 1.0267857E+00, 9.269132E-02
3.933065E-08, 1.0275511E+00, 9.266581E-02
3.934628E-08, 1.0280613E+00, 9.260204E-02
3.936190E-08, 1.0289540E+00, 9.256378E-02
3.937753E-08, 1.0299745E+00, 9.252551E-02
3.939315E-08, 1.0312500E+00, 9.251276E-02
3.940878E-08, 1.0325255E+00, 9.247449E-02
3.942440E-08, 1.0340561E+00, 9.244898E-02
3.944003E-08, 1.0357143E+00, 9.244898E-02
3.945565E-08, 1.0375000E+00, 9.246174E-02
3.947128E-08, 1.0390307E+00, 9.247449E-02
3.948690E-08, 1.0404336E+00, 9.251276E-02
3.950253E-08, 1.0418367E+00, 9.255102E-02
3.951815E-08, 1.0431123E+00, 9.260204E-02
3.953378E-08, 1.0440052E+00, 9.262755E-02
3.954940E-08, 1.0447704E+00, 9.266581E-02
3.956503E-08, 1.0455357E+00, 9.269132E-02
3.958065E-08, 1.0463010E+00, 9.274235E-02
3.959628E-08, 1.0465561E+00, 9.276786E-02
3.961190E-08, 1.0466837E+00, 9.281888E-02
3.962753E-08, 1.0463010E+00, 9.288266E-02
3.964315E-08, 1.0456632E+00, 9.297194E-02
3.965878E-08, 1.0441327E+00, 9.306122E-02
3.967440E-08, 1.0423470E+00, 9.316327E-02
3.969003E-08, 1.0401785E+00, 9.326530E-02
3.970565E-08, 1.0376276E+00, 9.336735E-02
3.972128E-08, 1.0346938E+00, 9.344388E-02
3.973690E-08, 1.0316327E+00, 9.352041E-02
3.975253E-08, 1.0284439E+00, 9.359694E-02
3.976815E-08, 1.0252551E+00, 9.367347E-02
3.978378E-08, 1.0219388E+00, 9.372449E-02
3.979940E-08, 1.0186224E+00, 9.380102E-02
3.981503E-08, 1.0153061E+00, 9.387755E-02
3.983065E-08, 1.0123725E+00, 9.396683E-02
3.984628E-08, 1.0091836E+00, 9.403061E-02
3.986190E-08, 1.0065051E+00, 9.410714E-02
3.987753E-08, 1.0040816E+00, 9.417092E-02
3.989315E-08, 1.0021684E+00, 9.423470E-02
3.990878E-08, 1.0005102E+00, 9.427296E-02
3.992440E-08, 9.993622E-01, 9.431122E-02
3.994003E-08, 9.987245E-01, 9.433673E-02
3.995565E-08, 9.985970E-01, 9.438775E-02
3.997128E-08, 9.987245E-01, 9.440051E-02
3.998690E-08, 9.993622E-01, 9.442602E-02
4.000253E-08, 1.0003827E+00, 9.445153E-02
4.001815E-08, 1.0017858E+00, 9.447704E-02
4.003378E-08, 1.0033163E+00, 9.447704E-02
4.004940E-08, 1.0052296E+00, 9.447704E-02
4.006503E-08, 1.0073980E+00, 9.446429E-02
4.008065E-08, 1.0099490E+00, 9.445153E-02
4.009628E-08, 1.0122449E+00, 9.441327E-02
4.011190E-08, 1.0147959E+00, 9.438775E-02
4.012753E-08, 1.0172194E+00, 9.434949E-02
4.014315E-08, 1.0197704E+00, 9.433673E-02
4.015878E-08, 1.0218112E+00, 9.428571E-02
4.017440E-08, 1.0237244E+00, 9.426020E-02
4.019003E-08, 1.0252551E+00, 9.422194E-02
4.020565E-08, 1.0266582E+00, 9.419643E-02
4.022128E-08, 1.0274235E+00, 9.415817E-02
4.023690E-08, 1.0278062E+00, 9.411990E-02
4.025253E-08, 1.0279337E+00, 9.408163E-02
4.026815E-08, 1.0278062E+00, 9.405612E-02
4.028378E-08, 1.0271684E+00, 9.399235E-02
4.029940E-08, 1.0264031E+00, 9.395408E-02
4.031503E-08, 1.0255102E+00, 9.391581E-02
4.033065E-08, 1.0244898E+00, 9.387755E-02
4.034628E-08, 1.0232143E+00, 9.383929E-02
4.036190E-08, 1.0219388E+00, 9.381378E-02
4.037753E-08, 1.0205357E+00, 9.380102E-02
4.039315E-08, 1.0192602E+00, 9.381378E-02
4.040878E-08, 1.0177296E+00, 9.381378E-02
4.042440E-08, 1.0163265E+00, 9.383929E-02
4.044003E-08, 1.0150510E+00, 9.385204E-02
4.045565E-08, 1.0140306E+00, 9.389031E-02
4.047128E-08, 1.0128827E+00, 9.389031E-02
4.048690E-08, 1.0122449E+00, 9.391581E-02
4.050253E-08, 1.0117347E+00, 9.392857E-02
4.051815E-08, 1.0117347E+00, 9.394132E-02
4.053378E-08, 1.0116072E+00, 9.394132E-02
4.054940E-08, 1.0118623E+00, 9.395408E-02
4.056503E-08, 1.0123725E+00, 9.396683E-02
4.058065E-08, 1.0131377E+00, 9.397959E-02
4.059628E-08, 1.0137755E+00, 9.397959E-02
4.061190E-08, 1.0147959E+00, 9.397959E-02
4.062753E-08, 1.0156888E+00, 9.397959E-02
4.064315E-08, 1.0169643E+00, 9.397959E-02
4.065878E-08, 1.0178572E+00, 9.396683E-02
4.067440E-08, 1.0188775E+00, 9.395408E-02
4.069003E-08, 1.0198979E+00, 9.394132E-02
4.070565E-08, 1.0207908E+00, 9.395408E-02
4.072128E-08, 1.0214286E+00, 9.394132E-02
4.073690E-08, 1.0220664E+00, 9.394132E-02
4.075253E-08, 1.0224490E+00, 9.395408E-02
4.076815E-08, 1.0228317E+00, 9.396683E-02
4.078378E-08, 1.0228317E+00, 9.396683E-02
4.079940E-08, 1.0228317E+00, 9.399235E-02
4.081503E-08, 1.0228317E+00, 9.401786E-02
4.083065E-08, 1.0229592E+00, 9.406888E-02
4.084628E-08, 1.0227041E+00, 9.411990E-02
4.086190E-08, 1.0228317E+00, 9.418368E-02
4.087753E-08, 1.0228317E+00, 9.427296E-02
4.089315E-08, 1.0230868E+00, 9.438775E-02
4.090878E-08, 1.0230868E+00, 9.448980E-02
4.092440E-08, 1.0232143E+00, 9.461734E-02
4.094003E-08, 1.0233419E+00, 9.475765E-02
4.095565E-08, 1.0235969E+00, 9.491071E-02
4.097128E-08, 1.0235969E+00, 9.503826E-02
4.098690E-08, 1.0235969E+00, 9.516582E-02
4.100253E-08, 1.0238520E+00, 9.529337E-02
4.101815E-08, 1.0242347E+00, 9.539541E-02
4.103378E-08, 1.0244898E+00, 9.547194E-02
4.104940E-08, 1.0251275E+00, 9.552296E-02
4.106503E-08, 1.0258929E+00, 9.557398E-02
4.108065E-08, 1.0269133E+00, 9.561224E-02
4.109628E-08, 1.0276786E+00, 9.561224E-02
4.111190E-08, 1.0284439E+00, 9.562500E-02
4.112753E-08, 1.0292091E+00, 9.562500E-02
4.114315E-08, 1.0298469E+00, 9.563775E-02
4.115878E-08, 1.0299745E+00, 9.559949E-02
4.117440E-08, 1.0301020E+00, 9.554847E-02
4.119003E-08, 1.0299745E+00, 9.548470E-02
4.120565E-08, 1.0299745E+00, 9.542092E-02
4.122128E-08, 1.0294642E+00, 9.530612E-02
4.123690E-08, 1.0289540E+00, 9.519133E-02
4.125253E-08, 1.0283164E+00, 9.507653E-02
4.126815E-08, 1.0275511E+00, 9.497449E-02
4.128378E-08, 1.0265306E+00, 9.485970E-02
4.129940E-08, 1.0253826E+00, 9.477041E-02
4.131503E-08, 1.0241071E+00, 9.469388E-02
4.133065E-08, 1.0228317E+00, 9.464286E-02
4.134628E-08, 1.0213010E+00, 9.457908E-02
4.136190E-08, 1.0198979E+00, 9.454082E-02
4.137753E-08, 1.0183673E+00, 9.451531E-02
4.139315E-08, 1.0169643E+00, 9.451531E-02
4.140878E-08, 1.0154337E+00, 9.450255E-02
4.142440E-08, 1.0140306E+00, 9.452806E-02
4.144003E-08, 1.0126276E+00, 9.455357E-02
4.145565E-08, 1.0114796E+00, 9.460459E-02
4.147128E-08, 1.0103316E+00, 9.463010E-02
4.148690E-08, 1.0095663E+00, 9.466837E-02
4.150253E-08, 1.0089285E+00, 9.471939E-02
4.151815E-08, 1.0085459E+00, 9.477041E-02
4.153378E-08, 1.0081632E+00, 9.479592E-02
4.154940E-08, 1.0079081E+00, 9.483419E-02
4.156503E-08, 1.0076531E+00, 9.485970E-02
4.158065E-08, 1.0075256E+00, 9.489796E-02
4.159628E-08, 1.0071429E+00, 9.488521E-02
4.161190E-08, 1.0070153E+00, 9.485970E-02
4.162753E-08, 1.0070153E+00, 9.479592E-02
4.164315E-08, 1.0073980E+00, 9.471939E-02
4.165878E-08, 1.0075256E+00, 9.459183E-02
4.167440E-08, 1.0080357E+00, 9.445153E-02
4.169003E-08, 1.0084183E+00, 9.432398E-02
4.170565E-08, 1.0088010E+00, 9.419643E-02
4.172128E-08, 1.0089285E+00, 9.404337E-02
4.173690E-08, 1.0089285E+00, 9.391581E-02
4.175253E-08, 1.0089285E+00, 9.378827E-02
4.176815E-08, 1.0090561E+00, 9.367347E-02
4.178378E-08, 1.0089285E+00, 9.352041E-02
4.179940E-08, 1.0090561E+00, 9.338010E-02
4.181503E-08, 1.0094388E+00, 9.325255E-02
4.183065E-08, 1.0098214E+00, 9.316327E-02
4.184628E-08, 1.0102041E+00, 9.307398E-02
4.186190E-08, 1.0105867E+00, 9.303571E-02
4.187753E-08, 1.0109694E+00, 9.303571E-02
4.189315E-08, 1.0114796E+00, 9.308673E-02
4.190878E-08, 1.0118623E+00, 9.315051E-02
4.192440E-08, 1.0123725E+00, 9.323980E-02
4.194003E-08, 1.0131377E+00, 9.335459E-02
4.195565E-08, 1.0141581E+00, 9.349490E-02
4.197128E-08, 1.0150510E+00, 9.363520E-02
4.198690E-08, 1.0160714E+00, 9.380102E-02
4.200253E-08, 1.0172194E+00, 9.399235E-02
4.201815E-08, 1.0182397E+00, 9.420919E-02
4.203378E-08, 1.0190051E+00, 9.441327E-02
4.204940E-08, 1.0198979E+00, 9.461734E-02
4.206503E-08, 1.0205357E+00, 9.482143E-02
4.208065E-08, 1.0214286E+00, 9.500000E-02
4.209628E-08, 1.0219388E+00, 9.514031E-02
4.211190E-08, 1.0225766E+00, 9.524234E-02
4.212753E-08, 1.0232143E+00, 9.531888E-02
4.214315E-08, 1.0237244E+00, 9.538265E-02
4.215878E-08, 1.0238520E+00, 9.540816E-02
4.217440E-08, 1.0239795E+00, 9.540816E-02
4.219003E-08, 1.0237244E+00, 9.539541E-02
4.220565E-08, 1.0235969E+00, 9.535714E-02
4.222128E-08, 1.0229592E+00, 9.526785E-02
4.223690E-08, 1.0224490E+00, 9.515306E-02
4.225253E-08, 1.0218112E+00, 9.501275E-02
4.226815E-08, 1.0214286E+00, 9.487245E-02
4.228378E-08, 1.0207908E+00, 9.469388E-02
4.229940E-08, 1.0201530E+00, 9.451531E-02
4.231503E-08, 1.0196428E+00, 9.434949E-02
4.233065E-08, 1.0191326E+00, 9.420919E-02
4.234628E-08, 1.0184948E+00, 9.406888E-02
4.236190E-08, 1.0179847E+00, 9.394132E-02
4.237753E-08, 1.0176021E+00, 9.382653E-02
4.239315E-08, 1.0173470E+00, 9.375000E-02
4.240878E-08, 1.0170919E+00, 9.364796E-02
4.242440E-08, 1.0170919E+00, 9.358419E-02
4.244003E-08, 1.0172194E+00, 9.354592E-02
4.245565E-08, 1.0176021E+00, 9.353317E-02
4.247128E-08, 1.0179847E+00, 9.352041E-02
4.248690E-08, 1.0184948E+00, 9.353317E-02
4.250253E-08, 1.0191326E+00, 9.357143E-02
4.251815E-08, 1.0200255E+00, 9.362245E-02
4.253378E-08, 1.0206633E+00, 9.366071E-02
4.254940E-08, 1.0215561E+00, 9.371173E-02
4.256503E-08, 1.0223215E+00, 9.376276E-02
4.258065E-08, 1.0233419E+00, 9.382653E-02
4.259628E-08, 1.0239795E+00, 9.386480E-02
4.261190E-08, 1.0246173E+00, 9.390306E-02
4.262753E-08, 1.0253826E+00, 9.392857E-02
4.264315E-08, 1.0261480E+00, 9.394132E-02
4.265878E-08, 1.0266582E+00, 9.391581E-02
4.267440E-08, 1.0271684E+00, 9.389031E-02
4.269003E-08, 1.0276786E+00, 9.385204E-02
4.270565E-08, 1.0281888E+00, 9.381378E-02
4.272128E-08, 1.0284439E+00, 9.375000E-02
4.273690E-08, 1.0288265E+00, 9.369898E-02
4.275253E-08, 1.0290816E+00, 9.364796E-02
4.276815E-08, 1.0293367E+00, 9.360969E-02
4.278378E-08, 1.0293367E+00, 9.357143E-02
4.279940E-08, 1.0293367E+00, 9.354592E-02
4.281503E-08, 1.0293367E+00, 9.353317E-02
4.283065E-08, 1.0294642E+00, 9.354592E-02
4.284628E-08, 1.0293367E+00, 9.355868E-02
4.286190E-08, 1.0294642E+00, 9.358419E-02
4.287753E-08, 1.0298469E+00, 9.364796E-02
4.289315E-08, 1.0303571E+00, 9.373724E-02
4.290878E-08, 1.0308673E+00, 9.383929E-02
4.292440E-08, 1.0317602E+00, 9.397959E-02
4.294003E-08, 1.0326531E+00, 9.415817E-02
4.295565E-08, 1.0338011E+00, 9.437500E-02
4.297128E-08, 1.0345663E+00, 9.460459E-02
4.298690E-08, 1.0355867E+00, 9.487245E-02
4.300253E-08, 1.0364796E+00, 9.514031E-02
4.301815E-08, 1.0375000E+00, 9.544643E-02
4.303378E-08, 1.0382653E+00, 9.571429E-02
4.304940E-08, 1.0392857E+00, 9.598214E-02
4.306503E-08, 1.0403061E+00, 9.622449E-02
4.308065E-08, 1.0413265E+00, 9.647959E-02
4.309628E-08, 1.0422194E+00, 9.667092E-02
4.311190E-08, 1.0431123E+00, 9.687500E-02
4.312753E-08, 1.0438776E+00, 9.704082E-02
4.314315E-08, 1.0446428E+00, 9.720663E-02
4.315878E-08, 1.0450255E+00, 9.730867E-02
4.317440E-08, 1.0452806E+00, 9.739796E-02
4.319003E-08, 1.0454081E+00, 9.742347E-02
4.320565E-08, 1.0455357E+00, 9.743623E-02
4.322128E-08, 1.0452806E+00, 9.735969E-02
4.323690E-08, 1.0451530E+00, 9.725765E-02
4.325253E-08, 1.0450255E+00, 9.710459E-02
4.326815E-08, 1.0450255E+00, 9.693877E-02
4.328378E-08, 1.0446428E+00, 9.672194E-02
4.329940E-08, 1.0443877E+00, 9.649235E-02
4.331503E-08, 1.0441327E+00, 9.623724E-02
4.333065E-08, 1.0438776E+00, 9.599490E-02
4.334628E-08, 1.0433674E+00, 9.570153E-02
4.336190E-08, 1.0428572E+00, 9.542092E-02
4.337753E-08, 1.0423470E+00, 9.512755E-02
4.339315E-08, 1.0420918E+00, 9.484694E-02
4.340878E-08, 1.0414541E+00, 9.454082E-02
4.342440E-08, 1.0409439E+00, 9.426020E-02
4.344003E-08, 1.0405612E+00, 9.397959E-02
4.345565E-08, 1.0401785E+00, 9.373724E-02
4.347128E-08, 1.0395408E+00, 9.349490E-02
4.348690E-08, 1.0387756E+00, 9.327806E-02
4.350253E-08, 1.0380102E+00, 9.308673E-02
4.351815E-08, 1.0372449E+00, 9.293368E-02
4.353378E-08, 1.0360969E+00, 9.276786E-02
4.354940E-08, 1.0349489E+00, 9.262755E-02
4.356503E-08, 1.0338011E+00, 9.250000E-02
4.358065E-08, 1.0327806E+00, 9.239796E-02
4.359628E-08, 1.0315051E+00, 9.228317E-02
4.361190E-08, 1.0303571E+00, 9.220663E-02
4.362753E-08, 1.0290816E+00, 9.215561E-02
4.364315E-08, 1.0278062E+00, 9.213010E-02
4.365878E-08, 1.0262755E+00, 9.209184E-02
4.367440E-08, 1.0248724E+00, 9.207908E-02
4.369003E-08, 1.0234693E+00, 9.207908E-02
4.370565E-08, 1.0221939E+00, 9.209184E-02
4.372128E-08, 1.0206633E+00, 9.209184E-02
4.373690E-08, 1.0195153E+00, 9.209184E-02
4.375253E-08, 1.0184948E+00, 9.210459E-02
4.376815E-08, 1.0178572E+00, 9.213010E-02
4.378378E-08, 1.0170919E+00, 9.214286E-02
4.379940E-08, 1.0165817E+00, 9.216837E-02
4.381503E-08, 1.0161990E+00, 9.220663E-02
4.383065E-08, 1.0161990E+00, 9.227041E-02
4.384628E-08, 1.0160714E+00, 9.230867E-02
4.386190E-08, 1.0161990E+00, 9.237245E-02
4.387753E-08, 1.0164541E+00, 9.244898E-02
4.389315E-08, 1.0168368E+00, 9.253827E-02
4.390878E-08, 1.0172194E+00, 9.260204E-02
4.392440E-08, 1.0177296E+00, 9.269132E-02
4.394003E-08, 1.0182397E+00, 9.279337E-02
4.395565E-08, 1.0190051E+00, 9.289541E-02
4.397128E-08, 1.0195153E+00, 9.299745E-02
4.398690E-08, 1.0200255E+00, 9.309949E-02
4.400253E-08, 1.0205357E+00, 9.322704E-02
4.401815E-08, 1.0210459E+00, 9.335459E-02
4.403378E-08, 1.0213010E+00, 9.345663E-02
4.404940E-08, 1.0214286E+00, 9.358419E-02
4.406503E-08, 1.0215561E+00, 9.371173E-02
4.408065E-08, 1.0215561E+00, 9.383929E-02
4.409628E-08, 1.0213010E+00, 9.394132E-02
4.411190E-08, 1.0210459E+00, 9.404337E-02
4.412753E-08, 1.0207908E+00, 9.413265E-02
4.414315E-08, 1.0206633E+00, 9.423470E-02
4.415878E-08, 1.0201530E+00, 9.429847E-02
4.417440E-08, 1.0198979E+00, 9.436224E-02
4.419003E-08, 1.0195153E+00, 9.442602E-02
4.420565E-08, 1.0195153E+00, 9.447704E-02
4.422128E-08, 1.0192602E+00, 9.450255E-02
4.423690E-08, 1.0192602E+00, 9.452806E-02
4.425253E-08, 1.0192602E+00, 9.455357E-02
4.426815E-08, 1.0196428E+00, 9.457908E-02
4.428378E-08, 1.0198979E+00, 9.457908E-02
4.429940E-08, 1.0202806E+00, 9.457908E-02
4.431503E-08, 1.0209184E+00, 9.457908E-02
4.433065E-08, 1.0216837E+00, 9.457908E-02
4.434628E-08, 1.0224490E+00, 9.455357E-02
4.436190E-08, 1.0233419E+00, 9.452806E-02
4.437753E-08, 1.0243622E+00, 9.450255E-02
4.439315E-08, 1.0255102E+00, 9.447704E-02
4.440878E-08, 1.0265306E+00, 9.441327E-02
4.442440E-08, 1.0275511E+00, 9.437500E-02
4.444003E-08, 1.0286989E+00, 9.431122E-02
4.445565E-08, 1.0297194E+00, 9.427296E-02
4.447128E-08, 1.0304847E+00, 9.419643E-02
4.448690E-08, 1.0313776E+00, 9.411990E-02
4.450253E-08, 1.0320153E+00, 9.404337E-02
4.451815E-08, 1.0326531E+00, 9.397959E-02
4.453378E-08, 1.0330358E+00, 9.387755E-02
4.454940E-08, 1.0332909E+00, 9.378827E-02
4.456503E-08, 1.0332909E+00, 9.368622E-02
4.458065E-08, 1.0332909E+00, 9.359694E-02
4.459628E-08, 1.0327806E+00, 9.348214E-02
4.461190E-08, 1.0322704E+00, 9.338010E-02
4.462753E-08, 1.0316327E+00, 9.326530E-02
4.464315E-08, 1.0311224E+00, 9.316327E-02
4.465878E-08, 1.0301020E+00, 9.302296E-02
4.467440E-08, 1.0292091E+00, 9.290817E-02
4.469003E-08, 1.0281888E+00, 9.279337E-02
4.470565E-08, 1.0274235E+00, 9.270408E-02
4.472128E-08, 1.0262755E+00, 9.260204E-02
4.473690E-08, 1.0252551E+00, 9.251276E-02
4.475253E-08, 1.0243622E+00, 9.243622E-02
4.476815E-08, 1.0237244E+00, 9.238520E-02
4.478378E-08, 1.0228317E+00, 9.232143E-02
4.479940E-08, 1.0223215E+00, 9.228317E-02
4.481503E-08, 1.0220664E+00, 9.225766E-02
4.483065E-08, 1.0219388E+00, 9.227041E-02
4.484628E-08, 1.0218112E+00, 9.228317E-02
4.486190E-08, 1.0220664E+00, 9.233418E-02
4.487753E-08, 1.0223215E+00, 9.239796E-02
4.489315E-08, 1.0229592E+00, 9.250000E-02
4.490878E-08, 1.0233419E+00, 9.260204E-02
4.492440E-08, 1.0239795E+00, 9.272959E-02
4.494003E-08, 1.0248724E+00, 9.285714E-02
4.495565E-08, 1.0257653E+00, 9.302296E-02
4.497128E-08, 1.0266582E+00, 9.316327E-02
4.498690E-08, 1.0276786E+00, 9.332908E-02
4.500253E-08, 1.0286989E+00, 9.348214E-02
4.501815E-08, 1.0299745E+00, 9.366071E-02
4.503378E-08, 1.0308673E+00, 9.380102E-02
4.504940E-08, 1.0320153E+00, 9.395408E-02
4.506503E-08, 1.0330358E+00, 9.408163E-02
4.508065E-08, 1.0340561E+00, 9.420919E-02
4.509628E-08, 1.0349489E+00, 9.429847E-02
4.511190E-08, 1.0358418E+00, 9.436224E-02
4.512753E-08, 1.0368623E+00, 9.441327E-02
4.514315E-08, 1.0380102E+00, 9.443878E-02
4.515878E-08, 1.0387756E+00, 9.441327E-02
4.517440E-08, 1.0397959E+00, 9.437500E-02
4.519003E-08, 1.0405612E+00, 9.431122E-02
4.520565E-08, 1.0413265E+00, 9.424745E-02
4.522128E-08, 1.0418367E+00, 9.413265E-02
4.523690E-08, 1.0422194E+00, 9.400510E-02
4.525253E-08, 1.0424745E+00, 9.385204E-02
4.526815E-08, 1.0428572E+00, 9.367347E-02
4.528378E-08, 1.0429847E+00, 9.345663E-02
4.529940E-08, 1.0433674E+00, 9.322704E-02
4.531503E-08, 1.0436225E+00, 9.298469E-02
4.533065E-08, 1.0438776E+00, 9.275510E-02
4.534628E-08, 1.0438776E+00, 9.251276E-02
4.536190E-08, 1.0437500E+00, 9.230867E-02
4.537753E-08, 1.0436225E+00, 9.210459E-02
4.539315E-08, 1.0433674E+00, 9.193878E-02
4.540878E-08, 1.0427296E+00, 9.177296E-02
4.542440E-08, 1.0420918E+00, 9.163266E-02
4.544003E-08, 1.0413265E+00, 9.151786E-02
4.545565E-08, 1.0405612E+00, 9.142857E-02
4.547128E-08, 1.0394132E+00, 9.136479E-02
4.548690E-08, 1.0382653E+00, 9.133928E-02
4.550253E-08, 1.0368623E+00, 9.135204E-02
4.551815E-08, 1.0354592E+00, 9.141582E-02
4.553378E-08, 1.0336735E+00, 9.147959E-02
4.554940E-08, 1.0318878E+00, 9.159439E-02
4.556503E-08, 1.0299745E+00, 9.172194E-02
4.558065E-08, 1.0281888E+00, 9.188776E-02
4.559628E-08, 1.0261480E+00, 9.204081E-02
4.561190E-08, 1.0241071E+00, 9.221939E-02
4.562753E-08, 1.0221939E+00, 9.239796E-02
4.564315E-08, 1.0204082E+00, 9.260204E-02
4.565878E-08, 1.0183673E+00, 9.278061E-02
4.567440E-08, 1.0167092E+00, 9.297194E-02
4.569003E-08, 1.0153061E+00, 9.313776E-02
4.570565E-08, 1.0142857E+00, 9.329081E-02
4.572128E-08, 1.0133928E+00, 9.340561E-02
4.573690E-08, 1.0131377E+00, 9.352041E-02
4.575253E-08, 1.0131377E+00, 9.359694E-02
4.576815E-08, 1.0137755E+00, 9.368622E-02
4.578378E-08, 1.0142857E+00, 9.373724E-02
4.579940E-08, 1.0153061E+00, 9.377551E-02
4.581503E-08, 1.0164541E+00, 9.380102E-02
4.583065E-08, 1.0181123E+00, 9.381378E-02
4.584628E-08, 1.0196428E+00, 9.378827E-02
4.586190E-08, 1.0216837E+00, 9.373724E-02
4.587753E-08, 1.0238520E+00, 9.366071E-02
4.589315E-08, 1.0262755E+00, 9.358419E-02
4.590878E-08, 1.0285715E+00, 9.346939E-02
4.592440E-08, 1.0309949E+00, 9.336735E-02
4.594003E-08, 1.0332909E+00, 9.325255E-02
4.595565E-08, 1.0354592E+00, 9.316327E-02
4.597128E-08, 1.0371174E+00, 9.304847E-02
4.598690E-08, 1.0385205E+00, 9.294643E-02
4.600253E-08, 1.0396683E+00, 9.284439E-02
4.601815E-08, 1.0405612E+00, 9.275510E-02
4.603378E-08, 1.0409439E+00, 9.264030E-02
4.604940E-08, 1.0410714E+00, 9.253827E-02
4.606503E-08, 1.0408163E+00, 9.243622E-02
4.608065E-08, 1.0404336E+00, 9.235969E-02
4.609628E-08, 1.0394132E+00, 9.228317E-02
4.611190E-08, 1.0381378E+00, 9.223215E-02
4.612753E-08, 1.0364796E+00, 9.220663E-02
4.614315E-08, 1.0345663E+00, 9.220663E-02
4.615878E-08, 1.0320153E+00, 9.220663E-02
4.617440E-08, 1.0295918E+00, 9.221939E-02
4.619003E-08, 1.0269133E+00, 9.223215E-02
4.620565E-08, 1.0244898E+00, 9.225766E-02
4.622128E-08, 1.0219388E+00, 9.227041E-02
4.623690E-08, 1.0196428E+00, 9.228317E-02
4.625253E-08, 1.0177296E+00, 9.232143E-02
4.626815E-08, 1.0160714E+00, 9.237245E-02
4.628378E-08, 1.0144132E+00, 9.242347E-02
4.629940E-08, 1.0131377E+00, 9.250000E-02
4.631503E-08, 1.0121174E+00, 9.258929E-02
4.633065E-08, 1.0114796E+00, 9.269132E-02
4.634628E-08, 1.0110970E+00, 9.276786E-02
4.636190E-08, 1.0110970E+00, 9.285714E-02
4.637753E-08, 1.0116072E+00, 9.293368E-02
4.639315E-08, 1.0126276E+00, 9.301020E-02
4.640878E-08, 1.0137755E+00, 9.307398E-02
4.642440E-08, 1.0154337E+00, 9.313776E-02
4.644003E-08, 1.0172194E+00, 9.320153E-02
4.645565E-08, 1.0192602E+00, 9.329081E-02
4.647128E-08, 1.0211735E+00, 9.336735E-02
4.648690E-08, 1.0230868E+00, 9.344388E-02
4.650253E-08, 1.0248724E+00, 9.350765E-02
4.651815E-08, 1.0269133E+00, 9.358419E-02
4.653378E-08, 1.0284439E+00, 9.360969E-02
4.654940E-08, 1.0301020E+00, 9.362245E-02
4.656503E-08, 1.0317602E+00, 9.363520E-02
4.658065E-08, 1.0332909E+00, 9.364796E-02
4.659628E-08, 1.0343112E+00, 9.363520E-02
4.661190E-08, 1.0352041E+00, 9.363520E-02
4.662753E-08, 1.0357143E+00, 9.364796E-02
4.664315E-08, 1.0359694E+00, 9.366071E-02
4.665878E-08, 1.0357143E+00, 9.366071E-02
4.667440E-08, 1.0353316E+00, 9.366071E-02
4.669003E-08, 1.0345663E+00, 9.364796E-02
4.670565E-08, 1.0339285E+00, 9.364796E-02
4.672128E-08, 1.0329082E+00, 9.360969E-02
4.673690E-08, 1.0318878E+00, 9.358419E-02
4.675253E-08, 1.0308673E+00, 9.355868E-02
4.676815E-08, 1.0298469E+00, 9.355868E-02
4.678378E-08, 1.0285715E+00, 9.355868E-02
4.679940E-08, 1.0274235E+00, 9.357143E-02
4.681503E-08, 1.0262755E+00, 9.359694E-02
4.683065E-08, 1.0253826E+00, 9.364796E-02
4.684628E-08, 1.0243622E+00, 9.367347E-02
4.686190E-08, 1.0237244E+00, 9.371173E-02
4.687753E-08, 1.0233419E+00, 9.376276E-02
4.689315E-08, 1.0233419E+00, 9.382653E-02
4.690878E-08, 1.0232143E+00, 9.386480E-02
4.692440E-08, 1.0235969E+00, 9.394132E-02
4.694003E-08, 1.0239795E+00, 9.403061E-02
4.695565E-08, 1.0247449E+00, 9.413265E-02
4.697128E-08, 1.0253826E+00, 9.423470E-02
4.698690E-08, 1.0261480E+00, 9.433673E-02
4.700253E-08, 1.0270408E+00, 9.445153E-02
4.701815E-08, 1.0280613E+00, 9.455357E-02
4.703378E-08, 1.0289540E+00, 9.464286E-02
4.704940E-08, 1.0299745E+00, 9.471939E-02
4.706503E-08, 1.0309949E+00, 9.479592E-02
4.708065E-08, 1.0321429E+00, 9.485970E-02
4.709628E-08, 1.0331633E+00, 9.491071E-02
4.711190E-08, 1.0341836E+00, 9.496173E-02
4.712753E-08, 1.0350765E+00, 9.500000E-02
4.714315E-08, 1.0362245E+00, 9.505102E-02
4.715878E-08, 1.0368623E+00, 9.506378E-02
4.717440E-08, 1.0376276E+00, 9.507653E-02
4.719003E-08, 1.0382653E+00, 9.508929E-02
4.720565E-08, 1.0387756E+00, 9.508929E-02
4.722128E-08, 1.0389031E+00, 9.507653E-02
4.723690E-08, 1.0390307E+00, 9.506378E-02
4.725253E-08, 1.0390307E+00, 9.502551E-02
4.726815E-08, 1.0389031E+00, 9.500000E-02
4.728378E-08, 1.0386480E+00, 9.492347E-02
4.729940E-08, 1.0383929E+00, 9.484694E-02
4.731503E-08, 1.0381378E+00, 9.475765E-02
4.733065E-08, 1.0380102E+00, 9.468112E-02
4.734628E-08, 1.0375000E+00, 9.457908E-02
4.736190E-08, 1.0369898E+00, 9.448980E-02
4.737753E-08, 1.0363520E+00, 9.440051E-02
4.739315E-08, 1.0354592E+00, 9.432398E-02
4.740878E-08, 1.0343112E+00, 9.422194E-02
4.742440E-08, 1.0330358E+00, 9.410714E-02
4.744003E-08, 1.0316327E+00, 9.399235E-02
4.745565E-08, 1.0304847E+00, 9.385204E-02
4.747128E-08, 1.0290816E+00, 9.367347E-02
4.748690E-08, 1.0279337E+00, 9.350765E-02
4.750253E-08, 1.0267857E+00, 9.332908E-02
4.751815E-08, 1.0258929E+00, 9.317602E-02
4.753378E-08, 1.0246173E+00, 9.302296E-02
4.754940E-08, 1.0234693E+00, 9.289541E-02
4.756503E-08, 1.0221939E+00, 9.278061E-02
4.758065E-08, 1.0211735E+00, 9.269132E-02
4.759628E-08, 1.0197704E+00, 9.258929E-02
4.761190E-08, 1.0187500E+00, 9.251276E-02
4.762753E-08, 1.0178572E+00, 9.243622E-02
4.764315E-08, 1.0173470E+00, 9.239796E-02
4.765878E-08, 1.0168368E+00, 9.235969E-02
4.767440E-08, 1.0167092E+00, 9.237245E-02
4.769003E-08, 1.0167092E+00, 9.242347E-02
4.770565E-08, 1.0172194E+00, 9.252551E-02
4.772128E-08, 1.0176021E+00, 9.266581E-02
4.773690E-08, 1.0182397E+00, 9.284439E-02
4.775253E-08, 1.0191326E+00, 9.307398E-02
4.776815E-08, 1.0201530E+00, 9.335459E-02
4.778378E-08, 1.0211735E+00, 9.364796E-02
4.779940E-08, 1.0223215E+00, 9.397959E-02
4.781503E-08, 1.0234693E+00, 9.432398E-02
4.783065E-08, 1.0248724E+00, 9.469388E-02
4.784628E-08, 1.0260204E+00, 9.503826E-02
4.786190E-08, 1.0272959E+00, 9.540816E-02
4.787753E-08, 1.0285715E+00, 9.575255E-02
4.789315E-08, 1.0299745E+00, 9.610970E-02
4.790878E-08, 1.0311224E+00, 9.640306E-02
4.792440E-08, 1.0322704E+00, 9.669643E-02
4.794003E-08, 1.0332909E+00, 9.695153E-02
4.795565E-08, 1.0344387E+00, 9.716836E-02
4.797128E-08, 1.0349489E+00, 9.733418E-02
4.798690E-08, 1.0354592E+00, 9.744898E-02
4.800253E-08, 1.0357143E+00, 9.751275E-02
4.801815E-08, 1.0359694E+00, 9.752551E-02
4.803378E-08, 1.0355867E+00, 9.744898E-02
4.804940E-08, 1.0352041E+00, 9.732143E-02
4.806503E-08, 1.0346938E+00, 9.714286E-02
4.808065E-08, 1.0340561E+00, 9.691326E-02
4.809628E-08, 1.0330358E+00, 9.663265E-02
4.811190E-08, 1.0320153E+00, 9.631377E-02
4.812753E-08, 1.0309949E+00, 9.596939E-02
4.814315E-08, 1.0299745E+00, 9.561224E-02
4.815878E-08, 1.0286989E+00, 9.521683E-02
4.817440E-08, 1.0275511E+00, 9.483419E-02
4.819003E-08, 1.0265306E+00, 9.445153E-02
4.820565E-08, 1.0256377E+00, 9.409439E-02
4.822128E-08, 1.0247449E+00, 9.375000E-02
4.823690E-08, 1.0241071E+00, 9.345663E-02
4.825253E-08, 1.0235969E+00, 9.320153E-02
4.826815E-08, 1.0233419E+00, 9.301020E-02
4.828378E-08, 1.0229592E+00, 9.284439E-02
4.829940E-08, 1.0229592E+00, 9.275510E-02
4.831503E-08, 1.0229592E+00, 9.272959E-02
4.833065E-08, 1.0233419E+00, 9.276786E-02
4.834628E-08, 1.0235969E+00, 9.281888E-02
4.836190E-08, 1.0242347E+00, 9.293368E-02
4.837753E-08, 1.0250000E+00, 9.307398E-02
4.839315E-08, 1.0260204E+00, 9.326530E-02
4.840878E-08, 1.0269133E+00, 9.345663E-02
4.842440E-08, 1.0280613E+00, 9.368622E-02
4.844003E-08, 1.0292091E+00, 9.391581E-02
4.845565E-08, 1.0304847E+00, 9.417092E-02
4.847128E-08, 1.0315051E+00, 9.440051E-02
4.848690E-08, 1.0323980E+00, 9.461734E-02
4.850253E-08, 1.0332909E+00, 9.482143E-02
4.851815E-08, 1.0341836E+00, 9.501275E-02
4.853378E-08, 1.0346938E+00, 9.512755E-02
4.854940E-08, 1.0352041E+00, 9.521683E-02
4.856503E-08, 1.0357143E+00, 9.525510E-02
4.858065E-08, 1.0360969E+00, 9.525510E-02
4.859628E-08, 1.0360969E+00, 9.520409E-02
4.861190E-08, 1.0360969E+00, 9.511480E-02
4.862753E-08, 1.0358418E+00, 9.500000E-02
4.864315E-08, 1.0355867E+00, 9.485970E-02
4.865878E-08, 1.0349489E+00, 9.466837E-02
4.867440E-08, 1.0341836E+00, 9.447704E-02
4.869003E-08, 1.0332909E+00, 9.426020E-02
4.870565E-08, 1.0323980E+00, 9.404337E-02
4.872128E-08, 1.0312500E+00, 9.380102E-02
4.873690E-08, 1.0302296E+00, 9.357143E-02
4.875253E-08, 1.0292091E+00, 9.335459E-02
4.876815E-08, 1.0283164E+00, 9.316327E-02
4.878378E-08, 1.0271684E+00, 9.297194E-02
4.879940E-08, 1.0262755E+00, 9.281888E-02
4.881503E-08, 1.0255102E+00, 9.270408E-02
4.883065E-08, 1.0250000E+00, 9.264030E-02
4.884628E-08, 1.0242347E+00, 9.257653E-02
4.886190E-08, 1.0238520E+00, 9.257653E-02
4.887753E-08, 1.0235969E+00, 9.260204E-02
4.889315E-08, 1.0234693E+00, 9.266581E-02
4.890878E-08, 1.0232143E+00, 9.274235E-02
4.892440E-08, 1.0230868E+00, 9.285714E-02
4.894003E-08, 1.0229592E+00, 9.299745E-02
4.895565E-08, 1.0229592E+00, 9.315051E-02
4.897128E-08, 1.0227041E+00, 9.330357E-02
4.898690E-08, 1.0224490E+00, 9.345663E-02
4.900253E-08, 1.0221939E+00, 9.359694E-02
4.901815E-08, 1.0219388E+00, 9.373724E-02
4.903378E-08, 1.0214286E+00, 9.382653E-02
4.904940E-08, 1.0210459E+00, 9.390306E-02
4.906503E-08, 1.0205357E+00, 9.396683E-02
4.908065E-08, 1.0201530E+00, 9.400510E-02
4.909628E-08, 1.0195153E+00, 9.399235E-02
4.911190E-08, 1.0187500E+00, 9.396683E-02
4.912753E-08, 1.0181123E+00, 9.391581E-02
4.914315E-08, 1.0173470E+00, 9.386480E-02
4.915878E-08, 1.0164541E+00, 9.375000E-02
4.917440E-08, 1.0155612E+00, 9.362245E-02
4.919003E-08, 1.0149235E+00, 9.346939E-02
4.920565E-08, 1.0144132E+00, 9.330357E-02
4.922128E-08, 1.0137755E+00, 9.309949E-02
4.923690E-08, 1.0133928E+00, 9.289541E-02
4.925253E-08, 1.0131377E+00, 9.269132E-02
4.926815E-08, 1.0131377E+00, 9.248725E-02
4.928378E-08, 1.0128827E+00, 9.227041E-02
4.929940E-08, 1.0130103E+00, 9.207908E-02
4.931503E-08, 1.0133928E+00, 9.188776E-02
4.933065E-08, 1.0139030E+00, 9.170918E-02
4.934628E-08, 1.0146683E+00, 9.151786E-02
4.936190E-08, 1.0156888E+00, 9.135204E-02
4.937753E-08, 1.0170919E+00, 9.119898E-02
4.939315E-08, 1.0188775E+00, 9.108418E-02
4.940878E-08, 1.0205357E+00, 9.096939E-02
4.942440E-08, 1.0224490E+00, 9.091837E-02
4.944003E-08, 1.0244898E+00, 9.089286E-02
4.945565E-08, 1.0265306E+00, 9.091837E-02
4.947128E-08, 1.0281888E+00, 9.095664E-02
4.948690E-08, 1.0297194E+00, 9.104592E-02
4.950253E-08, 1.0311224E+00, 9.116071E-02
4.951815E-08, 1.0325255E+00, 9.131377E-02
4.953378E-08, 1.0335460E+00, 9.145408E-02
4.954940E-08, 1.0343112E+00, 9.163266E-02
4.956503E-08, 1.0349489E+00, 9.182398E-02
4.958065E-08, 1.0354592E+00, 9.204081E-02
4.959628E-08, 1.0353316E+00, 9.227041E-02
4.961190E-08, 1.0349489E+00, 9.251276E-02
4.962753E-08, 1.0341836E+00, 9.278061E-02
4.964315E-08, 1.0330358E+00, 9.307398E-02
4.965878E-08, 1.0312500E+00, 9.334183E-02
4.967440E-08, 1.0292091E+00, 9.359694E-02
4.969003E-08, 1.0269133E+00, 9.385204E-02
4.970565E-08, 1.0246173E+00, 9.406888E-02
4.972128E-08, 1.0220664E+00, 9.424745E-02
4.973690E-08, 1.0195153E+00, 9.438775E-02
4.975253E-08, 1.0170919E+00, 9.450255E-02
4.976815E-08, 1.0149235E+00, 9.459183E-02
4.978378E-08, 1.0127552E+00, 9.463010E-02
4.979940E-08, 1.0108418E+00, 9.464286E-02
4.981503E-08, 1.0093112E+00, 9.461734E-02
4.983065E-08, 1.0082908E+00, 9.456632E-02
4.984628E-08, 1.0073980E+00, 9.446429E-02
4.986190E-08, 1.0071429E+00, 9.433673E-02
4.987753E-08, 1.0072705E+00, 9.417092E-02
4.989315E-08, 1.0079081E+00, 9.399235E-02
4.990878E-08, 1.0089285E+00, 9.377551E-02
4.992440E-08, 1.0103316E+00, 9.355868E-02
4.994003E-08, 1.0121174E+00, 9.332908E-02
4.995565E-08, 1.0142857E+00, 9.309949E-02
4.997128E-08, 1.0165817E+00, 9.285714E-02
4.998690E-08, 1.0192602E+00, 9.264030E-02
5.000253E-08, 1.0220664E+00, 9.242347E-02
5.001815E-08, 1.0250000E+00, 9.225766E-02
5.003378E-08, 1.0276786E+00, 9.209184E-02
5.004940E-08, 1.0303571E+00, 9.197704E-02
5.006503E-08, 1.0329082E+00, 9.190051E-02
5.008065E-08, 1.0353316E+00, 9.187500E-02
5.009628E-08, 1.0372449E+00, 9.187500E-02
5.011190E-08, 1.0389031E+00, 9.193878E-02
5.012753E-08, 1.0403061E+00, 9.204081E-02
5.014315E-08, 1.0414541E+00, 9.220663E-02
5.015878E-08, 1.0419643E+00, 9.239796E-02
5.017440E-08, 1.0419643E+00, 9.264030E-02
5.019003E-08, 1.0415816E+00, 9.292092E-02
5.020565E-08, 1.0408163E+00, 9.325255E-02
5.022128E-08, 1.0394132E+00, 9.357143E-02
5.023690E-08, 1.0376276E+00, 9.391581E-02
5.025253E-08, 1.0355867E+00, 9.426020E-02
5.026815E-08, 1.0334184E+00, 9.460459E-02
5.028378E-08, 1.0308673E+00, 9.489796E-02
5.029940E-08, 1.0285715E+00, 9.517857E-02
5.031503E-08, 1.0261480E+00, 9.543367E-02
5.033065E-08, 1.0238520E+00, 9.566326E-02
5.034628E-08, 1.0213010E+00, 9.584184E-02
5.036190E-08, 1.0190051E+00, 9.599490E-02
5.037753E-08, 1.0167092E+00, 9.608418E-02
5.039315E-08, 1.0146683E+00, 9.614796E-02
5.040878E-08, 1.0126276E+00, 9.610970E-02
5.042440E-08, 1.0110970E+00, 9.603316E-02
5.044003E-08, 1.0100765E+00, 9.589285E-02
5.045565E-08, 1.0095663E+00, 9.570153E-02
5.047128E-08, 1.0093112E+00, 9.545919E-02
5.048690E-08, 1.0094388E+00, 9.519133E-02
5.050253E-08, 1.0100765E+00, 9.489796E-02
5.051815E-08, 1.0109694E+00, 9.461734E-02
5.053378E-08, 1.0117347E+00, 9.431122E-02
5.054940E-08, 1.0127552E+00, 9.403061E-02
5.056503E-08, 1.0137755E+00, 9.375000E-02
5.058065E-08, 1.0151786E+00, 9.349490E-02
5.059628E-08, 1.0164541E+00, 9.322704E-02
5.061190E-08, 1.0179847E+00, 9.299745E-02
5.062753E-08, 1.0196428E+00, 9.279337E-02
5.064315E-08, 1.0214286E+00, 9.265306E-02
5.065878E-08, 1.0229592E+00, 9.255102E-02
5.067440E-08, 1.0243622E+00, 9.251276E-02
5.069003E-08, 1.0256377E+00, 9.253827E-02
5.070565E-08, 1.0266582E+00, 9.262755E-02
5.072128E-08, 1.0272959E+00, 9.275510E-02
5.073690E-08, 1.0278062E+00, 9.293368E-02
5.075253E-08, 1.0281888E+00, 9.313776E-02
5.076815E-08, 1.0285715E+00, 9.338010E-02
5.078378E-08, 1.0286989E+00, 9.362245E-02
5.079940E-08, 1.0289540E+00, 9.389031E-02
5.081503E-08, 1.0290816E+00, 9.418368E-02
5.083065E-08, 1.0292091E+00, 9.450255E-02
5.084628E-08, 1.0289540E+00, 9.480868E-02
5.086190E-08, 1.0286989E+00, 9.511480E-02
5.087753E-08, 1.0281888E+00, 9.543367E-02
5.089315E-08, 1.0276786E+00, 9.572704E-02
5.090878E-08, 1.0267857E+00, 9.596939E-02
5.092440E-08, 1.0260204E+00, 9.618623E-02
5.094003E-08, 1.0252551E+00, 9.636480E-02
5.095565E-08, 1.0244898E+00, 9.649235E-02
5.097128E-08, 1.0234693E+00, 9.656888E-02
5.098690E-08, 1.0225766E+00, 9.659439E-02
5.100253E-08, 1.0215561E+00, 9.659439E-02
5.101815E-08, 1.0207908E+00, 9.655612E-02
5.103378E-08, 1.0198979E+00, 9.646684E-02
5.104940E-08, 1.0190051E+00, 9.635204E-02
5.106503E-08, 1.0182397E+00, 9.621173E-02
5.108065E-08, 1.0176021E+00, 9.605867E-02
5.109628E-08, 1.0167092E+00, 9.588010E-02
5.111190E-08, 1.0160714E+00, 9.567602E-02
5.112753E-08, 1.0154337E+00, 9.548470E-02
5.114315E-08, 1.0149235E+00, 9.529337E-02
5.115878E-08, 1.0141581E+00, 9.507653E-02
5.117440E-08, 1.0137755E+00, 9.487245E-02
5.119003E-08, 1.0133928E+00, 9.469388E-02
5.120565E-08, 1.0133928E+00, 9.452806E-02
5.122128E-08, 1.0132653E+00, 9.436224E-02
5.123690E-08, 1.0133928E+00, 9.422194E-02
5.125253E-08, 1.0137755E+00, 9.411990E-02
5.126815E-08, 1.0144132E+00, 9.403061E-02
5.128378E-08, 1.0149235E+00, 9.396683E-02
5.129940E-08, 1.0156888E+00, 9.392857E-02
5.131503E-08, 1.0165817E+00, 9.391581E-02
5.133065E-08, 1.0177296E+00, 9.395408E-02
5.134628E-08, 1.0184948E+00, 9.400510E-02
5.136190E-08, 1.0193877E+00, 9.408163E-02
5.137753E-08, 1.0202806E+00, 9.417092E-02
5.139315E-08, 1.0210459E+00, 9.429847E-02
5.140878E-08, 1.0214286E+00, 9.440051E-02
5.142440E-08, 1.0218112E+00, 9.450255E-02
5.144003E-08, 1.0220664E+00, 9.460459E-02
5.145565E-08, 1.0223215E+00, 9.470663E-02
5.147128E-08, 1.0220664E+00, 9.477041E-02
5.148690E-08, 1.0218112E+00, 9.483419E-02
5.150253E-08, 1.0214286E+00, 9.489796E-02
5.151815E-08, 1.0209184E+00, 9.496173E-02
5.153378E-08, 1.0198979E+00, 9.498724E-02
5.154940E-08, 1.0188775E+00, 9.501275E-02
5.156503E-08, 1.0176021E+00, 9.502551E-02
5.158065E-08, 1.0161990E+00, 9.501275E-02
5.159628E-08, 1.0144132E+00, 9.496173E-02
5.161190E-08, 1.0125000E+00, 9.489796E-02
5.162753E-08, 1.0107143E+00, 9.479592E-02
5.164315E-08, 1.0090561E+00, 9.469388E-02
5.165878E-08, 1.0071429E+00, 9.452806E-02
5.167440E-08, 1.0056123E+00, 9.437500E-02
5.169003E-08, 1.0044643E+00, 9.419643E-02
5.170565E-08, 1.0035714E+00, 9.401786E-02
5.172128E-08, 1.0028061E+00, 9.381378E-02
5.173690E-08, 1.0025511E+00, 9.363520E-02
5.175253E-08, 1.0024235E+00, 9.345663E-02
5.176815E-08, 1.0028061E+00, 9.331632E-02
5.178378E-08, 1.0030612E+00, 9.317602E-02
5.179940E-08, 1.0035714E+00, 9.306122E-02
5.181503E-08, 1.0044643E+00, 9.295918E-02
5.183065E-08, 1.0056123E+00, 9.290817E-02
5.184628E-08, 1.0067602E+00, 9.284439E-02
5.186190E-08, 1.0082908E+00, 9.280612E-02
5.187753E-08, 1.0099490E+00, 9.280612E-02
5.189315E-08, 1.0118623E+00, 9.285714E-02
5.190878E-08, 1.0136479E+00, 9.290817E-02
5.192440E-08, 1.0153061E+00, 9.302296E-02
5.194003E-08, 1.0169643E+00, 9.316327E-02
5.195565E-08, 1.0184948E+00, 9.335459E-02
5.197128E-08, 1.0195153E+00, 9.354592E-02
5.198690E-08, 1.0205357E+00, 9.377551E-02
5.200253E-08, 1.0213010E+00, 9.401786E-02
5.201815E-08, 1.0219388E+00, 9.427296E-02
5.203378E-08, 1.0221939E+00, 9.451531E-02
5.204940E-08, 1.0223215E+00, 9.477041E-02
5.206503E-08, 1.0221939E+00, 9.501275E-02
5.208065E-08, 1.0219388E+00, 9.528061E-02
5.209628E-08, 1.0210459E+00, 9.551021E-02
5.211190E-08, 1.0201530E+00, 9.572704E-02
5.212753E-08, 1.0190051E+00, 9.593112E-02
5.214315E-08, 1.0178572E+00, 9.610970E-02
5.215878E-08, 1.0164541E+00, 9.622449E-02
5.217440E-08, 1.0153061E+00, 9.632653E-02
5.219003E-08, 1.0144132E+00, 9.637755E-02
5.220565E-08, 1.0137755E+00, 9.641582E-02
5.222128E-08, 1.0130103E+00, 9.641582E-02
5.223690E-08, 1.0126276E+00, 9.639031E-02
5.225253E-08, 1.0122449E+00, 9.636480E-02
5.226815E-08, 1.0121174E+00, 9.633929E-02
5.228378E-08, 1.0118623E+00, 9.627551E-02
5.229940E-08, 1.0118623E+00, 9.619898E-02
5.231503E-08, 1.0119898E+00, 9.610970E-02
5.233065E-08, 1.0126276E+00, 9.600765E-02
5.234628E-08, 1.0132653E+00, 9.586734E-02
5.236190E-08, 1.0142857E+00, 9.573980E-02
5.237753E-08, 1.0154337E+00, 9.561224E-02
5.239315E-08, 1.0168368E+00, 9.549745E-02
5.240878E-08, 1.0178572E+00, 9.538265E-02
5.242440E-08, 1.0188775E+00, 9.528061E-02
5.244003E-08, 1.0197704E+00, 9.519133E-02
5.245565E-08, 1.0206633E+00, 9.511480E-02
5.247128E-08, 1.0213010E+00, 9.501275E-02
5.248690E-08, 1.0219388E+00, 9.491071E-02
5.250253E-08, 1.0225766E+00, 9.479592E-02
5.251815E-08, 1.0233419E+00, 9.469388E-02
5.253378E-08, 1.0238520E+00, 9.455357E-02
5.254940E-08, 1.0243622E+00, 9.443878E-02
5.256503E-08, 1.0248724E+00, 9.433673E-02
5.258065E-08, 1.0252551E+00, 9.424745E-02
5.259628E-08, 1.0251275E+00, 9.413265E-02
5.261190E-08, 1.0250000E+00, 9.404337E-02
5.262753E-08, 1.0247449E+00, 9.395408E-02
5.264315E-08, 1.0244898E+00, 9.386480E-02
5.265878E-08, 1.0238520E+00, 9.376276E-02
5.267440E-08, 1.0234693E+00, 9.366071E-02
5.269003E-08, 1.0229592E+00, 9.357143E-02
5.270565E-08, 1.0225766E+00, 9.352041E-02
5.272128E-08, 1.0219388E+00, 9.344388E-02
5.273690E-08, 1.0214286E+00, 9.340561E-02
5.275253E-08, 1.0207908E+00, 9.340561E-02
5.276815E-08, 1.0202806E+00, 9.341837E-02
5.278378E-08, 1.0196428E+00, 9.345663E-02
5.279940E-08, 1.0190051E+00, 9.350765E-02
5.281503E-08, 1.0183673E+00, 9.359694E-02
5.283065E-08, 1.0178572E+00, 9.372449E-02
5.284628E-08, 1.0170919E+00, 9.385204E-02
5.286190E-08, 1.0163265E+00, 9.401786E-02
5.287753E-08, 1.0156888E+00, 9.419643E-02
5.289315E-08, 1.0150510E+00, 9.441327E-02
5.290878E-08, 1.0141581E+00, 9.460459E-02
5.292440E-08, 1.0135204E+00, 9.482143E-02
5.294003E-08, 1.0128827E+00, 9.502551E-02
5.295565E-08, 1.0127552E+00, 9.522959E-02
5.297128E-08, 1.0125000E+00, 9.539541E-02
5.298690E-08, 1.0126276E+00, 9.554847E-02
5.300253E-08, 1.0130103E+00, 9.568878E-02
5.301815E-08, 1.0137755E+00, 9.581633E-02
5.303378E-08, 1.0145408E+00, 9.590561E-02
5.304940E-08, 1.0154337E+00, 9.598214E-02
5.306503E-08, 1.0164541E+00, 9.603316E-02
5.308065E-08, 1.0176021E+00, 9.607143E-02
5.309628E-08, 1.0186224E+00, 9.603316E-02
5.311190E-08, 1.0198979E+00, 9.596939E-02
5.312753E-08, 1.0213010E+00, 9.585460E-02
5.314315E-08, 1.0230868E+00, 9.571429E-02
5.315878E-08, 1.0247449E+00, 9.549745E-02
5.317440E-08, 1.0267857E+00, 9.528061E-02
5.319003E-08, 1.0289540E+00, 9.505102E-02
5.320565E-08, 1.0312500E+00, 9.482143E-02
5.322128E-08, 1.0331633E+00, 9.457908E-02
5.323690E-08, 1.0349489E+00, 9.436224E-02
5.325253E-08, 1.0364796E+00, 9.417092E-02
5.326815E-08, 1.0378827E+00, 9.399235E-02
5.328378E-08, 1.0387756E+00, 9.380102E-02
5.329940E-08, 1.0396683E+00, 9.363520E-02
5.331503E-08, 1.0404336E+00, 9.348214E-02
5.333065E-08, 1.0410714E+00, 9.335459E-02
5.334628E-08, 1.0411990E+00, 9.323980E-02
5.336190E-08, 1.0413265E+00, 9.316327E-02
5.337753E-08, 1.0410714E+00, 9.312500E-02
5.339315E-08, 1.0406888E+00, 9.315051E-02
5.340878E-08, 1.0395408E+00, 9.318878E-02
5.342440E-08, 1.0383929E+00, 9.325255E-02
5.344003E-08, 1.0368623E+00, 9.334183E-02
5.345565E-08, 1.0353316E+00, 9.344388E-02
5.347128E-08, 1.0334184E+00, 9.352041E-02
5.348690E-08, 1.0317602E+00, 9.360969E-02
5.350253E-08, 1.0299745E+00, 9.371173E-02
5.351815E-08, 1.0284439E+00, 9.382653E-02
5.353378E-08, 1.0266582E+00, 9.392857E-02
5.354940E-08, 1.0250000E+00, 9.404337E-02
5.356503E-08, 1.0233419E+00, 9.415817E-02
5.358065E-08, 1.0218112E+00, 9.428571E-02
5.359628E-08, 1.0201530E+00, 9.437500E-02
5.361190E-08, 1.0188775E+00, 9.446429E-02
5.362753E-08, 1.0177296E+00, 9.454082E-02
5.364315E-08, 1.0169643E+00, 9.459183E-02
5.365878E-08, 1.0163265E+00, 9.461734E-02
5.367440E-08, 1.0159439E+00, 9.464286E-02
5.369003E-08, 1.0156888E+00, 9.466837E-02
5.370565E-08, 1.0159439E+00, 9.470663E-02
5.372128E-08, 1.0159439E+00, 9.471939E-02
5.373690E-08, 1.0161990E+00, 9.473214E-02
5.375253E-08, 1.0165817E+00, 9.475765E-02
5.376815E-08, 1.0170919E+00, 9.478316E-02
5.378378E-08, 1.0173470E+00, 9.477041E-02
5.379940E-08, 1.0177296E+00, 9.477041E-02
5.381503E-08, 1.0182397E+00, 9.477041E-02
5.383065E-08, 1.0188775E+00, 9.475765E-02
5.384628E-08, 1.0192602E+00, 9.471939E-02
5.386190E-08, 1.0198979E+00, 9.468112E-02
5.387753E-08, 1.0206633E+00, 9.463010E-02
5.389315E-08, 1.0216837E+00, 9.459183E-02
5.390878E-08, 1.0224490E+00, 9.451531E-02
5.392440E-08, 1.0232143E+00, 9.446429E-02
5.394003E-08, 1.0239795E+00, 9.442602E-02
5.395565E-08, 1.0244898E+00, 9.438775E-02
5.397128E-08, 1.0246173E+00, 9.433673E-02
5.398690E-08, 1.0246173E+00, 9.428571E-02
5.400253E-08, 1.0244898E+00, 9.422194E-02
5.401815E-08, 1.0243622E+00, 9.415817E-02
5.403378E-08, 1.0239795E+00, 9.405612E-02
5.404940E-08, 1.0238520E+00, 9.396683E-02
5.406503E-08, 1.0237244E+00, 9.386480E-02
5.408065E-08, 1.0238520E+00, 9.377551E-02
5.409628E-08, 1.0237244E+00, 9.368622E-02
5.411190E-08, 1.0237244E+00, 9.363520E-02
5.412753E-08, 1.0234693E+00, 9.362245E-02
5.414315E-08, 1.0232143E+00, 9.363520E-02
5.415878E-08, 1.0225766E+00, 9.364796E-02
5.417440E-08, 1.0220664E+00, 9.368622E-02
5.419003E-08, 1.0215561E+00, 9.373724E-02
5.420565E-08, 1.0213010E+00, 9.380102E-02
5.422128E-08, 1.0209184E+00, 9.386480E-02
5.423690E-08, 1.0209184E+00, 9.392857E-02
5.425253E-08, 1.0210459E+00, 9.403061E-02
5.426815E-08, 1.0214286E+00, 9.415817E-02
5.428378E-08, 1.0215561E+00, 9.427296E-02
5.429940E-08, 1.0218112E+00, 9.442602E-02
5.431503E-08, 1.0219388E+00, 9.459183E-02
5.433065E-08, 1.0220664E+00, 9.477041E-02
5.434628E-08, 1.0220664E+00, 9.491071E-02
5.436190E-08, 1.0221939E+00, 9.503826E-02
5.437753E-08, 1.0224490E+00, 9.515306E-02
5.439315E-08, 1.0229592E+00, 9.524234E-02
5.440878E-08, 1.0232143E+00, 9.526785E-02
5.442440E-08, 1.0238520E+00, 9.529337E-02
5.444003E-08, 1.0244898E+00, 9.529337E-02
5.445565E-08, 1.0252551E+00, 9.529337E-02
5.447128E-08, 1.0257653E+00, 9.525510E-02
5.448690E-08, 1.0264031E+00, 9.520409E-02
5.450253E-08, 1.0270408E+00, 9.514031E-02
5.451815E-08, 1.0279337E+00, 9.506378E-02
5.453378E-08, 1.0285715E+00, 9.494898E-02
5.454940E-08, 1.0293367E+00, 9.483419E-02
5.456503E-08, 1.0302296E+00, 9.471939E-02
5.458065E-08, 1.0311224E+00, 9.460459E-02
5.459628E-08, 1.0316327E+00, 9.448980E-02
5.461190E-08, 1.0322704E+00, 9.438775E-02
5.462753E-08, 1.0325255E+00, 9.428571E-02
5.464315E-08, 1.0329082E+00, 9.419643E-02
5.465878E-08, 1.0329082E+00, 9.408163E-02
5.467440E-08, 1.0330358E+00, 9.399235E-02
5.469003E-08, 1.0330358E+00, 9.389031E-02
5.470565E-08, 1.0331633E+00, 9.381378E-02
5.472128E-08, 1.0330358E+00, 9.371173E-02
5.473690E-08, 1.0329082E+00, 9.364796E-02
5.475253E-08, 1.0325255E+00, 9.358419E-02
5.476815E-08, 1.0320153E+00, 9.355868E-02
5.478378E-08, 1.0309949E+00, 9.350765E-02
5.479940E-08, 1.0298469E+00, 9.346939E-02
5.481503E-08, 1.0285715E+00, 9.343112E-02
5.483065E-08, 1.0272959E+00, 9.338010E-02
5.484628E-08, 1.0256377E+00, 9.327806E-02
5.486190E-08, 1.0242347E+00, 9.317602E-02
5.487753E-08, 1.0228317E+00, 9.306122E-02
5.489315E-08, 1.0216837E+00, 9.295918E-02
5.490878E-08, 1.0204082E+00, 9.283163E-02
5.492440E-08, 1.0192602E+00, 9.272959E-02
5.494003E-08, 1.0182397E+00, 9.262755E-02
5.495565E-08, 1.0173470E+00, 9.256378E-02
5.497128E-08, 1.0163265E+00, 9.250000E-02
5.498690E-08, 1.0154337E+00, 9.244898E-02
5.500253E-08, 1.0147959E+00, 9.242347E-02
5.501815E-08, 1.0144132E+00, 9.242347E-02
5.503378E-08, 1.0140306E+00, 9.241071E-02
5.504940E-08, 1.0139030E+00, 9.242347E-02
5.506503E-08, 1.0141581E+00, 9.247449E-02
5.508065E-08, 1.0147959E+00, 9.255102E-02
5.509628E-08, 1.0153061E+00, 9.264030E-02
5.511190E-08, 1.0161990E+00, 9.276786E-02
5.512753E-08, 1.0170919E+00, 9.293368E-02
5.514315E-08, 1.0182397E+00, 9.312500E-02
5.515878E-08, 1.0190051E+00, 9.332908E-02
5.517440E-08, 1.0200255E+00, 9.354592E-02
5.519003E-08, 1.0209184E+00, 9.377551E-02
5.520565E-08, 1.0220664E+00, 9.400510E-02
5.522128E-08, 1.0229592E+00, 9.419643E-02
5.523690E-08, 1.0238520E+00, 9.437500E-02
5.525253E-08, 1.0247449E+00, 9.454082E-02
5.526815E-08, 1.0256377E+00, 9.470663E-02
5.528378E-08, 1.0260204E+00, 9.480868E-02
5.529940E-08, 1.0262755E+00, 9.489796E-02
5.531503E-08, 1.0264031E+00, 9.496173E-02
5.533065E-08, 1.0262755E+00, 9.498724E-02
5.534628E-08, 1.0257653E+00, 9.494898E-02
5.536190E-08, 1.0252551E+00, 9.488521E-02
5.537753E-08, 1.0246173E+00, 9.477041E-02
5.539315E-08, 1.0241071E+00, 9.463010E-02
5.540878E-08, 1.0233419E+00, 9.442602E-02
5.542440E-08, 1.0225766E+00, 9.422194E-02
5.544003E-08, 1.0219388E+00, 9.401786E-02
5.545565E-08, 1.0213010E+00, 9.381378E-02
5.547128E-08, 1.0205357E+00, 9.358419E-02
5.548690E-08, 1.0200255E+00, 9.338010E-02
5.550253E-08, 1.0195153E+00, 9.320153E-02
5.551815E-08, 1.0192602E+00, 9.304847E-02
5.553378E-08, 1.0188775E+00, 9.289541E-02
5.554940E-08, 1.0187500E+00, 9.279337E-02
5.556503E-08, 1.0186224E+00, 9.272959E-02
5.558065E-08, 1.0188775E+00, 9.272959E-02
5.559628E-08, 1.0188775E+00, 9.274235E-02
5.561190E-08, 1.0190051E+00, 9.280612E-02
5.562753E-08, 1.0192602E+00, 9.290817E-02
5.564315E-08, 1.0195153E+00, 9.306122E-02
5.565878E-08, 1.0196428E+00, 9.322704E-02
5.567440E-08, 1.0197704E+00, 9.341837E-02
5.569003E-08, 1.0198979E+00, 9.362245E-02
5.570565E-08, 1.0200255E+00, 9.386480E-02
5.572128E-08, 1.0197704E+00, 9.406888E-02
5.573690E-08, 1.0195153E+00, 9.428571E-02
5.575253E-08, 1.0192602E+00, 9.450255E-02
5.576815E-08, 1.0191326E+00, 9.469388E-02
5.578378E-08, 1.0186224E+00, 9.484694E-02
5.579940E-08, 1.0181123E+00, 9.498724E-02
5.581503E-08, 1.0176021E+00, 9.510204E-02
5.583065E-08, 1.0169643E+00, 9.519133E-02
5.584628E-08, 1.0159439E+00, 9.522959E-02
5.586190E-08, 1.0149235E+00, 9.524234E-02
5.587753E-08, 1.0137755E+00, 9.521683E-02
5.589315E-08, 1.0127552E+00, 9.515306E-02
5.590878E-08, 1.0116072E+00, 9.502551E-02
5.592440E-08, 1.0107143E+00, 9.487245E-02
5.594003E-08, 1.0100765E+00, 9.468112E-02
5.595565E-08, 1.0099490E+00, 9.448980E-02
5.597128E-08, 1.0096939E+00, 9.426020E-02
5.598690E-08, 1.0098214E+00, 9.404337E-02
5.600253E-08, 1.0102041E+00, 9.383929E-02
5.601815E-08, 1.0108418E+00, 9.366071E-02
5.603378E-08, 1.0113521E+00, 9.348214E-02
5.604940E-08, 1.0122449E+00, 9.334183E-02
5.606503E-08, 1.0133928E+00, 9.322704E-02
5.608065E-08, 1.0147959E+00, 9.313776E-02
5.609628E-08, 1.0161990E+00, 9.306122E-02
5.611190E-08, 1.0179847E+00, 9.303571E-02
5.612753E-08, 1.0196428E+00, 9.303571E-02
5.614315E-08, 1.0214286E+00, 9.308673E-02
5.615878E-08, 1.0228317E+00, 9.316327E-02
5.617440E-08, 1.0239795E+00, 9.326530E-02
5.619003E-08, 1.0250000E+00, 9.340561E-02
5.620565E-08, 1.0260204E+00, 9.354592E-02
5.622128E-08, 1.0266582E+00, 9.367347E-02
5.623690E-08, 1.0272959E+00, 9.380102E-02
5.625253E-08, 1.0278062E+00, 9.391581E-02
5.626815E-08, 1.0284439E+00, 9.404337E-02
5.628378E-08, 1.0288265E+00, 9.414541E-02
5.629940E-08, 1.0289540E+00, 9.426020E-02
5.631503E-08, 1.0289540E+00, 9.436224E-02
5.633065E-08, 1.0286989E+00, 9.447704E-02
5.634628E-08, 1.0279337E+00, 9.455357E-02
5.636190E-08, 1.0271684E+00, 9.460459E-02
5.637753E-08, 1.0261480E+00, 9.463010E-02
5.639315E-08, 1.0253826E+00, 9.461734E-02
5.640878E-08, 1.0243622E+00, 9.455357E-02
5.642440E-08, 1.0237244E+00, 9.446429E-02
5.644003E-08, 1.0232143E+00, 9.434949E-02
5.645565E-08, 1.0230868E+00, 9.423470E-02
5.647128E-08, 1.0228317E+00, 9.409439E-02
5.648690E-08, 1.0227041E+00, 9.396683E-02
5.650253E-08, 1.0225766E+00, 9.385204E-02
5.651815E-08, 1.0227041E+00, 9.373724E-02
5.653378E-08, 1.0227041E+00, 9.360969E-02
5.654940E-08, 1.0228317E+00, 9.349490E-02
5.656503E-08, 1.0230868E+00, 9.338010E-02
5.658065E-08, 1.0235969E+00, 9.329081E-02
5.659628E-08, 1.0241071E+00, 9.316327E-02
5.661190E-08, 1.0247449E+00, 9.307398E-02
5.662753E-08, 1.0253826E+00, 9.299745E-02
5.664315E-08, 1.0261480E+00, 9.295918E-02
5.665878E-08, 1.0266582E+00, 9.290817E-02
5.667440E-08, 1.0270408E+00, 9.289541E-02
5.669003E-08, 1.0274235E+00, 9.289541E-02
5.670565E-08, 1.0279337E+00, 9.292092E-02
5.672128E-08, 1.0280613E+00, 9.293368E-02
5.673690E-08, 1.0281888E+00, 9.295918E-02
5.675253E-08, 1.0283164E+00, 9.298469E-02
5.676815E-08, 1.0285715E+00, 9.303571E-02
5.678378E-08, 1.0283164E+00, 9.306122E-02
5.679940E-08, 1.0280613E+00, 9.311225E-02
5.681503E-08, 1.0276786E+00, 9.315051E-02
5.683065E-08, 1.0272959E+00, 9.321429E-02
5.684628E-08, 1.0266582E+00, 9.323980E-02
5.686190E-08, 1.0261480E+00, 9.326530E-02
5.687753E-08, 1.0256377E+00, 9.327806E-02
5.689315E-08, 1.0253826E+00, 9.327806E-02
5.690878E-08, 1.0250000E+00, 9.326530E-02
5.692440E-08, 1.0248724E+00, 9.325255E-02
5.694003E-08, 1.0248724E+00, 9.323980E-02
5.695565E-08, 1.0250000E+00, 9.323980E-02
5.697128E-08, 1.0250000E+00, 9.321429E-02
5.698690E-08, 1.0251275E+00, 9.322704E-02
5.700253E-08, 1.0251275E+00, 9.322704E-02
5.701815E-08, 1.0253826E+00, 9.325255E-02
5.703378E-08, 1.0252551E+00, 9.325255E-02
5.704940E-08, 1.0252551E+00, 9.327806E-02
5.706503E-08, 1.0252551E+00, 9.329081E-02
5.708065E-08, 1.0252551E+00, 9.332908E-02
5.709628E-08, 1.0251275E+00, 9.335459E-02
5.711190E-08, 1.0248724E+00, 9.340561E-02
5.712753E-08, 1.0246173E+00, 9.345663E-02
5.714315E-08, 1.0243622E+00, 9.354592E-02
5.715878E-08, 1.0235969E+00, 9.360969E-02
5.717440E-08, 1.0228317E+00, 9.371173E-02
5.719003E-08, 1.0218112E+00, 9.382653E-02
5.720565E-08, 1.0207908E+00, 9.396683E-02
5.722128E-08, 1.0192602E+00, 9.406888E-02
5.723690E-08, 1.0177296E+00, 9.419643E-02
5.725253E-08, 1.0161990E+00, 9.431122E-02
5.726815E-08, 1.0147959E+00, 9.442602E-02
5.728378E-08, 1.0133928E+00, 9.450255E-02
5.729940E-08, 1.0121174E+00, 9.457908E-02
5.731503E-08, 1.0112245E+00, 9.464286E-02
5.733065E-08, 1.0105867E+00, 9.471939E-02
5.734628E-08, 1.0098214E+00, 9.474490E-02
5.736190E-08, 1.0095663E+00, 9.478316E-02
5.737753E-08, 1.0094388E+00, 9.482143E-02
5.739315E-08, 1.0096939E+00, 9.484694E-02
5.740878E-08, 1.0099490E+00, 9.482143E-02
5.742440E-08, 1.0105867E+00, 9.479592E-02
5.744003E-08, 1.0114796E+00, 9.474490E-02
5.745565E-08, 1.0128827E+00, 9.466837E-02
5.747128E-08, 1.0142857E+00, 9.455357E-02
5.748690E-08, 1.0161990E+00, 9.443878E-02
5.750253E-08, 1.0182397E+00, 9.429847E-02
5.751815E-08, 1.0206633E+00, 9.417092E-02
5.753378E-08, 1.0229592E+00, 9.401786E-02
5.754940E-08, 1.0252551E+00, 9.389031E-02
5.756503E-08, 1.0274235E+00, 9.376276E-02
5.758065E-08, 1.0294642E+00, 9.366071E-02
5.759628E-08, 1.0311224E+00, 9.355868E-02
5.761190E-08, 1.0326531E+00, 9.345663E-02
5.762753E-08, 1.0338011E+00, 9.338010E-02
5.764315E-08, 1.0346938E+00, 9.332908E-02
5.765878E-08, 1.0352041E+00, 9.325255E-02
5.767440E-08, 1.0354592E+00, 9.322704E-02
5.769003E-08, 1.0353316E+00, 9.321429E-02
5.770565E-08, 1.0352041E+00, 9.322704E-02
5.772128E-08, 1.0344387E+00, 9.326530E-02
5.773690E-08, 1.0335460E+00, 9.334183E-02
5.775253E-08, 1.0325255E+00, 9.344388E-02
5.776815E-08, 1.0313776E+00, 9.358419E-02
5.778378E-08, 1.0299745E+00, 9.372449E-02
5.779940E-08, 1.0286989E+00, 9.390306E-02
5.781503E-08, 1.0274235E+00, 9.410714E-02
5.783065E-08, 1.0264031E+00, 9.433673E-02
5.784628E-08, 1.0252551E+00, 9.456632E-02
5.786190E-08, 1.0243622E+00, 9.480868E-02
5.787753E-08, 1.0235969E+00, 9.506378E-02
5.789315E-08, 1.0233419E+00, 9.533163E-02
5.790878E-08, 1.0228317E+00, 9.557398E-02
5.792440E-08, 1.0228317E+00, 9.581633E-02
5.794003E-08, 1.0229592E+00, 9.604592E-02
5.795565E-08, 1.0235969E+00, 9.627551E-02
5.797128E-08, 1.0241071E+00, 9.645408E-02
5.798690E-08, 1.0248724E+00, 9.661990E-02
5.800253E-08, 1.0260204E+00, 9.676021E-02
5.801815E-08, 1.0274235E+00, 9.688775E-02
5.803378E-08, 1.0288265E+00, 9.696428E-02
5.804940E-08, 1.0303571E+00, 9.702806E-02
5.806503E-08, 1.0320153E+00, 9.707908E-02
5.808065E-08, 1.0336735E+00, 9.713010E-02
5.809628E-08, 1.0349489E+00, 9.713010E-02
5.811190E-08, 1.0360969E+00, 9.714286E-02
5.812753E-08, 1.0371174E+00, 9.714286E-02
5.814315E-08, 1.0380102E+00, 9.714286E-02
5.815878E-08, 1.0383929E+00, 9.710459E-02
5.817440E-08, 1.0386480E+00, 9.705357E-02
5.819003E-08, 1.0387756E+00, 9.700255E-02
5.820565E-08, 1.0387756E+00, 9.693877E-02
5.822128E-08, 1.0383929E+00, 9.686224E-02
5.823690E-08, 1.0377551E+00, 9.679847E-02
5.825253E-08, 1.0368623E+00, 9.674745E-02
5.826815E-08, 1.0359694E+00, 9.670918E-02
5.828378E-08, 1.0344387E+00, 9.664541E-02
5.829940E-08, 1.0330358E+00, 9.659439E-02
5.831503E-08, 1.0315051E+00, 9.654336E-02
5.833065E-08, 1.0302296E+00, 9.649235E-02
5.834628E-08, 1.0288265E+00, 9.639031E-02
5.836190E-08, 1.0276786E+00, 9.631377E-02
5.837753E-08, 1.0266582E+00, 9.621173E-02
5.839315E-08, 1.0257653E+00, 9.613521E-02
5.840878E-08, 1.0250000E+00, 9.603316E-02
5.842440E-08, 1.0243622E+00, 9.593112E-02
5.844003E-08, 1.0239795E+00, 9.584184E-02
5.845565E-08, 1.0238520E+00, 9.575255E-02
5.847128E-08, 1.0238520E+00, 9.562500E-02
5.848690E-08, 1.0241071E+00, 9.549745E-02
5.850253E-08, 1.0246173E+00, 9.536990E-02
5.851815E-08, 1.0253826E+00, 9.522959E-02
5.853378E-08, 1.0260204E+00, 9.507653E-02
5.854940E-08, 1.0267857E+00, 9.493622E-02
5.856503E-08, 1.0276786E+00, 9.479592E-02
5.858065E-08, 1.0286989E+00, 9.466837E-02
5.859628E-08, 1.0295918E+00, 9.452806E-02
5.861190E-08, 1.0304847E+00, 9.438775E-02
5.862753E-08, 1.0316327E+00, 9.424745E-02
5.864315E-08, 1.0327806E+00, 9.411990E-02
5.865878E-08, 1.0338011E+00, 9.397959E-02
5.867440E-08, 1.0348214E+00, 9.385204E-02
5.869003E-08, 1.0358418E+00, 9.373724E-02
5.870565E-08, 1.0368623E+00, 9.364796E-02
5.872128E-08, 1.0375000E+00, 9.355868E-02
5.873690E-08, 1.0381378E+00, 9.350765E-02
5.875253E-08, 1.0386480E+00, 9.345663E-02
5.876815E-08, 1.0391581E+00, 9.343112E-02
5.878378E-08, 1.0394132E+00, 9.339286E-02
5.879940E-08, 1.0397959E+00, 9.338010E-02
5.881503E-08, 1.0401785E+00, 9.336735E-02
5.883065E-08, 1.0405612E+00, 9.338010E-02
5.884628E-08, 1.0406888E+00, 9.338010E-02
5.886190E-08, 1.0409439E+00, 9.340561E-02
5.887753E-08, 1.0410714E+00, 9.345663E-02
5.889315E-08, 1.0411990E+00, 9.353317E-02
5.890878E-08, 1.0409439E+00, 9.359694E-02
5.892440E-08, 1.0406888E+00, 9.369898E-02
5.894003E-08, 1.0403061E+00, 9.381378E-02
5.895565E-08, 1.0397959E+00, 9.394132E-02
5.897128E-08, 1.0387756E+00, 9.404337E-02
5.898690E-08, 1.0378827E+00, 9.415817E-02
5.900253E-08, 1.0367347E+00, 9.428571E-02
5.901815E-08, 1.0355867E+00, 9.440051E-02
5.903378E-08, 1.0341836E+00, 9.450255E-02
5.904940E-08, 1.0326531E+00, 9.461734E-02
5.906503E-08, 1.0311224E+00, 9.473214E-02
5.908065E-08, 1.0294642E+00, 9.484694E-02
5.909628E-08, 1.0276786E+00, 9.493622E-02
5.911190E-08, 1.0258929E+00, 9.502551E-02
5.912753E-08, 1.0239795E+00, 9.511480E-02
5.914315E-08, 1.0223215E+00, 9.519133E-02
5.915878E-08, 1.0204082E+00, 9.522959E-02
5.917440E-08, 1.0187500E+00, 9.526785E-02
5.919003E-08, 1.0170919E+00, 9.528061E-02
5.920565E-08, 1.0158163E+00, 9.529337E-02
5.922128E-08, 1.0142857E+00, 9.525510E-02
5.923690E-08, 1.0130103E+00, 9.521683E-02
5.925253E-08, 1.0121174E+00, 9.515306E-02
5.926815E-08, 1.0113521E+00, 9.507653E-02
5.928378E-08, 1.0107143E+00, 9.496173E-02
5.929940E-08, 1.0103316E+00, 9.484694E-02
5.931503E-08, 1.0100765E+00, 9.470663E-02
5.933065E-08, 1.0102041E+00, 9.457908E-02
5.934628E-08, 1.0102041E+00, 9.441327E-02
5.936190E-08, 1.0105867E+00, 9.424745E-02
5.937753E-08, 1.0110970E+00, 9.408163E-02
5.939315E-08, 1.0118623E+00, 9.392857E-02
5.940878E-08, 1.0126276E+00, 9.376276E-02
5.942440E-08, 1.0137755E+00, 9.360969E-02
5.944003E-08, 1.0149235E+00, 9.349490E-02
5.945565E-08, 1.0161990E+00, 9.340561E-02
5.947128E-08, 1.0172194E+00, 9.331632E-02
5.948690E-08, 1.0181123E+00, 9.327806E-02
5.950253E-08, 1.0187500E+00, 9.326530E-02
5.951815E-08, 1.0193877E+00, 9.329081E-02
5.953378E-08, 1.0195153E+00, 9.331632E-02
5.954940E-08, 1.0196428E+00, 9.335459E-02
5.956503E-08, 1.0195153E+00, 9.340561E-02
5.958065E-08, 1.0193877E+00, 9.345663E-02
5.959628E-08, 1.0190051E+00, 9.349490E-02
5.961190E-08, 1.0184948E+00, 9.354592E-02
5.962753E-08, 1.0179847E+00, 9.359694E-02
5.964315E-08, 1.0172194E+00, 9.366071E-02
5.965878E-08, 1.0160714E+00, 9.371173E-02
5.967440E-08, 1.0149235E+00, 9.375000E-02
5.969003E-08, 1.0135204E+00, 9.376276E-02
5.970565E-08, 1.0123725E+00, 9.377551E-02
5.972128E-08, 1.0109694E+00, 9.372449E-02
5.973690E-08, 1.0098214E+00, 9.364796E-02
5.975253E-08, 1.0088010E+00, 9.353317E-02
5.976815E-08, 1.0079081E+00, 9.340561E-02
5.978378E-08, 1.0070153E+00, 9.323980E-02
5.979940E-08, 1.0062500E+00, 9.306122E-02
5.981503E-08, 1.0057398E+00, 9.286990E-02
5.983065E-08, 1.0053571E+00, 9.267857E-02
5.984628E-08, 1.0049745E+00, 9.246174E-02
5.986190E-08, 1.0049745E+00, 9.223215E-02
5.987753E-08, 1.0052296E+00, 9.201530E-02
5.989315E-08, 1.0058674E+00, 9.179847E-02
5.990878E-08, 1.0065051E+00, 9.158164E-02
5.992440E-08, 1.0073980E+00, 9.141582E-02
5.994003E-08, 1.0084183E+00, 9.127551E-02
5.995565E-08, 1.0094388E+00, 9.119898E-02
5.997128E-08, 1.0103316E+00, 9.113520E-02
5.998690E-08, 1.0113521E+00, 9.112245E-02
6.000253E-08, 1.0123725E+00, 9.114796E-02
6.001815E-08, 1.0137755E+00, 9.119898E-02
6.003378E-08, 1.0149235E+00, 9.127551E-02
6.004940E-08, 1.0163265E+00, 9.139030E-02
6.006503E-08, 1.0177296E+00, 9.154337E-02
6.008065E-08, 1.0190051E+00, 9.176020E-02
6.009628E-08, 1.0197704E+00, 9.198979E-02
6.011190E-08, 1.0204082E+00, 9.225766E-02
6.012753E-08, 1.0206633E+00, 9.255102E-02
6.014315E-08, 1.0209184E+00, 9.284439E-02
6.015878E-08, 1.0206633E+00, 9.311225E-02
6.017440E-08, 1.0204082E+00, 9.335459E-02
6.019003E-08, 1.0200255E+00, 9.357143E-02
6.020565E-08, 1.0197704E+00, 9.376276E-02
6.022128E-08, 1.0191326E+00, 9.390306E-02
6.023690E-08, 1.0183673E+00, 9.403061E-02
6.025253E-08, 1.0174745E+00, 9.413265E-02
6.026815E-08, 1.0165817E+00, 9.420919E-02
6.028378E-08, 1.0153061E+00, 9.422194E-02
6.029940E-08, 1.0141581E+00, 9.420919E-02
6.031503E-08, 1.0130103E+00, 9.414541E-02
6.033065E-08, 1.0122449E+00, 9.405612E-02
6.034628E-08, 1.0113521E+00, 9.391581E-02
6.036190E-08, 1.0108418E+00, 9.375000E-02
6.037753E-08, 1.0105867E+00, 9.358419E-02
6.039315E-08, 1.0105867E+00, 9.341837E-02
6.040878E-08, 1.0107143E+00, 9.323980E-02
6.042440E-08, 1.0109694E+00, 9.307398E-02
6.044003E-08, 1.0116072E+00, 9.293368E-02
6.045565E-08, 1.0126276E+00, 9.281888E-02
6.047128E-08, 1.0136479E+00, 9.270408E-02
6.048690E-08, 1.0151786E+00, 9.262755E-02
6.050253E-08, 1.0168368E+00, 9.257653E-02
6.051815E-08, 1.0187500E+00, 9.260204E-02
6.053378E-08, 1.0205357E+00, 9.264030E-02
6.054940E-08, 1.0224490E+00, 9.272959E-02
6.056503E-08, 1.0243622E+00, 9.288266E-02
6.058065E-08, 1.0262755E+00, 9.307398E-02
6.059628E-08, 1.0278062E+00, 9.326530E-02
6.061190E-08, 1.0293367E+00, 9.349490E-02
6.062753E-08, 1.0307398E+00, 9.373724E-02
6.064315E-08, 1.0320153E+00, 9.399235E-02
6.065878E-08, 1.0329082E+00, 9.423470E-02
6.067440E-08, 1.0336735E+00, 9.448980E-02
6.069003E-08, 1.0341836E+00, 9.473214E-02
6.070565E-08, 1.0345663E+00, 9.498724E-02
6.072128E-08, 1.0344387E+00, 9.520409E-02
6.073690E-08, 1.0340561E+00, 9.540816E-02
6.075253E-08, 1.0334184E+00, 9.558673E-02
6.076815E-08, 1.0326531E+00, 9.572704E-02
6.078378E-08, 1.0315051E+00, 9.581633E-02
6.079940E-08, 1.0302296E+00, 9.588010E-02
6.081503E-08, 1.0289540E+00, 9.589285E-02
6.083065E-08, 1.0276786E+00, 9.588010E-02
6.084628E-08, 1.0262755E+00, 9.580357E-02
6.086190E-08, 1.0250000E+00, 9.571429E-02
6.087753E-08, 1.0237244E+00, 9.559949E-02
6.089315E-08, 1.0228317E+00, 9.547194E-02
6.090878E-08, 1.0219388E+00, 9.529337E-02
6.092440E-08, 1.0214286E+00, 9.512755E-02
6.094003E-08, 1.0211735E+00, 9.494898E-02
6.095565E-08, 1.0213010E+00, 9.478316E-02
6.097128E-08, 1.0214286E+00, 9.460459E-02
6.098690E-08, 1.0219388E+00, 9.445153E-02
6.100253E-08, 1.0224490E+00, 9.432398E-02
6.101815E-08, 1.0233419E+00, 9.422194E-02
6.103378E-08, 1.0239795E+00, 9.411990E-02
6.104940E-08, 1.0248724E+00, 9.404337E-02
6.106503E-08, 1.0258929E+00, 9.399235E-02
6.108065E-08, 1.0271684E+00, 9.395408E-02
6.109628E-08, 1.0281888E+00, 9.391581E-02
6.111190E-08, 1.0294642E+00, 9.391581E-02
6.112753E-08, 1.0307398E+00, 9.392857E-02
6.114315E-08, 1.0320153E+00, 9.396683E-02
6.115878E-08, 1.0327806E+00, 9.400510E-02
6.117440E-08, 1.0335460E+00, 9.408163E-02
6.119003E-08, 1.0340561E+00, 9.414541E-02
6.120565E-08, 1.0344387E+00, 9.423470E-02
6.122128E-08, 1.0343112E+00, 9.429847E-02
6.123690E-08, 1.0341836E+00, 9.434949E-02
6.125253E-08, 1.0339285E+00, 9.438775E-02
6.126815E-08, 1.0335460E+00, 9.442602E-02
6.128378E-08, 1.0327806E+00, 9.442602E-02
6.129940E-08, 1.0321429E+00, 9.441327E-02
6.131503E-08, 1.0312500E+00, 9.440051E-02
6.133065E-08, 1.0304847E+00, 9.437500E-02
6.134628E-08, 1.0294642E+00, 9.431122E-02
6.136190E-08, 1.0285715E+00, 9.424745E-02
6.137753E-08, 1.0278062E+00, 9.417092E-02
6.139315E-08, 1.0271684E+00, 9.410714E-02
6.140878E-08, 1.0264031E+00, 9.400510E-02
6.142440E-08, 1.0260204E+00, 9.392857E-02
6.144003E-08, 1.0256377E+00, 9.385204E-02
6.145565E-08, 1.0256377E+00, 9.378827E-02
6.147128E-08, 1.0255102E+00, 9.372449E-02
6.148690E-08, 1.0256377E+00, 9.368622E-02
6.150253E-08, 1.0260204E+00, 9.366071E-02
6.151815E-08, 1.0264031E+00, 9.366071E-02
6.153378E-08, 1.0266582E+00, 9.364796E-02
6.154940E-08, 1.0271684E+00, 9.368622E-02
6.156503E-08, 1.0275511E+00, 9.373724E-02
6.158065E-08, 1.0280613E+00, 9.381378E-02
6.159628E-08, 1.0284439E+00, 9.387755E-02
6.161190E-08, 1.0288265E+00, 9.397959E-02
6.162753E-08, 1.0293367E+00, 9.408163E-02
6.164315E-08, 1.0298469E+00, 9.420919E-02
6.165878E-08, 1.0302296E+00, 9.432398E-02
6.167440E-08, 1.0304847E+00, 9.445153E-02
6.169003E-08, 1.0306122E+00, 9.459183E-02
6.170565E-08, 1.0306122E+00, 9.475765E-02
6.172128E-08, 1.0301020E+00, 9.488521E-02
6.173690E-08, 1.0295918E+00, 9.502551E-02
6.175253E-08, 1.0288265E+00, 9.515306E-02
6.176815E-08, 1.0280613E+00, 9.525510E-02
6.178378E-08, 1.0270408E+00, 9.533163E-02
6.179940E-08, 1.0261480E+00, 9.538265E-02
6.181503E-08, 1.0251275E+00, 9.540816E-02
6.183065E-08, 1.0243622E+00, 9.542092E-02
6.184628E-08, 1.0233419E+00, 9.540816E-02
6.186190E-08, 1.0224490E+00, 9.539541E-02
6.187753E-08, 1.0216837E+00, 9.535714E-02
6.189315E-08, 1.0210459E+00, 9.534439E-02
6.190878E-08, 1.0201530E+00, 9.528061E-02
6.192440E-08, 1.0195153E+00, 9.522959E-02
6.194003E-08, 1.0190051E+00, 9.516582E-02
6.195565E-08, 1.0186224E+00, 9.511480E-02
6.197128E-08, 1.0181123E+00, 9.503826E-02
6.198690E-08, 1.0179847E+00, 9.496173E-02
6.200253E-08, 1.0179847E+00, 9.489796E-02
6.201815E-08, 1.0182397E+00, 9.484694E-02
6.203378E-08, 1.0184948E+00, 9.478316E-02
6.204940E-08, 1.0190051E+00, 9.474490E-02
6.206503E-08, 1.0195153E+00, 9.471939E-02
6.208065E-08, 1.0201530E+00, 9.471939E-02
6.209628E-08, 1.0205357E+00, 9.471939E-02
6.211190E-08, 1.0209184E+00, 9.473214E-02
6.212753E-08, 1.0211735E+00, 9.477041E-02
6.214315E-08, 1.0215561E+00, 9.480868E-02
6.215878E-08, 1.0215561E+00, 9.483419E-02
6.217440E-08, 1.0218112E+00, 9.485970E-02
6.219003E-08, 1.0221939E+00, 9.487245E-02
6.220565E-08, 1.0225766E+00, 9.489796E-02
6.222128E-08, 1.0228317E+00, 9.488521E-02
6.223690E-08, 1.0230868E+00, 9.488521E-02
6.225253E-08, 1.0232143E+00, 9.488521E-02
6.226815E-08, 1.0233419E+00, 9.489796E-02
6.228378E-08, 1.0230868E+00, 9.488521E-02
6.229940E-08, 1.0229592E+00, 9.485970E-02
6.231503E-08, 1.0228317E+00, 9.482143E-02
6.233065E-08, 1.0228317E+00, 9.477041E-02
6.234628E-08, 1.0227041E+00, 9.468112E-02
6.236190E-08, 1.0228317E+00, 9.457908E-02
6.237753E-08, 1.0230868E+00, 9.447704E-02
6.239315E-08, 1.0234693E+00, 9.437500E-02
6.240878E-08, 1.0237244E+00, 9.426020E-02
6.242440E-08, 1.0239795E+00, 9.415817E-02
6.244003E-08, 1.0242347E+00, 9.406888E-02
6.245565E-08, 1.0244898E+00, 9.399235E-02
6.247128E-08, 1.0247449E+00, 9.390306E-02
6.248690E-08, 1.0250000E+00, 9.383929E-02
6.250253E-08, 1.0255102E+00, 9.377551E-02
6.251815E-08, 1.0262755E+00, 9.373724E-02
6.253378E-08, 1.0267857E+00, 9.368622E-02
6.254940E-08, 1.0274235E+00, 9.367347E-02
6.256503E-08, 1.0279337E+00, 9.369898E-02
6.258065E-08, 1.0284439E+00, 9.375000E-02
6.259628E-08, 1.0284439E+00, 9.380102E-02
6.261190E-08, 1.0285715E+00, 9.389031E-02
6.262753E-08, 1.0285715E+00, 9.397959E-02
6.264315E-08, 1.0285715E+00, 9.409439E-02
6.265878E-08, 1.0283164E+00, 9.419643E-02
6.267440E-08, 1.0280613E+00, 9.429847E-02
6.269003E-08, 1.0278062E+00, 9.441327E-02
6.270565E-08, 1.0275511E+00, 9.452806E-02
6.272128E-08, 1.0270408E+00, 9.464286E-02
6.273690E-08, 1.0264031E+00, 9.474490E-02
6.275253E-08, 1.0257653E+00, 9.485970E-02
6.276815E-08, 1.0252551E+00, 9.494898E-02
6.278378E-08, 1.0244898E+00, 9.501275E-02
6.279940E-08, 1.0239795E+00, 9.505102E-02
6.281503E-08, 1.0234693E+00, 9.506378E-02
6.283065E-08, 1.0233419E+00, 9.505102E-02
6.284628E-08, 1.0230868E+00, 9.501275E-02
6.286190E-08, 1.0229592E+00, 9.496173E-02
6.287753E-08, 1.0229592E+00, 9.489796E-02
6.289315E-08, 1.0232143E+00, 9.483419E-02
6.290878E-08, 1.0232143E+00, 9.473214E-02
6.292440E-08, 1.0233419E+00, 9.461734E-02
6.294003E-08, 1.0235969E+00, 9.450255E-02
6.295565E-08, 1.0241071E+00, 9.438775E-02
6.297128E-08, 1.0243622E+00, 9.423470E-02
6.298690E-08, 1.0250000E+00, 9.408163E-02
6.300253E-08, 1.0257653E+00, 9.394132E-02
6.301815E-08, 1.0265306E+00, 9.381378E-02
6.303378E-08, 1.0271684E+00, 9.368622E-02
6.304940E-08, 1.0279337E+00, 9.358419E-02
6.306503E-08, 1.0285715E+00, 9.350765E-02
6.308065E-08, 1.0292091E+00, 9.346939E-02
6.309628E-08, 1.0295918E+00, 9.341837E-02
6.311190E-08, 1.0299745E+00, 9.340561E-02
6.312753E-08, 1.0303571E+00, 9.340561E-02
6.314315E-08, 1.0307398E+00, 9.343112E-02
6.315878E-08, 1.0308673E+00, 9.345663E-02
6.317440E-08, 1.0309949E+00, 9.349490E-02
6.319003E-08, 1.0311224E+00, 9.355868E-02
6.320565E-08, 1.0312500E+00, 9.364796E-02
6.322128E-08, 1.0309949E+00, 9.372449E-02
6.323690E-08, 1.0307398E+00, 9.382653E-02
6.325253E-08, 1.0304847E+00, 9.392857E-02
6.326815E-08, 1.0301020E+00, 9.403061E-02
6.328378E-08, 1.0295918E+00, 9.410714E-02
6.329940E-08, 1.0292091E+00, 9.418368E-02
6.331503E-08, 1.0288265E+00, 9.424745E-02
6.333065E-08, 1.0285715E+00, 9.431122E-02
6.334628E-08, 1.0281888E+00, 9.433673E-02
6.336190E-08, 1.0278062E+00, 9.437500E-02
6.337753E-08, 1.0275511E+00, 9.440051E-02
6.339315E-08, 1.0275511E+00, 9.442602E-02
6.340878E-08, 1.0272959E+00, 9.442602E-02
6.342440E-08, 1.0274235E+00, 9.442602E-02
6.344003E-08, 1.0275511E+00, 9.442602E-02
6.345565E-08, 1.0280613E+00, 9.445153E-02
6.347128E-08, 1.0284439E+00, 9.445153E-02
6.348690E-08, 1.0289540E+00, 9.448980E-02
6.350253E-08, 1.0294642E+00, 9.454082E-02
6.351815E-08, 1.0299745E+00, 9.464286E-02
6.353378E-08, 1.0302296E+00, 9.473214E-02
6.354940E-08, 1.0306122E+00, 9.484694E-02
6.356503E-08, 1.0308673E+00, 9.497449E-02
6.358065E-08, 1.0312500E+00, 9.511480E-02
6.359628E-08, 1.0312500E+00, 9.524234E-02
6.361190E-08, 1.0315051E+00, 9.538265E-02
6.362753E-08, 1.0317602E+00, 9.553572E-02
6.364315E-08, 1.0320153E+00, 9.568878E-02
6.365878E-08, 1.0320153E+00, 9.582908E-02
6.367440E-08, 1.0320153E+00, 9.599490E-02
6.369003E-08, 1.0318878E+00, 9.613521E-02
6.370565E-08, 1.0316327E+00, 9.627551E-02
6.372128E-08, 1.0312500E+00, 9.637755E-02
6.373690E-08, 1.0307398E+00, 9.645408E-02
6.375253E-08, 1.0302296E+00, 9.650511E-02
6.376815E-08, 1.0298469E+00, 9.651785E-02
6.378378E-08, 1.0292091E+00, 9.646684E-02
6.379940E-08, 1.0286989E+00, 9.639031E-02
6.381503E-08, 1.0283164E+00, 9.627551E-02
6.383065E-08, 1.0280613E+00, 9.614796E-02
6.384628E-08, 1.0278062E+00, 9.595663E-02
6.386190E-08, 1.0278062E+00, 9.575255E-02
6.387753E-08, 1.0278062E+00, 9.554847E-02
6.389315E-08, 1.0281888E+00, 9.534439E-02
6.390878E-08, 1.0281888E+00, 9.512755E-02
6.392440E-08, 1.0284439E+00, 9.492347E-02
6.394003E-08, 1.0285715E+00, 9.474490E-02
6.395565E-08, 1.0286989E+00, 9.460459E-02
6.397128E-08, 1.0286989E+00, 9.445153E-02
6.398690E-08, 1.0286989E+00, 9.433673E-02
6.400253E-08, 1.0288265E+00, 9.426020E-02
6.401815E-08, 1.0292091E+00, 9.422194E-02
6.403378E-08, 1.0292091E+00, 9.420919E-02
6.404940E-08, 1.0292091E+00, 9.426020E-02
6.406503E-08, 1.0290816E+00, 9.436224E-02
6.408065E-08, 1.0288265E+00, 9.451531E-02
6.409628E-08, 1.0280613E+00, 9.470663E-02
6.411190E-08, 1.0270408E+00, 9.493622E-02
6.412753E-08, 1.0258929E+00, 9.519133E-02
6.414315E-08, 1.0248724E+00, 9.545919E-02
6.415878E-08, 1.0234693E+00, 9.570153E-02
6.417440E-08, 1.0221939E+00, 9.595663E-02
6.419003E-08, 1.0210459E+00, 9.619898E-02
6.420565E-08, 1.0198979E+00, 9.644133E-02
6.422128E-08, 1.0186224E+00, 9.665816E-02
6.423690E-08, 1.0172194E+00, 9.686224E-02
6.425253E-08, 1.0159439E+00, 9.704082E-02
6.426815E-08, 1.0146683E+00, 9.719387E-02
6.428378E-08, 1.0132653E+00, 9.728316E-02
6.429940E-08, 1.0122449E+00, 9.732143E-02
6.431503E-08, 1.0113521E+00, 9.730867E-02
6.433065E-08, 1.0109694E+00, 9.725765E-02
6.434628E-08, 1.0105867E+00, 9.714286E-02
6.436190E-08, 1.0104592E+00, 9.698980E-02
6.437753E-08, 1.0105867E+00, 9.679847E-02
6.439315E-08, 1.0110970E+00, 9.660714E-02
6.440878E-08, 1.0114796E+00, 9.635204E-02
6.442440E-08, 1.0122449E+00, 9.609694E-02
6.444003E-08, 1.0131377E+00, 9.582908E-02
6.445565E-08, 1.0144132E+00, 9.556122E-02
6.447128E-08, 1.0155612E+00, 9.525510E-02
6.448690E-08, 1.0169643E+00, 9.497449E-02
6.450253E-08, 1.0183673E+00, 9.471939E-02
6.451815E-08, 1.0198979E+00, 9.448980E-02
6.453378E-08, 1.0211735E+00, 9.427296E-02
6.454940E-08, 1.0223215E+00, 9.410714E-02
6.456503E-08, 1.0234693E+00, 9.396683E-02
6.458065E-08, 1.0244898E+00, 9.386480E-02
6.459628E-08, 1.0251275E+00, 9.376276E-02
6.461190E-08, 1.0256377E+00, 9.369898E-02
6.462753E-08, 1.0260204E+00, 9.366071E-02
6.464315E-08, 1.0264031E+00, 9.366071E-02
6.465878E-08, 1.0262755E+00, 9.366071E-02
6.467440E-08, 1.0258929E+00, 9.368622E-02
6.469003E-08, 1.0253826E+00, 9.373724E-02
6.470565E-08, 1.0247449E+00, 9.381378E-02
6.472128E-08, 1.0237244E+00, 9.386480E-02
6.473690E-08, 1.0225766E+00, 9.392857E-02
6.475253E-08, 1.0214286E+00, 9.397959E-02
6.476815E-08, 1.0204082E+00, 9.403061E-02
6.478378E-08, 1.0191326E+00, 9.404337E-02
6.479940E-08, 1.0179847E+00, 9.404337E-02
6.481503E-08, 1.0169643E+00, 9.404337E-02
6.483065E-08, 1.0159439E+00, 9.403061E-02
6.484628E-08, 1.0149235E+00, 9.397959E-02
6.486190E-08, 1.0141581E+00, 9.391581E-02
6.487753E-08, 1.0135204E+00, 9.383929E-02
6.489315E-08, 1.0133928E+00, 9.373724E-02
6.490878E-08, 1.0133928E+00, 9.359694E-02
6.492440E-08, 1.0137755E+00, 9.345663E-02
6.494003E-08, 1.0145408E+00, 9.330357E-02
6.495565E-08, 1.0155612E+00, 9.317602E-02
6.497128E-08, 1.0165817E+00, 9.302296E-02
6.498690E-08, 1.0177296E+00, 9.290817E-02
6.500253E-08, 1.0190051E+00, 9.280612E-02
6.501815E-08, 1.0205357E+00, 9.271684E-02
6.503378E-08, 1.0219388E+00, 9.262755E-02
6.504940E-08, 1.0235969E+00, 9.255102E-02
6.506503E-08, 1.0252551E+00, 9.248725E-02
6.508065E-08, 1.0271684E+00, 9.244898E-02
6.509628E-08, 1.0288265E+00, 9.241071E-02
6.511190E-08, 1.0306122E+00, 9.242347E-02
6.512753E-08, 1.0321429E+00, 9.247449E-02
6.514315E-08, 1.0336735E+00, 9.256378E-02
6.515878E-08, 1.0345663E+00, 9.265306E-02
6.517440E-08, 1.0353316E+00, 9.279337E-02
6.519003E-08, 1.0358418E+00, 9.293368E-02
6.520565E-08, 1.0362245E+00, 9.308673E-02
6.522128E-08, 1.0362245E+00, 9.321429E-02
6.523690E-08, 1.0362245E+00, 9.335459E-02
6.525253E-08, 1.0362245E+00, 9.348214E-02
6.526815E-08, 1.0360969E+00, 9.362245E-02
6.528378E-08, 1.0357143E+00, 9.373724E-02
6.529940E-08, 1.0352041E+00, 9.386480E-02
6.531503E-08, 1.0345663E+00, 9.396683E-02
6.533065E-08, 1.0339285E+00, 9.408163E-02
6.534628E-08, 1.0329082E+00, 9.413265E-02
6.536190E-08, 1.0320153E+00, 9.417092E-02
6.537753E-08, 1.0312500E+00, 9.417092E-02
6.539315E-08, 1.0306122E+00, 9.415817E-02
6.540878E-08, 1.0298469E+00, 9.408163E-02
6.542440E-08, 1.0293367E+00, 9.399235E-02
6.544003E-08, 1.0288265E+00, 9.390306E-02
6.545565E-08, 1.0285715E+00, 9.380102E-02
6.547128E-08, 1.0279337E+00, 9.368622E-02
6.548690E-08, 1.0272959E+00, 9.357143E-02
6.550253E-08, 1.0266582E+00, 9.344388E-02
6.551815E-08, 1.0260204E+00, 9.334183E-02
6.553378E-08, 1.0252551E+00, 9.320153E-02
6.554940E-08, 1.0247449E+00, 9.307398E-02
6.556503E-08, 1.0243622E+00, 9.295918E-02
6.558065E-08, 1.0241071E+00, 9.288266E-02
6.559628E-08, 1.0235969E+00, 9.280612E-02
6.561190E-08, 1.0233419E+00, 9.279337E-02
6.562753E-08, 1.0228317E+00, 9.283163E-02
6.564315E-08, 1.0224490E+00, 9.292092E-02
6.565878E-08, 1.0215561E+00, 9.303571E-02
6.567440E-08, 1.0207908E+00, 9.320153E-02
6.569003E-08, 1.0198979E+00, 9.339286E-02
6.570565E-08, 1.0192602E+00, 9.360969E-02
6.572128E-08, 1.0183673E+00, 9.382653E-02
6.573690E-08, 1.0178572E+00, 9.406888E-02
6.575253E-08, 1.0174745E+00, 9.432398E-02
6.576815E-08, 1.0174745E+00, 9.460459E-02
6.578378E-08, 1.0173470E+00, 9.487245E-02
6.579940E-08, 1.0174745E+00, 9.515306E-02
6.581503E-08, 1.0176021E+00, 9.543367E-02
6.583065E-08, 1.0179847E+00, 9.570153E-02
6.584628E-08, 1.0182397E+00, 9.591836E-02
6.586190E-08, 1.0186224E+00, 9.612245E-02
6.587753E-08, 1.0190051E+00, 9.627551E-02
6.589315E-08, 1.0197704E+00, 9.637755E-02
6.590878E-08, 1.0202806E+00, 9.641582E-02
6.592440E-08, 1.0211735E+00, 9.639031E-02
6.594003E-08, 1.0220664E+00, 9.632653E-02
6.595565E-08, 1.0230868E+00, 9.621173E-02
6.597128E-08, 1.0239795E+00, 9.602041E-02
6.598690E-08, 1.0248724E+00, 9.580357E-02
6.600253E-08, 1.0256377E+00, 9.556122E-02
6.601815E-08, 1.0265306E+00, 9.530612E-02
6.603378E-08, 1.0269133E+00, 9.500000E-02
6.604940E-08, 1.0272959E+00, 9.469388E-02
6.606503E-08, 1.0275511E+00, 9.437500E-02
6.608065E-08, 1.0279337E+00, 9.406888E-02
6.609628E-08, 1.0279337E+00, 9.375000E-02
6.611190E-08, 1.0279337E+00, 9.346939E-02
6.612753E-08, 1.0279337E+00, 9.321429E-02
6.614315E-08, 1.0279337E+00, 9.301020E-02
6.615878E-08, 1.0275511E+00, 9.283163E-02
6.617440E-08, 1.0271684E+00, 9.272959E-02
6.619003E-08, 1.0266582E+00, 9.267857E-02
6.620565E-08, 1.0262755E+00, 9.269132E-02
6.622128E-08, 1.0256377E+00, 9.272959E-02
6.623690E-08, 1.0250000E+00, 9.283163E-02
6.625253E-08, 1.0244898E+00, 9.297194E-02
6.626815E-08, 1.0241071E+00, 9.315051E-02
6.628378E-08, 1.0237244E+00, 9.334183E-02
6.629940E-08, 1.0234693E+00, 9.357143E-02
6.631503E-08, 1.0233419E+00, 9.381378E-02
6.633065E-08, 1.0234693E+00, 9.406888E-02
6.634628E-08, 1.0234693E+00, 9.431122E-02
6.636190E-08, 1.0238520E+00, 9.454082E-02
6.637753E-08, 1.0243622E+00, 9.474490E-02
6.639315E-08, 1.0252551E+00, 9.494898E-02
6.640878E-08, 1.0258929E+00, 9.508929E-02
6.642440E-08, 1.0269133E+00, 9.521683E-02
6.644003E-08, 1.0279337E+00, 9.530612E-02
6.645565E-08, 1.0290816E+00, 9.538265E-02
6.647128E-08, 1.0299745E+00, 9.538265E-02
6.648690E-08, 1.0311224E+00, 9.535714E-02
6.650253E-08, 1.0321429E+00, 9.530612E-02
6.651815E-08, 1.0332909E+00, 9.521683E-02
6.653378E-08, 1.0341836E+00, 9.507653E-02
6.654940E-08, 1.0349489E+00, 9.491071E-02
6.656503E-08, 1.0357143E+00, 9.473214E-02
6.658065E-08, 1.0362245E+00, 9.456632E-02
6.659628E-08, 1.0363520E+00, 9.436224E-02
6.661190E-08, 1.0363520E+00, 9.417092E-02
6.662753E-08, 1.0362245E+00, 9.399235E-02
6.664315E-08, 1.0358418E+00, 9.382653E-02
6.665878E-08, 1.0350765E+00, 9.364796E-02
6.667440E-08, 1.0343112E+00, 9.349490E-02
6.669003E-08, 1.0332909E+00, 9.335459E-02
6.670565E-08, 1.0323980E+00, 9.325255E-02
6.672128E-08, 1.0311224E+00, 9.315051E-02
6.673690E-08, 1.0297194E+00, 9.308673E-02
6.675253E-08, 1.0284439E+00, 9.304847E-02
6.676815E-08, 1.0270408E+00, 9.304847E-02
6.678378E-08, 1.0255102E+00, 9.304847E-02
6.679940E-08, 1.0241071E+00, 9.306122E-02
6.681503E-08, 1.0227041E+00, 9.309949E-02
6.683065E-08, 1.0215561E+00, 9.316327E-02
6.684628E-08, 1.0202806E+00, 9.320153E-02
6.686190E-08, 1.0191326E+00, 9.326530E-02
6.687753E-08, 1.0181123E+00, 9.332908E-02
6.689315E-08, 1.0172194E+00, 9.340561E-02
6.690878E-08, 1.0160714E+00, 9.345663E-02
6.692440E-08, 1.0150510E+00, 9.352041E-02
6.694003E-08, 1.0140306E+00, 9.357143E-02
6.695565E-08, 1.0132653E+00, 9.362245E-02
6.697128E-08, 1.0123725E+00, 9.364796E-02
6.698690E-08, 1.0118623E+00, 9.366071E-02
6.700253E-08, 1.0113521E+00, 9.366071E-02
6.701815E-08, 1.0112245E+00, 9.367347E-02
6.703378E-08, 1.0109694E+00, 9.367347E-02
6.704940E-08, 1.0109694E+00, 9.368622E-02
6.706503E-08, 1.0112245E+00, 9.371173E-02
6.708065E-08, 1.0116072E+00, 9.376276E-02
6.709628E-08, 1.0118623E+00, 9.380102E-02
6.711190E-08, 1.0123725E+00, 9.389031E-02
6.712753E-08, 1.0128827E+00, 9.397959E-02
6.714315E-08, 1.0136479E+00, 9.410714E-02
6.715878E-08, 1.0141581E+00, 9.422194E-02
6.717440E-08, 1.0149235E+00, 9.436224E-02
6.719003E-08, 1.0156888E+00, 9.451531E-02
6.720565E-08, 1.0165817E+00, 9.468112E-02
6.722128E-08, 1.0173470E+00, 9.484694E-02
6.723690E-08, 1.0182397E+00, 9.501275E-02
6.725253E-08, 1.0192602E+00, 9.519133E-02
6.726815E-08, 1.0204082E+00, 9.536990E-02
6.728378E-08, 1.0213010E+00, 9.552296E-02
6.729940E-08, 1.0223215E+00, 9.567602E-02
6.731503E-08, 1.0233419E+00, 9.580357E-02
6.733065E-08, 1.0244898E+00, 9.593112E-02
6.734628E-08, 1.0252551E+00, 9.602041E-02
6.736190E-08, 1.0261480E+00, 9.608418E-02
6.737753E-08, 1.0269133E+00, 9.613521E-02
6.739315E-08, 1.0276786E+00, 9.617347E-02
6.740878E-08, 1.0280613E+00, 9.616072E-02
6.742440E-08, 1.0284439E+00, 9.613521E-02
6.744003E-08, 1.0285715E+00, 9.608418E-02
6.745565E-08, 1.0288265E+00, 9.600765E-02
6.747128E-08, 1.0286989E+00, 9.588010E-02
6.748690E-08, 1.0285715E+00, 9.575255E-02
6.750253E-08, 1.0285715E+00, 9.558673E-02
6.751815E-08, 1.0288265E+00, 9.542092E-02
6.753378E-08, 1.0288265E+00, 9.522959E-02
6.754940E-08, 1.0290816E+00, 9.505102E-02
6.756503E-08, 1.0293367E+00, 9.488521E-02
6.758065E-08, 1.0295918E+00, 9.475765E-02
6.759628E-08, 1.0295918E+00, 9.461734E-02
6.761190E-08, 1.0297194E+00, 9.451531E-02
6.762753E-08, 1.0297194E+00, 9.442602E-02
6.764315E-08, 1.0298469E+00, 9.434949E-02
6.765878E-08, 1.0297194E+00, 9.426020E-02
6.767440E-08, 1.0298469E+00, 9.418368E-02
6.769003E-08, 1.0302296E+00, 9.411990E-02
6.770565E-08, 1.0308673E+00, 9.405612E-02
6.772128E-08, 1.0315051E+00, 9.397959E-02
6.773690E-08, 1.0323980E+00, 9.394132E-02
6.775253E-08, 1.0334184E+00, 9.390306E-02
6.776815E-08, 1.0345663E+00, 9.391581E-02
6.778378E-08, 1.0353316E+00, 9.390306E-02
6.779940E-08, 1.0363520E+00, 9.392857E-02
6.781503E-08, 1.0372449E+00, 9.394132E-02
6.783065E-08, 1.0383929E+00, 9.397959E-02
6.784628E-08, 1.0391581E+00, 9.397959E-02
6.786190E-08, 1.0399234E+00, 9.399235E-02
6.787753E-08, 1.0406888E+00, 9.400510E-02
6.789315E-08, 1.0414541E+00, 9.401786E-02
6.790878E-08, 1.0417092E+00, 9.401786E-02
6.792440E-08, 1.0419643E+00, 9.403061E-02
6.794003E-08, 1.0419643E+00, 9.404337E-02
6.795565E-08, 1.0418367E+00, 9.406888E-02
6.797128E-08, 1.0413265E+00, 9.406888E-02
6.798690E-08, 1.0408163E+00, 9.409439E-02
6.800253E-08, 1.0401785E+00, 9.410714E-02
6.801815E-08, 1.0395408E+00, 9.414541E-02
6.803378E-08, 1.0383929E+00, 9.417092E-02
6.804940E-08, 1.0372449E+00, 9.422194E-02
6.806503E-08, 1.0359694E+00, 9.427296E-02
6.808065E-08, 1.0346938E+00, 9.436224E-02
6.809628E-08, 1.0331633E+00, 9.442602E-02
6.811190E-08, 1.0317602E+00, 9.451531E-02
6.812753E-08, 1.0303571E+00, 9.461734E-02
6.814315E-08, 1.0292091E+00, 9.471939E-02
6.815878E-08, 1.0278062E+00, 9.482143E-02
6.817440E-08, 1.0267857E+00, 9.493622E-02
6.819003E-08, 1.0257653E+00, 9.505102E-02
6.820565E-08, 1.0251275E+00, 9.517857E-02
6.822128E-08, 1.0242347E+00, 9.528061E-02
6.823690E-08, 1.0235969E+00, 9.539541E-02
6.825253E-08, 1.0232143E+00, 9.549745E-02
6.826815E-08, 1.0233419E+00, 9.559949E-02
6.828378E-08, 1.0233419E+00, 9.565051E-02
6.829940E-08, 1.0237244E+00, 9.568878E-02
6.831503E-08, 1.0244898E+00, 9.571429E-02
6.833065E-08, 1.0255102E+00, 9.573980E-02
6.834628E-08, 1.0265306E+00, 9.572704E-02
6.836190E-08, 1.0276786E+00, 9.572704E-02
6.837753E-08, 1.0289540E+00, 9.570153E-02
6.839315E-08, 1.0302296E+00, 9.568878E-02
6.840878E-08, 1.0312500E+00, 9.562500E-02
6.842440E-08, 1.0323980E+00, 9.554847E-02
6.844003E-08, 1.0334184E+00, 9.545919E-02
6.845565E-08, 1.0344387E+00, 9.535714E-02
6.847128E-08, 1.0352041E+00, 9.521683E-02
6.848690E-08, 1.0358418E+00, 9.507653E-02
6.850253E-08, 1.0364796E+00, 9.492347E-02
6.851815E-08, 1.0368623E+00, 9.478316E-02
6.853378E-08, 1.0366071E+00, 9.461734E-02
6.854940E-08, 1.0362245E+00, 9.445153E-02
6.856503E-08, 1.0354592E+00, 9.429847E-02
6.858065E-08, 1.0344387E+00, 9.414541E-02
6.859628E-08, 1.0329082E+00, 9.396683E-02
6.861190E-08, 1.0312500E+00, 9.378827E-02
6.862753E-08, 1.0295918E+00, 9.359694E-02
6.864315E-08, 1.0279337E+00, 9.341837E-02
6.865878E-08, 1.0260204E+00, 9.321429E-02
6.867440E-08, 1.0243622E+00, 9.303571E-02
6.869003E-08, 1.0228317E+00, 9.288266E-02
6.870565E-08, 1.0213010E+00, 9.276786E-02
6.872128E-08, 1.0196428E+00, 9.265306E-02
6.873690E-08, 1.0181123E+00, 9.258929E-02
6.875253E-08, 1.0167092E+00, 9.255102E-02
6.876815E-08, 1.0154337E+00, 9.253827E-02
6.878378E-08, 1.0142857E+00, 9.251276E-02
6.879940E-08, 1.0133928E+00, 9.251276E-02
6.881503E-08, 1.0130103E+00, 9.252551E-02
6.883065E-08, 1.0130103E+00, 9.257653E-02
6.884628E-08, 1.0131377E+00, 9.261479E-02
6.886190E-08, 1.0136479E+00, 9.270408E-02
6.887753E-08, 1.0144132E+00, 9.281888E-02
6.889315E-08, 1.0155612E+00, 9.297194E-02
6.890878E-08, 1.0164541E+00, 9.313776E-02
6.892440E-08, 1.0177296E+00, 9.332908E-02
6.894003E-08, 1.0190051E+00, 9.353317E-02
6.895565E-08, 1.0205357E+00, 9.376276E-02
6.897128E-08, 1.0219388E+00, 9.396683E-02
6.898690E-08, 1.0234693E+00, 9.418368E-02
6.900253E-08, 1.0248724E+00, 9.440051E-02
6.901815E-08, 1.0264031E+00, 9.463010E-02
6.903378E-08, 1.0274235E+00, 9.483419E-02
6.904940E-08, 1.0283164E+00, 9.503826E-02
6.906503E-08, 1.0290816E+00, 9.525510E-02
6.908065E-08, 1.0295918E+00, 9.545919E-02
6.909628E-08, 1.0297194E+00, 9.562500E-02
6.911190E-08, 1.0298469E+00, 9.577806E-02
6.912753E-08, 1.0297194E+00, 9.589285E-02
6.914315E-08, 1.0297194E+00, 9.600765E-02
6.915878E-08, 1.0292091E+00, 9.607143E-02
6.917440E-08, 1.0288265E+00, 9.613521E-02
6.919003E-08, 1.0281888E+00, 9.616072E-02
6.920565E-08, 1.0276786E+00, 9.619898E-02
6.922128E-08, 1.0267857E+00, 9.618623E-02
6.923690E-08, 1.0261480E+00, 9.617347E-02
6.925253E-08, 1.0256377E+00, 9.613521E-02
6.926815E-08, 1.0253826E+00, 9.608418E-02
6.928378E-08, 1.0251275E+00, 9.599490E-02
6.929940E-08, 1.0252551E+00, 9.589285E-02
6.931503E-08, 1.0255102E+00, 9.579082E-02
6.933065E-08, 1.0261480E+00, 9.568878E-02
6.934628E-08, 1.0266582E+00, 9.556122E-02
6.936190E-08, 1.0272959E+00, 9.544643E-02
6.937753E-08, 1.0281888E+00, 9.533163E-02
6.939315E-08, 1.0290816E+00, 9.521683E-02
6.940878E-08, 1.0299745E+00, 9.506378E-02
6.942440E-08, 1.0309949E+00, 9.492347E-02
6.944003E-08, 1.0320153E+00, 9.478316E-02
6.945565E-08, 1.0330358E+00, 9.464286E-02
6.947128E-08, 1.0338011E+00, 9.447704E-02
6.948690E-08, 1.0345663E+00, 9.432398E-02
6.950253E-08, 1.0350765E+00, 9.415817E-02
6.951815E-08, 1.0355867E+00, 9.401786E-02
6.953378E-08, 1.0357143E+00, 9.385204E-02
6.954940E-08, 1.0357143E+00, 9.371173E-02
6.956503E-08, 1.0355867E+00, 9.357143E-02
6.958065E-08, 1.0354592E+00, 9.344388E-02
6.959628E-08, 1.0349489E+00, 9.332908E-02
6.961190E-08, 1.0341836E+00, 9.323980E-02
6.962753E-08, 1.0332909E+00, 9.317602E-02
6.964315E-08, 1.0323980E+00, 9.315051E-02
6.965878E-08, 1.0309949E+00, 9.311225E-02
6.967440E-08, 1.0294642E+00, 9.312500E-02
6.969003E-08, 1.0279337E+00, 9.313776E-02
6.970565E-08, 1.0265306E+00, 9.318878E-02
6.972128E-08, 1.0248724E+00, 9.323980E-02
6.973690E-08, 1.0234693E+00, 9.330357E-02
6.975253E-08, 1.0220664E+00, 9.340561E-02
6.976815E-08, 1.0209184E+00, 9.352041E-02
6.978378E-08, 1.0196428E+00, 9.363520E-02
6.979940E-08, 1.0187500E+00, 9.377551E-02
6.981503E-08, 1.0181123E+00, 9.392857E-02
6.983065E-08, 1.0176021E+00, 9.409439E-02
6.984628E-08, 1.0172194E+00, 9.423470E-02
6.986190E-08, 1.0169643E+00, 9.440051E-02
6.987753E-08, 1.0169643E+00, 9.454082E-02
6.989315E-08, 1.0170919E+00, 9.469388E-02
6.990878E-08, 1.0170919E+00, 9.480868E-02
6.992440E-08, 1.0173470E+00, 9.492347E-02
6.994003E-08, 1.0176021E+00, 9.500000E-02
6.995565E-08, 1.0179847E+00, 9.506378E-02
6.997128E-08, 1.0182397E+00, 9.508929E-02
6.998690E-08, 1.0186224E+00, 9.508929E-02
7.000253E-08, 1.0188775E+00, 9.506378E-02
7.001815E-08, 1.0192602E+00, 9.503826E-02
7.003378E-08, 1.0195153E+00, 9.494898E-02
7.004940E-08, 1.0196428E+00, 9.485970E-02
7.006503E-08, 1.0198979E+00, 9.475765E-02
7.008065E-08, 1.0201530E+00, 9.464286E-02
7.009628E-08, 1.0200255E+00, 9.448980E-02
7.011190E-08, 1.0198979E+00, 9.434949E-02
7.012753E-08, 1.0196428E+00, 9.422194E-02
7.014315E-08, 1.0193877E+00, 9.409439E-02
7.015878E-08, 1.0186224E+00, 9.395408E-02
7.017440E-08, 1.0178572E+00, 9.382653E-02
7.019003E-08, 1.0170919E+00, 9.371173E-02
7.020565E-08, 1.0164541E+00, 9.362245E-02
7.022128E-08, 1.0158163E+00, 9.350765E-02
7.023690E-08, 1.0153061E+00, 9.340561E-02
7.025253E-08, 1.0150510E+00, 9.334183E-02
7.026815E-08, 1.0149235E+00, 9.330357E-02
7.028378E-08, 1.0146683E+00, 9.327806E-02
7.029940E-08, 1.0146683E+00, 9.330357E-02
7.031503E-08, 1.0145408E+00, 9.335459E-02
7.033065E-08, 1.0145408E+00, 9.344388E-02
7.034628E-08, 1.0144132E+00, 9.353317E-02
7.036190E-08, 1.0145408E+00, 9.366071E-02
7.037753E-08, 1.0147959E+00, 9.378827E-02
7.039315E-08, 1.0151786E+00, 9.394132E-02
7.040878E-08, 1.0156888E+00, 9.408163E-02
7.042440E-08, 1.0163265E+00, 9.424745E-02
7.044003E-08, 1.0169643E+00, 9.443878E-02
7.045565E-08, 1.0178572E+00, 9.464286E-02
7.047128E-08, 1.0184948E+00, 9.483419E-02
7.048690E-08, 1.0192602E+00, 9.503826E-02
7.050253E-08, 1.0201530E+00, 9.525510E-02
7.051815E-08, 1.0211735E+00, 9.548470E-02
7.053378E-08, 1.0220664E+00, 9.567602E-02
7.054940E-08, 1.0230868E+00, 9.588010E-02
7.056503E-08, 1.0241071E+00, 9.608418E-02
7.058065E-08, 1.0252551E+00, 9.630102E-02
7.059628E-08, 1.0260204E+00, 9.647959E-02
7.061190E-08, 1.0267857E+00, 9.665816E-02
7.062753E-08, 1.0274235E+00, 9.682398E-02
7.064315E-08, 1.0283164E+00, 9.696428E-02
7.065878E-08, 1.0288265E+00, 9.706633E-02
7.067440E-08, 1.0297194E+00, 9.713010E-02
7.069003E-08, 1.0307398E+00, 9.716836E-02
7.070565E-08, 1.0320153E+00, 9.718112E-02
7.072128E-08, 1.0330358E+00, 9.715562E-02
7.073690E-08, 1.0343112E+00, 9.711735E-02
7.075253E-08, 1.0354592E+00, 9.706633E-02
7.076815E-08, 1.0366071E+00, 9.701531E-02
7.078378E-08, 1.0372449E+00, 9.691326E-02
7.079940E-08, 1.0380102E+00, 9.679847E-02
7.081503E-08, 1.0385205E+00, 9.664541E-02
7.083065E-08, 1.0391581E+00, 9.647959E-02
7.084628E-08, 1.0394132E+00, 9.625000E-02
7.086190E-08, 1.0397959E+00, 9.600765E-02
7.087753E-08, 1.0401785E+00, 9.575255E-02
7.089315E-08, 1.0405612E+00, 9.549745E-02
7.090878E-08, 1.0404336E+00, 9.524234E-02
7.092440E-08, 1.0403061E+00, 9.500000E-02
7.094003E-08, 1.0399234E+00, 9.478316E-02
7.095565E-08, 1.0395408E+00, 9.457908E-02
7.097128E-08, 1.0387756E+00, 9.438775E-02
7.098690E-08, 1.0378827E+00, 9.420919E-02
7.100253E-08, 1.0369898E+00, 9.406888E-02
7.101815E-08, 1.0362245E+00, 9.395408E-02
7.103378E-08, 1.0350765E+00, 9.385204E-02
7.104940E-08, 1.0339285E+00, 9.380102E-02
7.106503E-08, 1.0327806E+00, 9.380102E-02
7.108065E-08, 1.0316327E+00, 9.383929E-02
7.109628E-08, 1.0302296E+00, 9.390306E-02
7.111190E-08, 1.0289540E+00, 9.399235E-02
7.112753E-08, 1.0278062E+00, 9.411990E-02
7.114315E-08, 1.0270408E+00, 9.427296E-02
7.115878E-08, 1.0262755E+00, 9.441327E-02
7.117440E-08, 1.0260204E+00, 9.457908E-02
7.119003E-08, 1.0258929E+00, 9.477041E-02
7.120565E-08, 1.0261480E+00, 9.497449E-02
7.122128E-08, 1.0261480E+00, 9.516582E-02
7.123690E-08, 1.0265306E+00, 9.538265E-02
7.125253E-08, 1.0269133E+00, 9.559949E-02
7.126815E-08, 1.0274235E+00, 9.580357E-02
7.128378E-08, 1.0278062E+00, 9.596939E-02
7.129940E-08, 1.0283164E+00, 9.610970E-02
7.131503E-08, 1.0289540E+00, 9.621173E-02
7.133065E-08, 1.0298469E+00, 9.630102E-02
7.134628E-08, 1.0303571E+00, 9.631377E-02
7.136190E-08, 1.0311224E+00, 9.632653E-02
7.137753E-08, 1.0317602E+00, 9.630102E-02
7.139315E-08, 1.0322704E+00, 9.625000E-02
7.140878E-08, 1.0323980E+00, 9.617347E-02
7.142440E-08, 1.0322704E+00, 9.607143E-02
7.144003E-08, 1.0320153E+00, 9.594388E-02
7.145565E-08, 1.0317602E+00, 9.581633E-02
7.147128E-08, 1.0309949E+00, 9.563775E-02
7.148690E-08, 1.0302296E+00, 9.545919E-02
7.150253E-08, 1.0293367E+00, 9.528061E-02
7.151815E-08, 1.0285715E+00, 9.510204E-02
7.153378E-08, 1.0275511E+00, 9.492347E-02
7.154940E-08, 1.0265306E+00, 9.475765E-02
7.156503E-08, 1.0256377E+00, 9.460459E-02
7.158065E-08, 1.0247449E+00, 9.448980E-02
7.159628E-08, 1.0237244E+00, 9.437500E-02
7.161190E-08, 1.0228317E+00, 9.429847E-02
7.162753E-08, 1.0220664E+00, 9.424745E-02
7.164315E-08, 1.0215561E+00, 9.422194E-02
7.165878E-08, 1.0209184E+00, 9.419643E-02
7.167440E-08, 1.0206633E+00, 9.422194E-02
7.169003E-08, 1.0206633E+00, 9.426020E-02
7.170565E-08, 1.0209184E+00, 9.432398E-02
7.172128E-08, 1.0210459E+00, 9.440051E-02
7.173690E-08, 1.0214286E+00, 9.448980E-02
7.175253E-08, 1.0220664E+00, 9.459183E-02
7.176815E-08, 1.0228317E+00, 9.471939E-02
7.178378E-08, 1.0235969E+00, 9.483419E-02
7.179940E-08, 1.0244898E+00, 9.494898E-02
7.181503E-08, 1.0253826E+00, 9.505102E-02
7.183065E-08, 1.0265306E+00, 9.516582E-02
7.184628E-08, 1.0274235E+00, 9.524234E-02
7.186190E-08, 1.0283164E+00, 9.531888E-02
7.187753E-08, 1.0292091E+00, 9.538265E-02
7.189315E-08, 1.0301020E+00, 9.543367E-02
7.190878E-08, 1.0304847E+00, 9.544643E-02
7.192440E-08, 1.0309949E+00, 9.545919E-02
7.194003E-08, 1.0312500E+00, 9.544643E-02
7.195565E-08, 1.0313776E+00, 9.542092E-02
7.197128E-08, 1.0312500E+00, 9.535714E-02
7.198690E-08, 1.0309949E+00, 9.528061E-02
7.200253E-08, 1.0307398E+00, 9.520409E-02
7.201815E-08, 1.0304847E+00, 9.512755E-02
7.203378E-08, 1.0298469E+00, 9.501275E-02
7.204940E-08, 1.0293367E+00, 9.491071E-02
7.206503E-08, 1.0286989E+00, 9.479592E-02
7.208065E-08, 1.0280613E+00, 9.470663E-02
7.209628E-08, 1.0272959E+00, 9.459183E-02
7.211190E-08, 1.0265306E+00, 9.448980E-02
7.212753E-08, 1.0257653E+00, 9.440051E-02
7.214315E-08, 1.0251275E+00, 9.433673E-02
7.215878E-08, 1.0242347E+00, 9.426020E-02
7.217440E-08, 1.0235969E+00, 9.419643E-02
7.219003E-08, 1.0230868E+00, 9.414541E-02
7.220565E-08, 1.0229592E+00, 9.411990E-02
7.222128E-08, 1.0225766E+00, 9.408163E-02
7.223690E-08, 1.0223215E+00, 9.408163E-02
7.225253E-08, 1.0221939E+00, 9.409439E-02
7.226815E-08, 1.0221939E+00, 9.413265E-02
7.228378E-08, 1.0218112E+00, 9.415817E-02
7.229940E-08, 1.0215561E+00, 9.420919E-02
7.231503E-08, 1.0211735E+00, 9.424745E-02
7.233065E-08, 1.0211735E+00, 9.428571E-02
7.234628E-08, 1.0207908E+00, 9.428571E-02
7.236190E-08, 1.0207908E+00, 9.429847E-02
7.237753E-08, 1.0207908E+00, 9.428571E-02
7.239315E-08, 1.0209184E+00, 9.428571E-02
7.240878E-08, 1.0209184E+00, 9.424745E-02
7.242440E-08, 1.0207908E+00, 9.422194E-02
7.244003E-08, 1.0206633E+00, 9.418368E-02
7.245565E-08, 1.0206633E+00, 9.415817E-02
7.247128E-08, 1.0201530E+00, 9.410714E-02
7.248690E-08, 1.0198979E+00, 9.404337E-02
7.250253E-08, 1.0195153E+00, 9.396683E-02
7.251815E-08, 1.0193877E+00, 9.389031E-02
7.253378E-08, 1.0190051E+00, 9.377551E-02
7.254940E-08, 1.0187500E+00, 9.368622E-02
7.256503E-08, 1.0183673E+00, 9.358419E-02
7.258065E-08, 1.0182397E+00, 9.350765E-02
7.259628E-08, 1.0178572E+00, 9.341837E-02
7.261190E-08, 1.0176021E+00, 9.335459E-02
7.262753E-08, 1.0174745E+00, 9.329081E-02
7.264315E-08, 1.0176021E+00, 9.325255E-02
7.265878E-08, 1.0176021E+00, 9.321429E-02
7.267440E-08, 1.0179847E+00, 9.320153E-02
7.269003E-08, 1.0184948E+00, 9.321429E-02
7.270565E-08, 1.0192602E+00, 9.327806E-02
7.272128E-08, 1.0197704E+00, 9.334183E-02
7.273690E-08, 1.0205357E+00, 9.344388E-02
7.275253E-08, 1.0214286E+00, 9.358419E-02
7.276815E-08, 1.0225766E+00, 9.373724E-02
7.278378E-08, 1.0234693E+00, 9.390306E-02
7.279940E-08, 1.0248724E+00, 9.408163E-02
7.281503E-08, 1.0262755E+00, 9.426020E-02
7.283065E-08, 1.0279337E+00, 9.447704E-02
7.284628E-08, 1.0295918E+00, 9.466837E-02
7.286190E-08, 1.0312500E+00, 9.488521E-02
7.287753E-08, 1.0330358E+00, 9.510204E-02
7.289315E-08, 1.0346938E+00, 9.533163E-02
7.290878E-08, 1.0360969E+00, 9.553572E-02
7.292440E-08, 1.0375000E+00, 9.573980E-02
7.294003E-08, 1.0386480E+00, 9.593112E-02
7.295565E-08, 1.0397959E+00, 9.609694E-02
7.297128E-08, 1.0404336E+00, 9.622449E-02
7.298690E-08, 1.0409439E+00, 9.633929E-02
7.300253E-08, 1.0410714E+00, 9.641582E-02
7.301815E-08, 1.0410714E+00, 9.649235E-02
7.303378E-08, 1.0405612E+00, 9.650511E-02
7.304940E-08, 1.0399234E+00, 9.650511E-02
7.306503E-08, 1.0390307E+00, 9.647959E-02
7.308065E-08, 1.0380102E+00, 9.644133E-02
7.309628E-08, 1.0364796E+00, 9.635204E-02
7.311190E-08, 1.0348214E+00, 9.626275E-02
7.312753E-08, 1.0329082E+00, 9.616072E-02
7.314315E-08, 1.0309949E+00, 9.607143E-02
7.315878E-08, 1.0285715E+00, 9.594388E-02
7.317440E-08, 1.0262755E+00, 9.584184E-02
7.319003E-08, 1.0238520E+00, 9.572704E-02
7.320565E-08, 1.0215561E+00, 9.562500E-02
7.322128E-08, 1.0191326E+00, 9.549745E-02
7.323690E-08, 1.0170919E+00, 9.538265E-02
7.325253E-08, 1.0154337E+00, 9.526785E-02
7.326815E-08, 1.0140306E+00, 9.519133E-02
7.328378E-08, 1.0127552E+00, 9.510204E-02
7.329940E-08, 1.0119898E+00, 9.506378E-02
7.331503E-08, 1.0113521E+00, 9.503826E-02
7.333065E-08, 1.0110970E+00, 9.505102E-02
7.334628E-08, 1.0108418E+00, 9.506378E-02
7.336190E-08, 1.0109694E+00, 9.510204E-02
7.337753E-08, 1.0112245E+00, 9.515306E-02
7.339315E-08, 1.0118623E+00, 9.520409E-02
7.340878E-08, 1.0126276E+00, 9.524234E-02
7.342440E-08, 1.0136479E+00, 9.529337E-02
7.344003E-08, 1.0147959E+00, 9.534439E-02
7.345565E-08, 1.0161990E+00, 9.539541E-02
7.347128E-08, 1.0174745E+00, 9.543367E-02
7.348690E-08, 1.0190051E+00, 9.547194E-02
7.350253E-08, 1.0204082E+00, 9.552296E-02
7.351815E-08, 1.0218112E+00, 9.557398E-02
7.353378E-08, 1.0228317E+00, 9.558673E-02
7.354940E-08, 1.0239795E+00, 9.561224E-02
7.356503E-08, 1.0247449E+00, 9.562500E-02
7.358065E-08, 1.0255102E+00, 9.563775E-02
7.359628E-08, 1.0258929E+00, 9.559949E-02
7.361190E-08, 1.0261480E+00, 9.557398E-02
7.362753E-08, 1.0261480E+00, 9.552296E-02
7.364315E-08, 1.0262755E+00, 9.547194E-02
7.365878E-08, 1.0258929E+00, 9.538265E-02
7.367440E-08, 1.0257653E+00, 9.529337E-02
7.369003E-08, 1.0255102E+00, 9.519133E-02
7.370565E-08, 1.0255102E+00, 9.508929E-02
7.372128E-08, 1.0252551E+00, 9.496173E-02
7.373690E-08, 1.0252551E+00, 9.483419E-02
7.375253E-08, 1.0252551E+00, 9.470663E-02
7.376815E-08, 1.0253826E+00, 9.459183E-02
7.378378E-08, 1.0253826E+00, 9.445153E-02
7.379940E-08, 1.0256377E+00, 9.432398E-02
7.381503E-08, 1.0258929E+00, 9.418368E-02
7.383065E-08, 1.0264031E+00, 9.405612E-02
7.384628E-08, 1.0267857E+00, 9.390306E-02
7.386190E-08, 1.0275511E+00, 9.375000E-02
7.387753E-08, 1.0284439E+00, 9.359694E-02
7.389315E-08, 1.0297194E+00, 9.344388E-02
7.390878E-08, 1.0307398E+00, 9.329081E-02
7.392440E-08, 1.0320153E+00, 9.315051E-02
7.394003E-08, 1.0331633E+00, 9.303571E-02
7.395565E-08, 1.0343112E+00, 9.294643E-02
7.397128E-08, 1.0349489E+00, 9.285714E-02
7.398690E-08, 1.0354592E+00, 9.278061E-02
7.400253E-08, 1.0357143E+00, 9.272959E-02
7.401815E-08, 1.0358418E+00, 9.267857E-02
7.403378E-08, 1.0354592E+00, 9.262755E-02
7.404940E-08, 1.0350765E+00, 9.258929E-02
7.406503E-08, 1.0345663E+00, 9.256378E-02
7.408065E-08, 1.0339285E+00, 9.256378E-02
7.409628E-08, 1.0327806E+00, 9.256378E-02
7.411190E-08, 1.0315051E+00, 9.258929E-02
7.412753E-08, 1.0301020E+00, 9.262755E-02
7.414315E-08, 1.0286989E+00, 9.269132E-02
7.415878E-08, 1.0269133E+00, 9.274235E-02
7.417440E-08, 1.0251275E+00, 9.281888E-02
7.419003E-08, 1.0234693E+00, 9.288266E-02
7.420565E-08, 1.0220664E+00, 9.297194E-02
7.422128E-08, 1.0206633E+00, 9.302296E-02
7.423690E-08, 1.0193877E+00, 9.309949E-02
7.425253E-08, 1.0184948E+00, 9.316327E-02
7.426815E-08, 1.0179847E+00, 9.325255E-02
7.428378E-08, 1.0174745E+00, 9.331632E-02
7.429940E-08, 1.0174745E+00, 9.339286E-02
7.431503E-08, 1.0178572E+00, 9.345663E-02
7.433065E-08, 1.0186224E+00, 9.353317E-02
7.434628E-08, 1.0195153E+00, 9.358419E-02
7.436190E-08, 1.0207908E+00, 9.364796E-02
7.437753E-08, 1.0221939E+00, 9.369898E-02
7.439315E-08, 1.0238520E+00, 9.375000E-02
7.440878E-08, 1.0253826E+00, 9.378827E-02
7.442440E-08, 1.0270408E+00, 9.382653E-02
7.444003E-08, 1.0285715E+00, 9.386480E-02
7.445565E-08, 1.0302296E+00, 9.390306E-02
7.447128E-08, 1.0315051E+00, 9.390306E-02
7.448690E-08, 1.0327806E+00, 9.391581E-02
7.450253E-08, 1.0339285E+00, 9.392857E-02
7.451815E-08, 1.0348214E+00, 9.394132E-02
7.453378E-08, 1.0354592E+00, 9.392857E-02
7.454940E-08, 1.0358418E+00, 9.392857E-02
7.456503E-08, 1.0359694E+00, 9.394132E-02
7.458065E-08, 1.0359694E+00, 9.396683E-02
7.459628E-08, 1.0355867E+00, 9.396683E-02
7.461190E-08, 1.0349489E+00, 9.399235E-02
7.462753E-08, 1.0341836E+00, 9.401786E-02
7.464315E-08, 1.0334184E+00, 9.405612E-02
7.465878E-08, 1.0322704E+00, 9.408163E-02
7.467440E-08, 1.0309949E+00, 9.411990E-02
7.469003E-08, 1.0295918E+00, 9.415817E-02
7.470565E-08, 1.0281888E+00, 9.422194E-02
7.472128E-08, 1.0265306E+00, 9.424745E-02
7.473690E-08, 1.0250000E+00, 9.428571E-02
7.475253E-08, 1.0235969E+00, 9.431122E-02
7.476815E-08, 1.0223215E+00, 9.433673E-02
7.478378E-08, 1.0210459E+00, 9.433673E-02
7.479940E-08, 1.0201530E+00, 9.432398E-02
7.481503E-08, 1.0193877E+00, 9.431122E-02
7.483065E-08, 1.0190051E+00, 9.429847E-02
7.484628E-08, 1.0184948E+00, 9.426020E-02
7.486190E-08, 1.0183673E+00, 9.424745E-02
7.487753E-08, 1.0184948E+00, 9.422194E-02
7.489315E-08, 1.0187500E+00, 9.422194E-02
7.490878E-08, 1.0190051E+00, 9.419643E-02
7.492440E-08, 1.0193877E+00, 9.417092E-02
7.494003E-08, 1.0200255E+00, 9.415817E-02
7.495565E-08, 1.0207908E+00, 9.415817E-02
7.497128E-08, 1.0214286E+00, 9.413265E-02
7.498690E-08, 1.0221939E+00, 9.411990E-02
7.500253E-08, 1.0228317E+00, 9.411990E-02
7.501815E-08, 1.0235969E+00, 9.413265E-02
7.503378E-08, 1.0239795E+00, 9.413265E-02
7.504940E-08, 1.0243622E+00, 9.415817E-02
7.506503E-08, 1.0246173E+00, 9.418368E-02
7.508065E-08, 1.0248724E+00, 9.420919E-02
7.509628E-08, 1.0248724E+00, 9.422194E-02
7.511190E-08, 1.0248724E+00, 9.423470E-02
7.512753E-08, 1.0246173E+00, 9.424745E-02
7.514315E-08, 1.0244898E+00, 9.428571E-02
7.515878E-08, 1.0239795E+00, 9.428571E-02
7.517440E-08, 1.0234693E+00, 9.431122E-02
7.519003E-08, 1.0228317E+00, 9.433673E-02
7.520565E-08, 1.0221939E+00, 9.437500E-02
7.522128E-08, 1.0211735E+00, 9.438775E-02
7.523690E-08, 1.0202806E+00, 9.441327E-02
7.525253E-08, 1.0192602E+00, 9.442602E-02
7.526815E-08, 1.0183673E+00, 9.443878E-02
7.528378E-08, 1.0173470E+00, 9.442602E-02
7.529940E-08, 1.0164541E+00, 9.442602E-02
7.531503E-08, 1.0155612E+00, 9.442602E-02
7.533065E-08, 1.0149235E+00, 9.445153E-02
7.534628E-08, 1.0141581E+00, 9.443878E-02
7.536190E-08, 1.0135204E+00, 9.446429E-02
7.537753E-08, 1.0131377E+00, 9.447704E-02
7.539315E-08, 1.0130103E+00, 9.452806E-02
7.540878E-08, 1.0128827E+00, 9.454082E-02
7.542440E-08, 1.0131377E+00, 9.457908E-02
7.544003E-08, 1.0135204E+00, 9.463010E-02
7.545565E-08, 1.0141581E+00, 9.469388E-02
7.547128E-08, 1.0149235E+00, 9.473214E-02
7.548690E-08, 1.0159439E+00, 9.479592E-02
7.550253E-08, 1.0172194E+00, 9.485970E-02
7.551815E-08, 1.0187500E+00, 9.493622E-02
7.553378E-08, 1.0202806E+00, 9.498724E-02
7.554940E-08, 1.0221939E+00, 9.505102E-02
7.556503E-08, 1.0242347E+00, 9.511480E-02
7.558065E-08, 1.0266582E+00, 9.516582E-02
7.559628E-08, 1.0289540E+00, 9.520409E-02
7.561190E-08, 1.0316327E+00, 9.522959E-02
7.562753E-08, 1.0343112E+00, 9.525510E-02
7.564315E-08, 1.0372449E+00, 9.529337E-02
7.565878E-08, 1.0399234E+00, 9.529337E-02
7.567440E-08, 1.0424745E+00, 9.530612E-02
7.569003E-08, 1.0448979E+00, 9.530612E-02
7.570565E-08, 1.0470663E+00, 9.531888E-02
7.572128E-08, 1.0487245E+00, 9.529337E-02
7.573690E-08, 1.0501275E+00, 9.526785E-02
7.575253E-08, 1.0514030E+00, 9.521683E-02
7.576815E-08, 1.0524235E+00, 9.516582E-02
7.578378E-08, 1.0529337E+00, 9.507653E-02
7.579940E-08, 1.0533164E+00, 9.498724E-02
7.581503E-08, 1.0533164E+00, 9.491071E-02
7.583065E-08, 1.0530612E+00, 9.484694E-02
7.584628E-08, 1.0520408E+00, 9.477041E-02
7.586190E-08, 1.0507653E+00, 9.470663E-02
7.587753E-08, 1.0491072E+00, 9.466837E-02
7.589315E-08, 1.0473214E+00, 9.463010E-02
7.590878E-08, 1.0450255E+00, 9.457908E-02
7.592440E-08, 1.0427296E+00, 9.454082E-02
7.594003E-08, 1.0404336E+00, 9.450255E-02
7.595565E-08, 1.0380102E+00, 9.448980E-02
7.597128E-08, 1.0353316E+00, 9.445153E-02
7.598690E-08, 1.0329082E+00, 9.445153E-02
7.600253E-08, 1.0303571E+00, 9.445153E-02
7.601815E-08, 1.0280613E+00, 9.447704E-02
7.603378E-08, 1.0257653E+00, 9.448980E-02
7.604940E-08, 1.0237244E+00, 9.452806E-02
7.606503E-08, 1.0221939E+00, 9.456632E-02
7.608065E-08, 1.0210459E+00, 9.461734E-02
7.609628E-08, 1.0200255E+00, 9.465561E-02
7.611190E-08, 1.0193877E+00, 9.473214E-02
7.612753E-08, 1.0190051E+00, 9.480868E-02
7.614315E-08, 1.0190051E+00, 9.492347E-02
7.615878E-08, 1.0188775E+00, 9.502551E-02
7.617440E-08, 1.0190051E+00, 9.514031E-02
7.619003E-08, 1.0193877E+00, 9.526785E-02
7.620565E-08, 1.0200255E+00, 9.540816E-02
7.622128E-08, 1.0205357E+00, 9.551021E-02
7.623690E-08, 1.0213010E+00, 9.563775E-02
7.625253E-08, 1.0220664E+00, 9.576531E-02
7.626815E-08, 1.0228317E+00, 9.591836E-02
7.628378E-08, 1.0233419E+00, 9.604592E-02
7.629940E-08, 1.0235969E+00, 9.618623E-02
7.631503E-08, 1.0235969E+00, 9.631377E-02
7.633065E-08, 1.0234693E+00, 9.645408E-02
7.634628E-08, 1.0228317E+00, 9.654336E-02
7.636190E-08, 1.0220664E+00, 9.661990E-02
7.637753E-08, 1.0210459E+00, 9.665816E-02
7.639315E-08, 1.0200255E+00, 9.668367E-02
7.640878E-08, 1.0186224E+00, 9.665816E-02
7.642440E-08, 1.0172194E+00, 9.659439E-02
7.644003E-08, 1.0156888E+00, 9.651785E-02
7.645565E-08, 1.0140306E+00, 9.641582E-02
7.647128E-08, 1.0121174E+00, 9.627551E-02
7.648690E-08, 1.0102041E+00, 9.610970E-02
7.650253E-08, 1.0081632E+00, 9.593112E-02
7.651815E-08, 1.0062500E+00, 9.573980E-02
7.653378E-08, 1.0040816E+00, 9.548470E-02
7.654940E-08, 1.0020409E+00, 9.522959E-02
7.656503E-08, 1.0001276E+00, 9.493622E-02
7.658065E-08, 9.985970E-01, 9.464286E-02
7.659628E-08, 9.970663E-01, 9.429847E-02
7.661190E-08, 9.960459E-01, 9.396683E-02
7.662753E-08, 9.954082E-01, 9.364796E-02
7.664315E-08, 9.951531E-01, 9.334183E-02
7.665878E-08, 9.950255E-01, 9.306122E-02
7.667440E-08, 9.952806E-01, 9.281888E-02
7.669003E-08, 9.957908E-01, 9.261479E-02
7.670565E-08, 9.964285E-01, 9.247449E-02
7.672128E-08, 9.970663E-01, 9.234694E-02
7.673690E-08, 9.979592E-01, 9.225766E-02
7.675253E-08, 9.989796E-01, 9.220663E-02
7.676815E-08, 1.0001276E+00, 9.219388E-02
7.678378E-08, 1.0012755E+00, 9.219388E-02
7.679940E-08, 1.0025511E+00, 9.221939E-02
7.681503E-08, 1.0039541E+00, 9.227041E-02
7.683065E-08, 1.0056123E+00, 9.237245E-02
7.684628E-08, 1.0070153E+00, 9.246174E-02
7.686190E-08, 1.0084183E+00, 9.258929E-02
7.687753E-08, 1.0098214E+00, 9.274235E-02
7.689315E-08, 1.0112245E+00, 9.290817E-02
7.690878E-08, 1.0123725E+00, 9.306122E-02
7.692440E-08, 1.0135204E+00, 9.321429E-02
7.694003E-08, 1.0144132E+00, 9.335459E-02
7.695565E-08, 1.0154337E+00, 9.350765E-02
7.697128E-08, 1.0160714E+00, 9.362245E-02
7.698690E-08, 1.0165817E+00, 9.372449E-02
7.700253E-08, 1.0170919E+00, 9.381378E-02
7.701815E-08, 1.0174745E+00, 9.389031E-02
7.703378E-08, 1.0176021E+00, 9.392857E-02
7.704940E-08, 1.0176021E+00, 9.396683E-02
7.706503E-08, 1.0174745E+00, 9.397959E-02
7.708065E-08, 1.0172194E+00, 9.399235E-02
7.709628E-08, 1.0165817E+00, 9.396683E-02
7.711190E-08, 1.0159439E+00, 9.392857E-02
7.712753E-08, 1.0151786E+00, 9.389031E-02
7.714315E-08, 1.0145408E+00, 9.385204E-02
7.715878E-08, 1.0136479E+00, 9.377551E-02
7.717440E-08, 1.0128827E+00, 9.372449E-02
7.719003E-08, 1.0121174E+00, 9.366071E-02
7.720565E-08, 1.0114796E+00, 9.362245E-02
7.722128E-08, 1.0105867E+00, 9.355868E-02
7.723690E-08, 1.0099490E+00, 9.352041E-02
7.725253E-08, 1.0093112E+00, 9.349490E-02
7.726815E-08, 1.0088010E+00, 9.348214E-02
7.728378E-08, 1.0081632E+00, 9.345663E-02
7.729940E-08, 1.0076531E+00, 9.344388E-02
7.731503E-08, 1.0072705E+00, 9.344388E-02
7.733065E-08, 1.0070153E+00, 9.345663E-02
7.734628E-08, 1.0067602E+00, 9.344388E-02
7.736190E-08, 1.0066327E+00, 9.343112E-02
7.737753E-08, 1.0066327E+00, 9.340561E-02
7.739315E-08, 1.0070153E+00, 9.339286E-02
7.740878E-08, 1.0073980E+00, 9.334183E-02
7.742440E-08, 1.0080357E+00, 9.329081E-02
7.744003E-08, 1.0090561E+00, 9.323980E-02
7.745565E-08, 1.0104592E+00, 9.320153E-02
7.747128E-08, 1.0118623E+00, 9.313776E-02
7.748690E-08, 1.0136479E+00, 9.308673E-02
7.750253E-08, 1.0156888E+00, 9.304847E-02
7.751815E-08, 1.0179847E+00, 9.302296E-02
7.753378E-08, 1.0201530E+00, 9.299745E-02
7.754940E-08, 1.0225766E+00, 9.298469E-02
7.756503E-08, 1.0251275E+00, 9.297194E-02
7.758065E-08, 1.0279337E+00, 9.298469E-02
7.759628E-08, 1.0306122E+00, 9.298469E-02
7.761190E-08, 1.0334184E+00, 9.299745E-02
7.762753E-08, 1.0362245E+00, 9.302296E-02
7.764315E-08, 1.0392857E+00, 9.307398E-02
7.765878E-08, 1.0420918E+00, 9.311225E-02
7.767440E-08, 1.0448979E+00, 9.316327E-02
7.769003E-08, 1.0475765E+00, 9.322704E-02
7.770565E-08, 1.0501275E+00, 9.330357E-02
7.772128E-08, 1.0522959E+00, 9.336735E-02
7.773690E-08, 1.0544643E+00, 9.341837E-02
7.775253E-08, 1.0565051E+00, 9.346939E-02
7.776815E-08, 1.0585459E+00, 9.352041E-02
7.778378E-08, 1.0603316E+00, 9.353317E-02
7.779940E-08, 1.0621173E+00, 9.354592E-02
7.781503E-08, 1.0640306E+00, 9.354592E-02
7.783065E-08, 1.0659438E+00, 9.355868E-02
7.784628E-08, 1.0676020E+00, 9.354592E-02
7.786190E-08, 1.0693878E+00, 9.353317E-02
7.787753E-08, 1.0711734E+00, 9.353317E-02
7.789315E-08, 1.0730867E+00, 9.353317E-02
7.790878E-08, 1.0747449E+00, 9.352041E-02
7.792440E-08, 1.0766581E+00, 9.352041E-02
7.794003E-08, 1.0785714E+00, 9.352041E-02
7.795565E-08, 1.0808673E+00, 9.354592E-02
7.797128E-08, 1.0829082E+00, 9.355868E-02
7.798690E-08, 1.0852041E+00, 9.360969E-02
7.800253E-08, 1.0876275E+00, 9.368622E-02
7.801815E-08, 1.0901786E+00, 9.380102E-02
7.803378E-08, 1.0923469E+00, 9.391581E-02
7.804940E-08, 1.0946429E+00, 9.408163E-02
7.806503E-08, 1.0969387E+00, 9.428571E-02
7.808065E-08, 1.0991071E+00, 9.451531E-02
7.809628E-08, 1.1010205E+00, 9.475765E-02
7.811190E-08, 1.1028061E+00, 9.502551E-02
7.812753E-08, 1.1044643E+00, 9.530612E-02
7.814315E-08, 1.1061225E+00, 9.561224E-02
7.815878E-08, 1.1071428E+00, 9.591836E-02
7.817440E-08, 1.1080357E+00, 9.623724E-02
7.819003E-08, 1.1085459E+00, 9.656888E-02
7.820565E-08, 1.1088010E+00, 9.691326E-02
7.822128E-08, 1.1082908E+00, 9.723214E-02
7.823690E-08, 1.1075255E+00, 9.753826E-02
7.825253E-08, 1.1062500E+00, 9.784438E-02
7.826815E-08, 1.1045918E+00, 9.813776E-02
7.828378E-08, 1.1022959E+00, 9.836735E-02
7.829940E-08, 1.0996174E+00, 9.859694E-02
7.831503E-08, 1.0965561E+00, 9.877551E-02
7.833065E-08, 1.0932398E+00, 9.894133E-02
7.834628E-08, 1.0892857E+00, 9.903061E-02
7.836190E-08, 1.0852041E+00, 9.910715E-02
7.837753E-08, 1.0809948E+00, 9.914540E-02
7.839315E-08, 1.0767857E+00, 9.917092E-02
7.840878E-08, 1.0721939E+00, 9.913265E-02
7.842440E-08, 1.0678571E+00, 9.909439E-02
7.844003E-08, 1.0635204E+00, 9.904337E-02
7.845565E-08, 1.0594388E+00, 9.897959E-02
7.847128E-08, 1.0552295E+00, 9.890306E-02
7.848690E-08, 1.0512755E+00, 9.883928E-02
7.850253E-08, 1.0474490E+00, 9.878827E-02
7.851815E-08, 1.0438776E+00, 9.875000E-02
7.853378E-08, 1.0403061E+00, 9.868623E-02
7.854940E-08, 1.0371174E+00, 9.864796E-02
7.856503E-08, 1.0340561E+00, 9.860969E-02
7.858065E-08, 1.0312500E+00, 9.859694E-02
7.859628E-08, 1.0283164E+00, 9.855867E-02
7.861190E-08, 1.0256377E+00, 9.853316E-02
7.862753E-08, 1.0229592E+00, 9.852041E-02
7.864315E-08, 1.0204082E+00, 9.850765E-02
7.865878E-08, 1.0176021E+00, 9.848214E-02
7.867440E-08, 1.0147959E+00, 9.845664E-02
7.869003E-08, 1.0118623E+00, 9.841837E-02
7.870565E-08, 1.0090561E+00, 9.838010E-02
7.872128E-08, 1.0057398E+00, 9.829082E-02
7.873690E-08, 1.0021684E+00, 9.821428E-02
7.875253E-08, 9.984694E-01, 9.811225E-02
7.876815E-08, 9.942602E-01, 9.801020E-02
7.878378E-08, 9.894133E-01, 9.785714E-02
7.879940E-08, 9.841837E-01, 9.770408E-02
7.881503E-08, 9.785714E-01, 9.752551E-02
7.883065E-08, 9.724490E-01, 9.733418E-02
7.884628E-08, 9.655612E-01, 9.709184E-02
7.886190E-08, 9.582908E-01, 9.683674E-02
7.887753E-08, 9.506378E-01, 9.656888E-02
7.889315E-08, 9.426020E-01, 9.627551E-02
7.890878E-08, 9.339285E-01, 9.595663E-02
7.892440E-08, 9.248725E-01, 9.562500E-02
7.894003E-08, 9.155612E-01, 9.529337E-02
7.895565E-08, 9.059949E-01, 9.496173E-02
7.897128E-08, 8.961735E-01, 9.461734E-02
7.898690E-08, 8.862245E-01, 9.427296E-02
7.900253E-08, 8.761480E-01, 9.394132E-02
7.901815E-08, 8.661990E-01, 9.362245E-02
7.903378E-08, 8.561224E-01, 9.330357E-02
7.904940E-08, 8.461735E-01, 9.301020E-02
7.906503E-08, 8.362245E-01, 9.272959E-02
7.908065E-08, 8.266582E-01, 9.248725E-02
7.909628E-08, 8.168367E-01, 9.224490E-02
7.911190E-08, 8.073980E-01, 9.201530E-02
7.912753E-08, 7.980868E-01, 9.181122E-02
7.914315E-08, 7.890306E-01, 9.161990E-02
7.915878E-08, 7.798470E-01, 9.142857E-02
7.917440E-08, 7.707908E-01, 9.123725E-02
7.919003E-08, 7.619898E-01, 9.104592E-02
7.920565E-08, 7.531888E-01, 9.086735E-02
7.922128E-08, 7.443877E-01, 9.063776E-02
7.923690E-08, 7.355868E-01, 9.040816E-02
7.925253E-08, 7.269133E-01, 9.016582E-02
7.926815E-08, 7.183673E-01, 8.989796E-02
7.928378E-08, 7.094388E-01, 8.959184E-02
7.929940E-08, 7.005102E-01, 8.928572E-02
7.931503E-08, 6.911990E-01, 8.894133E-02
7.933065E-08, 6.816326E-01, 8.858418E-02
7.934628E-08, 6.715561E-01, 8.817602E-02
7.936190E-08, 6.610969E-01, 8.772959E-02
7.937753E-08, 6.503826E-01, 8.724490E-02
7.939315E-08, 6.394132E-01, 8.672194E-02
7.940878E-08, 6.280612E-01, 8.613520E-02
7.942440E-08, 6.165816E-01, 8.552296E-02
7.944003E-08, 6.048470E-01, 8.487245E-02
7.945565E-08, 5.929847E-01, 8.420918E-02
7.947128E-08, 5.808674E-01, 8.350765E-02
7.948690E-08, 5.686225E-01, 8.280613E-02
7.950253E-08, 5.562500E-01, 8.209184E-02
7.951815E-08, 5.437500E-01, 8.137755E-02
7.953378E-08, 5.312500E-01, 8.063775E-02
7.954940E-08, 5.187500E-01, 7.989796E-02
7.956503E-08, 5.063776E-01, 7.915816E-02
7.958065E-08, 4.943877E-01, 7.843112E-02
7.959628E-08, 4.823980E-01, 7.767857E-02
7.961190E-08, 4.707908E-01, 7.695153E-02
7.962753E-08, 4.594388E-01, 7.622449E-02
7.964315E-08, 4.485969E-01, 7.552296E-02
7.965878E-08, 4.380102E-01, 7.480867E-02
7.967440E-08, 4.278061E-01, 7.410714E-02
7.969003E-08, 4.178571E-01, 7.341836E-02
7.970565E-08, 4.082908E-01, 7.274235E-02
7.972128E-08, 3.987245E-01, 7.202806E-02
7.973690E-08, 3.895408E-01, 7.131378E-02
7.975253E-08, 3.804847E-01, 7.057398E-02
7.976815E-08, 3.716837E-01, 6.980868E-02
7.978378E-08, 3.630102E-01, 6.899235E-02
7.979940E-08, 3.547194E-01, 6.813776E-02
7.981503E-08, 3.465561E-01, 6.725765E-02
7.983065E-08, 3.385204E-01, 6.633928E-02
7.984628E-08, 3.304847E-01, 6.536990E-02
7.986190E-08, 3.225765E-01, 6.437500E-02
7.987753E-08, 3.144133E-01, 6.334183E-02
7.989315E-08, 3.061225E-01, 6.229592E-02
7.990878E-08, 2.975765E-01, 6.119898E-02
7.992440E-08, 2.887755E-01, 6.007653E-02
7.994003E-08, 2.798469E-01, 5.891582E-02
7.995565E-08, 2.709184E-01, 5.772959E-02
7.997128E-08, 2.618622E-01, 5.651786E-02
7.998690E-08, 2.528061E-01, 5.530612E-02
8.000253E-08, 2.437500E-01, 5.410714E-02
8.001815E-08, 2.346939E-01, 5.293367E-02
8.003378E-08, 2.255102E-01, 5.178571E-02
8.004940E-08, 2.161990E-01, 5.068878E-02
8.006503E-08, 2.068878E-01, 4.964286E-02
8.008065E-08, 1.974490E-01, 4.866071E-02
8.009628E-08, 1.880102E-01, 4.770408E-02
8.011190E-08, 1.785714E-01, 4.681122E-02
8.012753E-08, 1.692602E-01, 4.596939E-02
8.014315E-08, 1.603316E-01, 4.517857E-02
8.015878E-08, 1.515306E-01, 4.443878E-02
8.017440E-08, 1.432398E-01, 4.375000E-02
8.019003E-08, 1.353316E-01, 4.312500E-02
8.020565E-08, 1.276786E-01, 4.255102E-02
8.022128E-08, 1.204082E-01, 4.200255E-02
8.023690E-08, 1.133929E-01, 4.150510E-02
8.025253E-08, 1.066326E-01, 4.104592E-02
8.026815E-08, 1.001275E-01, 4.058674E-02
8.028378E-08, 9.40051E-02, 4.011480E-02
8.029940E-08, 8.83929E-02, 3.963010E-02
8.031503E-08, 8.31633E-02, 3.910714E-02
8.033065E-08, 7.84439E-02, 3.855867E-02
8.034628E-08, 7.43622E-02, 3.795918E-02
8.036190E-08, 7.06633E-02, 3.732143E-02
8.037753E-08, 6.74745E-02, 3.664541E-02
8.039315E-08, 6.46684E-02, 3.594388E-02
8.040878E-08, 6.19898E-02, 3.519133E-02
8.042440E-08, 5.95663E-02, 3.440051E-02
8.044003E-08, 5.73980E-02, 3.358418E-02
8.045565E-08, 5.52296E-02, 3.271684E-02
8.047128E-08, 5.33163E-02, 3.182398E-02
8.048690E-08, 5.16582E-02, 3.088010E-02
8.050253E-08, 5.01276E-02, 2.992347E-02
8.051815E-08, 4.87245E-02, 2.895408E-02
8.053378E-08, 4.73214E-02, 2.798469E-02
8.054940E-08, 4.59184E-02, 2.704082E-02
8.056503E-08, 4.45153E-02, 2.612245E-02
8.058065E-08, 4.29847E-02, 2.522959E-02
8.059628E-08, 4.11990E-02, 2.438775E-02
8.061190E-08, 3.94133E-02, 2.357143E-02
8.062753E-08, 3.73724E-02, 2.281888E-02
8.064315E-08, 3.53316E-02, 2.210459E-02
8.065878E-08, 3.31633E-02, 2.142857E-02
8.067440E-08, 3.08673E-02, 2.080357E-02
8.069003E-08, 2.85714E-02, 2.022959E-02
8.070565E-08, 2.61480E-02, 1.969388E-02
8.072128E-08, 2.35969E-02, 1.920918E-02
8.073690E-08, 2.10459E-02, 1.875000E-02
8.075253E-08, 1.83673E-02, 1.831633E-02
8.076815E-08, 1.58163E-02, 1.789541E-02
8.078378E-08, 1.33929E-02, 1.748724E-02
8.079940E-08, 1.10969E-02, 1.707908E-02
8.081503E-08, 9.0561E-03, 1.665816E-02
8.083065E-08, 7.1429E-03, 1.623724E-02
8.084628E-08, 5.4847E-03, 1.579082E-02
8.086190E-08, 4.0816E-03, 1.533163E-02
8.087753E-08, 2.9337E-03, 1.485969E-02
8.089315E-08, 1.9133E-03, 1.436224E-02
8.090878E-08, 1.2755E-03, 1.382653E-02
8.092440E-08, 8.929E-04, 1.327806E-02
8.094003E-08, 8.929E-04, 1.269133E-02
8.095565E-08, 1.1480E-03, 1.210459E-02
8.097128E-08, 1.6582E-03, 1.149235E-02
8.098690E-08, 2.5510E-03, 1.089286E-02
8.100253E-08, 3.8265E-03, 1.029337E-02
8.101815E-08, 5.2296E-03, 9.71939E-03
8.103378E-08, 6.8878E-03, 9.15816E-03
8.104940E-08, 8.6735E-03, 8.64796E-03
8.106503E-08, 1.05867E-02, 8.16326E-03
8.108065E-08, 1.25000E-02, 7.72959E-03
8.109628E-08, 1.45408E-02, 7.34694E-03
8.111190E-08, 1.64541E-02, 7.02806E-03
8.112753E-08, 1.83673E-02, 6.76020E-03
8.114315E-08, 2.01531E-02, 6.56888E-03
8.115878E-08, 2.18112E-02, 6.42857E-03
8.117440E-08, 2.34694E-02, 6.33929E-03
8.119003E-08, 2.48724E-02, 6.31378E-03
8.120565E-08, 2.62755E-02, 6.32653E-03
8.122128E-08, 2.75510E-02, 6.39031E-03
8.123690E-08, 2.86990E-02, 6.49235E-03
8.125253E-08, 2.97194E-02, 6.63265E-03
8.126815E-08, 3.06122E-02, 6.79847E-03
8.128378E-08, 3.13776E-02, 6.97704E-03
8.129940E-08, 3.18878E-02, 7.18112E-03
8.131503E-08, 3.21429E-02, 7.37245E-03
8.133065E-08, 3.22704E-02, 7.56378E-03
8.134628E-08, 3.21429E-02, 7.74235E-03
8.136190E-08, 3.21429E-02, 7.88265E-03
8.137753E-08, 3.20153E-02, 7.98469E-03
8.139315E-08, 3.20153E-02, 8.04847E-03
8.140878E-08, 3.20153E-02, 8.08673E-03
8.142440E-08, 3.20153E-02, 8.07398E-03
8.144003E-08, 3.21429E-02, 8.04847E-03
8.145565E-08, 3.21429E-02, 7.99745E-03
8.147128E-08, 3.21429E-02, 7.92092E-03
8.148690E-08, 3.18878E-02, 7.84439E-03
8.150253E-08, 3.17602E-02, 7.74235E-03
8.151815E-08, 3.15051E-02, 7.61480E-03
8.153378E-08, 3.12500E-02, 7.47449E-03
8.154940E-08, 3.11224E-02, 7.32143E-03
8.156503E-08, 3.12500E-02, 7.15561E-03
8.158065E-08, 3.13776E-02, 6.97704E-03
8.159628E-08, 3.17602E-02, 6.81122E-03
8.161190E-08, 3.21429E-02, 6.67092E-03
8.162753E-08, 3.26531E-02, 6.54337E-03
8.164315E-08, 3.30357E-02, 6.44133E-03
8.165878E-08, 3.34184E-02, 6.36480E-03
8.167440E-08, 3.38010E-02, 6.30102E-03
8.169003E-08, 3.40561E-02, 6.25000E-03
8.170565E-08, 3.44388E-02, 6.19898E-03
8.172128E-08, 3.48214E-02, 6.14796E-03
8.173690E-08, 3.53316E-02, 6.08418E-03
8.175253E-08, 3.59694E-02, 6.00765E-03
8.176815E-08, 3.66071E-02, 5.93112E-03
8.178378E-08, 3.73724E-02, 5.84184E-03
8.179940E-08, 3.81378E-02, 5.75255E-03
8.181503E-08, 3.89031E-02, 5.63776E-03
8.183065E-08, 3.96684E-02, 5.52296E-03
8.184628E-08, 4.01786E-02, 5.39541E-03
8.186190E-08, 4.06888E-02, 5.24235E-03
8.187753E-08, 4.10714E-02, 5.07653E-03
8.189315E-08, 4.11990E-02, 4.87245E-03
8.190878E-08, 4.13265E-02, 4.64286E-03
8.192440E-08, 4.13265E-02, 4.40051E-03
8.194003E-08, 4.11990E-02, 4.14541E-03
8.195565E-08, 4.10714E-02, 3.86480E-03
8.197128E-08, 4.09439E-02, 3.58418E-03
8.198690E-08, 4.06888E-02, 3.30357E-03
8.200253E-08, 4.04337E-02, 3.03571E-03
8.201815E-08, 4.00510E-02, 2.78061E-03
8.203378E-08, 3.94133E-02, 2.56378E-03
8.204940E-08, 3.86480E-02, 2.38520E-03
8.206503E-08, 3.78827E-02, 2.23214E-03
8.208065E-08, 3.69898E-02, 2.10459E-03
8.209628E-08, 3.63520E-02, 2.01531E-03
8.211190E-08, 3.57143E-02, 1.93878E-03
8.212753E-08, 3.54592E-02, 1.91327E-03
8.214315E-08, 3.53316E-02, 1.92602E-03
8.215878E-08, 3.54592E-02, 1.97704E-03
8.217440E-08, 3.57143E-02, 2.09184E-03
8.219003E-08, 3.59694E-02, 2.24490E-03
8.220565E-08, 3.62245E-02, 2.44898E-03
8.222128E-08, 3.66071E-02, 2.69133E-03
8.223690E-08, 3.71173E-02, 2.94643E-03
8.225253E-08, 3.76276E-02, 3.21429E-03
8.226815E-08, 3.85204E-02, 3.48214E-03
8.228378E-08, 3.95408E-02, 3.73724E-03
8.229940E-08, 4.06888E-02, 3.97959E-03
8.231503E-08, 4.20918E-02, 4.20918E-03
8.233065E-08, 4.34949E-02, 4.42602E-03
8.234628E-08, 4.47704E-02, 4.63010E-03
8.236190E-08, 4.59184E-02, 4.82143E-03
8.237753E-08, 4.69388E-02, 4.98724E-03
8.239315E-08, 4.77041E-02, 5.10204E-03
8.240878E-08, 4.83418E-02, 5.17857E-03
8.242440E-08, 4.88520E-02, 5.20408E-03
8.244003E-08, 4.92347E-02, 5.17857E-03
8.245565E-08, 4.93622E-02, 5.10204E-03
8.247128E-08, 4.93622E-02, 4.98724E-03
8.248690E-08, 4.89796E-02, 4.84694E-03
8.250253E-08, 4.82143E-02, 4.66837E-03
8.251815E-08, 4.71939E-02, 4.46429E-03
8.253378E-08, 4.59184E-02, 4.24745E-03
8.254940E-08, 4.43878E-02, 4.00510E-03
8.256503E-08, 4.27296E-02, 3.73724E-03
8.258065E-08, 4.09439E-02, 3.44388E-03
8.259628E-08, 3.92857E-02, 3.15051E-03
8.261190E-08, 3.76276E-02, 2.85714E-03
8.262753E-08, 3.60969E-02, 2.57653E-03
8.264315E-08, 3.46939E-02, 2.32143E-03
8.265878E-08, 3.34184E-02, 2.10459E-03
8.267440E-08, 3.22704E-02, 1.92602E-03
8.269003E-08, 3.12500E-02, 1.77296E-03
8.270565E-08, 3.03571E-02, 1.67092E-03
8.272128E-08, 2.98469E-02, 1.60714E-03
8.273690E-08, 2.94643E-02, 1.58163E-03
8.275253E-08, 2.94643E-02, 1.58163E-03
8.276815E-08, 2.95918E-02, 1.61990E-03
8.278378E-08, 2.98469E-02, 1.70918E-03
8.279940E-08, 3.02296E-02, 1.82398E-03
8.281503E-08, 3.06122E-02, 1.97704E-03
8.283065E-08, 3.08673E-02, 2.14286E-03
8.284628E-08, 3.12500E-02, 2.33418E-03
8.286190E-08, 3.15051E-02, 2.53827E-03
8.287753E-08, 3.17602E-02, 2.72959E-03
8.289315E-08, 3.21429E-02, 2.90816E-03
8.290878E-08, 3.23980E-02, 3.07398E-03
8.292440E-08, 3.26531E-02, 3.21429E-03
8.294003E-08, 3.27806E-02, 3.34184E-03
8.295565E-08, 3.27806E-02, 3.45663E-03
8.297128E-08, 3.25255E-02, 3.54592E-03
8.298690E-08, 3.21429E-02, 3.62245E-03
8.300253E-08, 3.13776E-02, 3.67347E-03
8.301815E-08, 3.06122E-02, 3.68622E-03
8.303378E-08, 2.95918E-02, 3.66071E-03
8.304940E-08, 2.85714E-02, 3.59694E-03
8.306503E-08, 2.76786E-02, 3.49490E-03
8.308065E-08, 2.67857E-02, 3.35459E-03
8.309628E-08, 2.60204E-02, 3.18878E-03
8.311190E-08, 2.55102E-02, 2.99745E-03
8.312753E-08, 2.50000E-02, 2.80612E-03
8.314315E-08, 2.46173E-02, 2.62755E-03
8.315878E-08, 2.43622E-02, 2.43622E-03
8.317440E-08, 2.42347E-02, 2.25765E-03
8.319003E-08, 2.43622E-02, 2.07908E-03
8.320565E-08, 2.46173E-02, 1.92602E-03
8.322128E-08, 2.50000E-02, 1.77296E-03
8.323690E-08, 2.55102E-02, 1.63265E-03
8.325253E-08, 2.61480E-02, 1.51786E-03
8.326815E-08, 2.69133E-02, 1.41582E-03
8.328378E-08, 2.75510E-02, 1.33929E-03
8.329940E-08, 2.83163E-02, 1.28827E-03
8.331503E-08, 2.89541E-02, 1.26276E-03
8.333065E-08, 2.95918E-02, 1.25000E-03
8.334628E-08, 2.99745E-02, 1.25000E-03
8.336190E-08, 3.02296E-02, 1.27551E-03
8.337753E-08, 3.02296E-02, 1.30102E-03
8.339315E-08, 3.01020E-02, 1.33929E-03
8.340878E-08, 2.95918E-02, 1.36480E-03
8.342440E-08, 2.89541E-02, 1.40306E-03
8.344003E-08, 2.79337E-02, 1.42857E-03
8.345565E-08, 2.66582E-02, 1.45408E-03
8.347128E-08, 2.52551E-02, 1.45408E-03
8.348690E-08, 2.37245E-02, 1.44133E-03
8.350253E-08, 2.20663E-02, 1.41582E-03
8.351815E-08, 2.02806E-02, 1.37755E-03
8.353378E-08, 1.83673E-02, 1.32653E-03
8.354940E-08, 1.64541E-02, 1.25000E-03
8.356503E-08, 1.44133E-02, 1.17347E-03
8.358065E-08, 1.25000E-02, 1.08418E-03
8.359628E-08, 1.05867E-02, 9.8214E-04
8.361190E-08, 8.8010E-03, 8.8010E-04
8.362753E-08, 7.2704E-03, 7.5255E-04
8.364315E-08, 5.8673E-03, 6.2500E-04
8.365878E-08, 4.8469E-03, 4.9745E-04
8.367440E-08, 4.0816E-03, 3.6990E-04
8.369003E-08, 3.6990E-03, 2.6786E-04
8.370565E-08, 3.4439E-03, 1.6582E-04
8.372128E-08, 3.5714E-03, 8.929E-05
8.373690E-08, 3.6990E-03, 5.102E-05
8.375253E-08, 4.0816E-03, 2.551E-05
8.376815E-08, 4.4643E-03, 3.827E-05
8.378378E-08, 4.8469E-03, 6.378E-05
8.379940E-08, 5.2296E-03, 8.929E-05
8.381503E-08, 5.6122E-03, 1.4031E-04
8.383065E-08, 5.9949E-03, 1.9133E-04
8.384628E-08, 6.3776E-03, 2.4235E-04
8.386190E-08, 6.6327E-03, 2.9337E-04
8.387753E-08, 6.7602E-03, 3.4439E-04
8.389315E-08, 6.7602E-03, 3.9541E-04
8.390878E-08, 6.6327E-03, 4.4643E-04
8.392440E-08, 6.1224E-03, 4.8469E-04
8.394003E-08, 5.4847E-03, 5.2296E-04
8.395565E-08, 4.4643E-03, 5.3571E-04
8.397128E-08, 3.3163E-03, 5.2296E-04
8.398690E-08, 1.9133E-03, 4.8469E-04
8.400253E-08, 3.827E-04, 4.2092E-04
8.401815E-08, -1.1480E-03, 3.0612E-04
8.403378E-08, -2.5510E-03, 1.7857E-04
8.404940E-08, -3.9541E-03, 1.276E-05
8.406503E-08, -5.2296E-03, -1.6582E-04
8.408065E-08, -6.2500E-03, -3.5714E-04
8.409628E-08, -7.1429E-03, -5.4847E-04
8.411190E-08, -7.7806E-03, -7.3980E-04
8.412753E-08, -8.2908E-03, -9.3112E-04
8.414315E-08, -8.5459E-03, -1.10969E-03
8.415878E-08, -8.4184E-03, -1.27551E-03
8.417440E-08, -7.9082E-03, -1.44133E-03
8.419003E-08, -7.1429E-03, -1.56888E-03
8.420565E-08, -6.1224E-03, -1.68367E-03
8.422128E-08, -4.7194E-03, -1.77296E-03
8.423690E-08, -3.1888E-03, -1.82398E-03
8.425253E-08, -1.6582E-03, -1.84949E-03
8.426815E-08, 1.276E-04, -1.82398E-03
8.428378E-08, 1.7857E-03, -1.77296E-03
8.429940E-08, 3.5714E-03, -1.70918E-03
8.431503E-08, 5.2296E-03, -1.60714E-03
8.433065E-08, 6.8878E-03, -1.49235E-03
8.434628E-08, 8.4184E-03, -1.36480E-03
8.436190E-08, 9.8214E-03, -1.21173E-03
8.437753E-08, 1.09694E-02, -1.05867E-03
8.439315E-08, 1.18622E-02, -8.9286E-04
8.440878E-08, 1.25000E-02, -7.1429E-04
8.442440E-08, 1.27551E-02, -5.4847E-04
8.444003E-08, 1.27551E-02, -3.9541E-04
8.445565E-08, 1.25000E-02, -2.5510E-04
8.447128E-08, 1.21173E-02, -1.2755E-04
8.448690E-08, 1.13520E-02, -3.827E-05
8.450253E-08, 1.04592E-02, 3.827E-05
8.451815E-08, 9.3112E-03, 8.929E-05
8.453378E-08, 8.0357E-03, 1.1480E-04
8.454940E-08, 6.6327E-03, 1.1480E-04
8.456503E-08, 5.1020E-03, 8.929E-05
8.458065E-08, 3.6990E-03, 3.827E-05
8.459628E-08, 2.4235E-03, -3.827E-05
8.461190E-08, 1.4031E-03, -1.4031E-04
8.462753E-08, 6.378E-04, -2.6786E-04
8.464315E-08, 2.551E-04, -3.9541E-04
8.465878E-08, 0.0E+00, -5.3571E-04
8.467440E-08, 0.0E+00, -6.5051E-04
8.469003E-08, 1.276E-04, -7.7806E-04
8.470565E-08, 2.551E-04, -8.8010E-04
8.472128E-08, 6.378E-04, -9.6939E-04
8.473690E-08, 1.0204E-03, -1.05867E-03
8.475253E-08, 1.5306E-03, -1.14796E-03
8.476815E-08, 2.2959E-03, -1.23724E-03
8.478378E-08, 3.0612E-03, -1.32653E-03
8.479940E-08, 4.0816E-03, -1.40306E-03
8.481503E-08, 5.1020E-03, -1.47959E-03
8.483065E-08, 6.2500E-03, -1.53061E-03
8.484628E-08, 7.2704E-03, -1.55612E-03
8.486190E-08, 8.1633E-03, -1.56888E-03
8.487753E-08, 8.9286E-03, -1.56888E-03
8.489315E-08, 9.4388E-03, -1.54337E-03
8.490878E-08, 9.8214E-03, -1.51786E-03
8.492440E-08, 1.00765E-02, -1.47959E-03
8.494003E-08, 1.02041E-02, -1.42857E-03
8.495565E-08, 1.00765E-02, -1.37755E-03
8.497128E-08, 9.8214E-03, -1.31378E-03
8.498690E-08, 9.4388E-03, -1.23724E-03
8.500253E-08, 8.6735E-03, -1.14796E-03
8.501815E-08, 7.7806E-03, -1.05867E-03
8.503378E-08, 6.7602E-03, -9.6939E-04
8.504940E-08, 5.6122E-03, -8.9286E-04
8.506503E-08, 4.4643E-03, -8.0357E-04
8.508065E-08, 3.4439E-03, -7.3980E-04
8.509628E-08, 2.4235E-03, -6.7602E-04
8.511190E-08, 1.5306E-03, -6.2500E-04
8.512753E-08, 7.653E-04, -5.7398E-04
8.514315E-08, 1.276E-04, -5.2296E-04
8.515878E-08, -2.551E-04, -4.7194E-04
8.517440E-08, -5.102E-04, -4.3367E-04
8.519003E-08, -6.378E-04, -3.9541E-04
8.520565E-08, -6.378E-04, -3.6990E-04
8.522128E-08, -6.378E-04, -3.5714E-04
8.523690E-08, -5.102E-04, -3.6990E-04
8.525253E-08, -2.551E-04, -3.9541E-04
8.526815E-08, 0.0E+00, -4.4643E-04
8.528378E-08, 3.827E-04, -5.3571E-04
8.529940E-08, 8.929E-04, -6.3776E-04
8.531503E-08, 1.6582E-03, -7.6531E-04
8.533065E-08, 2.4235E-03, -9.1837E-04
8.534628E-08, 3.3163E-03, -1.07143E-03
8.536190E-08, 4.2092E-03, -1.25000E-03
8.537753E-08, 5.1020E-03, -1.41582E-03
8.539315E-08, 5.8673E-03, -1.59439E-03
8.540878E-08, 6.5051E-03, -1.77296E-03
8.542440E-08, 6.8878E-03, -1.95153E-03
8.544003E-08, 7.2704E-03, -2.11735E-03
8.545565E-08, 7.3980E-03, -2.29592E-03
8.547128E-08, 7.6531E-03, -2.46173E-03
8.548690E-08, 7.9082E-03, -2.62755E-03
8.550253E-08, 8.0357E-03, -2.76786E-03
8.551815E-08, 8.1633E-03, -2.89541E-03
8.553378E-08, 8.1633E-03, -2.98469E-03
8.554940E-08, 7.9082E-03, -3.03571E-03
8.556503E-08, 7.5255E-03, -3.06122E-03
8.558065E-08, 6.7602E-03, -3.04847E-03
8.559628E-08, 5.8673E-03, -3.02296E-03
8.561190E-08, 4.9745E-03, -2.98469E-03
8.562753E-08, 3.9541E-03, -2.93367E-03
8.564315E-08, 2.9337E-03, -2.88265E-03
8.565878E-08, 2.0408E-03, -2.81888E-03
8.567440E-08, 1.1480E-03, -2.76786E-03
8.569003E-08, 2.551E-04, -2.70408E-03
8.570565E-08, -6.378E-04, -2.64031E-03
8.572128E-08, -1.5306E-03, -2.57653E-03
8.573690E-08, -2.5510E-03, -2.51276E-03
8.575253E-08, -3.5714E-03, -2.46173E-03
8.576815E-08, -4.4643E-03, -2.42347E-03
8.578378E-08, -5.3571E-03, -2.42347E-03
8.579940E-08, -6.3776E-03, -2.44898E-03
8.581503E-08, -7.2704E-03, -2.48724E-03
8.583065E-08, -8.1633E-03, -2.56378E-03
8.584628E-08, -9.0561E-03, -2.66582E-03
8.586190E-08, -1.00765E-02, -2.78061E-03
8.587753E-08, -1.09694E-02, -2.92092E-03
8.589315E-08, -1.17347E-02, -3.08673E-03
8.590878E-08, -1.25000E-02, -3.25255E-03
8.592440E-08, -1.28827E-02, -3.43112E-03
8.594003E-08, -1.31378E-02, -3.62245E-03
8.595565E-08, -1.32653E-02, -3.78827E-03
8.597128E-08, -1.32653E-02, -3.94133E-03
8.598690E-08, -1.32653E-02, -4.05612E-03
8.600253E-08, -1.31378E-02, -4.14541E-03
8.601815E-08, -1.31378E-02, -4.18367E-03
8.603378E-08, -1.28827E-02, -4.19643E-03
8.604940E-08, -1.27551E-02, -4.18367E-03
8.606503E-08, -1.22449E-02, -4.13265E-03
8.608065E-08, -1.16071E-02, -4.05612E-03
8.609628E-08, -1.07143E-02, -3.94133E-03
8.611190E-08, -9.6939E-03, -3.78827E-03
8.612753E-08, -8.5459E-03, -3.58418E-03
8.614315E-08, -7.3980E-03, -3.34184E-03
8.615878E-08, -6.2500E-03, -3.06122E-03
8.617440E-08, -5.2296E-03, -2.74235E-03
8.619003E-08, -4.3367E-03, -2.41071E-03
8.620565E-08, -3.4439E-03, -2.07908E-03
8.622128E-08, -2.6786E-03, -1.74745E-03
8.623690E-08, -1.7857E-03, -1.44133E-03
8.625253E-08, -1.0204E-03, -1.16071E-03
8.626815E-08, -2.551E-04, -9.0561E-04
8.628378E-08, 3.827E-04, -6.6327E-04
8.629940E-08, 8.929E-04, -4.5918E-04
8.631503E-08, 1.2755E-03, -2.9337E-04
8.633065E-08, 1.4031E-03, -1.5306E-04
8.634628E-08, 1.4031E-03, -6.378E-05
8.636190E-08, 1.1480E-03, -1.276E-05
8.637753E-08, 7.653E-04, -1.276E-05
8.639315E-08, 2.551E-04, -6.378E-05
8.640878E-08, -3.827E-04, -1.6582E-04
8.642440E-08, -1.1480E-03, -3.0612E-04
8.644003E-08, -2.0408E-03, -4.8469E-04
8.645565E-08, -3.0612E-03, -6.8878E-04
8.647128E-08, -3.9541E-03, -9.1837E-04
8.648690E-08, -4.9745E-03, -1.16071E-03
8.650253E-08, -5.8673E-03, -1.41582E-03
8.651815E-08, -6.7602E-03, -1.67092E-03
8.653378E-08, -7.5255E-03, -1.92602E-03
8.654940E-08, -8.2908E-03, -2.15561E-03
8.656503E-08, -9.0561E-03, -2.35969E-03
8.658065E-08, -9.6939E-03, -2.55102E-03
8.659628E-08, -1.03316E-02, -2.70408E-03
8.661190E-08, -1.08418E-02, -2.83163E-03
8.662753E-08, -1.12245E-02, -2.92092E-03
8.664315E-08, -1.17347E-02, -2.98469E-03
8.665878E-08, -1.19898E-02, -3.02296E-03
8.667440E-08, -1.23724E-02, -3.02296E-03
8.669003E-08, -1.27551E-02, -2.99745E-03
8.670565E-08, -1.31378E-02, -2.95918E-03
8.672128E-08, -1.33929E-02, -2.88265E-03
8.673690E-08, -1.36480E-02, -2.80612E-03
8.675253E-08, -1.39031E-02, -2.72959E-03
8.676815E-08, -1.41582E-02, -2.64031E-03
8.678378E-08, -1.41582E-02, -2.55102E-03
8.679940E-08, -1.42857E-02, -2.44898E-03
8.681503E-08, -1.42857E-02, -2.35969E-03
8.683065E-08, -1.42857E-02, -2.27041E-03
8.684628E-08, -1.42857E-02, -2.18112E-03
8.686190E-08, -1.42857E-02, -2.10459E-03
8.687753E-08, -1.42857E-02, -2.02806E-03
8.689315E-08, -1.42857E-02, -1.98980E-03
8.690878E-08, -1.41582E-02, -1.95153E-03
8.692440E-08, -1.39031E-02, -1.95153E-03
8.694003E-08, -1.35204E-02, -1.95153E-03
8.695565E-08, -1.31378E-02, -1.97704E-03
8.697128E-08, -1.26276E-02, -2.00255E-03
8.698690E-08, -1.19898E-02, -2.04082E-03
8.700253E-08, -1.13520E-02, -2.07908E-03
8.701815E-08, -1.07143E-02, -2.11735E-03
8.703378E-08, -9.8214E-03, -2.16837E-03
8.704940E-08, -8.9286E-03, -2.21939E-03
8.706503E-08, -7.9082E-03, -2.27041E-03
8.708065E-08, -6.8878E-03, -2.33418E-03
8.709628E-08, -5.8673E-03, -2.37245E-03
8.711190E-08, -4.8469E-03, -2.41071E-03
8.712753E-08, -3.8265E-03, -2.44898E-03
8.714315E-08, -3.0612E-03, -2.46173E-03
8.715878E-08, -2.4235E-03, -2.48724E-03
8.717440E-08, -2.0408E-03, -2.50000E-03
8.719003E-08, -1.9133E-03, -2.51276E-03
8.720565E-08, -2.0408E-03, -2.52551E-03
8.722128E-08, -2.4235E-03, -2.55102E-03
8.723690E-08, -3.1888E-03, -2.57653E-03
8.725253E-08, -4.0816E-03, -2.61480E-03
8.726815E-08, -5.3571E-03, -2.66582E-03
8.728378E-08, -6.6327E-03, -2.71684E-03
8.729940E-08, -8.1633E-03, -2.78061E-03
8.731503E-08, -9.8214E-03, -2.84439E-03
8.733065E-08, -1.16071E-02, -2.90816E-03
8.734628E-08, -1.33929E-02, -2.98469E-03
8.736190E-08, -1.53061E-02, -3.04847E-03
8.737753E-08, -1.73469E-02, -3.11224E-03
8.739315E-08, -1.95153E-02, -3.16327E-03
8.740878E-08, -2.15561E-02, -3.22704E-03
8.742440E-08, -2.34694E-02, -3.29082E-03
8.744003E-08, -2.52551E-02, -3.36735E-03
8.745565E-08, -2.67857E-02, -3.44388E-03
8.747128E-08, -2.80612E-02, -3.50765E-03
8.748690E-08, -2.89541E-02, -3.58418E-03
8.750253E-08, -2.95918E-02, -3.64796E-03
8.751815E-08, -2.98469E-02, -3.69898E-03
8.753378E-08, -2.98469E-02, -3.75000E-03
8.754940E-08, -2.94643E-02, -3.78827E-03
8.756503E-08, -2.88265E-02, -3.82653E-03
8.758065E-08, -2.79337E-02, -3.86480E-03
8.759628E-08, -2.65306E-02, -3.90306E-03
8.761190E-08, -2.50000E-02, -3.94133E-03
8.762753E-08, -2.32143E-02, -3.97959E-03
8.764315E-08, -2.14286E-02, -4.01786E-03
8.765878E-08, -1.95153E-02, -4.04337E-03
8.767440E-08, -1.77296E-02, -4.08163E-03
8.769003E-08, -1.60714E-02, -4.10714E-03
8.770565E-08, -1.44133E-02, -4.13265E-03
8.772128E-08, -1.30102E-02, -4.18367E-03
8.773690E-08, -1.18622E-02, -4.23469E-03
8.775253E-08, -1.07143E-02, -4.29847E-03
8.776815E-08, -9.8214E-03, -4.38775E-03
8.778378E-08, -9.0561E-03, -4.47704E-03
8.779940E-08, -8.4184E-03, -4.56633E-03
8.781503E-08, -8.0357E-03, -4.65561E-03
8.783065E-08, -7.9082E-03, -4.74490E-03
8.784628E-08, -7.9082E-03, -4.82143E-03
8.786190E-08, -8.1633E-03, -4.87245E-03
8.787753E-08, -8.6735E-03, -4.92347E-03
8.789315E-08, -9.1837E-03, -4.97449E-03
8.790878E-08, -9.8214E-03, -5.00000E-03
8.792440E-08, -1.03316E-02, -5.00000E-03
